[2026-09-30 18:47:42Z INFO HostContext] No proxy settings were found based on environmental variables (http_proxy/https_proxy/HTTP_PROXY/HTTPS_PROXY)
[2026-09-30 18:47:42Z INFO HostContext] Well known directory 'Bin': 'D:\cicd\actions-runner\bin'
[2026-09-30 18:47:42Z INFO HostContext] Well known directory 'Root': 'D:\cicd\actions-runner'
[2026-09-30 18:47:42Z INFO HostContext] Well known config file 'Credentials': 'D:\cicd\actions-runner\.credentials'
[2026-09-30 18:47:42Z INFO HostContext] Well known directory 'Bin': 'D:\cicd\actions-runner\bin'
[2026-09-30 18:47:42Z INFO HostContext] Well known directory 'Root': 'D:\cicd\actions-runner'
[2026-09-30 18:47:42Z INFO HostContext] Well known config file 'Runner': 'D:\cicd\actions-runner\.runner'
[2026-09-30 18:47:42Z INFO Listener] Runner is built for Windows (X64) - win-x64.
[2026-09-30 18:47:42Z INFO Listener] RuntimeInformation: Microsoft Windows 10.0.26200.
[2026-09-30 18:47:42Z INFO Listener] Version: 2.337.0
[2026-09-30 18:47:42Z INFO Listener] Commit: 397b032cbf865e9c3ddfab89d533ec19325e1273
[2026-09-30 18:47:42Z INFO Listener] Culture: en-IN
[2026-09-30 18:47:42Z INFO Listener] UI Culture: en-US
[2026-09-30 18:47:42Z INFO HostContext] Well known directory 'Bin': 'D:\cicd\actions-runner\bin'
[2026-09-30 18:47:42Z INFO HostContext] Well known directory 'Root': 'D:\cicd\actions-runner'
[2026-09-30 18:47:42Z INFO Listener] Validating directory permissions for: 'D:\cicd\actions-runner'
[2026-09-30 18:47:42Z INFO CommandLineParser] Parse
[2026-09-30 18:47:42Z INFO CommandLineParser] Parsing 1 args
[2026-09-30 18:47:42Z INFO CommandLineParser] parsing argument
[2026-09-30 18:47:42Z INFO CommandLineParser] HasArgs: False
[2026-09-30 18:47:42Z INFO CommandLineParser] Adding Command: run
[2026-09-30 18:47:42Z INFO Listener] Arguments parsed
[2026-09-30 18:47:42Z INFO Runner] ExecuteCommand
[2026-09-30 18:47:42Z INFO ConfigurationStore] currentAssemblyLocation: D:\cicd\actions-runner\bin\Runner.Listener.dll
[2026-09-30 18:47:42Z INFO HostContext] Well known directory 'Bin': 'D:\cicd\actions-runner\bin'
[2026-09-30 18:47:42Z INFO ConfigurationStore] binPath: D:\cicd\actions-runner\bin
[2026-09-30 18:47:42Z INFO HostContext] Well known directory 'Bin': 'D:\cicd\actions-runner\bin'
[2026-09-30 18:47:42Z INFO HostContext] Well known directory 'Root': 'D:\cicd\actions-runner'
[2026-09-30 18:47:42Z INFO ConfigurationStore] RootFolder: D:\cicd\actions-runner
[2026-09-30 18:47:42Z INFO HostContext] Well known directory 'Bin': 'D:\cicd\actions-runner\bin'
[2026-09-30 18:47:42Z INFO HostContext] Well known directory 'Root': 'D:\cicd\actions-runner'
[2026-09-30 18:47:42Z INFO HostContext] Well known config file 'Runner': 'D:\cicd\actions-runner\.runner'
[2026-09-30 18:47:42Z INFO ConfigurationStore] ConfigFilePath: D:\cicd\actions-runner\.runner
[2026-09-30 18:47:42Z INFO HostContext] Well known directory 'Bin': 'D:\cicd\actions-runner\bin'
[2026-09-30 18:47:42Z INFO HostContext] Well known directory 'Root': 'D:\cicd\actions-runner'
[2026-09-30 18:47:42Z INFO HostContext] Well known config file 'MigratedRunner': 'D:\cicd\actions-runner\.runner_migrated'
[2026-09-30 18:47:42Z INFO ConfigurationStore] MigratedConfigFilePath: D:\cicd\actions-runner\.runner_migrated
[2026-09-30 18:47:42Z INFO HostContext] Well known directory 'Bin': 'D:\cicd\actions-runner\bin'
[2026-09-30 18:47:42Z INFO HostContext] Well known directory 'Root': 'D:\cicd\actions-runner'
[2026-09-30 18:47:42Z INFO HostContext] Well known config file 'Credentials': 'D:\cicd\actions-runner\.credentials'
[2026-09-30 18:47:42Z INFO ConfigurationStore] CredFilePath: D:\cicd\actions-runner\.credentials
[2026-09-30 18:47:42Z INFO HostContext] Well known directory 'Bin': 'D:\cicd\actions-runner\bin'
[2026-09-30 18:47:42Z INFO HostContext] Well known directory 'Root': 'D:\cicd\actions-runner'
[2026-09-30 18:47:42Z INFO HostContext] Well known config file 'MigratedCredentials': 'D:\cicd\actions-runner\.credentials_migrated'
[2026-09-30 18:47:42Z INFO ConfigurationStore] MigratedCredFilePath: D:\cicd\actions-runner\.credentials_migrated
[2026-09-30 18:47:42Z INFO HostContext] Well known directory 'Bin': 'D:\cicd\actions-runner\bin'
[2026-09-30 18:47:42Z INFO HostContext] Well known directory 'Root': 'D:\cicd\actions-runner'
[2026-09-30 18:47:42Z INFO HostContext] Well known config file 'Service': 'D:\cicd\actions-runner\.service'
[2026-09-30 18:47:42Z INFO ConfigurationStore] ServiceConfigFilePath: D:\cicd\actions-runner\.service
[2026-09-30 18:47:42Z INFO CommandSettings] Flag 'help': 'False'
[2026-09-30 18:47:42Z INFO CommandSettings] Flag 'version': 'False'
[2026-09-30 18:47:42Z INFO CommandSettings] Flag 'commit': 'False'
[2026-09-30 18:47:42Z INFO CommandSettings] Flag 'check': 'False'
[2026-09-30 18:47:42Z INFO CommandSettings] Command 'configure': 'False'
[2026-09-30 18:47:42Z INFO CommandSettings] Command 'remove': 'False'
[2026-09-30 18:47:42Z INFO CommandSettings] Command 'warmup': 'False'
[2026-09-30 18:47:42Z INFO ConfigurationManager] LoadSettings
[2026-09-30 18:47:42Z INFO ConfigurationStore] IsConfigured()
[2026-09-30 18:47:42Z INFO ConfigurationStore] IsConfigured: True
[2026-09-30 18:47:42Z INFO ConfigurationManager] Is configured: True
[2026-09-30 18:47:42Z INFO ConfigurationStore] Read setting file: 398 chars
[2026-09-30 18:47:42Z INFO ConfigurationManager] Settings Loaded
[2026-09-30 18:47:42Z INFO ConfigurationStore] IsServiceConfigured()
[2026-09-30 18:47:42Z INFO ConfigurationStore] IsServiceConfigured: False
[2026-09-30 18:47:42Z INFO CommandSettings] Command 'run': 'True'
[2026-09-30 18:47:42Z INFO ConfigurationStore] IsConfigured()
[2026-09-30 18:47:42Z INFO ConfigurationStore] IsConfigured: True
[2026-09-30 18:47:42Z INFO ConfigurationManager] Is configured: True
[2026-09-30 18:47:42Z INFO Runner] Could not parse the argument value '' for StartupType. Defaulting to Manual
[2026-09-30 18:47:42Z INFO Runner] Set runner startup type - Manual
[2026-09-30 18:47:42Z INFO CommandSettings] Flag 'once': 'False'
[2026-09-30 18:47:42Z INFO CommandSettings] Flag 'once': 'False'
[2026-09-30 18:47:42Z INFO Runner] RunAsync
[2026-09-30 18:47:42Z INFO HostContext] Well known directory 'Bin': 'D:\cicd\actions-runner\bin'
[2026-09-30 18:47:42Z INFO HostContext] Well known directory 'Root': 'D:\cicd\actions-runner'
[2026-09-30 18:47:42Z INFO HostContext] Well known directory 'Work': 'D:\cicd\actions-runner\_work'
[2026-09-30 18:47:42Z INFO Runner] Validating directory permissions for: 'D:\cicd\actions-runner\_work'
[2026-09-30 18:47:42Z INFO ConfigurationManager] LoadMigratedSettings
[2026-09-30 18:47:42Z INFO ConfigurationStore] IsMigratedConfigured()
[2026-09-30 18:47:42Z INFO ConfigurationStore] IsMigratedConfigured: True
[2026-09-30 18:47:42Z INFO ConfigurationStore] Read migrated setting file: 398 chars
[2026-09-30 18:47:42Z INFO ConfigurationManager] Migrated Settings Loaded
[2026-09-30 18:47:42Z INFO Runner] Loaded migrated settings from .runner_migrated file
[2026-09-30 18:47:42Z INFO Runner] {
  "AgentId": 3,
  "AgentName": "VIKRANT",
  "PoolId": 1,
  "PoolName": "Default",
  "ServerUrl": "https://pipelinesghubeus4.actions.githubusercontent.com/vNJajpvbF6IjDhJJK2oJL6aFAilgYF0ASuY1lz9oWwnetORATd/",
  "GitHubUrl": "https://github.com/vikranttiwari988-ops/my-repo",
  "WorkFolder": "_work",
  "UseV2Flow": true,
  "ServerUrlV2": "https://broker.actions.githubusercontent.com/"
}
[2026-09-30 18:47:42Z INFO Runner] Attempting to create session using migrated settings
[2026-09-30 18:47:42Z INFO Runner] Using BrokerMessageListener
[2026-09-30 18:47:42Z INFO BrokerMessageListener] Using provided settings
[2026-09-30 18:47:42Z INFO BrokerMessageListener] Using migrated settings from .runner_migrated
[2026-09-30 18:47:42Z INFO BrokerMessageListener] {
  "AgentId": 3,
  "AgentName": "VIKRANT",
  "PoolId": 1,
  "PoolName": "Default",
  "ServerUrl": "https://pipelinesghubeus4.actions.githubusercontent.com/vNJajpvbF6IjDhJJK2oJL6aFAilgYF0ASuY1lz9oWwnetORATd/",
  "GitHubUrl": "https://github.com/vikranttiwari988-ops/my-repo",
  "WorkFolder": "_work",
  "UseV2Flow": true,
  "ServerUrlV2": "https://broker.actions.githubusercontent.com/"
}
[2026-09-30 18:47:42Z INFO BrokerMessageListener] Loading Credentials
[2026-09-30 18:47:42Z INFO ConfigurationStore] HasCredentials()
[2026-09-30 18:47:42Z INFO ConfigurationStore] stored True
[2026-09-30 18:47:42Z INFO CredentialManager] GetCredentialProvider
[2026-09-30 18:47:42Z INFO CredentialManager] Creating type OAuth
[2026-09-30 18:47:42Z INFO CredentialManager] Creating credential type: OAuth
[2026-09-30 18:47:42Z INFO HostContext] Well known directory 'Bin': 'D:\cicd\actions-runner\bin'
[2026-09-30 18:47:42Z INFO HostContext] Well known directory 'Root': 'D:\cicd\actions-runner'
[2026-09-30 18:47:42Z INFO HostContext] Well known config file 'RSACredentials': 'D:\cicd\actions-runner\.credentials_rsaparams'
[2026-09-30 18:47:42Z INFO RSAEncryptedFileKeyManager] Loading RSA key parameters from file D:\cicd\actions-runner\.credentials_rsaparams
[2026-09-30 18:47:42Z INFO BrokerMessageListener] Attempt to create session.
[2026-09-30 18:47:42Z INFO BrokerMessageListener] Connecting to the Broker Server...
[2026-09-30 18:47:42Z INFO ConfigurationStore] HasCredentials()
[2026-09-30 18:47:42Z INFO ConfigurationStore] stored True
[2026-09-30 18:47:42Z INFO CredentialManager] GetCredentialProvider
[2026-09-30 18:47:42Z INFO CredentialManager] Creating type OAuth
[2026-09-30 18:47:42Z INFO CredentialManager] Creating credential type: OAuth
[2026-09-30 18:47:42Z INFO RSAEncryptedFileKeyManager] Loading RSA key parameters from file D:\cicd\actions-runner\.credentials_rsaparams
[2026-09-30 18:47:42Z INFO BrokerMessageListener] VssConnection created
[2026-09-30 18:47:42Z INFO BrokerMessageListener] Connecting to the Runner server...
[2026-09-30 18:47:42Z INFO RunnerServer] EstablishVssConnection
[2026-09-30 18:47:42Z INFO RunnerServer] Establish connection with 100 seconds timeout.
[2026-09-30 18:47:43Z INFO GitHubActionsService] Starting operation Location.GetConnectionData
[2026-09-30 18:47:43Z INFO RunnerServer] EstablishVssConnection
[2026-09-30 18:47:43Z INFO RunnerServer] Establish connection with 60 seconds timeout.
[2026-09-30 18:47:43Z INFO GitHubActionsService] Starting operation Location.GetConnectionData
[2026-09-30 18:47:43Z INFO RunnerServer] EstablishVssConnection
[2026-09-30 18:47:43Z INFO RunnerServer] Establish connection with 60 seconds timeout.
[2026-09-30 18:47:43Z INFO GitHubActionsService] Starting operation Location.GetConnectionData
[2026-09-30 18:47:44Z INFO GitHubActionsService] Finished operation Location.GetConnectionData
[2026-09-30 18:47:44Z INFO GitHubActionsService] Finished operation Location.GetConnectionData
[2026-09-30 18:47:44Z INFO GitHubActionsService] Finished operation Location.GetConnectionData
[2026-09-30 18:47:44Z INFO BrokerMessageListener] VssConnection created
[2026-09-30 18:47:44Z INFO Terminal] WRITE LINE: 
[2026-09-30 18:47:44Z INFO Terminal] WRITE LINE: 
[2026-09-30 18:47:44Z INFO RSAEncryptedFileKeyManager] Loading RSA key parameters from file D:\cicd\actions-runner\.credentials_rsaparams
[2026-09-30 18:47:44Z INFO RSAEncryptedFileKeyManager] Loading RSA key parameters from file D:\cicd\actions-runner\.credentials_rsaparams
[2026-09-30 18:47:46Z INFO GitHubActionsService] AAD Correlation ID for this token request: Unknown
[2026-09-30 18:47:46Z INFO BrokerMessageListener] Session created.
[2026-09-30 18:47:46Z INFO Runner] Successfully created session with migrated settings
[2026-09-30 18:47:46Z INFO Terminal] WRITE LINE: Current runner version: '2.337.0'
[2026-09-30 18:47:46Z INFO Terminal] WRITE LINE: 2026-09-30 18:47:46Z: Listening for Jobs
[2026-09-30 18:47:46Z INFO JobDispatcher] Set runner/worker IPC timeout to 30 seconds.
[2026-09-30 18:47:48Z INFO BrokerMessageListener] Acknowledging runner request 'dc42ff90-90ad-52b6-b54e-8f71d770803d'.
[2026-09-30 18:47:48Z INFO ConfigurationStore] HasCredentials()
[2026-09-30 18:47:48Z INFO ConfigurationStore] stored True
[2026-09-30 18:47:48Z INFO CredentialManager] GetCredentialProvider
[2026-09-30 18:47:48Z INFO CredentialManager] Creating type OAuth
[2026-09-30 18:47:48Z INFO CredentialManager] Creating credential type: OAuth
[2026-09-30 18:47:48Z INFO RSAEncryptedFileKeyManager] Loading RSA key parameters from file D:\cicd\actions-runner\.credentials_rsaparams
[2026-09-30 18:47:48Z INFO RSAEncryptedFileKeyManager] Loading RSA key parameters from file D:\cicd\actions-runner\.credentials_rsaparams
[2026-09-30 18:47:48Z INFO RSAEncryptedFileKeyManager] Loading RSA key parameters from file D:\cicd\actions-runner\.credentials_rsaparams
[2026-09-30 18:47:49Z INFO GitHubActionsService] AAD Correlation ID for this token request: Unknown
[2026-09-30 18:47:51Z INFO JobDispatcher] Job request 0 for plan cf00a99b-3dc2-8354-a021-6ed2dd7ad4c4 job dc42ff90-90ad-52b6-b54e-8f71d770803d received.
[2026-09-30 18:47:51Z INFO JobDispatcher] Pull OrchestrationId cf00a99b-3dc2-8354-a021-6ed2dd7ad4c4.deploy.__default from JWT claims
[2026-09-30 18:47:51Z INFO BrokerMessageListener] Received job status event. JobState: Busy
[2026-09-30 18:47:51Z INFO BrokerMessageListener] _getMessagesTokenSource is already disposed.
[2026-09-30 18:47:51Z INFO Terminal] WRITE LINE: 2026-09-30 18:47:51Z: Running job: deploy
[2026-09-30 18:47:51Z INFO JobDispatcher] Start renew job request 0 for job dc42ff90-90ad-52b6-b54e-8f71d770803d.
[2026-09-30 18:47:51Z INFO JobDispatcher] Successfully renew job dc42ff90-90ad-52b6-b54e-8f71d770803d, job is valid till 30-09-2026 18:57:52
[2026-09-30 18:47:51Z INFO HostContext] Well known directory 'Bin': 'D:\cicd\actions-runner\bin'
[2026-09-30 18:47:51Z INFO ProcessInvokerWrapper] Starting process:
[2026-09-30 18:47:51Z INFO ProcessInvokerWrapper]   File name: 'D:\cicd\actions-runner\bin\Runner.Worker.exe'
[2026-09-30 18:47:51Z INFO ProcessInvokerWrapper]   Arguments: 'spawnclient 2152 2192'
[2026-09-30 18:47:51Z INFO ProcessInvokerWrapper]   Working directory: 'D:\cicd\actions-runner\bin'
[2026-09-30 18:47:51Z INFO ProcessInvokerWrapper]   Require exit code zero: 'False'
[2026-09-30 18:47:51Z INFO ProcessInvokerWrapper]   Encoding web name:  ; code page: ''
[2026-09-30 18:47:51Z INFO ProcessInvokerWrapper]   Force kill process on cancellation: 'True'
[2026-09-30 18:47:51Z INFO ProcessInvokerWrapper]   Redirected STDIN: 'False'
[2026-09-30 18:47:51Z INFO ProcessInvokerWrapper]   Persist current code page: 'False'
[2026-09-30 18:47:51Z INFO ProcessInvokerWrapper]   Keep redirected STDIN open: 'False'
[2026-09-30 18:47:51Z INFO ProcessInvokerWrapper]   High priority process: 'True'
[2026-09-30 18:47:51Z INFO ProcessInvokerWrapper] Process started with process id 27764, waiting for process exit.
[2026-09-30 18:47:51Z INFO JobDispatcher] Send job request message to worker for job dc42ff90-90ad-52b6-b54e-8f71d770803d.
[2026-09-30 18:47:51Z INFO ProcessChannel] Sending message of length 26017, with hash '9132d6a3122d40e3ad539dfab7c0e8058bc1fcc8cb14cdbb48078e2cb2161615'
[2026-09-30 18:47:52Z INFO JobNotification] Entering JobStarted Notification
[2026-09-30 18:47:52Z INFO JobNotification] Entering StartMonitor
[2026-09-30 18:48:52Z INFO JobDispatcher] Successfully renew job dc42ff90-90ad-52b6-b54e-8f71d770803d, job is valid till 30-09-2026 18:58:53
[2026-09-30 18:49:01Z INFO ProcessInvokerWrapper] STDOUT/STDERR stream read finished.
[2026-09-30 18:49:01Z INFO ProcessInvokerWrapper] STDOUT/STDERR stream read finished.
[2026-09-30 18:49:01Z INFO ProcessInvokerWrapper] Finished process 27764 with exit code 102, and elapsed time 00:01:10.0617428.
[2026-09-30 18:49:01Z INFO JobDispatcher] Worker finished for job dc42ff90-90ad-52b6-b54e-8f71d770803d. Code: 102
[2026-09-30 18:49:01Z INFO JobDispatcher] finish job request for job dc42ff90-90ad-52b6-b54e-8f71d770803d with result: Failed
[2026-09-30 18:49:01Z INFO Terminal] WRITE LINE: 2026-09-30 18:49:01Z: Job deploy completed with result: Failed
[2026-09-30 18:49:01Z INFO JobDispatcher] Stop renew job request for job dc42ff90-90ad-52b6-b54e-8f71d770803d.
[2026-09-30 18:49:01Z INFO JobDispatcher] job renew has been cancelled, stop renew job dc42ff90-90ad-52b6-b54e-8f71d770803d.
[2026-09-30 18:49:01Z INFO JobNotification] Entering JobCompleted Notification
[2026-09-30 18:49:01Z INFO JobNotification] Entering EndMonitor
[2026-09-30 18:49:01Z INFO BrokerMessageListener] Received job status event. JobState: Online
[2026-09-30 18:49:01Z WARN GitHubActionsService] GET request to https://broker.actions.githubusercontent.com/message?sessionId=26962438-4c9e-4916-bffe-746f120a450a&status=Busy&runnerVersion=2.337.0&os=Windows&architecture=X64&disableUpdate=false has been cancelled.
[2026-09-30 18:49:01Z ERR  BrokerServer] Catch exception during request
[2026-09-30 18:49:01Z ERR  BrokerServer] System.Threading.Tasks.TaskCanceledException: The operation was canceled.
 ---> System.Threading.Tasks.TaskCanceledException: The operation was canceled.
 ---> System.IO.IOException: Unable to read data from the transport connection: The I/O operation has been aborted because of either a thread exit or an application request..
 ---> System.Net.Sockets.SocketException (995): The I/O operation has been aborted because of either a thread exit or an application request.
   --- End of inner exception stack trace ---
   at System.Net.Sockets.Socket.AwaitableSocketAsyncEventArgs.ThrowException(SocketError error, CancellationToken cancellationToken)
   at System.Net.Sockets.Socket.AwaitableSocketAsyncEventArgs.System.Threading.Tasks.Sources.IValueTaskSource<System.Int32>.GetResult(Int16 token)
   at System.Net.Security.SslStream.EnsureFullTlsFrameAsync[TIOAdapter](CancellationToken cancellationToken, Int32 estimatedSize)
   at System.Runtime.CompilerServices.PoolingAsyncValueTaskMethodBuilder`1.StateMachineBox`1.System.Threading.Tasks.Sources.IValueTaskSource<TResult>.GetResult(Int16 token)
   at System.Net.Security.SslStream.ReadAsyncInternal[TIOAdapter](Memory`1 buffer, CancellationToken cancellationToken)
   at System.Runtime.CompilerServices.PoolingAsyncValueTaskMethodBuilder`1.StateMachineBox`1.System.Threading.Tasks.Sources.IValueTaskSource<TResult>.GetResult(Int16 token)
   at System.Net.Http.HttpConnection.SendAsync(HttpRequestMessage request, Boolean async, CancellationToken cancellationToken)
   --- End of inner exception stack trace ---
   at System.Net.Http.HttpConnection.SendAsync(HttpRequestMessage request, Boolean async, CancellationToken cancellationToken)
   at System.Net.Http.AuthenticationHelper.SendWithNtAuthAsync(HttpRequestMessage request, Uri authUri, Boolean async, ICredentials credentials, Boolean isProxyAuth, HttpConnection connection, HttpConnectionPool connectionPool, CancellationToken cancellationToken)
   at System.Net.Http.HttpConnectionPool.SendWithVersionDetectionAndRetryAsync(HttpRequestMessage request, Boolean async, Boolean doRequestAuth, CancellationToken cancellationToken)
   at System.Net.Http.AuthenticationHelper.SendWithAuthAsync(HttpRequestMessage request, Uri authUri, Boolean async, ICredentials credentials, Boolean preAuthenticate, Boolean isProxyAuth, Boolean doRequestAuth, HttpConnectionPool pool, CancellationToken cancellationToken)
   at System.Net.Http.RedirectHandler.SendAsync(HttpRequestMessage request, Boolean async, CancellationToken cancellationToken)
   at GitHub.Services.Common.RawHttpMessageHandler.SendAsync(HttpRequestMessage request, CancellationToken cancellationToken)
   at GitHub.Services.Common.VssHttpRetryMessageHandler.SendAsync(HttpRequestMessage request, CancellationToken cancellationToken)
   at System.Net.Http.HttpClient.<SendAsync>g__Core|83_0(HttpRequestMessage request, HttpCompletionOption completionOption, CancellationTokenSource cts, Boolean disposeCts, CancellationTokenSource pendingRequestsCts, CancellationToken originalCancellationToken)
   --- End of inner exception stack trace ---
   at System.Net.Http.HttpClient.HandleFailure(Exception e, Boolean telemetryStarted, HttpResponseMessage response, CancellationTokenSource cts, CancellationToken cancellationToken, CancellationTokenSource pendingRequestsCts)
   at System.Net.Http.HttpClient.<SendAsync>g__Core|83_0(HttpRequestMessage request, HttpCompletionOption completionOption, CancellationTokenSource cts, Boolean disposeCts, CancellationTokenSource pendingRequestsCts, CancellationToken originalCancellationToken)
   at Sdk.WebApi.WebApi.RawHttpClientBase.SendAsync(HttpRequestMessage message, HttpCompletionOption completionOption, Object userState, CancellationToken cancellationToken)
   at Sdk.WebApi.WebApi.RawHttpClientBase.SendAsync[T](HttpRequestMessage message, Boolean readErrorBody, Object userState, CancellationToken cancellationToken)
   at Sdk.WebApi.WebApi.RawHttpClientBase.SendAsync[T](HttpMethod method, IEnumerable`1 additionalHeaders, Uri requestUri, HttpContent content, IEnumerable`1 queryParameters, Boolean readErrorBody, Object userState, CancellationToken cancellationToken)
   at GitHub.Actions.RunService.WebApi.BrokerHttpClient.GetRunnerMessageAsync(Nullable`1 sessionId, String runnerVersion, Nullable`1 status, String os, String architecture, Nullable`1 disableUpdate, CancellationToken cancellationToken)
   at GitHub.Runner.Common.BrokerServer.<>c__DisplayClass7_0.<<GetRunnerMessageAsync>b__0>d.MoveNext()
--- End of stack trace from previous location ---
   at GitHub.Runner.Common.RunnerService.RetryRequest[T](Func`1 func, CancellationToken cancellationToken, Int32 maxAttempts, Func`2 shouldRetry)
[2026-09-30 18:49:01Z ERR  BrokerServer] #####################################################
[2026-09-30 18:49:01Z ERR  BrokerServer] System.Threading.Tasks.TaskCanceledException: The operation was canceled.
 ---> System.IO.IOException: Unable to read data from the transport connection: The I/O operation has been aborted because of either a thread exit or an application request..
 ---> System.Net.Sockets.SocketException (995): The I/O operation has been aborted because of either a thread exit or an application request.
   --- End of inner exception stack trace ---
   at System.Net.Sockets.Socket.AwaitableSocketAsyncEventArgs.ThrowException(SocketError error, CancellationToken cancellationToken)
   at System.Net.Sockets.Socket.AwaitableSocketAsyncEventArgs.System.Threading.Tasks.Sources.IValueTaskSource<System.Int32>.GetResult(Int16 token)
   at System.Net.Security.SslStream.EnsureFullTlsFrameAsync[TIOAdapter](CancellationToken cancellationToken, Int32 estimatedSize)
   at System.Runtime.CompilerServices.PoolingAsyncValueTaskMethodBuilder`1.StateMachineBox`1.System.Threading.Tasks.Sources.IValueTaskSource<TResult>.GetResult(Int16 token)
   at System.Net.Security.SslStream.ReadAsyncInternal[TIOAdapter](Memory`1 buffer, CancellationToken cancellationToken)
   at System.Runtime.CompilerServices.PoolingAsyncValueTaskMethodBuilder`1.StateMachineBox`1.System.Threading.Tasks.Sources.IValueTaskSource<TResult>.GetResult(Int16 token)
   at System.Net.Http.HttpConnection.SendAsync(HttpRequestMessage request, Boolean async, CancellationToken cancellationToken)
   --- End of inner exception stack trace ---
   at System.Net.Http.HttpConnection.SendAsync(HttpRequestMessage request, Boolean async, CancellationToken cancellationToken)
   at System.Net.Http.AuthenticationHelper.SendWithNtAuthAsync(HttpRequestMessage request, Uri authUri, Boolean async, ICredentials credentials, Boolean isProxyAuth, HttpConnection connection, HttpConnectionPool connectionPool, CancellationToken cancellationToken)
   at System.Net.Http.HttpConnectionPool.SendWithVersionDetectionAndRetryAsync(HttpRequestMessage request, Boolean async, Boolean doRequestAuth, CancellationToken cancellationToken)
   at System.Net.Http.AuthenticationHelper.SendWithAuthAsync(HttpRequestMessage request, Uri authUri, Boolean async, ICredentials credentials, Boolean preAuthenticate, Boolean isProxyAuth, Boolean doRequestAuth, HttpConnectionPool pool, CancellationToken cancellationToken)
   at System.Net.Http.RedirectHandler.SendAsync(HttpRequestMessage request, Boolean async, CancellationToken cancellationToken)
   at GitHub.Services.Common.RawHttpMessageHandler.SendAsync(HttpRequestMessage request, CancellationToken cancellationToken)
   at GitHub.Services.Common.VssHttpRetryMessageHandler.SendAsync(HttpRequestMessage request, CancellationToken cancellationToken)
   at System.Net.Http.HttpClient.<SendAsync>g__Core|83_0(HttpRequestMessage request, HttpCompletionOption completionOption, CancellationTokenSource cts, Boolean disposeCts, CancellationTokenSource pendingRequestsCts, CancellationToken originalCancellationToken)
[2026-09-30 18:49:01Z ERR  BrokerServer] #####################################################
[2026-09-30 18:49:01Z ERR  BrokerServer] System.IO.IOException: Unable to read data from the transport connection: The I/O operation has been aborted because of either a thread exit or an application request..
 ---> System.Net.Sockets.SocketException (995): The I/O operation has been aborted because of either a thread exit or an application request.
   --- End of inner exception stack trace ---
   at System.Net.Sockets.Socket.AwaitableSocketAsyncEventArgs.ThrowException(SocketError error, CancellationToken cancellationToken)
   at System.Net.Sockets.Socket.AwaitableSocketAsyncEventArgs.System.Threading.Tasks.Sources.IValueTaskSource<System.Int32>.GetResult(Int16 token)
   at System.Net.Security.SslStream.EnsureFullTlsFrameAsync[TIOAdapter](CancellationToken cancellationToken, Int32 estimatedSize)
   at System.Runtime.CompilerServices.PoolingAsyncValueTaskMethodBuilder`1.StateMachineBox`1.System.Threading.Tasks.Sources.IValueTaskSource<TResult>.GetResult(Int16 token)
   at System.Net.Security.SslStream.ReadAsyncInternal[TIOAdapter](Memory`1 buffer, CancellationToken cancellationToken)
   at System.Runtime.CompilerServices.PoolingAsyncValueTaskMethodBuilder`1.StateMachineBox`1.System.Threading.Tasks.Sources.IValueTaskSource<TResult>.GetResult(Int16 token)
   at System.Net.Http.HttpConnection.SendAsync(HttpRequestMessage request, Boolean async, CancellationToken cancellationToken)
[2026-09-30 18:49:01Z ERR  BrokerServer] #####################################################
[2026-09-30 18:49:01Z ERR  BrokerServer] System.Net.Sockets.SocketException (995): The I/O operation has been aborted because of either a thread exit or an application request.
[2026-09-30 18:49:01Z WARN BrokerServer] Back off 7.464 seconds before next retry. 4 attempt left.
[2026-09-30 18:49:01Z INFO BrokerMessageListener] Get messages has been cancelled using local token source. Continue to get messages with new status.
[2026-09-30 18:51:10Z INFO BrokerMessageListener] Acknowledging runner request 'a794f6e5-3b53-5a90-8905-57cd86b4f820'.
[2026-09-30 18:51:10Z INFO ConfigurationStore] HasCredentials()
[2026-09-30 18:51:10Z INFO ConfigurationStore] stored True
[2026-09-30 18:51:10Z INFO CredentialManager] GetCredentialProvider
[2026-09-30 18:51:10Z INFO CredentialManager] Creating type OAuth
[2026-09-30 18:51:10Z INFO CredentialManager] Creating credential type: OAuth
[2026-09-30 18:51:10Z INFO RSAEncryptedFileKeyManager] Loading RSA key parameters from file D:\cicd\actions-runner\.credentials_rsaparams
[2026-09-30 18:51:10Z INFO RSAEncryptedFileKeyManager] Loading RSA key parameters from file D:\cicd\actions-runner\.credentials_rsaparams
[2026-09-30 18:51:10Z INFO RSAEncryptedFileKeyManager] Loading RSA key parameters from file D:\cicd\actions-runner\.credentials_rsaparams
[2026-09-30 18:51:11Z INFO GitHubActionsService] AAD Correlation ID for this token request: Unknown
[2026-09-30 18:51:13Z INFO JobDispatcher] Job request 0 for plan bbbb5155-4096-81f8-a1cb-5542f9f2c2e9 job a794f6e5-3b53-5a90-8905-57cd86b4f820 received.
[2026-09-30 18:51:13Z INFO JobDispatcher] Pull OrchestrationId bbbb5155-4096-81f8-a1cb-5542f9f2c2e9.deploy.__default from JWT claims
[2026-09-30 18:51:13Z INFO BrokerMessageListener] Received job status event. JobState: Busy
[2026-09-30 18:51:13Z INFO BrokerMessageListener] _getMessagesTokenSource is already disposed.
[2026-09-30 18:51:13Z INFO JobDispatcher] Job request dc42ff90-90ad-52b6-b54e-8f71d770803d processed succeed.
[2026-09-30 18:51:13Z INFO Terminal] WRITE LINE: 2026-09-30 18:51:13Z: Running job: deploy
[2026-09-30 18:51:13Z INFO JobDispatcher] Start renew job request 0 for job a794f6e5-3b53-5a90-8905-57cd86b4f820.
[2026-09-30 18:51:14Z INFO JobDispatcher] Successfully renew job a794f6e5-3b53-5a90-8905-57cd86b4f820, job is valid till 30-09-2026 19:01:15
[2026-09-30 18:51:14Z INFO HostContext] Well known directory 'Bin': 'D:\cicd\actions-runner\bin'
[2026-09-30 18:51:14Z INFO ProcessInvokerWrapper] Starting process:
[2026-09-30 18:51:14Z INFO ProcessInvokerWrapper]   File name: 'D:\cicd\actions-runner\bin\Runner.Worker.exe'
[2026-09-30 18:51:14Z INFO ProcessInvokerWrapper]   Arguments: 'spawnclient 1440 1472'
[2026-09-30 18:51:14Z INFO ProcessInvokerWrapper]   Working directory: 'D:\cicd\actions-runner\bin'
[2026-09-30 18:51:14Z INFO ProcessInvokerWrapper]   Require exit code zero: 'False'
[2026-09-30 18:51:14Z INFO ProcessInvokerWrapper]   Encoding web name:  ; code page: ''
[2026-09-30 18:51:14Z INFO ProcessInvokerWrapper]   Force kill process on cancellation: 'True'
[2026-09-30 18:51:14Z INFO ProcessInvokerWrapper]   Redirected STDIN: 'False'
[2026-09-30 18:51:14Z INFO ProcessInvokerWrapper]   Persist current code page: 'False'
[2026-09-30 18:51:14Z INFO ProcessInvokerWrapper]   Keep redirected STDIN open: 'False'
[2026-09-30 18:51:14Z INFO ProcessInvokerWrapper]   High priority process: 'True'
[2026-09-30 18:51:14Z INFO ProcessInvokerWrapper] Process started with process id 3988, waiting for process exit.
[2026-09-30 18:51:14Z INFO JobDispatcher] Send job request message to worker for job a794f6e5-3b53-5a90-8905-57cd86b4f820.
[2026-09-30 18:51:14Z INFO ProcessChannel] Sending message of length 26005, with hash '29fe336ca02a4dfea2f8f9f7136d9f49d0356375bc2ea1256d66e3f73fffb24f'
[2026-09-30 18:51:14Z INFO JobNotification] Entering JobStarted Notification
[2026-09-30 18:51:14Z INFO JobNotification] Entering StartMonitor
[2026-09-30 18:52:14Z INFO JobDispatcher] Successfully renew job a794f6e5-3b53-5a90-8905-57cd86b4f820, job is valid till 30-09-2026 19:02:15
[2026-09-30 18:52:17Z INFO ProcessInvokerWrapper] STDOUT/STDERR stream read finished.
[2026-09-30 18:52:17Z INFO ProcessInvokerWrapper] STDOUT/STDERR stream read finished.
[2026-09-30 18:52:17Z INFO ProcessInvokerWrapper] Finished process 3988 with exit code 102, and elapsed time 00:01:03.6930016.
[2026-09-30 18:52:17Z INFO JobDispatcher] Worker finished for job a794f6e5-3b53-5a90-8905-57cd86b4f820. Code: 102
[2026-09-30 18:52:17Z INFO JobDispatcher] finish job request for job a794f6e5-3b53-5a90-8905-57cd86b4f820 with result: Failed
[2026-09-30 18:52:17Z INFO Terminal] WRITE LINE: 2026-09-30 18:52:17Z: Job deploy completed with result: Failed
[2026-09-30 18:52:17Z INFO JobDispatcher] Stop renew job request for job a794f6e5-3b53-5a90-8905-57cd86b4f820.
[2026-09-30 18:52:17Z INFO JobDispatcher] job renew has been cancelled, stop renew job a794f6e5-3b53-5a90-8905-57cd86b4f820.
[2026-09-30 18:52:17Z INFO JobNotification] Entering JobCompleted Notification
[2026-09-30 18:52:17Z INFO JobNotification] Entering EndMonitor
[2026-09-30 18:52:17Z INFO BrokerMessageListener] Received job status event. JobState: Online
[2026-09-30 18:52:17Z WARN GitHubActionsService] GET request to https://broker.actions.githubusercontent.com/message?sessionId=26962438-4c9e-4916-bffe-746f120a450a&status=Busy&runnerVersion=2.337.0&os=Windows&architecture=X64&disableUpdate=false has been cancelled.
[2026-09-30 18:52:17Z ERR  BrokerServer] Catch exception during request
[2026-09-30 18:52:17Z ERR  BrokerServer] System.Threading.Tasks.TaskCanceledException: The operation was canceled.
 ---> System.Threading.Tasks.TaskCanceledException: The operation was canceled.
 ---> System.IO.IOException: Unable to read data from the transport connection: The I/O operation has been aborted because of either a thread exit or an application request..
 ---> System.Net.Sockets.SocketException (995): The I/O operation has been aborted because of either a thread exit or an application request.
   --- End of inner exception stack trace ---
   at System.Net.Sockets.Socket.AwaitableSocketAsyncEventArgs.ThrowException(SocketError error, CancellationToken cancellationToken)
   at System.Net.Sockets.Socket.AwaitableSocketAsyncEventArgs.System.Threading.Tasks.Sources.IValueTaskSource<System.Int32>.GetResult(Int16 token)
   at System.Net.Security.SslStream.EnsureFullTlsFrameAsync[TIOAdapter](CancellationToken cancellationToken, Int32 estimatedSize)
   at System.Runtime.CompilerServices.PoolingAsyncValueTaskMethodBuilder`1.StateMachineBox`1.System.Threading.Tasks.Sources.IValueTaskSource<TResult>.GetResult(Int16 token)
   at System.Net.Security.SslStream.ReadAsyncInternal[TIOAdapter](Memory`1 buffer, CancellationToken cancellationToken)
   at System.Runtime.CompilerServices.PoolingAsyncValueTaskMethodBuilder`1.StateMachineBox`1.System.Threading.Tasks.Sources.IValueTaskSource<TResult>.GetResult(Int16 token)
   at System.Net.Http.HttpConnection.SendAsync(HttpRequestMessage request, Boolean async, CancellationToken cancellationToken)
   --- End of inner exception stack trace ---
   at System.Net.Http.HttpConnection.SendAsync(HttpRequestMessage request, Boolean async, CancellationToken cancellationToken)
   at System.Net.Http.AuthenticationHelper.SendWithNtAuthAsync(HttpRequestMessage request, Uri authUri, Boolean async, ICredentials credentials, Boolean isProxyAuth, HttpConnection connection, HttpConnectionPool connectionPool, CancellationToken cancellationToken)
   at System.Net.Http.HttpConnectionPool.SendWithVersionDetectionAndRetryAsync(HttpRequestMessage request, Boolean async, Boolean doRequestAuth, CancellationToken cancellationToken)
   at System.Net.Http.AuthenticationHelper.SendWithAuthAsync(HttpRequestMessage request, Uri authUri, Boolean async, ICredentials credentials, Boolean preAuthenticate, Boolean isProxyAuth, Boolean doRequestAuth, HttpConnectionPool pool, CancellationToken cancellationToken)
   at System.Net.Http.RedirectHandler.SendAsync(HttpRequestMessage request, Boolean async, CancellationToken cancellationToken)
   at GitHub.Services.Common.RawHttpMessageHandler.SendAsync(HttpRequestMessage request, CancellationToken cancellationToken)
   at GitHub.Services.Common.VssHttpRetryMessageHandler.SendAsync(HttpRequestMessage request, CancellationToken cancellationToken)
   at System.Net.Http.HttpClient.<SendAsync>g__Core|83_0(HttpRequestMessage request, HttpCompletionOption completionOption, CancellationTokenSource cts, Boolean disposeCts, CancellationTokenSource pendingRequestsCts, CancellationToken originalCancellationToken)
   --- End of inner exception stack trace ---
   at System.Net.Http.HttpClient.HandleFailure(Exception e, Boolean telemetryStarted, HttpResponseMessage response, CancellationTokenSource cts, CancellationToken cancellationToken, CancellationTokenSource pendingRequestsCts)
   at System.Net.Http.HttpClient.<SendAsync>g__Core|83_0(HttpRequestMessage request, HttpCompletionOption completionOption, CancellationTokenSource cts, Boolean disposeCts, CancellationTokenSource pendingRequestsCts, CancellationToken originalCancellationToken)
   at Sdk.WebApi.WebApi.RawHttpClientBase.SendAsync(HttpRequestMessage message, HttpCompletionOption completionOption, Object userState, CancellationToken cancellationToken)
   at Sdk.WebApi.WebApi.RawHttpClientBase.SendAsync[T](HttpRequestMessage message, Boolean readErrorBody, Object userState, CancellationToken cancellationToken)
   at Sdk.WebApi.WebApi.RawHttpClientBase.SendAsync[T](HttpMethod method, IEnumerable`1 additionalHeaders, Uri requestUri, HttpContent content, IEnumerable`1 queryParameters, Boolean readErrorBody, Object userState, CancellationToken cancellationToken)
   at GitHub.Actions.RunService.WebApi.BrokerHttpClient.GetRunnerMessageAsync(Nullable`1 sessionId, String runnerVersion, Nullable`1 status, String os, String architecture, Nullable`1 disableUpdate, CancellationToken cancellationToken)
   at GitHub.Runner.Common.BrokerServer.<>c__DisplayClass7_0.<<GetRunnerMessageAsync>b__0>d.MoveNext()
--- End of stack trace from previous location ---
   at GitHub.Runner.Common.RunnerService.RetryRequest[T](Func`1 func, CancellationToken cancellationToken, Int32 maxAttempts, Func`2 shouldRetry)
[2026-09-30 18:52:17Z ERR  BrokerServer] #####################################################
[2026-09-30 18:52:17Z ERR  BrokerServer] System.Threading.Tasks.TaskCanceledException: The operation was canceled.
 ---> System.IO.IOException: Unable to read data from the transport connection: The I/O operation has been aborted because of either a thread exit or an application request..
 ---> System.Net.Sockets.SocketException (995): The I/O operation has been aborted because of either a thread exit or an application request.
   --- End of inner exception stack trace ---
   at System.Net.Sockets.Socket.AwaitableSocketAsyncEventArgs.ThrowException(SocketError error, CancellationToken cancellationToken)
   at System.Net.Sockets.Socket.AwaitableSocketAsyncEventArgs.System.Threading.Tasks.Sources.IValueTaskSource<System.Int32>.GetResult(Int16 token)
   at System.Net.Security.SslStream.EnsureFullTlsFrameAsync[TIOAdapter](CancellationToken cancellationToken, Int32 estimatedSize)
   at System.Runtime.CompilerServices.PoolingAsyncValueTaskMethodBuilder`1.StateMachineBox`1.System.Threading.Tasks.Sources.IValueTaskSource<TResult>.GetResult(Int16 token)
   at System.Net.Security.SslStream.ReadAsyncInternal[TIOAdapter](Memory`1 buffer, CancellationToken cancellationToken)
   at System.Runtime.CompilerServices.PoolingAsyncValueTaskMethodBuilder`1.StateMachineBox`1.System.Threading.Tasks.Sources.IValueTaskSource<TResult>.GetResult(Int16 token)
   at System.Net.Http.HttpConnection.SendAsync(HttpRequestMessage request, Boolean async, CancellationToken cancellationToken)
   --- End of inner exception stack trace ---
   at System.Net.Http.HttpConnection.SendAsync(HttpRequestMessage request, Boolean async, CancellationToken cancellationToken)
   at System.Net.Http.AuthenticationHelper.SendWithNtAuthAsync(HttpRequestMessage request, Uri authUri, Boolean async, ICredentials credentials, Boolean isProxyAuth, HttpConnection connection, HttpConnectionPool connectionPool, CancellationToken cancellationToken)
   at System.Net.Http.HttpConnectionPool.SendWithVersionDetectionAndRetryAsync(HttpRequestMessage request, Boolean async, Boolean doRequestAuth, CancellationToken cancellationToken)
   at System.Net.Http.AuthenticationHelper.SendWithAuthAsync(HttpRequestMessage request, Uri authUri, Boolean async, ICredentials credentials, Boolean preAuthenticate, Boolean isProxyAuth, Boolean doRequestAuth, HttpConnectionPool pool, CancellationToken cancellationToken)
   at System.Net.Http.RedirectHandler.SendAsync(HttpRequestMessage request, Boolean async, CancellationToken cancellationToken)
   at GitHub.Services.Common.RawHttpMessageHandler.SendAsync(HttpRequestMessage request, CancellationToken cancellationToken)
   at GitHub.Services.Common.VssHttpRetryMessageHandler.SendAsync(HttpRequestMessage request, CancellationToken cancellationToken)
   at System.Net.Http.HttpClient.<SendAsync>g__Core|83_0(HttpRequestMessage request, HttpCompletionOption completionOption, CancellationTokenSource cts, Boolean disposeCts, CancellationTokenSource pendingRequestsCts, CancellationToken originalCancellationToken)
[2026-09-30 18:52:17Z ERR  BrokerServer] #####################################################
[2026-09-30 18:52:17Z ERR  BrokerServer] System.IO.IOException: Unable to read data from the transport connection: The I/O operation has been aborted because of either a thread exit or an application request..
 ---> System.Net.Sockets.SocketException (995): The I/O operation has been aborted because of either a thread exit or an application request.
   --- End of inner exception stack trace ---
   at System.Net.Sockets.Socket.AwaitableSocketAsyncEventArgs.ThrowException(SocketError error, CancellationToken cancellationToken)
   at System.Net.Sockets.Socket.AwaitableSocketAsyncEventArgs.System.Threading.Tasks.Sources.IValueTaskSource<System.Int32>.GetResult(Int16 token)
   at System.Net.Security.SslStream.EnsureFullTlsFrameAsync[TIOAdapter](CancellationToken cancellationToken, Int32 estimatedSize)
   at System.Runtime.CompilerServices.PoolingAsyncValueTaskMethodBuilder`1.StateMachineBox`1.System.Threading.Tasks.Sources.IValueTaskSource<TResult>.GetResult(Int16 token)
   at System.Net.Security.SslStream.ReadAsyncInternal[TIOAdapter](Memory`1 buffer, CancellationToken cancellationToken)
   at System.Runtime.CompilerServices.PoolingAsyncValueTaskMethodBuilder`1.StateMachineBox`1.System.Threading.Tasks.Sources.IValueTaskSource<TResult>.GetResult(Int16 token)
   at System.Net.Http.HttpConnection.SendAsync(HttpRequestMessage request, Boolean async, CancellationToken cancellationToken)
[2026-09-30 18:52:17Z ERR  BrokerServer] #####################################################
[2026-09-30 18:52:17Z ERR  BrokerServer] System.Net.Sockets.SocketException (995): The I/O operation has been aborted because of either a thread exit or an application request.
[2026-09-30 18:52:17Z WARN BrokerServer] Back off 14.893 seconds before next retry. 4 attempt left.
[2026-09-30 18:52:17Z INFO BrokerMessageListener] Get messages has been cancelled using local token source. Continue to get messages with new status.
[2026-09-30 19:09:43Z INFO BrokerMessageListener] Acknowledging runner request '36bd5a6e-ec54-5481-8cb2-e28d5bae3926'.
[2026-09-30 19:09:43Z INFO ConfigurationStore] HasCredentials()
[2026-09-30 19:09:43Z INFO ConfigurationStore] stored True
[2026-09-30 19:09:43Z INFO CredentialManager] GetCredentialProvider
[2026-09-30 19:09:43Z INFO CredentialManager] Creating type OAuth
[2026-09-30 19:09:43Z INFO CredentialManager] Creating credential type: OAuth
[2026-09-30 19:09:43Z INFO RSAEncryptedFileKeyManager] Loading RSA key parameters from file D:\cicd\actions-runner\.credentials_rsaparams
[2026-09-30 19:09:43Z INFO RSAEncryptedFileKeyManager] Loading RSA key parameters from file D:\cicd\actions-runner\.credentials_rsaparams
[2026-09-30 19:09:43Z INFO RSAEncryptedFileKeyManager] Loading RSA key parameters from file D:\cicd\actions-runner\.credentials_rsaparams
[2026-09-30 19:09:45Z INFO GitHubActionsService] AAD Correlation ID for this token request: Unknown
[2026-09-30 19:09:46Z INFO JobDispatcher] Job request 0 for plan 4a8f1514-43ba-86a3-b44d-653b2e195a27 job 36bd5a6e-ec54-5481-8cb2-e28d5bae3926 received.
[2026-09-30 19:09:46Z INFO JobDispatcher] Pull OrchestrationId 4a8f1514-43ba-86a3-b44d-653b2e195a27.deploy.__default from JWT claims
[2026-09-30 19:09:46Z INFO BrokerMessageListener] Received job status event. JobState: Busy
[2026-09-30 19:09:46Z INFO BrokerMessageListener] _getMessagesTokenSource is already disposed.
[2026-09-30 19:09:46Z INFO JobDispatcher] Job request a794f6e5-3b53-5a90-8905-57cd86b4f820 processed succeed.
[2026-09-30 19:09:46Z INFO Terminal] WRITE LINE: 2026-09-30 19:09:46Z: Running job: deploy
[2026-09-30 19:09:46Z INFO JobDispatcher] Start renew job request 0 for job 36bd5a6e-ec54-5481-8cb2-e28d5bae3926.
[2026-09-30 19:09:47Z INFO JobDispatcher] Successfully renew job 36bd5a6e-ec54-5481-8cb2-e28d5bae3926, job is valid till 30-09-2026 19:19:48
[2026-09-30 19:09:47Z INFO HostContext] Well known directory 'Bin': 'D:\cicd\actions-runner\bin'
[2026-09-30 19:09:47Z INFO ProcessInvokerWrapper] Starting process:
[2026-09-30 19:09:47Z INFO ProcessInvokerWrapper]   File name: 'D:\cicd\actions-runner\bin\Runner.Worker.exe'
[2026-09-30 19:09:47Z INFO ProcessInvokerWrapper]   Arguments: 'spawnclient 1216 1604'
[2026-09-30 19:09:47Z INFO ProcessInvokerWrapper]   Working directory: 'D:\cicd\actions-runner\bin'
[2026-09-30 19:09:47Z INFO ProcessInvokerWrapper]   Require exit code zero: 'False'
[2026-09-30 19:09:47Z INFO ProcessInvokerWrapper]   Encoding web name:  ; code page: ''
[2026-09-30 19:09:47Z INFO ProcessInvokerWrapper]   Force kill process on cancellation: 'True'
[2026-09-30 19:09:47Z INFO ProcessInvokerWrapper]   Redirected STDIN: 'False'
[2026-09-30 19:09:47Z INFO ProcessInvokerWrapper]   Persist current code page: 'False'
[2026-09-30 19:09:47Z INFO ProcessInvokerWrapper]   Keep redirected STDIN open: 'False'
[2026-09-30 19:09:47Z INFO ProcessInvokerWrapper]   High priority process: 'True'
[2026-09-30 19:09:47Z INFO ProcessInvokerWrapper] Process started with process id 26836, waiting for process exit.
[2026-09-30 19:09:47Z INFO JobDispatcher] Send job request message to worker for job 36bd5a6e-ec54-5481-8cb2-e28d5bae3926.
[2026-09-30 19:09:47Z INFO ProcessChannel] Sending message of length 26013, with hash '89971d524098a18657ca5dbede3b8677e06bc1b1acbd2a6443717fbe4aaaaac5'
[2026-09-30 19:09:47Z INFO JobNotification] Entering JobStarted Notification
[2026-09-30 19:09:47Z INFO JobNotification] Entering StartMonitor
[2026-09-30 19:10:47Z INFO JobDispatcher] Successfully renew job 36bd5a6e-ec54-5481-8cb2-e28d5bae3926, job is valid till 30-09-2026 19:20:48
[2026-09-30 19:10:49Z INFO ProcessInvokerWrapper] STDOUT/STDERR stream read finished.
[2026-09-30 19:10:49Z INFO ProcessInvokerWrapper] STDOUT/STDERR stream read finished.
[2026-09-30 19:10:49Z INFO ProcessInvokerWrapper] Finished process 26836 with exit code 102, and elapsed time 00:01:01.9239007.
[2026-09-30 19:10:49Z INFO JobDispatcher] Worker finished for job 36bd5a6e-ec54-5481-8cb2-e28d5bae3926. Code: 102
[2026-09-30 19:10:49Z INFO JobDispatcher] finish job request for job 36bd5a6e-ec54-5481-8cb2-e28d5bae3926 with result: Failed
[2026-09-30 19:10:49Z INFO Terminal] WRITE LINE: 2026-09-30 19:10:49Z: Job deploy completed with result: Failed
[2026-09-30 19:10:49Z INFO JobDispatcher] Stop renew job request for job 36bd5a6e-ec54-5481-8cb2-e28d5bae3926.
[2026-09-30 19:10:49Z INFO JobDispatcher] job renew has been cancelled, stop renew job 36bd5a6e-ec54-5481-8cb2-e28d5bae3926.
[2026-09-30 19:10:49Z INFO JobNotification] Entering JobCompleted Notification
[2026-09-30 19:10:49Z INFO JobNotification] Entering EndMonitor
[2026-09-30 19:10:49Z INFO BrokerMessageListener] Received job status event. JobState: Online
[2026-09-30 19:10:49Z WARN GitHubActionsService] GET request to https://broker.actions.githubusercontent.com/message?sessionId=26962438-4c9e-4916-bffe-746f120a450a&status=Busy&runnerVersion=2.337.0&os=Windows&architecture=X64&disableUpdate=false has been cancelled.
[2026-09-30 19:10:49Z ERR  BrokerServer] Catch exception during request
[2026-09-30 19:10:49Z ERR  BrokerServer] System.Threading.Tasks.TaskCanceledException: The operation was canceled.
 ---> System.Threading.Tasks.TaskCanceledException: The operation was canceled.
 ---> System.IO.IOException: Unable to read data from the transport connection: The I/O operation has been aborted because of either a thread exit or an application request..
 ---> System.Net.Sockets.SocketException (995): The I/O operation has been aborted because of either a thread exit or an application request.
   --- End of inner exception stack trace ---
   at System.Net.Sockets.Socket.AwaitableSocketAsyncEventArgs.System.Threading.Tasks.Sources.IValueTaskSource<System.Int32>.GetResult(Int16 token)
   at System.Net.Security.SslStream.EnsureFullTlsFrameAsync[TIOAdapter](CancellationToken cancellationToken, Int32 estimatedSize)
   at System.Runtime.CompilerServices.PoolingAsyncValueTaskMethodBuilder`1.StateMachineBox`1.System.Threading.Tasks.Sources.IValueTaskSource<TResult>.GetResult(Int16 token)
   at System.Net.Security.SslStream.ReadAsyncInternal[TIOAdapter](Memory`1 buffer, CancellationToken cancellationToken)
   at System.Runtime.CompilerServices.PoolingAsyncValueTaskMethodBuilder`1.StateMachineBox`1.System.Threading.Tasks.Sources.IValueTaskSource<TResult>.GetResult(Int16 token)
   at System.Net.Http.HttpConnection.SendAsync(HttpRequestMessage request, Boolean async, CancellationToken cancellationToken)
   --- End of inner exception stack trace ---
   at System.Net.Http.HttpConnection.SendAsync(HttpRequestMessage request, Boolean async, CancellationToken cancellationToken)
   at System.Net.Http.AuthenticationHelper.SendWithNtAuthAsync(HttpRequestMessage request, Uri authUri, Boolean async, ICredentials credentials, Boolean isProxyAuth, HttpConnection connection, HttpConnectionPool connectionPool, CancellationToken cancellationToken)
   at System.Net.Http.HttpConnectionPool.SendWithVersionDetectionAndRetryAsync(HttpRequestMessage request, Boolean async, Boolean doRequestAuth, CancellationToken cancellationToken)
   at System.Net.Http.AuthenticationHelper.SendWithAuthAsync(HttpRequestMessage request, Uri authUri, Boolean async, ICredentials credentials, Boolean preAuthenticate, Boolean isProxyAuth, Boolean doRequestAuth, HttpConnectionPool pool, CancellationToken cancellationToken)
   at System.Net.Http.RedirectHandler.SendAsync(HttpRequestMessage request, Boolean async, CancellationToken cancellationToken)
   at GitHub.Services.Common.RawHttpMessageHandler.SendAsync(HttpRequestMessage request, CancellationToken cancellationToken)
   at GitHub.Services.Common.VssHttpRetryMessageHandler.SendAsync(HttpRequestMessage request, CancellationToken cancellationToken)
   at System.Net.Http.HttpClient.<SendAsync>g__Core|83_0(HttpRequestMessage request, HttpCompletionOption completionOption, CancellationTokenSource cts, Boolean disposeCts, CancellationTokenSource pendingRequestsCts, CancellationToken originalCancellationToken)
   --- End of inner exception stack trace ---
   at System.Net.Http.HttpClient.HandleFailure(Exception e, Boolean telemetryStarted, HttpResponseMessage response, CancellationTokenSource cts, CancellationToken cancellationToken, CancellationTokenSource pendingRequestsCts)
   at System.Net.Http.HttpClient.<SendAsync>g__Core|83_0(HttpRequestMessage request, HttpCompletionOption completionOption, CancellationTokenSource cts, Boolean disposeCts, CancellationTokenSource pendingRequestsCts, CancellationToken originalCancellationToken)
   at Sdk.WebApi.WebApi.RawHttpClientBase.SendAsync(HttpRequestMessage message, HttpCompletionOption completionOption, Object userState, CancellationToken cancellationToken)
   at Sdk.WebApi.WebApi.RawHttpClientBase.SendAsync[T](HttpRequestMessage message, Boolean readErrorBody, Object userState, CancellationToken cancellationToken)
   at Sdk.WebApi.WebApi.RawHttpClientBase.SendAsync[T](HttpMethod method, IEnumerable`1 additionalHeaders, Uri requestUri, HttpContent content, IEnumerable`1 queryParameters, Boolean readErrorBody, Object userState, CancellationToken cancellationToken)
   at GitHub.Actions.RunService.WebApi.BrokerHttpClient.GetRunnerMessageAsync(Nullable`1 sessionId, String runnerVersion, Nullable`1 status, String os, String architecture, Nullable`1 disableUpdate, CancellationToken cancellationToken)
   at GitHub.Runner.Common.BrokerServer.<>c__DisplayClass7_0.<<GetRunnerMessageAsync>b__0>d.MoveNext()
--- End of stack trace from previous location ---
   at GitHub.Runner.Common.RunnerService.RetryRequest[T](Func`1 func, CancellationToken cancellationToken, Int32 maxAttempts, Func`2 shouldRetry)
[2026-09-30 19:10:49Z ERR  BrokerServer] #####################################################
[2026-09-30 19:10:49Z ERR  BrokerServer] System.Threading.Tasks.TaskCanceledException: The operation was canceled.
 ---> System.IO.IOException: Unable to read data from the transport connection: The I/O operation has been aborted because of either a thread exit or an application request..
 ---> System.Net.Sockets.SocketException (995): The I/O operation has been aborted because of either a thread exit or an application request.
   --- End of inner exception stack trace ---
   at System.Net.Sockets.Socket.AwaitableSocketAsyncEventArgs.System.Threading.Tasks.Sources.IValueTaskSource<System.Int32>.GetResult(Int16 token)
   at System.Net.Security.SslStream.EnsureFullTlsFrameAsync[TIOAdapter](CancellationToken cancellationToken, Int32 estimatedSize)
   at System.Runtime.CompilerServices.PoolingAsyncValueTaskMethodBuilder`1.StateMachineBox`1.System.Threading.Tasks.Sources.IValueTaskSource<TResult>.GetResult(Int16 token)
   at System.Net.Security.SslStream.ReadAsyncInternal[TIOAdapter](Memory`1 buffer, CancellationToken cancellationToken)
   at System.Runtime.CompilerServices.PoolingAsyncValueTaskMethodBuilder`1.StateMachineBox`1.System.Threading.Tasks.Sources.IValueTaskSource<TResult>.GetResult(Int16 token)
   at System.Net.Http.HttpConnection.SendAsync(HttpRequestMessage request, Boolean async, CancellationToken cancellationToken)
   --- End of inner exception stack trace ---
   at System.Net.Http.HttpConnection.SendAsync(HttpRequestMessage request, Boolean async, CancellationToken cancellationToken)
   at System.Net.Http.AuthenticationHelper.SendWithNtAuthAsync(HttpRequestMessage request, Uri authUri, Boolean async, ICredentials credentials, Boolean isProxyAuth, HttpConnection connection, HttpConnectionPool connectionPool, CancellationToken cancellationToken)
   at System.Net.Http.HttpConnectionPool.SendWithVersionDetectionAndRetryAsync(HttpRequestMessage request, Boolean async, Boolean doRequestAuth, CancellationToken cancellationToken)
   at System.Net.Http.AuthenticationHelper.SendWithAuthAsync(HttpRequestMessage request, Uri authUri, Boolean async, ICredentials credentials, Boolean preAuthenticate, Boolean isProxyAuth, Boolean doRequestAuth, HttpConnectionPool pool, CancellationToken cancellationToken)
   at System.Net.Http.RedirectHandler.SendAsync(HttpRequestMessage request, Boolean async, CancellationToken cancellationToken)
   at GitHub.Services.Common.RawHttpMessageHandler.SendAsync(HttpRequestMessage request, CancellationToken cancellationToken)
   at GitHub.Services.Common.VssHttpRetryMessageHandler.SendAsync(HttpRequestMessage request, CancellationToken cancellationToken)
   at System.Net.Http.HttpClient.<SendAsync>g__Core|83_0(HttpRequestMessage request, HttpCompletionOption completionOption, CancellationTokenSource cts, Boolean disposeCts, CancellationTokenSource pendingRequestsCts, CancellationToken originalCancellationToken)
[2026-09-30 19:10:49Z ERR  BrokerServer] #####################################################
[2026-09-30 19:10:49Z ERR  BrokerServer] System.IO.IOException: Unable to read data from the transport connection: The I/O operation has been aborted because of either a thread exit or an application request..
 ---> System.Net.Sockets.SocketException (995): The I/O operation has been aborted because of either a thread exit or an application request.
   --- End of inner exception stack trace ---
   at System.Net.Sockets.Socket.AwaitableSocketAsyncEventArgs.System.Threading.Tasks.Sources.IValueTaskSource<System.Int32>.GetResult(Int16 token)
   at System.Net.Security.SslStream.EnsureFullTlsFrameAsync[TIOAdapter](CancellationToken cancellationToken, Int32 estimatedSize)
   at System.Runtime.CompilerServices.PoolingAsyncValueTaskMethodBuilder`1.StateMachineBox`1.System.Threading.Tasks.Sources.IValueTaskSource<TResult>.GetResult(Int16 token)
   at System.Net.Security.SslStream.ReadAsyncInternal[TIOAdapter](Memory`1 buffer, CancellationToken cancellationToken)
   at System.Runtime.CompilerServices.PoolingAsyncValueTaskMethodBuilder`1.StateMachineBox`1.System.Threading.Tasks.Sources.IValueTaskSource<TResult>.GetResult(Int16 token)
   at System.Net.Http.HttpConnection.SendAsync(HttpRequestMessage request, Boolean async, CancellationToken cancellationToken)
[2026-09-30 19:10:49Z ERR  BrokerServer] #####################################################
[2026-09-30 19:10:49Z ERR  BrokerServer] System.Net.Sockets.SocketException (995): The I/O operation has been aborted because of either a thread exit or an application request.
[2026-09-30 19:10:49Z WARN BrokerServer] Back off 5.539 seconds before next retry. 4 attempt left.
[2026-09-30 19:10:49Z INFO BrokerMessageListener] Get messages has been cancelled using local token source. Continue to get messages with new status.
[2026-09-30 19:16:29Z INFO BrokerMessageListener] Acknowledging runner request 'd402e786-a326-58fe-8d18-5013ed5ee0dc'.
[2026-09-30 19:16:29Z INFO ConfigurationStore] HasCredentials()
[2026-09-30 19:16:29Z INFO ConfigurationStore] stored True
[2026-09-30 19:16:29Z INFO CredentialManager] GetCredentialProvider
[2026-09-30 19:16:29Z INFO CredentialManager] Creating type OAuth
[2026-09-30 19:16:29Z INFO CredentialManager] Creating credential type: OAuth
[2026-09-30 19:16:29Z INFO RSAEncryptedFileKeyManager] Loading RSA key parameters from file D:\cicd\actions-runner\.credentials_rsaparams
[2026-09-30 19:16:29Z INFO RSAEncryptedFileKeyManager] Loading RSA key parameters from file D:\cicd\actions-runner\.credentials_rsaparams
[2026-09-30 19:16:29Z INFO RSAEncryptedFileKeyManager] Loading RSA key parameters from file D:\cicd\actions-runner\.credentials_rsaparams
[2026-09-30 19:16:30Z INFO GitHubActionsService] AAD Correlation ID for this token request: Unknown
[2026-09-30 19:16:32Z INFO JobDispatcher] Job request 0 for plan c9618cc0-b484-858e-a970-dbd442ce7d47 job d402e786-a326-58fe-8d18-5013ed5ee0dc received.
[2026-09-30 19:16:32Z INFO JobDispatcher] Pull OrchestrationId c9618cc0-b484-858e-a970-dbd442ce7d47.deploy.__default from JWT claims
[2026-09-30 19:16:32Z INFO BrokerMessageListener] Received job status event. JobState: Busy
[2026-09-30 19:16:32Z INFO BrokerMessageListener] _getMessagesTokenSource is already disposed.
[2026-09-30 19:16:32Z INFO JobDispatcher] Job request 36bd5a6e-ec54-5481-8cb2-e28d5bae3926 processed succeed.
[2026-09-30 19:16:32Z INFO Terminal] WRITE LINE: 2026-09-30 19:16:32Z: Running job: deploy
[2026-09-30 19:16:32Z INFO JobDispatcher] Start renew job request 0 for job d402e786-a326-58fe-8d18-5013ed5ee0dc.
[2026-09-30 19:16:33Z INFO JobDispatcher] Successfully renew job d402e786-a326-58fe-8d18-5013ed5ee0dc, job is valid till 30-09-2026 19:26:34
[2026-09-30 19:16:33Z INFO HostContext] Well known directory 'Bin': 'D:\cicd\actions-runner\bin'
[2026-09-30 19:16:33Z INFO ProcessInvokerWrapper] Starting process:
[2026-09-30 19:16:33Z INFO ProcessInvokerWrapper]   File name: 'D:\cicd\actions-runner\bin\Runner.Worker.exe'
[2026-09-30 19:16:33Z INFO ProcessInvokerWrapper]   Arguments: 'spawnclient 1360 2428'
[2026-09-30 19:16:33Z INFO ProcessInvokerWrapper]   Working directory: 'D:\cicd\actions-runner\bin'
[2026-09-30 19:16:33Z INFO ProcessInvokerWrapper]   Require exit code zero: 'False'
[2026-09-30 19:16:33Z INFO ProcessInvokerWrapper]   Encoding web name:  ; code page: ''
[2026-09-30 19:16:33Z INFO ProcessInvokerWrapper]   Force kill process on cancellation: 'True'
[2026-09-30 19:16:33Z INFO ProcessInvokerWrapper]   Redirected STDIN: 'False'
[2026-09-30 19:16:33Z INFO ProcessInvokerWrapper]   Persist current code page: 'False'
[2026-09-30 19:16:33Z INFO ProcessInvokerWrapper]   Keep redirected STDIN open: 'False'
[2026-09-30 19:16:33Z INFO ProcessInvokerWrapper]   High priority process: 'True'
[2026-09-30 19:16:33Z INFO ProcessInvokerWrapper] Process started with process id 17012, waiting for process exit.
[2026-09-30 19:16:33Z INFO JobDispatcher] Send job request message to worker for job d402e786-a326-58fe-8d18-5013ed5ee0dc.
[2026-09-30 19:16:33Z INFO ProcessChannel] Sending message of length 26039, with hash '1721636e46456c510d459aae113fe0eeea4aed34fd0a74ff4b37e4b86f889fb7'
[2026-09-30 19:16:33Z INFO JobNotification] Entering JobStarted Notification
[2026-09-30 19:16:33Z INFO JobNotification] Entering StartMonitor
[2026-09-30 19:17:29Z INFO ProcessInvokerWrapper] STDOUT/STDERR stream read finished.
[2026-09-30 19:17:29Z INFO ProcessInvokerWrapper] STDOUT/STDERR stream read finished.
[2026-09-30 19:17:29Z INFO ProcessInvokerWrapper] Finished process 17012 with exit code 102, and elapsed time 00:00:56.6945550.
[2026-09-30 19:17:29Z INFO JobDispatcher] Worker finished for job d402e786-a326-58fe-8d18-5013ed5ee0dc. Code: 102
[2026-09-30 19:17:29Z INFO JobDispatcher] finish job request for job d402e786-a326-58fe-8d18-5013ed5ee0dc with result: Failed
[2026-09-30 19:17:29Z INFO Terminal] WRITE LINE: 2026-09-30 19:17:29Z: Job deploy completed with result: Failed
[2026-09-30 19:17:29Z INFO JobDispatcher] Stop renew job request for job d402e786-a326-58fe-8d18-5013ed5ee0dc.
[2026-09-30 19:17:29Z INFO JobDispatcher] job renew has been cancelled, stop renew job d402e786-a326-58fe-8d18-5013ed5ee0dc.
[2026-09-30 19:17:29Z INFO JobNotification] Entering JobCompleted Notification
[2026-09-30 19:17:29Z INFO JobNotification] Entering EndMonitor
[2026-09-30 19:17:29Z INFO BrokerMessageListener] Received job status event. JobState: Online
[2026-09-30 19:17:29Z WARN GitHubActionsService] GET request to https://broker.actions.githubusercontent.com/message?sessionId=26962438-4c9e-4916-bffe-746f120a450a&status=Busy&runnerVersion=2.337.0&os=Windows&architecture=X64&disableUpdate=false has been cancelled.
[2026-09-30 19:17:29Z ERR  BrokerServer] Catch exception during request
[2026-09-30 19:17:29Z ERR  BrokerServer] System.Threading.Tasks.TaskCanceledException: The operation was canceled.
 ---> System.Threading.Tasks.TaskCanceledException: The operation was canceled.
 ---> System.IO.IOException: Unable to read data from the transport connection: The I/O operation has been aborted because of either a thread exit or an application request..
 ---> System.Net.Sockets.SocketException (995): The I/O operation has been aborted because of either a thread exit or an application request.
   --- End of inner exception stack trace ---
   at System.Net.Sockets.Socket.AwaitableSocketAsyncEventArgs.System.Threading.Tasks.Sources.IValueTaskSource<System.Int32>.GetResult(Int16 token)
   at System.Net.Security.SslStream.EnsureFullTlsFrameAsync[TIOAdapter](CancellationToken cancellationToken, Int32 estimatedSize)
   at System.Runtime.CompilerServices.PoolingAsyncValueTaskMethodBuilder`1.StateMachineBox`1.System.Threading.Tasks.Sources.IValueTaskSource<TResult>.GetResult(Int16 token)
   at System.Net.Security.SslStream.ReadAsyncInternal[TIOAdapter](Memory`1 buffer, CancellationToken cancellationToken)
   at System.Runtime.CompilerServices.PoolingAsyncValueTaskMethodBuilder`1.StateMachineBox`1.System.Threading.Tasks.Sources.IValueTaskSource<TResult>.GetResult(Int16 token)
   at System.Net.Http.HttpConnection.<EnsureReadAheadTaskHasStarted>g__ReadAheadWithZeroByteReadAsync|40_0()
   at System.Net.Http.HttpConnection.SendAsync(HttpRequestMessage request, Boolean async, CancellationToken cancellationToken)
   --- End of inner exception stack trace ---
   at System.Net.Http.HttpConnection.SendAsync(HttpRequestMessage request, Boolean async, CancellationToken cancellationToken)
   at System.Net.Http.AuthenticationHelper.SendWithNtAuthAsync(HttpRequestMessage request, Uri authUri, Boolean async, ICredentials credentials, Boolean isProxyAuth, HttpConnection connection, HttpConnectionPool connectionPool, CancellationToken cancellationToken)
   at System.Net.Http.HttpConnectionPool.SendWithVersionDetectionAndRetryAsync(HttpRequestMessage request, Boolean async, Boolean doRequestAuth, CancellationToken cancellationToken)
   at System.Net.Http.AuthenticationHelper.SendWithAuthAsync(HttpRequestMessage request, Uri authUri, Boolean async, ICredentials credentials, Boolean preAuthenticate, Boolean isProxyAuth, Boolean doRequestAuth, HttpConnectionPool pool, CancellationToken cancellationToken)
   at System.Net.Http.RedirectHandler.SendAsync(HttpRequestMessage request, Boolean async, CancellationToken cancellationToken)
   at GitHub.Services.Common.RawHttpMessageHandler.SendAsync(HttpRequestMessage request, CancellationToken cancellationToken)
   at GitHub.Services.Common.VssHttpRetryMessageHandler.SendAsync(HttpRequestMessage request, CancellationToken cancellationToken)
   at System.Net.Http.HttpClient.<SendAsync>g__Core|83_0(HttpRequestMessage request, HttpCompletionOption completionOption, CancellationTokenSource cts, Boolean disposeCts, CancellationTokenSource pendingRequestsCts, CancellationToken originalCancellationToken)
   --- End of inner exception stack trace ---
   at System.Net.Http.HttpClient.HandleFailure(Exception e, Boolean telemetryStarted, HttpResponseMessage response, CancellationTokenSource cts, CancellationToken cancellationToken, CancellationTokenSource pendingRequestsCts)
   at System.Net.Http.HttpClient.<SendAsync>g__Core|83_0(HttpRequestMessage request, HttpCompletionOption completionOption, CancellationTokenSource cts, Boolean disposeCts, CancellationTokenSource pendingRequestsCts, CancellationToken originalCancellationToken)
   at Sdk.WebApi.WebApi.RawHttpClientBase.SendAsync(HttpRequestMessage message, HttpCompletionOption completionOption, Object userState, CancellationToken cancellationToken)
   at Sdk.WebApi.WebApi.RawHttpClientBase.SendAsync[T](HttpRequestMessage message, Boolean readErrorBody, Object userState, CancellationToken cancellationToken)
   at Sdk.WebApi.WebApi.RawHttpClientBase.SendAsync[T](HttpMethod method, IEnumerable`1 additionalHeaders, Uri requestUri, HttpContent content, IEnumerable`1 queryParameters, Boolean readErrorBody, Object userState, CancellationToken cancellationToken)
   at GitHub.Actions.RunService.WebApi.BrokerHttpClient.GetRunnerMessageAsync(Nullable`1 sessionId, String runnerVersion, Nullable`1 status, String os, String architecture, Nullable`1 disableUpdate, CancellationToken cancellationToken)
   at GitHub.Runner.Common.BrokerServer.<>c__DisplayClass7_0.<<GetRunnerMessageAsync>b__0>d.MoveNext()
--- End of stack trace from previous location ---
   at GitHub.Runner.Common.RunnerService.RetryRequest[T](Func`1 func, CancellationToken cancellationToken, Int32 maxAttempts, Func`2 shouldRetry)
[2026-09-30 19:17:29Z ERR  BrokerServer] #####################################################
[2026-09-30 19:17:29Z ERR  BrokerServer] System.Threading.Tasks.TaskCanceledException: The operation was canceled.
 ---> System.IO.IOException: Unable to read data from the transport connection: The I/O operation has been aborted because of either a thread exit or an application request..
 ---> System.Net.Sockets.SocketException (995): The I/O operation has been aborted because of either a thread exit or an application request.
   --- End of inner exception stack trace ---
   at System.Net.Sockets.Socket.AwaitableSocketAsyncEventArgs.System.Threading.Tasks.Sources.IValueTaskSource<System.Int32>.GetResult(Int16 token)
   at System.Net.Security.SslStream.EnsureFullTlsFrameAsync[TIOAdapter](CancellationToken cancellationToken, Int32 estimatedSize)
   at System.Runtime.CompilerServices.PoolingAsyncValueTaskMethodBuilder`1.StateMachineBox`1.System.Threading.Tasks.Sources.IValueTaskSource<TResult>.GetResult(Int16 token)
   at System.Net.Security.SslStream.ReadAsyncInternal[TIOAdapter](Memory`1 buffer, CancellationToken cancellationToken)
   at System.Runtime.CompilerServices.PoolingAsyncValueTaskMethodBuilder`1.StateMachineBox`1.System.Threading.Tasks.Sources.IValueTaskSource<TResult>.GetResult(Int16 token)
   at System.Net.Http.HttpConnection.<EnsureReadAheadTaskHasStarted>g__ReadAheadWithZeroByteReadAsync|40_0()
   at System.Net.Http.HttpConnection.SendAsync(HttpRequestMessage request, Boolean async, CancellationToken cancellationToken)
   --- End of inner exception stack trace ---
   at System.Net.Http.HttpConnection.SendAsync(HttpRequestMessage request, Boolean async, CancellationToken cancellationToken)
   at System.Net.Http.AuthenticationHelper.SendWithNtAuthAsync(HttpRequestMessage request, Uri authUri, Boolean async, ICredentials credentials, Boolean isProxyAuth, HttpConnection connection, HttpConnectionPool connectionPool, CancellationToken cancellationToken)
   at System.Net.Http.HttpConnectionPool.SendWithVersionDetectionAndRetryAsync(HttpRequestMessage request, Boolean async, Boolean doRequestAuth, CancellationToken cancellationToken)
   at System.Net.Http.AuthenticationHelper.SendWithAuthAsync(HttpRequestMessage request, Uri authUri, Boolean async, ICredentials credentials, Boolean preAuthenticate, Boolean isProxyAuth, Boolean doRequestAuth, HttpConnectionPool pool, CancellationToken cancellationToken)
   at System.Net.Http.RedirectHandler.SendAsync(HttpRequestMessage request, Boolean async, CancellationToken cancellationToken)
   at GitHub.Services.Common.RawHttpMessageHandler.SendAsync(HttpRequestMessage request, CancellationToken cancellationToken)
   at GitHub.Services.Common.VssHttpRetryMessageHandler.SendAsync(HttpRequestMessage request, CancellationToken cancellationToken)
   at System.Net.Http.HttpClient.<SendAsync>g__Core|83_0(HttpRequestMessage request, HttpCompletionOption completionOption, CancellationTokenSource cts, Boolean disposeCts, CancellationTokenSource pendingRequestsCts, CancellationToken originalCancellationToken)
[2026-09-30 19:17:29Z ERR  BrokerServer] #####################################################
[2026-09-30 19:17:29Z ERR  BrokerServer] System.IO.IOException: Unable to read data from the transport connection: The I/O operation has been aborted because of either a thread exit or an application request..
 ---> System.Net.Sockets.SocketException (995): The I/O operation has been aborted because of either a thread exit or an application request.
   --- End of inner exception stack trace ---
   at System.Net.Sockets.Socket.AwaitableSocketAsyncEventArgs.System.Threading.Tasks.Sources.IValueTaskSource<System.Int32>.GetResult(Int16 token)
   at System.Net.Security.SslStream.EnsureFullTlsFrameAsync[TIOAdapter](CancellationToken cancellationToken, Int32 estimatedSize)
   at System.Runtime.CompilerServices.PoolingAsyncValueTaskMethodBuilder`1.StateMachineBox`1.System.Threading.Tasks.Sources.IValueTaskSource<TResult>.GetResult(Int16 token)
   at System.Net.Security.SslStream.ReadAsyncInternal[TIOAdapter](Memory`1 buffer, CancellationToken cancellationToken)
   at System.Runtime.CompilerServices.PoolingAsyncValueTaskMethodBuilder`1.StateMachineBox`1.System.Threading.Tasks.Sources.IValueTaskSource<TResult>.GetResult(Int16 token)
   at System.Net.Http.HttpConnection.<EnsureReadAheadTaskHasStarted>g__ReadAheadWithZeroByteReadAsync|40_0()
   at System.Net.Http.HttpConnection.SendAsync(HttpRequestMessage request, Boolean async, CancellationToken cancellationToken)
[2026-09-30 19:17:29Z ERR  BrokerServer] #####################################################
[2026-09-30 19:17:29Z ERR  BrokerServer] System.Net.Sockets.SocketException (995): The I/O operation has been aborted because of either a thread exit or an application request.
[2026-09-30 19:17:29Z WARN BrokerServer] Back off 9.812 seconds before next retry. 4 attempt left.
[2026-09-30 19:17:29Z INFO BrokerMessageListener] Get messages has been cancelled using local token source. Continue to get messages with new status.
[2026-09-30 19:19:43Z INFO BrokerMessageListener] Acknowledging runner request '0e6778be-77ea-56b9-b836-e7c2f1e5e8b1'.
[2026-09-30 19:19:43Z INFO ConfigurationStore] HasCredentials()
[2026-09-30 19:19:43Z INFO ConfigurationStore] stored True
[2026-09-30 19:19:43Z INFO CredentialManager] GetCredentialProvider
[2026-09-30 19:19:43Z INFO CredentialManager] Creating type OAuth
[2026-09-30 19:19:43Z INFO CredentialManager] Creating credential type: OAuth
[2026-09-30 19:19:43Z INFO RSAEncryptedFileKeyManager] Loading RSA key parameters from file D:\cicd\actions-runner\.credentials_rsaparams
[2026-09-30 19:19:43Z INFO RSAEncryptedFileKeyManager] Loading RSA key parameters from file D:\cicd\actions-runner\.credentials_rsaparams
[2026-09-30 19:19:43Z INFO RSAEncryptedFileKeyManager] Loading RSA key parameters from file D:\cicd\actions-runner\.credentials_rsaparams
[2026-09-30 19:19:45Z INFO GitHubActionsService] AAD Correlation ID for this token request: Unknown
[2026-09-30 19:19:46Z INFO JobDispatcher] Job request 0 for plan 7d621874-35f4-82a4-83b0-b175adee5a7f job 0e6778be-77ea-56b9-b836-e7c2f1e5e8b1 received.
[2026-09-30 19:19:46Z INFO JobDispatcher] Pull OrchestrationId 7d621874-35f4-82a4-83b0-b175adee5a7f.deploy.__default from JWT claims
[2026-09-30 19:19:46Z INFO BrokerMessageListener] Received job status event. JobState: Busy
[2026-09-30 19:19:46Z INFO BrokerMessageListener] _getMessagesTokenSource is already disposed.
[2026-09-30 19:19:46Z INFO JobDispatcher] Job request d402e786-a326-58fe-8d18-5013ed5ee0dc processed succeed.
[2026-09-30 19:19:46Z INFO Terminal] WRITE LINE: 2026-09-30 19:19:46Z: Running job: deploy
[2026-09-30 19:19:46Z INFO JobDispatcher] Start renew job request 0 for job 0e6778be-77ea-56b9-b836-e7c2f1e5e8b1.
[2026-09-30 19:19:47Z INFO JobDispatcher] Successfully renew job 0e6778be-77ea-56b9-b836-e7c2f1e5e8b1, job is valid till 30-09-2026 19:29:48
[2026-09-30 19:19:47Z INFO HostContext] Well known directory 'Bin': 'D:\cicd\actions-runner\bin'
[2026-09-30 19:19:47Z INFO ProcessInvokerWrapper] Starting process:
[2026-09-30 19:19:47Z INFO ProcessInvokerWrapper]   File name: 'D:\cicd\actions-runner\bin\Runner.Worker.exe'
[2026-09-30 19:19:47Z INFO ProcessInvokerWrapper]   Arguments: 'spawnclient 2324 2336'
[2026-09-30 19:19:47Z INFO ProcessInvokerWrapper]   Working directory: 'D:\cicd\actions-runner\bin'
[2026-09-30 19:19:47Z INFO ProcessInvokerWrapper]   Require exit code zero: 'False'
[2026-09-30 19:19:47Z INFO ProcessInvokerWrapper]   Encoding web name:  ; code page: ''
[2026-09-30 19:19:47Z INFO ProcessInvokerWrapper]   Force kill process on cancellation: 'True'
[2026-09-30 19:19:47Z INFO ProcessInvokerWrapper]   Redirected STDIN: 'False'
[2026-09-30 19:19:47Z INFO ProcessInvokerWrapper]   Persist current code page: 'False'
[2026-09-30 19:19:47Z INFO ProcessInvokerWrapper]   Keep redirected STDIN open: 'False'
[2026-09-30 19:19:47Z INFO ProcessInvokerWrapper]   High priority process: 'True'
[2026-09-30 19:19:47Z INFO ProcessInvokerWrapper] Process started with process id 9344, waiting for process exit.
[2026-09-30 19:19:47Z INFO JobDispatcher] Send job request message to worker for job 0e6778be-77ea-56b9-b836-e7c2f1e5e8b1.
[2026-09-30 19:19:47Z INFO ProcessChannel] Sending message of length 26040, with hash 'c2894bdce6e8bf80054218356fca1cc0a60aac42f65d75cf5f1ebcde6c424a73'
[2026-09-30 19:19:47Z INFO JobNotification] Entering JobStarted Notification
[2026-09-30 19:19:47Z INFO JobNotification] Entering StartMonitor
[2026-09-30 19:20:44Z INFO ProcessInvokerWrapper] STDOUT/STDERR stream read finished.
[2026-09-30 19:20:44Z INFO ProcessInvokerWrapper] STDOUT/STDERR stream read finished.
[2026-09-30 19:20:44Z INFO ProcessInvokerWrapper] Finished process 9344 with exit code 102, and elapsed time 00:00:56.8032596.
[2026-09-30 19:20:44Z INFO JobDispatcher] Worker finished for job 0e6778be-77ea-56b9-b836-e7c2f1e5e8b1. Code: 102
[2026-09-30 19:20:44Z INFO JobDispatcher] finish job request for job 0e6778be-77ea-56b9-b836-e7c2f1e5e8b1 with result: Failed
[2026-09-30 19:20:44Z INFO Terminal] WRITE LINE: 2026-09-30 19:20:44Z: Job deploy completed with result: Failed
[2026-09-30 19:20:44Z INFO JobDispatcher] Stop renew job request for job 0e6778be-77ea-56b9-b836-e7c2f1e5e8b1.
[2026-09-30 19:20:44Z INFO JobDispatcher] job renew has been cancelled, stop renew job 0e6778be-77ea-56b9-b836-e7c2f1e5e8b1.
[2026-09-30 19:20:44Z INFO JobNotification] Entering JobCompleted Notification
[2026-09-30 19:20:44Z INFO JobNotification] Entering EndMonitor
[2026-09-30 19:20:44Z INFO BrokerMessageListener] Received job status event. JobState: Online
[2026-09-30 19:20:44Z WARN GitHubActionsService] GET request to https://broker.actions.githubusercontent.com/message?sessionId=26962438-4c9e-4916-bffe-746f120a450a&status=Busy&runnerVersion=2.337.0&os=Windows&architecture=X64&disableUpdate=false has been cancelled.
[2026-09-30 19:20:44Z ERR  BrokerServer] Catch exception during request
[2026-09-30 19:20:44Z ERR  BrokerServer] System.Threading.Tasks.TaskCanceledException: The operation was canceled.
 ---> System.Threading.Tasks.TaskCanceledException: The operation was canceled.
 ---> System.IO.IOException: Unable to read data from the transport connection: The I/O operation has been aborted because of either a thread exit or an application request..
 ---> System.Net.Sockets.SocketException (995): The I/O operation has been aborted because of either a thread exit or an application request.
   --- End of inner exception stack trace ---
   at System.Net.Sockets.Socket.AwaitableSocketAsyncEventArgs.System.Threading.Tasks.Sources.IValueTaskSource<System.Int32>.GetResult(Int16 token)
   at System.Net.Security.SslStream.EnsureFullTlsFrameAsync[TIOAdapter](CancellationToken cancellationToken, Int32 estimatedSize)
   at System.Runtime.CompilerServices.PoolingAsyncValueTaskMethodBuilder`1.StateMachineBox`1.System.Threading.Tasks.Sources.IValueTaskSource<TResult>.GetResult(Int16 token)
   at System.Net.Security.SslStream.ReadAsyncInternal[TIOAdapter](Memory`1 buffer, CancellationToken cancellationToken)
   at System.Runtime.CompilerServices.PoolingAsyncValueTaskMethodBuilder`1.StateMachineBox`1.System.Threading.Tasks.Sources.IValueTaskSource<TResult>.GetResult(Int16 token)
   at System.Net.Http.HttpConnection.SendAsync(HttpRequestMessage request, Boolean async, CancellationToken cancellationToken)
   --- End of inner exception stack trace ---
   at System.Net.Http.HttpConnection.SendAsync(HttpRequestMessage request, Boolean async, CancellationToken cancellationToken)
   at System.Net.Http.AuthenticationHelper.SendWithNtAuthAsync(HttpRequestMessage request, Uri authUri, Boolean async, ICredentials credentials, Boolean isProxyAuth, HttpConnection connection, HttpConnectionPool connectionPool, CancellationToken cancellationToken)
   at System.Net.Http.HttpConnectionPool.SendWithVersionDetectionAndRetryAsync(HttpRequestMessage request, Boolean async, Boolean doRequestAuth, CancellationToken cancellationToken)
   at System.Net.Http.AuthenticationHelper.SendWithAuthAsync(HttpRequestMessage request, Uri authUri, Boolean async, ICredentials credentials, Boolean preAuthenticate, Boolean isProxyAuth, Boolean doRequestAuth, HttpConnectionPool pool, CancellationToken cancellationToken)
   at System.Net.Http.RedirectHandler.SendAsync(HttpRequestMessage request, Boolean async, CancellationToken cancellationToken)
   at GitHub.Services.Common.RawHttpMessageHandler.SendAsync(HttpRequestMessage request, CancellationToken cancellationToken)
   at GitHub.Services.Common.VssHttpRetryMessageHandler.SendAsync(HttpRequestMessage request, CancellationToken cancellationToken)
   at System.Net.Http.HttpClient.<SendAsync>g__Core|83_0(HttpRequestMessage request, HttpCompletionOption completionOption, CancellationTokenSource cts, Boolean disposeCts, CancellationTokenSource pendingRequestsCts, CancellationToken originalCancellationToken)
   --- End of inner exception stack trace ---
   at System.Net.Http.HttpClient.HandleFailure(Exception e, Boolean telemetryStarted, HttpResponseMessage response, CancellationTokenSource cts, CancellationToken cancellationToken, CancellationTokenSource pendingRequestsCts)
   at System.Net.Http.HttpClient.<SendAsync>g__Core|83_0(HttpRequestMessage request, HttpCompletionOption completionOption, CancellationTokenSource cts, Boolean disposeCts, CancellationTokenSource pendingRequestsCts, CancellationToken originalCancellationToken)
   at Sdk.WebApi.WebApi.RawHttpClientBase.SendAsync(HttpRequestMessage message, HttpCompletionOption completionOption, Object userState, CancellationToken cancellationToken)
   at Sdk.WebApi.WebApi.RawHttpClientBase.SendAsync[T](HttpRequestMessage message, Boolean readErrorBody, Object userState, CancellationToken cancellationToken)
   at Sdk.WebApi.WebApi.RawHttpClientBase.SendAsync[T](HttpMethod method, IEnumerable`1 additionalHeaders, Uri requestUri, HttpContent content, IEnumerable`1 queryParameters, Boolean readErrorBody, Object userState, CancellationToken cancellationToken)
   at GitHub.Actions.RunService.WebApi.BrokerHttpClient.GetRunnerMessageAsync(Nullable`1 sessionId, String runnerVersion, Nullable`1 status, String os, String architecture, Nullable`1 disableUpdate, CancellationToken cancellationToken)
   at GitHub.Runner.Common.BrokerServer.<>c__DisplayClass7_0.<<GetRunnerMessageAsync>b__0>d.MoveNext()
--- End of stack trace from previous location ---
   at GitHub.Runner.Common.RunnerService.RetryRequest[T](Func`1 func, CancellationToken cancellationToken, Int32 maxAttempts, Func`2 shouldRetry)
[2026-09-30 19:20:44Z ERR  BrokerServer] #####################################################
[2026-09-30 19:20:44Z ERR  BrokerServer] System.Threading.Tasks.TaskCanceledException: The operation was canceled.
 ---> System.IO.IOException: Unable to read data from the transport connection: The I/O operation has been aborted because of either a thread exit or an application request..
 ---> System.Net.Sockets.SocketException (995): The I/O operation has been aborted because of either a thread exit or an application request.
   --- End of inner exception stack trace ---
   at System.Net.Sockets.Socket.AwaitableSocketAsyncEventArgs.System.Threading.Tasks.Sources.IValueTaskSource<System.Int32>.GetResult(Int16 token)
   at System.Net.Security.SslStream.EnsureFullTlsFrameAsync[TIOAdapter](CancellationToken cancellationToken, Int32 estimatedSize)
   at System.Runtime.CompilerServices.PoolingAsyncValueTaskMethodBuilder`1.StateMachineBox`1.System.Threading.Tasks.Sources.IValueTaskSource<TResult>.GetResult(Int16 token)
   at System.Net.Security.SslStream.ReadAsyncInternal[TIOAdapter](Memory`1 buffer, CancellationToken cancellationToken)
   at System.Runtime.CompilerServices.PoolingAsyncValueTaskMethodBuilder`1.StateMachineBox`1.System.Threading.Tasks.Sources.IValueTaskSource<TResult>.GetResult(Int16 token)
   at System.Net.Http.HttpConnection.SendAsync(HttpRequestMessage request, Boolean async, CancellationToken cancellationToken)
   --- End of inner exception stack trace ---
   at System.Net.Http.HttpConnection.SendAsync(HttpRequestMessage request, Boolean async, CancellationToken cancellationToken)
   at System.Net.Http.AuthenticationHelper.SendWithNtAuthAsync(HttpRequestMessage request, Uri authUri, Boolean async, ICredentials credentials, Boolean isProxyAuth, HttpConnection connection, HttpConnectionPool connectionPool, CancellationToken cancellationToken)
   at System.Net.Http.HttpConnectionPool.SendWithVersionDetectionAndRetryAsync(HttpRequestMessage request, Boolean async, Boolean doRequestAuth, CancellationToken cancellationToken)
   at System.Net.Http.AuthenticationHelper.SendWithAuthAsync(HttpRequestMessage request, Uri authUri, Boolean async, ICredentials credentials, Boolean preAuthenticate, Boolean isProxyAuth, Boolean doRequestAuth, HttpConnectionPool pool, CancellationToken cancellationToken)
   at System.Net.Http.RedirectHandler.SendAsync(HttpRequestMessage request, Boolean async, CancellationToken cancellationToken)
   at GitHub.Services.Common.RawHttpMessageHandler.SendAsync(HttpRequestMessage request, CancellationToken cancellationToken)
   at GitHub.Services.Common.VssHttpRetryMessageHandler.SendAsync(HttpRequestMessage request, CancellationToken cancellationToken)
   at System.Net.Http.HttpClient.<SendAsync>g__Core|83_0(HttpRequestMessage request, HttpCompletionOption completionOption, CancellationTokenSource cts, Boolean disposeCts, CancellationTokenSource pendingRequestsCts, CancellationToken originalCancellationToken)
[2026-09-30 19:20:44Z ERR  BrokerServer] #####################################################
[2026-09-30 19:20:44Z ERR  BrokerServer] System.IO.IOException: Unable to read data from the transport connection: The I/O operation has been aborted because of either a thread exit or an application request..
 ---> System.Net.Sockets.SocketException (995): The I/O operation has been aborted because of either a thread exit or an application request.
   --- End of inner exception stack trace ---
   at System.Net.Sockets.Socket.AwaitableSocketAsyncEventArgs.System.Threading.Tasks.Sources.IValueTaskSource<System.Int32>.GetResult(Int16 token)
   at System.Net.Security.SslStream.EnsureFullTlsFrameAsync[TIOAdapter](CancellationToken cancellationToken, Int32 estimatedSize)
   at System.Runtime.CompilerServices.PoolingAsyncValueTaskMethodBuilder`1.StateMachineBox`1.System.Threading.Tasks.Sources.IValueTaskSource<TResult>.GetResult(Int16 token)
   at System.Net.Security.SslStream.ReadAsyncInternal[TIOAdapter](Memory`1 buffer, CancellationToken cancellationToken)
   at System.Runtime.CompilerServices.PoolingAsyncValueTaskMethodBuilder`1.StateMachineBox`1.System.Threading.Tasks.Sources.IValueTaskSource<TResult>.GetResult(Int16 token)
   at System.Net.Http.HttpConnection.SendAsync(HttpRequestMessage request, Boolean async, CancellationToken cancellationToken)
[2026-09-30 19:20:44Z ERR  BrokerServer] #####################################################
[2026-09-30 19:20:44Z ERR  BrokerServer] System.Net.Sockets.SocketException (995): The I/O operation has been aborted because of either a thread exit or an application request.
[2026-09-30 19:20:44Z WARN BrokerServer] Back off 11.174 seconds before next retry. 4 attempt left.
[2026-09-30 19:20:44Z INFO BrokerMessageListener] Get messages has been cancelled using local token source. Continue to get messages with new status.
[2026-09-30 19:25:16Z INFO BrokerMessageListener] Acknowledging runner request '2df8a9c6-a163-5333-b137-88c3e4493c33'.
[2026-09-30 19:25:17Z INFO ConfigurationStore] HasCredentials()
[2026-09-30 19:25:17Z INFO ConfigurationStore] stored True
[2026-09-30 19:25:17Z INFO CredentialManager] GetCredentialProvider
[2026-09-30 19:25:17Z INFO CredentialManager] Creating type OAuth
[2026-09-30 19:25:17Z INFO CredentialManager] Creating credential type: OAuth
[2026-09-30 19:25:17Z INFO RSAEncryptedFileKeyManager] Loading RSA key parameters from file D:\cicd\actions-runner\.credentials_rsaparams
[2026-09-30 19:25:17Z INFO RSAEncryptedFileKeyManager] Loading RSA key parameters from file D:\cicd\actions-runner\.credentials_rsaparams
[2026-09-30 19:25:17Z INFO RSAEncryptedFileKeyManager] Loading RSA key parameters from file D:\cicd\actions-runner\.credentials_rsaparams
[2026-09-30 19:25:18Z INFO GitHubActionsService] AAD Correlation ID for this token request: Unknown
[2026-09-30 19:25:19Z INFO JobDispatcher] Job request 0 for plan 6c078622-02c2-80e4-b884-1b0faaf9f69e job 2df8a9c6-a163-5333-b137-88c3e4493c33 received.
[2026-09-30 19:25:19Z INFO JobDispatcher] Pull OrchestrationId 6c078622-02c2-80e4-b884-1b0faaf9f69e.deploy.__default from JWT claims
[2026-09-30 19:25:19Z INFO BrokerMessageListener] Received job status event. JobState: Busy
[2026-09-30 19:25:19Z INFO BrokerMessageListener] _getMessagesTokenSource is already disposed.
[2026-09-30 19:25:19Z INFO JobDispatcher] Job request 0e6778be-77ea-56b9-b836-e7c2f1e5e8b1 processed succeed.
[2026-09-30 19:25:19Z INFO Terminal] WRITE LINE: 2026-09-30 19:25:19Z: Running job: deploy
[2026-09-30 19:25:19Z INFO JobDispatcher] Start renew job request 0 for job 2df8a9c6-a163-5333-b137-88c3e4493c33.
[2026-09-30 19:25:20Z INFO JobDispatcher] Successfully renew job 2df8a9c6-a163-5333-b137-88c3e4493c33, job is valid till 30-09-2026 19:35:21
[2026-09-30 19:25:20Z INFO HostContext] Well known directory 'Bin': 'D:\cicd\actions-runner\bin'
[2026-09-30 19:25:20Z INFO ProcessInvokerWrapper] Starting process:
[2026-09-30 19:25:20Z INFO ProcessInvokerWrapper]   File name: 'D:\cicd\actions-runner\bin\Runner.Worker.exe'
[2026-09-30 19:25:20Z INFO ProcessInvokerWrapper]   Arguments: 'spawnclient 2344 1832'
[2026-09-30 19:25:20Z INFO ProcessInvokerWrapper]   Working directory: 'D:\cicd\actions-runner\bin'
[2026-09-30 19:25:20Z INFO ProcessInvokerWrapper]   Require exit code zero: 'False'
[2026-09-30 19:25:20Z INFO ProcessInvokerWrapper]   Encoding web name:  ; code page: ''
[2026-09-30 19:25:20Z INFO ProcessInvokerWrapper]   Force kill process on cancellation: 'True'
[2026-09-30 19:25:20Z INFO ProcessInvokerWrapper]   Redirected STDIN: 'False'
[2026-09-30 19:25:20Z INFO ProcessInvokerWrapper]   Persist current code page: 'False'
[2026-09-30 19:25:20Z INFO ProcessInvokerWrapper]   Keep redirected STDIN open: 'False'
[2026-09-30 19:25:20Z INFO ProcessInvokerWrapper]   High priority process: 'True'
[2026-09-30 19:25:20Z INFO ProcessInvokerWrapper] Process started with process id 18720, waiting for process exit.
[2026-09-30 19:25:20Z INFO JobDispatcher] Send job request message to worker for job 2df8a9c6-a163-5333-b137-88c3e4493c33.
[2026-09-30 19:25:20Z INFO ProcessChannel] Sending message of length 25964, with hash '23b8b62dcef7f89ef8ab171003353a55e531c25134225146c205ede7476b11d3'
[2026-09-30 19:25:20Z INFO JobNotification] Entering JobStarted Notification
[2026-09-30 19:25:20Z INFO JobNotification] Entering StartMonitor
[2026-09-30 19:26:20Z INFO JobDispatcher] Successfully renew job 2df8a9c6-a163-5333-b137-88c3e4493c33, job is valid till 30-09-2026 19:36:21
[2026-09-30 19:26:24Z INFO ProcessInvokerWrapper] STDOUT/STDERR stream read finished.
[2026-09-30 19:26:24Z INFO ProcessInvokerWrapper] STDOUT/STDERR stream read finished.
[2026-09-30 19:26:24Z INFO ProcessInvokerWrapper] Finished process 18720 with exit code 102, and elapsed time 00:01:04.3663318.
[2026-09-30 19:26:24Z INFO JobDispatcher] Worker finished for job 2df8a9c6-a163-5333-b137-88c3e4493c33. Code: 102
[2026-09-30 19:26:24Z INFO JobDispatcher] finish job request for job 2df8a9c6-a163-5333-b137-88c3e4493c33 with result: Failed
[2026-09-30 19:26:24Z INFO Terminal] WRITE LINE: 2026-09-30 19:26:24Z: Job deploy completed with result: Failed
[2026-09-30 19:26:24Z INFO JobDispatcher] Stop renew job request for job 2df8a9c6-a163-5333-b137-88c3e4493c33.
[2026-09-30 19:26:24Z INFO JobDispatcher] job renew has been cancelled, stop renew job 2df8a9c6-a163-5333-b137-88c3e4493c33.
[2026-09-30 19:26:24Z INFO JobNotification] Entering JobCompleted Notification
[2026-09-30 19:26:24Z INFO JobNotification] Entering EndMonitor
[2026-09-30 19:26:24Z INFO BrokerMessageListener] Received job status event. JobState: Online
[2026-09-30 19:26:24Z WARN GitHubActionsService] GET request to https://broker.actions.githubusercontent.com/message?sessionId=26962438-4c9e-4916-bffe-746f120a450a&status=Busy&runnerVersion=2.337.0&os=Windows&architecture=X64&disableUpdate=false has been cancelled.
[2026-09-30 19:26:24Z ERR  BrokerServer] Catch exception during request
[2026-09-30 19:26:24Z ERR  BrokerServer] System.Threading.Tasks.TaskCanceledException: The operation was canceled.
 ---> System.Threading.Tasks.TaskCanceledException: The operation was canceled.
 ---> System.IO.IOException: Unable to read data from the transport connection: The I/O operation has been aborted because of either a thread exit or an application request..
 ---> System.Net.Sockets.SocketException (995): The I/O operation has been aborted because of either a thread exit or an application request.
   --- End of inner exception stack trace ---
   at System.Net.Sockets.Socket.AwaitableSocketAsyncEventArgs.System.Threading.Tasks.Sources.IValueTaskSource<System.Int32>.GetResult(Int16 token)
   at System.Net.Security.SslStream.EnsureFullTlsFrameAsync[TIOAdapter](CancellationToken cancellationToken, Int32 estimatedSize)
   at System.Runtime.CompilerServices.PoolingAsyncValueTaskMethodBuilder`1.StateMachineBox`1.System.Threading.Tasks.Sources.IValueTaskSource<TResult>.GetResult(Int16 token)
   at System.Net.Security.SslStream.ReadAsyncInternal[TIOAdapter](Memory`1 buffer, CancellationToken cancellationToken)
   at System.Runtime.CompilerServices.PoolingAsyncValueTaskMethodBuilder`1.StateMachineBox`1.System.Threading.Tasks.Sources.IValueTaskSource<TResult>.GetResult(Int16 token)
   at System.Net.Http.HttpConnection.SendAsync(HttpRequestMessage request, Boolean async, CancellationToken cancellationToken)
   --- End of inner exception stack trace ---
   at System.Net.Http.HttpConnection.SendAsync(HttpRequestMessage request, Boolean async, CancellationToken cancellationToken)
   at System.Net.Http.AuthenticationHelper.SendWithNtAuthAsync(HttpRequestMessage request, Uri authUri, Boolean async, ICredentials credentials, Boolean isProxyAuth, HttpConnection connection, HttpConnectionPool connectionPool, CancellationToken cancellationToken)
   at System.Net.Http.HttpConnectionPool.SendWithVersionDetectionAndRetryAsync(HttpRequestMessage request, Boolean async, Boolean doRequestAuth, CancellationToken cancellationToken)
   at System.Net.Http.AuthenticationHelper.SendWithAuthAsync(HttpRequestMessage request, Uri authUri, Boolean async, ICredentials credentials, Boolean preAuthenticate, Boolean isProxyAuth, Boolean doRequestAuth, HttpConnectionPool pool, CancellationToken cancellationToken)
   at System.Net.Http.RedirectHandler.SendAsync(HttpRequestMessage request, Boolean async, CancellationToken cancellationToken)
   at GitHub.Services.Common.RawHttpMessageHandler.SendAsync(HttpRequestMessage request, CancellationToken cancellationToken)
   at GitHub.Services.Common.VssHttpRetryMessageHandler.SendAsync(HttpRequestMessage request, CancellationToken cancellationToken)
   at System.Net.Http.HttpClient.<SendAsync>g__Core|83_0(HttpRequestMessage request, HttpCompletionOption completionOption, CancellationTokenSource cts, Boolean disposeCts, CancellationTokenSource pendingRequestsCts, CancellationToken originalCancellationToken)
   --- End of inner exception stack trace ---
   at System.Net.Http.HttpClient.HandleFailure(Exception e, Boolean telemetryStarted, HttpResponseMessage response, CancellationTokenSource cts, CancellationToken cancellationToken, CancellationTokenSource pendingRequestsCts)
   at System.Net.Http.HttpClient.<SendAsync>g__Core|83_0(HttpRequestMessage request, HttpCompletionOption completionOption, CancellationTokenSource cts, Boolean disposeCts, CancellationTokenSource pendingRequestsCts, CancellationToken originalCancellationToken)
   at Sdk.WebApi.WebApi.RawHttpClientBase.SendAsync(HttpRequestMessage message, HttpCompletionOption completionOption, Object userState, CancellationToken cancellationToken)
   at Sdk.WebApi.WebApi.RawHttpClientBase.SendAsync[T](HttpRequestMessage message, Boolean readErrorBody, Object userState, CancellationToken cancellationToken)
   at Sdk.WebApi.WebApi.RawHttpClientBase.SendAsync[T](HttpMethod method, IEnumerable`1 additionalHeaders, Uri requestUri, HttpContent content, IEnumerable`1 queryParameters, Boolean readErrorBody, Object userState, CancellationToken cancellationToken)
   at GitHub.Actions.RunService.WebApi.BrokerHttpClient.GetRunnerMessageAsync(Nullable`1 sessionId, String runnerVersion, Nullable`1 status, String os, String architecture, Nullable`1 disableUpdate, CancellationToken cancellationToken)
   at GitHub.Runner.Common.BrokerServer.<>c__DisplayClass7_0.<<GetRunnerMessageAsync>b__0>d.MoveNext()
--- End of stack trace from previous location ---
   at GitHub.Runner.Common.RunnerService.RetryRequest[T](Func`1 func, CancellationToken cancellationToken, Int32 maxAttempts, Func`2 shouldRetry)
[2026-09-30 19:26:24Z ERR  BrokerServer] #####################################################
[2026-09-30 19:26:24Z ERR  BrokerServer] System.Threading.Tasks.TaskCanceledException: The operation was canceled.
 ---> System.IO.IOException: Unable to read data from the transport connection: The I/O operation has been aborted because of either a thread exit or an application request..
 ---> System.Net.Sockets.SocketException (995): The I/O operation has been aborted because of either a thread exit or an application request.
   --- End of inner exception stack trace ---
   at System.Net.Sockets.Socket.AwaitableSocketAsyncEventArgs.System.Threading.Tasks.Sources.IValueTaskSource<System.Int32>.GetResult(Int16 token)
   at System.Net.Security.SslStream.EnsureFullTlsFrameAsync[TIOAdapter](CancellationToken cancellationToken, Int32 estimatedSize)
   at System.Runtime.CompilerServices.PoolingAsyncValueTaskMethodBuilder`1.StateMachineBox`1.System.Threading.Tasks.Sources.IValueTaskSource<TResult>.GetResult(Int16 token)
   at System.Net.Security.SslStream.ReadAsyncInternal[TIOAdapter](Memory`1 buffer, CancellationToken cancellationToken)
   at System.Runtime.CompilerServices.PoolingAsyncValueTaskMethodBuilder`1.StateMachineBox`1.System.Threading.Tasks.Sources.IValueTaskSource<TResult>.GetResult(Int16 token)
   at System.Net.Http.HttpConnection.SendAsync(HttpRequestMessage request, Boolean async, CancellationToken cancellationToken)
   --- End of inner exception stack trace ---
   at System.Net.Http.HttpConnection.SendAsync(HttpRequestMessage request, Boolean async, CancellationToken cancellationToken)
   at System.Net.Http.AuthenticationHelper.SendWithNtAuthAsync(HttpRequestMessage request, Uri authUri, Boolean async, ICredentials credentials, Boolean isProxyAuth, HttpConnection connection, HttpConnectionPool connectionPool, CancellationToken cancellationToken)
   at System.Net.Http.HttpConnectionPool.SendWithVersionDetectionAndRetryAsync(HttpRequestMessage request, Boolean async, Boolean doRequestAuth, CancellationToken cancellationToken)
   at System.Net.Http.AuthenticationHelper.SendWithAuthAsync(HttpRequestMessage request, Uri authUri, Boolean async, ICredentials credentials, Boolean preAuthenticate, Boolean isProxyAuth, Boolean doRequestAuth, HttpConnectionPool pool, CancellationToken cancellationToken)
   at System.Net.Http.RedirectHandler.SendAsync(HttpRequestMessage request, Boolean async, CancellationToken cancellationToken)
   at GitHub.Services.Common.RawHttpMessageHandler.SendAsync(HttpRequestMessage request, CancellationToken cancellationToken)
   at GitHub.Services.Common.VssHttpRetryMessageHandler.SendAsync(HttpRequestMessage request, CancellationToken cancellationToken)
   at System.Net.Http.HttpClient.<SendAsync>g__Core|83_0(HttpRequestMessage request, HttpCompletionOption completionOption, CancellationTokenSource cts, Boolean disposeCts, CancellationTokenSource pendingRequestsCts, CancellationToken originalCancellationToken)
[2026-09-30 19:26:24Z ERR  BrokerServer] #####################################################
[2026-09-30 19:26:24Z ERR  BrokerServer] System.IO.IOException: Unable to read data from the transport connection: The I/O operation has been aborted because of either a thread exit or an application request..
 ---> System.Net.Sockets.SocketException (995): The I/O operation has been aborted because of either a thread exit or an application request.
   --- End of inner exception stack trace ---
   at System.Net.Sockets.Socket.AwaitableSocketAsyncEventArgs.System.Threading.Tasks.Sources.IValueTaskSource<System.Int32>.GetResult(Int16 token)
   at System.Net.Security.SslStream.EnsureFullTlsFrameAsync[TIOAdapter](CancellationToken cancellationToken, Int32 estimatedSize)
   at System.Runtime.CompilerServices.PoolingAsyncValueTaskMethodBuilder`1.StateMachineBox`1.System.Threading.Tasks.Sources.IValueTaskSource<TResult>.GetResult(Int16 token)
   at System.Net.Security.SslStream.ReadAsyncInternal[TIOAdapter](Memory`1 buffer, CancellationToken cancellationToken)
   at System.Runtime.CompilerServices.PoolingAsyncValueTaskMethodBuilder`1.StateMachineBox`1.System.Threading.Tasks.Sources.IValueTaskSource<TResult>.GetResult(Int16 token)
   at System.Net.Http.HttpConnection.SendAsync(HttpRequestMessage request, Boolean async, CancellationToken cancellationToken)
[2026-09-30 19:26:24Z ERR  BrokerServer] #####################################################
[2026-09-30 19:26:24Z ERR  BrokerServer] System.Net.Sockets.SocketException (995): The I/O operation has been aborted because of either a thread exit or an application request.
[2026-09-30 19:26:24Z WARN BrokerServer] Back off 9.598 seconds before next retry. 4 attempt left.
[2026-09-30 19:26:24Z INFO BrokerMessageListener] Get messages has been cancelled using local token source. Continue to get messages with new status.
[2026-09-30 19:30:05Z INFO BrokerMessageListener] Acknowledging runner request 'd265ce77-cc98-524d-8574-dbf6e5684177'.
[2026-09-30 19:30:05Z INFO ConfigurationStore] HasCredentials()
[2026-09-30 19:30:05Z INFO ConfigurationStore] stored True
[2026-09-30 19:30:05Z INFO CredentialManager] GetCredentialProvider
[2026-09-30 19:30:05Z INFO CredentialManager] Creating type OAuth
[2026-09-30 19:30:05Z INFO CredentialManager] Creating credential type: OAuth
[2026-09-30 19:30:05Z INFO RSAEncryptedFileKeyManager] Loading RSA key parameters from file D:\cicd\actions-runner\.credentials_rsaparams
[2026-09-30 19:30:05Z INFO RSAEncryptedFileKeyManager] Loading RSA key parameters from file D:\cicd\actions-runner\.credentials_rsaparams
[2026-09-30 19:30:05Z INFO RSAEncryptedFileKeyManager] Loading RSA key parameters from file D:\cicd\actions-runner\.credentials_rsaparams
[2026-09-30 19:30:06Z INFO GitHubActionsService] AAD Correlation ID for this token request: Unknown
[2026-09-30 19:30:08Z INFO JobDispatcher] Job request 0 for plan 3bedd325-c675-8388-8670-8830a17b5129 job d265ce77-cc98-524d-8574-dbf6e5684177 received.
[2026-09-30 19:30:08Z INFO JobDispatcher] Pull OrchestrationId 3bedd325-c675-8388-8670-8830a17b5129.deploy.__default from JWT claims
[2026-09-30 19:30:08Z INFO BrokerMessageListener] Received job status event. JobState: Busy
[2026-09-30 19:30:08Z INFO BrokerMessageListener] _getMessagesTokenSource is already disposed.
[2026-09-30 19:30:08Z INFO JobDispatcher] Job request 2df8a9c6-a163-5333-b137-88c3e4493c33 processed succeed.
[2026-09-30 19:30:08Z INFO Terminal] WRITE LINE: 2026-09-30 19:30:08Z: Running job: deploy
[2026-09-30 19:30:08Z INFO JobDispatcher] Start renew job request 0 for job d265ce77-cc98-524d-8574-dbf6e5684177.
[2026-09-30 19:30:09Z INFO JobDispatcher] Successfully renew job d265ce77-cc98-524d-8574-dbf6e5684177, job is valid till 30-09-2026 19:40:10
[2026-09-30 19:30:09Z INFO HostContext] Well known directory 'Bin': 'D:\cicd\actions-runner\bin'
[2026-09-30 19:30:09Z INFO ProcessInvokerWrapper] Starting process:
[2026-09-30 19:30:09Z INFO ProcessInvokerWrapper]   File name: 'D:\cicd\actions-runner\bin\Runner.Worker.exe'
[2026-09-30 19:30:09Z INFO ProcessInvokerWrapper]   Arguments: 'spawnclient 1408 2364'
[2026-09-30 19:30:09Z INFO ProcessInvokerWrapper]   Working directory: 'D:\cicd\actions-runner\bin'
[2026-09-30 19:30:09Z INFO ProcessInvokerWrapper]   Require exit code zero: 'False'
[2026-09-30 19:30:09Z INFO ProcessInvokerWrapper]   Encoding web name:  ; code page: ''
[2026-09-30 19:30:09Z INFO ProcessInvokerWrapper]   Force kill process on cancellation: 'True'
[2026-09-30 19:30:09Z INFO ProcessInvokerWrapper]   Redirected STDIN: 'False'
[2026-09-30 19:30:09Z INFO ProcessInvokerWrapper]   Persist current code page: 'False'
[2026-09-30 19:30:09Z INFO ProcessInvokerWrapper]   Keep redirected STDIN open: 'False'
[2026-09-30 19:30:09Z INFO ProcessInvokerWrapper]   High priority process: 'True'
[2026-09-30 19:30:09Z INFO ProcessInvokerWrapper] Process started with process id 1340, waiting for process exit.
[2026-09-30 19:30:09Z INFO JobDispatcher] Send job request message to worker for job d265ce77-cc98-524d-8574-dbf6e5684177.
[2026-09-30 19:30:09Z INFO ProcessChannel] Sending message of length 26020, with hash '42b1984c7d8a80e4609b5be1617578c47444123fb7fc6d1ca50d6b5bc87b3b0d'
[2026-09-30 19:30:10Z INFO JobNotification] Entering JobStarted Notification
[2026-09-30 19:30:10Z INFO JobNotification] Entering StartMonitor
[2026-09-30 19:31:09Z INFO JobDispatcher] Successfully renew job d265ce77-cc98-524d-8574-dbf6e5684177, job is valid till 30-09-2026 19:41:10
[2026-09-30 19:31:52Z INFO ProcessInvokerWrapper] STDOUT/STDERR stream read finished.
[2026-09-30 19:31:52Z INFO ProcessInvokerWrapper] STDOUT/STDERR stream read finished.
[2026-09-30 19:31:52Z INFO ProcessInvokerWrapper] Finished process 1340 with exit code 100, and elapsed time 00:01:43.7315525.
[2026-09-30 19:31:52Z INFO JobDispatcher] Worker finished for job d265ce77-cc98-524d-8574-dbf6e5684177. Code: 100
[2026-09-30 19:31:52Z INFO JobDispatcher] finish job request for job d265ce77-cc98-524d-8574-dbf6e5684177 with result: Succeeded
[2026-09-30 19:31:52Z INFO Terminal] WRITE LINE: 2026-09-30 19:31:52Z: Job deploy completed with result: Succeeded
[2026-09-30 19:31:52Z INFO JobDispatcher] Stop renew job request for job d265ce77-cc98-524d-8574-dbf6e5684177.
[2026-09-30 19:31:52Z INFO JobDispatcher] job renew has been cancelled, stop renew job d265ce77-cc98-524d-8574-dbf6e5684177.
[2026-09-30 19:31:52Z INFO JobNotification] Entering JobCompleted Notification
[2026-09-30 19:31:52Z INFO JobNotification] Entering EndMonitor
[2026-09-30 19:31:52Z INFO BrokerMessageListener] Received job status event. JobState: Online
[2026-09-30 19:31:52Z WARN GitHubActionsService] GET request to https://broker.actions.githubusercontent.com/message?sessionId=26962438-4c9e-4916-bffe-746f120a450a&status=Busy&runnerVersion=2.337.0&os=Windows&architecture=X64&disableUpdate=false has been cancelled.
[2026-09-30 19:31:52Z ERR  BrokerServer] Catch exception during request
[2026-09-30 19:31:52Z ERR  BrokerServer] System.Threading.Tasks.TaskCanceledException: The operation was canceled.
 ---> System.Threading.Tasks.TaskCanceledException: The operation was canceled.
 ---> System.IO.IOException: Unable to read data from the transport connection: The I/O operation has been aborted because of either a thread exit or an application request..
 ---> System.Net.Sockets.SocketException (995): The I/O operation has been aborted because of either a thread exit or an application request.
   --- End of inner exception stack trace ---
   at System.Net.Sockets.Socket.AwaitableSocketAsyncEventArgs.System.Threading.Tasks.Sources.IValueTaskSource<System.Int32>.GetResult(Int16 token)
   at System.Net.Security.SslStream.EnsureFullTlsFrameAsync[TIOAdapter](CancellationToken cancellationToken, Int32 estimatedSize)
   at System.Runtime.CompilerServices.PoolingAsyncValueTaskMethodBuilder`1.StateMachineBox`1.System.Threading.Tasks.Sources.IValueTaskSource<TResult>.GetResult(Int16 token)
   at System.Net.Security.SslStream.ReadAsyncInternal[TIOAdapter](Memory`1 buffer, CancellationToken cancellationToken)
   at System.Runtime.CompilerServices.PoolingAsyncValueTaskMethodBuilder`1.StateMachineBox`1.System.Threading.Tasks.Sources.IValueTaskSource<TResult>.GetResult(Int16 token)
   at System.Net.Http.HttpConnection.SendAsync(HttpRequestMessage request, Boolean async, CancellationToken cancellationToken)
   --- End of inner exception stack trace ---
   at System.Net.Http.HttpConnection.SendAsync(HttpRequestMessage request, Boolean async, CancellationToken cancellationToken)
   at System.Net.Http.AuthenticationHelper.SendWithNtAuthAsync(HttpRequestMessage request, Uri authUri, Boolean async, ICredentials credentials, Boolean isProxyAuth, HttpConnection connection, HttpConnectionPool connectionPool, CancellationToken cancellationToken)
   at System.Net.Http.HttpConnectionPool.SendWithVersionDetectionAndRetryAsync(HttpRequestMessage request, Boolean async, Boolean doRequestAuth, CancellationToken cancellationToken)
   at System.Net.Http.AuthenticationHelper.SendWithAuthAsync(HttpRequestMessage request, Uri authUri, Boolean async, ICredentials credentials, Boolean preAuthenticate, Boolean isProxyAuth, Boolean doRequestAuth, HttpConnectionPool pool, CancellationToken cancellationToken)
   at System.Net.Http.RedirectHandler.SendAsync(HttpRequestMessage request, Boolean async, CancellationToken cancellationToken)
   at GitHub.Services.Common.RawHttpMessageHandler.SendAsync(HttpRequestMessage request, CancellationToken cancellationToken)
   at GitHub.Services.Common.VssHttpRetryMessageHandler.SendAsync(HttpRequestMessage request, CancellationToken cancellationToken)
   at System.Net.Http.HttpClient.<SendAsync>g__Core|83_0(HttpRequestMessage request, HttpCompletionOption completionOption, CancellationTokenSource cts, Boolean disposeCts, CancellationTokenSource pendingRequestsCts, CancellationToken originalCancellationToken)
   --- End of inner exception stack trace ---
   at System.Net.Http.HttpClient.HandleFailure(Exception e, Boolean telemetryStarted, HttpResponseMessage response, CancellationTokenSource cts, CancellationToken cancellationToken, CancellationTokenSource pendingRequestsCts)
   at System.Net.Http.HttpClient.<SendAsync>g__Core|83_0(HttpRequestMessage request, HttpCompletionOption completionOption, CancellationTokenSource cts, Boolean disposeCts, CancellationTokenSource pendingRequestsCts, CancellationToken originalCancellationToken)
   at Sdk.WebApi.WebApi.RawHttpClientBase.SendAsync(HttpRequestMessage message, HttpCompletionOption completionOption, Object userState, CancellationToken cancellationToken)
   at Sdk.WebApi.WebApi.RawHttpClientBase.SendAsync[T](HttpRequestMessage message, Boolean readErrorBody, Object userState, CancellationToken cancellationToken)
   at Sdk.WebApi.WebApi.RawHttpClientBase.SendAsync[T](HttpMethod method, IEnumerable`1 additionalHeaders, Uri requestUri, HttpContent content, IEnumerable`1 queryParameters, Boolean readErrorBody, Object userState, CancellationToken cancellationToken)
   at GitHub.Actions.RunService.WebApi.BrokerHttpClient.GetRunnerMessageAsync(Nullable`1 sessionId, String runnerVersion, Nullable`1 status, String os, String architecture, Nullable`1 disableUpdate, CancellationToken cancellationToken)
   at GitHub.Runner.Common.BrokerServer.<>c__DisplayClass7_0.<<GetRunnerMessageAsync>b__0>d.MoveNext()
--- End of stack trace from previous location ---
   at GitHub.Runner.Common.RunnerService.RetryRequest[T](Func`1 func, CancellationToken cancellationToken, Int32 maxAttempts, Func`2 shouldRetry)
[2026-09-30 19:31:52Z ERR  BrokerServer] #####################################################
[2026-09-30 19:31:52Z ERR  BrokerServer] System.Threading.Tasks.TaskCanceledException: The operation was canceled.
 ---> System.IO.IOException: Unable to read data from the transport connection: The I/O operation has been aborted because of either a thread exit or an application request..
 ---> System.Net.Sockets.SocketException (995): The I/O operation has been aborted because of either a thread exit or an application request.
   --- End of inner exception stack trace ---
   at System.Net.Sockets.Socket.AwaitableSocketAsyncEventArgs.System.Threading.Tasks.Sources.IValueTaskSource<System.Int32>.GetResult(Int16 token)
   at System.Net.Security.SslStream.EnsureFullTlsFrameAsync[TIOAdapter](CancellationToken cancellationToken, Int32 estimatedSize)
   at System.Runtime.CompilerServices.PoolingAsyncValueTaskMethodBuilder`1.StateMachineBox`1.System.Threading.Tasks.Sources.IValueTaskSource<TResult>.GetResult(Int16 token)
   at System.Net.Security.SslStream.ReadAsyncInternal[TIOAdapter](Memory`1 buffer, CancellationToken cancellationToken)
   at System.Runtime.CompilerServices.PoolingAsyncValueTaskMethodBuilder`1.StateMachineBox`1.System.Threading.Tasks.Sources.IValueTaskSource<TResult>.GetResult(Int16 token)
   at System.Net.Http.HttpConnection.SendAsync(HttpRequestMessage request, Boolean async, CancellationToken cancellationToken)
   --- End of inner exception stack trace ---
   at System.Net.Http.HttpConnection.SendAsync(HttpRequestMessage request, Boolean async, CancellationToken cancellationToken)
   at System.Net.Http.AuthenticationHelper.SendWithNtAuthAsync(HttpRequestMessage request, Uri authUri, Boolean async, ICredentials credentials, Boolean isProxyAuth, HttpConnection connection, HttpConnectionPool connectionPool, CancellationToken cancellationToken)
   at System.Net.Http.HttpConnectionPool.SendWithVersionDetectionAndRetryAsync(HttpRequestMessage request, Boolean async, Boolean doRequestAuth, CancellationToken cancellationToken)
   at System.Net.Http.AuthenticationHelper.SendWithAuthAsync(HttpRequestMessage request, Uri authUri, Boolean async, ICredentials credentials, Boolean preAuthenticate, Boolean isProxyAuth, Boolean doRequestAuth, HttpConnectionPool pool, CancellationToken cancellationToken)
   at System.Net.Http.RedirectHandler.SendAsync(HttpRequestMessage request, Boolean async, CancellationToken cancellationToken)
   at GitHub.Services.Common.RawHttpMessageHandler.SendAsync(HttpRequestMessage request, CancellationToken cancellationToken)
   at GitHub.Services.Common.VssHttpRetryMessageHandler.SendAsync(HttpRequestMessage request, CancellationToken cancellationToken)
   at System.Net.Http.HttpClient.<SendAsync>g__Core|83_0(HttpRequestMessage request, HttpCompletionOption completionOption, CancellationTokenSource cts, Boolean disposeCts, CancellationTokenSource pendingRequestsCts, CancellationToken originalCancellationToken)
[2026-09-30 19:31:52Z ERR  BrokerServer] #####################################################
[2026-09-30 19:31:52Z ERR  BrokerServer] System.IO.IOException: Unable to read data from the transport connection: The I/O operation has been aborted because of either a thread exit or an application request..
 ---> System.Net.Sockets.SocketException (995): The I/O operation has been aborted because of either a thread exit or an application request.
   --- End of inner exception stack trace ---
   at System.Net.Sockets.Socket.AwaitableSocketAsyncEventArgs.System.Threading.Tasks.Sources.IValueTaskSource<System.Int32>.GetResult(Int16 token)
   at System.Net.Security.SslStream.EnsureFullTlsFrameAsync[TIOAdapter](CancellationToken cancellationToken, Int32 estimatedSize)
   at System.Runtime.CompilerServices.PoolingAsyncValueTaskMethodBuilder`1.StateMachineBox`1.System.Threading.Tasks.Sources.IValueTaskSource<TResult>.GetResult(Int16 token)
   at System.Net.Security.SslStream.ReadAsyncInternal[TIOAdapter](Memory`1 buffer, CancellationToken cancellationToken)
   at System.Runtime.CompilerServices.PoolingAsyncValueTaskMethodBuilder`1.StateMachineBox`1.System.Threading.Tasks.Sources.IValueTaskSource<TResult>.GetResult(Int16 token)
   at System.Net.Http.HttpConnection.SendAsync(HttpRequestMessage request, Boolean async, CancellationToken cancellationToken)
[2026-09-30 19:31:52Z ERR  BrokerServer] #####################################################
[2026-09-30 19:31:52Z ERR  BrokerServer] System.Net.Sockets.SocketException (995): The I/O operation has been aborted because of either a thread exit or an application request.
[2026-09-30 19:31:52Z WARN BrokerServer] Back off 10.976 seconds before next retry. 4 attempt left.
[2026-09-30 19:31:52Z INFO BrokerMessageListener] Get messages has been cancelled using local token source. Continue to get messages with new status.
[2026-09-30 19:37:56Z INFO RSAEncryptedFileKeyManager] Loading RSA key parameters from file D:\cicd\actions-runner\.credentials_rsaparams
[2026-09-30 19:37:57Z INFO GitHubActionsService] AAD Correlation ID for this token request: Unknown
[2026-09-30 20:28:13Z INFO RSAEncryptedFileKeyManager] Loading RSA key parameters from file D:\cicd\actions-runner\.credentials_rsaparams
[2026-09-30 20:28:15Z INFO GitHubActionsService] AAD Correlation ID for this token request: Unknown
[2026-09-30 21:18:32Z INFO RSAEncryptedFileKeyManager] Loading RSA key parameters from file D:\cicd\actions-runner\.credentials_rsaparams
[2026-09-30 21:18:34Z INFO GitHubActionsService] AAD Correlation ID for this token request: Unknown
[2026-09-30 22:08:52Z INFO RSAEncryptedFileKeyManager] Loading RSA key parameters from file D:\cicd\actions-runner\.credentials_rsaparams
[2026-09-30 22:08:54Z INFO GitHubActionsService] AAD Correlation ID for this token request: Unknown
[2026-09-30 22:59:10Z INFO RSAEncryptedFileKeyManager] Loading RSA key parameters from file D:\cicd\actions-runner\.credentials_rsaparams
[2026-09-30 22:59:11Z INFO GitHubActionsService] AAD Correlation ID for this token request: Unknown
[2026-09-30 23:49:28Z INFO RSAEncryptedFileKeyManager] Loading RSA key parameters from file D:\cicd\actions-runner\.credentials_rsaparams
[2026-09-30 23:49:29Z INFO GitHubActionsService] AAD Correlation ID for this token request: Unknown
[2026-10-01 00:39:47Z INFO RSAEncryptedFileKeyManager] Loading RSA key parameters from file D:\cicd\actions-runner\.credentials_rsaparams
[2026-10-01 00:39:48Z INFO GitHubActionsService] AAD Correlation ID for this token request: Unknown
[2026-10-01 01:30:06Z INFO RSAEncryptedFileKeyManager] Loading RSA key parameters from file D:\cicd\actions-runner\.credentials_rsaparams
[2026-10-01 01:30:07Z INFO GitHubActionsService] AAD Correlation ID for this token request: Unknown
[2026-10-01 02:03:49Z WARN GitHubActionsService] Attempt 1 of GET request to https://broker.actions.githubusercontent.com/message?sessionId=26962438-4c9e-4916-bffe-746f120a450a&status=Online&runnerVersion=2.337.0&os=Windows&architecture=X64&disableUpdate=false failed (Socket Error: ConnectionReset). The operation will be retried in 11.105 seconds.
[2026-10-01 02:21:07Z INFO RSAEncryptedFileKeyManager] Loading RSA key parameters from file D:\cicd\actions-runner\.credentials_rsaparams
[2026-10-01 02:21:09Z INFO GitHubActionsService] AAD Correlation ID for this token request: Unknown
[2026-10-01 03:11:24Z INFO RSAEncryptedFileKeyManager] Loading RSA key parameters from file D:\cicd\actions-runner\.credentials_rsaparams
[2026-10-01 03:11:25Z INFO GitHubActionsService] AAD Correlation ID for this token request: Unknown
[2026-10-01 03:54:57Z WARN GitHubActionsService] Attempt 1 of GET request to https://broker.actions.githubusercontent.com/message?sessionId=26962438-4c9e-4916-bffe-746f120a450a&status=Online&runnerVersion=2.337.0&os=Windows&architecture=X64&disableUpdate=false failed (Socket Error: ConnectionReset). The operation will be retried in 11.169 seconds.
[2026-10-01 04:27:01Z WARN GitHubActionsService] GET request to https://broker.actions.githubusercontent.com/message?sessionId=26962438-4c9e-4916-bffe-746f120a450a&status=Online&runnerVersion=2.337.0&os=Windows&architecture=X64&disableUpdate=false timed out after 100 seconds.
[2026-10-01 04:27:01Z ERR  BrokerServer] Catch exception during request
[2026-10-01 04:27:01Z ERR  BrokerServer] System.TimeoutException: The HTTP request timed out after 00:01:40.
 ---> System.Threading.Tasks.TaskCanceledException: The operation was canceled.
 ---> System.IO.IOException: Unable to read data from the transport connection: The I/O operation has been aborted because of either a thread exit or an application request..
 ---> System.Net.Sockets.SocketException (995): The I/O operation has been aborted because of either a thread exit or an application request.
   --- End of inner exception stack trace ---
   at System.Net.Sockets.Socket.AwaitableSocketAsyncEventArgs.System.Threading.Tasks.Sources.IValueTaskSource<System.Int32>.GetResult(Int16 token)
   at System.Net.Security.SslStream.EnsureFullTlsFrameAsync[TIOAdapter](CancellationToken cancellationToken, Int32 estimatedSize)
   at System.Runtime.CompilerServices.PoolingAsyncValueTaskMethodBuilder`1.StateMachineBox`1.System.Threading.Tasks.Sources.IValueTaskSource<TResult>.GetResult(Int16 token)
   at System.Net.Security.SslStream.ReadAsyncInternal[TIOAdapter](Memory`1 buffer, CancellationToken cancellationToken)
   at System.Runtime.CompilerServices.PoolingAsyncValueTaskMethodBuilder`1.StateMachineBox`1.System.Threading.Tasks.Sources.IValueTaskSource<TResult>.GetResult(Int16 token)
   at System.Net.Http.HttpConnection.SendAsync(HttpRequestMessage request, Boolean async, CancellationToken cancellationToken)
   --- End of inner exception stack trace ---
   at System.Net.Http.HttpConnection.SendAsync(HttpRequestMessage request, Boolean async, CancellationToken cancellationToken)
   at System.Net.Http.AuthenticationHelper.SendWithNtAuthAsync(HttpRequestMessage request, Uri authUri, Boolean async, ICredentials credentials, Boolean isProxyAuth, HttpConnection connection, HttpConnectionPool connectionPool, CancellationToken cancellationToken)
   at System.Net.Http.HttpConnectionPool.SendWithVersionDetectionAndRetryAsync(HttpRequestMessage request, Boolean async, Boolean doRequestAuth, CancellationToken cancellationToken)
   at System.Net.Http.AuthenticationHelper.SendWithAuthAsync(HttpRequestMessage request, Uri authUri, Boolean async, ICredentials credentials, Boolean preAuthenticate, Boolean isProxyAuth, Boolean doRequestAuth, HttpConnectionPool pool, CancellationToken cancellationToken)
   at System.Net.Http.RedirectHandler.SendAsync(HttpRequestMessage request, Boolean async, CancellationToken cancellationToken)
   at GitHub.Services.Common.RawHttpMessageHandler.SendAsync(HttpRequestMessage request, CancellationToken cancellationToken)
   --- End of inner exception stack trace ---
   at GitHub.Services.Common.RawHttpMessageHandler.SendAsync(HttpRequestMessage request, CancellationToken cancellationToken)
   at GitHub.Services.Common.VssHttpRetryMessageHandler.SendAsync(HttpRequestMessage request, CancellationToken cancellationToken)
   at System.Net.Http.HttpClient.<SendAsync>g__Core|83_0(HttpRequestMessage request, HttpCompletionOption completionOption, CancellationTokenSource cts, Boolean disposeCts, CancellationTokenSource pendingRequestsCts, CancellationToken originalCancellationToken)
   at Sdk.WebApi.WebApi.RawHttpClientBase.SendAsync(HttpRequestMessage message, HttpCompletionOption completionOption, Object userState, CancellationToken cancellationToken)
   at Sdk.WebApi.WebApi.RawHttpClientBase.SendAsync[T](HttpRequestMessage message, Boolean readErrorBody, Object userState, CancellationToken cancellationToken)
   at Sdk.WebApi.WebApi.RawHttpClientBase.SendAsync[T](HttpMethod method, IEnumerable`1 additionalHeaders, Uri requestUri, HttpContent content, IEnumerable`1 queryParameters, Boolean readErrorBody, Object userState, CancellationToken cancellationToken)
   at GitHub.Actions.RunService.WebApi.BrokerHttpClient.GetRunnerMessageAsync(Nullable`1 sessionId, String runnerVersion, Nullable`1 status, String os, String architecture, Nullable`1 disableUpdate, CancellationToken cancellationToken)
   at GitHub.Runner.Common.BrokerServer.<>c__DisplayClass7_0.<<GetRunnerMessageAsync>b__0>d.MoveNext()
--- End of stack trace from previous location ---
   at GitHub.Runner.Common.RunnerService.RetryRequest[T](Func`1 func, CancellationToken cancellationToken, Int32 maxAttempts, Func`2 shouldRetry)
[2026-10-01 04:27:01Z ERR  BrokerServer] #####################################################
[2026-10-01 04:27:01Z ERR  BrokerServer] System.Threading.Tasks.TaskCanceledException: The operation was canceled.
 ---> System.IO.IOException: Unable to read data from the transport connection: The I/O operation has been aborted because of either a thread exit or an application request..
 ---> System.Net.Sockets.SocketException (995): The I/O operation has been aborted because of either a thread exit or an application request.
   --- End of inner exception stack trace ---
   at System.Net.Sockets.Socket.AwaitableSocketAsyncEventArgs.System.Threading.Tasks.Sources.IValueTaskSource<System.Int32>.GetResult(Int16 token)
   at System.Net.Security.SslStream.EnsureFullTlsFrameAsync[TIOAdapter](CancellationToken cancellationToken, Int32 estimatedSize)
   at System.Runtime.CompilerServices.PoolingAsyncValueTaskMethodBuilder`1.StateMachineBox`1.System.Threading.Tasks.Sources.IValueTaskSource<TResult>.GetResult(Int16 token)
   at System.Net.Security.SslStream.ReadAsyncInternal[TIOAdapter](Memory`1 buffer, CancellationToken cancellationToken)
   at System.Runtime.CompilerServices.PoolingAsyncValueTaskMethodBuilder`1.StateMachineBox`1.System.Threading.Tasks.Sources.IValueTaskSource<TResult>.GetResult(Int16 token)
   at System.Net.Http.HttpConnection.SendAsync(HttpRequestMessage request, Boolean async, CancellationToken cancellationToken)
   --- End of inner exception stack trace ---
   at System.Net.Http.HttpConnection.SendAsync(HttpRequestMessage request, Boolean async, CancellationToken cancellationToken)
   at System.Net.Http.AuthenticationHelper.SendWithNtAuthAsync(HttpRequestMessage request, Uri authUri, Boolean async, ICredentials credentials, Boolean isProxyAuth, HttpConnection connection, HttpConnectionPool connectionPool, CancellationToken cancellationToken)
   at System.Net.Http.HttpConnectionPool.SendWithVersionDetectionAndRetryAsync(HttpRequestMessage request, Boolean async, Boolean doRequestAuth, CancellationToken cancellationToken)
   at System.Net.Http.AuthenticationHelper.SendWithAuthAsync(HttpRequestMessage request, Uri authUri, Boolean async, ICredentials credentials, Boolean preAuthenticate, Boolean isProxyAuth, Boolean doRequestAuth, HttpConnectionPool pool, CancellationToken cancellationToken)
   at System.Net.Http.RedirectHandler.SendAsync(HttpRequestMessage request, Boolean async, CancellationToken cancellationToken)
   at GitHub.Services.Common.RawHttpMessageHandler.SendAsync(HttpRequestMessage request, CancellationToken cancellationToken)
[2026-10-01 04:27:01Z ERR  BrokerServer] #####################################################
[2026-10-01 04:27:01Z ERR  BrokerServer] System.IO.IOException: Unable to read data from the transport connection: The I/O operation has been aborted because of either a thread exit or an application request..
 ---> System.Net.Sockets.SocketException (995): The I/O operation has been aborted because of either a thread exit or an application request.
   --- End of inner exception stack trace ---
   at System.Net.Sockets.Socket.AwaitableSocketAsyncEventArgs.System.Threading.Tasks.Sources.IValueTaskSource<System.Int32>.GetResult(Int16 token)
   at System.Net.Security.SslStream.EnsureFullTlsFrameAsync[TIOAdapter](CancellationToken cancellationToken, Int32 estimatedSize)
   at System.Runtime.CompilerServices.PoolingAsyncValueTaskMethodBuilder`1.StateMachineBox`1.System.Threading.Tasks.Sources.IValueTaskSource<TResult>.GetResult(Int16 token)
   at System.Net.Security.SslStream.ReadAsyncInternal[TIOAdapter](Memory`1 buffer, CancellationToken cancellationToken)
   at System.Runtime.CompilerServices.PoolingAsyncValueTaskMethodBuilder`1.StateMachineBox`1.System.Threading.Tasks.Sources.IValueTaskSource<TResult>.GetResult(Int16 token)
   at System.Net.Http.HttpConnection.SendAsync(HttpRequestMessage request, Boolean async, CancellationToken cancellationToken)
[2026-10-01 04:27:01Z ERR  BrokerServer] #####################################################
[2026-10-01 04:27:01Z ERR  BrokerServer] System.Net.Sockets.SocketException (995): The I/O operation has been aborted because of either a thread exit or an application request.
[2026-10-01 04:27:01Z WARN BrokerServer] Back off 5.499 seconds before next retry. 4 attempt left.
[2026-10-01 04:27:08Z INFO RSAEncryptedFileKeyManager] Loading RSA key parameters from file D:\cicd\actions-runner\.credentials_rsaparams
[2026-10-01 04:27:09Z INFO GitHubActionsService] AAD Correlation ID for this token request: Unknown
[2026-10-01 05:17:24Z INFO RSAEncryptedFileKeyManager] Loading RSA key parameters from file D:\cicd\actions-runner\.credentials_rsaparams
[2026-10-01 05:17:26Z INFO GitHubActionsService] AAD Correlation ID for this token request: Unknown
[2026-10-01 06:07:42Z INFO RSAEncryptedFileKeyManager] Loading RSA key parameters from file D:\cicd\actions-runner\.credentials_rsaparams
[2026-10-01 06:07:44Z INFO GitHubActionsService] AAD Correlation ID for this token request: Unknown
[2026-10-01 06:58:00Z INFO RSAEncryptedFileKeyManager] Loading RSA key parameters from file D:\cicd\actions-runner\.credentials_rsaparams
[2026-10-01 06:58:01Z INFO GitHubActionsService] AAD Correlation ID for this token request: Unknown
[2026-10-01 07:48:19Z INFO RSAEncryptedFileKeyManager] Loading RSA key parameters from file D:\cicd\actions-runner\.credentials_rsaparams
[2026-10-01 07:48:20Z INFO GitHubActionsService] AAD Correlation ID for this token request: Unknown
[2026-10-01 08:38:37Z INFO RSAEncryptedFileKeyManager] Loading RSA key parameters from file D:\cicd\actions-runner\.credentials_rsaparams
[2026-10-01 08:38:38Z INFO GitHubActionsService] AAD Correlation ID for this token request: Unknown
[2026-10-01 09:28:59Z INFO RSAEncryptedFileKeyManager] Loading RSA key parameters from file D:\cicd\actions-runner\.credentials_rsaparams
[2026-10-01 09:29:01Z INFO GitHubActionsService] AAD Correlation ID for this token request: Unknown
[2026-10-01 09:57:30Z INFO HostContext] Runner will be shutdown for UserCancelled
[2026-10-01 09:57:30Z WARN GitHubActionsService] GET request to https://broker.actions.githubusercontent.com/message?sessionId=26962438-4c9e-4916-bffe-746f120a450a&status=Online&runnerVersion=2.337.0&os=Windows&architecture=X64&disableUpdate=false has been cancelled.
[2026-10-01 09:57:30Z ERR  BrokerServer] Catch exception during request
[2026-10-01 09:57:30Z ERR  BrokerServer] System.Threading.Tasks.TaskCanceledException: The operation was canceled.
 ---> System.Threading.Tasks.TaskCanceledException: The operation was canceled.
 ---> System.IO.IOException: Unable to read data from the transport connection: The I/O operation has been aborted because of either a thread exit or an application request..
 ---> System.Net.Sockets.SocketException (995): The I/O operation has been aborted because of either a thread exit or an application request.
   --- End of inner exception stack trace ---
   at System.Net.Sockets.Socket.AwaitableSocketAsyncEventArgs.System.Threading.Tasks.Sources.IValueTaskSource<System.Int32>.GetResult(Int16 token)
   at System.Net.Security.SslStream.EnsureFullTlsFrameAsync[TIOAdapter](CancellationToken cancellationToken, Int32 estimatedSize)
   at System.Runtime.CompilerServices.PoolingAsyncValueTaskMethodBuilder`1.StateMachineBox`1.System.Threading.Tasks.Sources.IValueTaskSource<TResult>.GetResult(Int16 token)
   at System.Net.Security.SslStream.ReadAsyncInternal[TIOAdapter](Memory`1 buffer, CancellationToken cancellationToken)
   at System.Runtime.CompilerServices.PoolingAsyncValueTaskMethodBuilder`1.StateMachineBox`1.System.Threading.Tasks.Sources.IValueTaskSource<TResult>.GetResult(Int16 token)
   at System.Net.Http.HttpConnection.SendAsync(HttpRequestMessage request, Boolean async, CancellationToken cancellationToken)
   --- End of inner exception stack trace ---
   at System.Net.Http.HttpConnection.SendAsync(HttpRequestMessage request, Boolean async, CancellationToken cancellationToken)
   at System.Net.Http.AuthenticationHelper.SendWithNtAuthAsync(HttpRequestMessage request, Uri authUri, Boolean async, ICredentials credentials, Boolean isProxyAuth, HttpConnection connection, HttpConnectionPool connectionPool, CancellationToken cancellationToken)
   at System.Net.Http.HttpConnectionPool.SendWithVersionDetectionAndRetryAsync(HttpRequestMessage request, Boolean async, Boolean doRequestAuth, CancellationToken cancellationToken)
   at System.Net.Http.AuthenticationHelper.SendWithAuthAsync(HttpRequestMessage request, Uri authUri, Boolean async, ICredentials credentials, Boolean preAuthenticate, Boolean isProxyAuth, Boolean doRequestAuth, HttpConnectionPool pool, CancellationToken cancellationToken)
   at System.Net.Http.RedirectHandler.SendAsync(HttpRequestMessage request, Boolean async, CancellationToken cancellationToken)
   at GitHub.Services.Common.RawHttpMessageHandler.SendAsync(HttpRequestMessage request, CancellationToken cancellationToken)
   at GitHub.Services.Common.VssHttpRetryMessageHandler.SendAsync(HttpRequestMessage request, CancellationToken cancellationToken)
   at System.Net.Http.HttpClient.<SendAsync>g__Core|83_0(HttpRequestMessage request, HttpCompletionOption completionOption, CancellationTokenSource cts, Boolean disposeCts, CancellationTokenSource pendingRequestsCts, CancellationToken originalCancellationToken)
   --- End of inner exception stack trace ---
   at System.Net.Http.HttpClient.HandleFailure(Exception e, Boolean telemetryStarted, HttpResponseMessage response, CancellationTokenSource cts, CancellationToken cancellationToken, CancellationTokenSource pendingRequestsCts)
   at System.Net.Http.HttpClient.<SendAsync>g__Core|83_0(HttpRequestMessage request, HttpCompletionOption completionOption, CancellationTokenSource cts, Boolean disposeCts, CancellationTokenSource pendingRequestsCts, CancellationToken originalCancellationToken)
   at Sdk.WebApi.WebApi.RawHttpClientBase.SendAsync(HttpRequestMessage message, HttpCompletionOption completionOption, Object userState, CancellationToken cancellationToken)
   at Sdk.WebApi.WebApi.RawHttpClientBase.SendAsync[T](HttpRequestMessage message, Boolean readErrorBody, Object userState, CancellationToken cancellationToken)
   at Sdk.WebApi.WebApi.RawHttpClientBase.SendAsync[T](HttpMethod method, IEnumerable`1 additionalHeaders, Uri requestUri, HttpContent content, IEnumerable`1 queryParameters, Boolean readErrorBody, Object userState, CancellationToken cancellationToken)
   at GitHub.Actions.RunService.WebApi.BrokerHttpClient.GetRunnerMessageAsync(Nullable`1 sessionId, String runnerVersion, Nullable`1 status, String os, String architecture, Nullable`1 disableUpdate, CancellationToken cancellationToken)
   at GitHub.Runner.Common.BrokerServer.<>c__DisplayClass7_0.<<GetRunnerMessageAsync>b__0>d.MoveNext()
--- End of stack trace from previous location ---
   at GitHub.Runner.Common.RunnerService.RetryRequest[T](Func`1 func, CancellationToken cancellationToken, Int32 maxAttempts, Func`2 shouldRetry)
[2026-10-01 09:57:30Z ERR  BrokerServer] #####################################################
[2026-10-01 09:57:30Z ERR  BrokerServer] System.Threading.Tasks.TaskCanceledException: The operation was canceled.
 ---> System.IO.IOException: Unable to read data from the transport connection: The I/O operation has been aborted because of either a thread exit or an application request..
 ---> System.Net.Sockets.SocketException (995): The I/O operation has been aborted because of either a thread exit or an application request.
   --- End of inner exception stack trace ---
   at System.Net.Sockets.Socket.AwaitableSocketAsyncEventArgs.System.Threading.Tasks.Sources.IValueTaskSource<System.Int32>.GetResult(Int16 token)
   at System.Net.Security.SslStream.EnsureFullTlsFrameAsync[TIOAdapter](CancellationToken cancellationToken, Int32 estimatedSize)
   at System.Runtime.CompilerServices.PoolingAsyncValueTaskMethodBuilder`1.StateMachineBox`1.System.Threading.Tasks.Sources.IValueTaskSource<TResult>.GetResult(Int16 token)
   at System.Net.Security.SslStream.ReadAsyncInternal[TIOAdapter](Memory`1 buffer, CancellationToken cancellationToken)
   at System.Runtime.CompilerServices.PoolingAsyncValueTaskMethodBuilder`1.StateMachineBox`1.System.Threading.Tasks.Sources.IValueTaskSource<TResult>.GetResult(Int16 token)
   at System.Net.Http.HttpConnection.SendAsync(HttpRequestMessage request, Boolean async, CancellationToken cancellationToken)
   --- End of inner exception stack trace ---
   at System.Net.Http.HttpConnection.SendAsync(HttpRequestMessage request, Boolean async, CancellationToken cancellationToken)
   at System.Net.Http.AuthenticationHelper.SendWithNtAuthAsync(HttpRequestMessage request, Uri authUri, Boolean async, ICredentials credentials, Boolean isProxyAuth, HttpConnection connection, HttpConnectionPool connectionPool, CancellationToken cancellationToken)
   at System.Net.Http.HttpConnectionPool.SendWithVersionDetectionAndRetryAsync(HttpRequestMessage request, Boolean async, Boolean doRequestAuth, CancellationToken cancellationToken)
   at System.Net.Http.AuthenticationHelper.SendWithAuthAsync(HttpRequestMessage request, Uri authUri, Boolean async, ICredentials credentials, Boolean preAuthenticate, Boolean isProxyAuth, Boolean doRequestAuth, HttpConnectionPool pool, CancellationToken cancellationToken)
   at System.Net.Http.RedirectHandler.SendAsync(HttpRequestMessage request, Boolean async, CancellationToken cancellationToken)
   at GitHub.Services.Common.RawHttpMessageHandler.SendAsync(HttpRequestMessage request, CancellationToken cancellationToken)
   at GitHub.Services.Common.VssHttpRetryMessageHandler.SendAsync(HttpRequestMessage request, CancellationToken cancellationToken)
   at System.Net.Http.HttpClient.<SendAsync>g__Core|83_0(HttpRequestMessage request, HttpCompletionOption completionOption, CancellationTokenSource cts, Boolean disposeCts, CancellationTokenSource pendingRequestsCts, CancellationToken originalCancellationToken)
[2026-10-01 09:57:30Z ERR  BrokerServer] #####################################################
[2026-10-01 09:57:30Z ERR  BrokerServer] System.IO.IOException: Unable to read data from the transport connection: The I/O operation has been aborted because of either a thread exit or an application request..
 ---> System.Net.Sockets.SocketException (995): The I/O operation has been aborted because of either a thread exit or an application request.
   --- End of inner exception stack trace ---
   at System.Net.Sockets.Socket.AwaitableSocketAsyncEventArgs.System.Threading.Tasks.Sources.IValueTaskSource<System.Int32>.GetResult(Int16 token)
   at System.Net.Security.SslStream.EnsureFullTlsFrameAsync[TIOAdapter](CancellationToken cancellationToken, Int32 estimatedSize)
   at System.Runtime.CompilerServices.PoolingAsyncValueTaskMethodBuilder`1.StateMachineBox`1.System.Threading.Tasks.Sources.IValueTaskSource<TResult>.GetResult(Int16 token)
   at System.Net.Security.SslStream.ReadAsyncInternal[TIOAdapter](Memory`1 buffer, CancellationToken cancellationToken)
   at System.Runtime.CompilerServices.PoolingAsyncValueTaskMethodBuilder`1.StateMachineBox`1.System.Threading.Tasks.Sources.IValueTaskSource<TResult>.GetResult(Int16 token)
   at System.Net.Http.HttpConnection.SendAsync(HttpRequestMessage request, Boolean async, CancellationToken cancellationToken)
[2026-10-01 09:57:30Z ERR  BrokerServer] #####################################################
[2026-10-01 09:57:30Z ERR  BrokerServer] System.Net.Sockets.SocketException (995): The I/O operation has been aborted because of either a thread exit or an application request.
[2026-10-01 09:57:30Z WARN BrokerServer] Back off 9.033 seconds before next retry. 4 attempt left.
[2026-10-01 09:57:30Z INFO BrokerMessageListener] Get next message has been cancelled.
[2026-10-01 09:57:30Z INFO JobDispatcher] Shutting down JobDispatcher. Make sure all WorkerDispatcher has finished.
[2026-10-01 09:57:30Z INFO JobDispatcher] Ensure WorkerDispatcher for job d265ce77-cc98-524d-8574-dbf6e5684177 run to finish, cancel any running job.
[2026-10-01 09:57:30Z INFO JobDispatcher] Job request d265ce77-cc98-524d-8574-dbf6e5684177 processed succeed.
[2026-10-01 09:57:30Z INFO Runner] Deleting Runner Session...
[2026-10-01 09:57:32Z INFO Listener] Runner execution been cancelled.
