[2026-09-27 16:54:01Z INFO HostContext] No proxy settings were found based on environmental variables (http_proxy/https_proxy/HTTP_PROXY/HTTPS_PROXY)
[2026-09-27 16:54:01Z INFO HostContext] Well known directory 'Bin': 'D:\cicd\actions-runner\bin'
[2026-09-27 16:54:01Z INFO HostContext] Well known directory 'Root': 'D:\cicd\actions-runner'
[2026-09-27 16:54:01Z INFO HostContext] Well known config file 'Credentials': 'D:\cicd\actions-runner\.credentials'
[2026-09-27 16:54:01Z INFO HostContext] Well known directory 'Bin': 'D:\cicd\actions-runner\bin'
[2026-09-27 16:54:01Z INFO HostContext] Well known directory 'Root': 'D:\cicd\actions-runner'
[2026-09-27 16:54:01Z INFO HostContext] Well known config file 'Runner': 'D:\cicd\actions-runner\.runner'
[2026-09-27 16:54:01Z INFO Listener] Runner is built for Windows (X64) - win-x64.
[2026-09-27 16:54:01Z INFO Listener] RuntimeInformation: Microsoft Windows 10.0.26200.
[2026-09-27 16:54:01Z INFO Listener] Version: 2.337.0
[2026-09-27 16:54:01Z INFO Listener] Commit: 397b032cbf865e9c3ddfab89d533ec19325e1273
[2026-09-27 16:54:01Z INFO Listener] Culture: en-IN
[2026-09-27 16:54:01Z INFO Listener] UI Culture: en-US
[2026-09-27 16:54:01Z INFO HostContext] Well known directory 'Bin': 'D:\cicd\actions-runner\bin'
[2026-09-27 16:54:01Z INFO HostContext] Well known directory 'Root': 'D:\cicd\actions-runner'
[2026-09-27 16:54:01Z INFO Listener] Validating directory permissions for: 'D:\cicd\actions-runner'
[2026-09-27 16:54:01Z INFO CommandLineParser] Parse
[2026-09-27 16:54:01Z INFO CommandLineParser] Parsing 1 args
[2026-09-27 16:54:01Z INFO CommandLineParser] parsing argument
[2026-09-27 16:54:01Z INFO CommandLineParser] HasArgs: False
[2026-09-27 16:54:01Z INFO CommandLineParser] Adding Command: run
[2026-09-27 16:54:01Z INFO Listener] Arguments parsed
[2026-09-27 16:54:01Z INFO Runner] ExecuteCommand
[2026-09-27 16:54:01Z INFO ConfigurationStore] currentAssemblyLocation: D:\cicd\actions-runner\bin\Runner.Listener.dll
[2026-09-27 16:54:01Z INFO HostContext] Well known directory 'Bin': 'D:\cicd\actions-runner\bin'
[2026-09-27 16:54:01Z INFO ConfigurationStore] binPath: D:\cicd\actions-runner\bin
[2026-09-27 16:54:01Z INFO HostContext] Well known directory 'Bin': 'D:\cicd\actions-runner\bin'
[2026-09-27 16:54:01Z INFO HostContext] Well known directory 'Root': 'D:\cicd\actions-runner'
[2026-09-27 16:54:01Z INFO ConfigurationStore] RootFolder: D:\cicd\actions-runner
[2026-09-27 16:54:01Z INFO HostContext] Well known directory 'Bin': 'D:\cicd\actions-runner\bin'
[2026-09-27 16:54:01Z INFO HostContext] Well known directory 'Root': 'D:\cicd\actions-runner'
[2026-09-27 16:54:01Z INFO HostContext] Well known config file 'Runner': 'D:\cicd\actions-runner\.runner'
[2026-09-27 16:54:01Z INFO ConfigurationStore] ConfigFilePath: D:\cicd\actions-runner\.runner
[2026-09-27 16:54:01Z INFO HostContext] Well known directory 'Bin': 'D:\cicd\actions-runner\bin'
[2026-09-27 16:54:01Z INFO HostContext] Well known directory 'Root': 'D:\cicd\actions-runner'
[2026-09-27 16:54:01Z INFO HostContext] Well known config file 'MigratedRunner': 'D:\cicd\actions-runner\.runner_migrated'
[2026-09-27 16:54:01Z INFO ConfigurationStore] MigratedConfigFilePath: D:\cicd\actions-runner\.runner_migrated
[2026-09-27 16:54:01Z INFO HostContext] Well known directory 'Bin': 'D:\cicd\actions-runner\bin'
[2026-09-27 16:54:01Z INFO HostContext] Well known directory 'Root': 'D:\cicd\actions-runner'
[2026-09-27 16:54:01Z INFO HostContext] Well known config file 'Credentials': 'D:\cicd\actions-runner\.credentials'
[2026-09-27 16:54:01Z INFO ConfigurationStore] CredFilePath: D:\cicd\actions-runner\.credentials
[2026-09-27 16:54:01Z INFO HostContext] Well known directory 'Bin': 'D:\cicd\actions-runner\bin'
[2026-09-27 16:54:01Z INFO HostContext] Well known directory 'Root': 'D:\cicd\actions-runner'
[2026-09-27 16:54:01Z INFO HostContext] Well known config file 'MigratedCredentials': 'D:\cicd\actions-runner\.credentials_migrated'
[2026-09-27 16:54:01Z INFO ConfigurationStore] MigratedCredFilePath: D:\cicd\actions-runner\.credentials_migrated
[2026-09-27 16:54:01Z INFO HostContext] Well known directory 'Bin': 'D:\cicd\actions-runner\bin'
[2026-09-27 16:54:01Z INFO HostContext] Well known directory 'Root': 'D:\cicd\actions-runner'
[2026-09-27 16:54:01Z INFO HostContext] Well known config file 'Service': 'D:\cicd\actions-runner\.service'
[2026-09-27 16:54:01Z INFO ConfigurationStore] ServiceConfigFilePath: D:\cicd\actions-runner\.service
[2026-09-27 16:54:01Z INFO CommandSettings] Flag 'help': 'False'
[2026-09-27 16:54:01Z INFO CommandSettings] Flag 'version': 'False'
[2026-09-27 16:54:01Z INFO CommandSettings] Flag 'commit': 'False'
[2026-09-27 16:54:01Z INFO CommandSettings] Flag 'check': 'False'
[2026-09-27 16:54:01Z INFO CommandSettings] Command 'configure': 'False'
[2026-09-27 16:54:01Z INFO CommandSettings] Command 'remove': 'False'
[2026-09-27 16:54:01Z INFO CommandSettings] Command 'warmup': 'False'
[2026-09-27 16:54:01Z INFO ConfigurationManager] LoadSettings
[2026-09-27 16:54:01Z INFO ConfigurationStore] IsConfigured()
[2026-09-27 16:54:01Z INFO ConfigurationStore] IsConfigured: True
[2026-09-27 16:54:01Z INFO ConfigurationManager] Is configured: True
[2026-09-27 16:54:01Z INFO ConfigurationStore] Read setting file: 398 chars
[2026-09-27 16:54:01Z INFO ConfigurationManager] Settings Loaded
[2026-09-27 16:54:01Z INFO ConfigurationStore] IsServiceConfigured()
[2026-09-27 16:54:01Z INFO ConfigurationStore] IsServiceConfigured: False
[2026-09-27 16:54:01Z INFO CommandSettings] Command 'run': 'True'
[2026-09-27 16:54:01Z INFO ConfigurationStore] IsConfigured()
[2026-09-27 16:54:01Z INFO ConfigurationStore] IsConfigured: True
[2026-09-27 16:54:01Z INFO ConfigurationManager] Is configured: True
[2026-09-27 16:54:01Z INFO Runner] Could not parse the argument value '' for StartupType. Defaulting to Manual
[2026-09-27 16:54:01Z INFO Runner] Set runner startup type - Manual
[2026-09-27 16:54:01Z INFO CommandSettings] Flag 'once': 'False'
[2026-09-27 16:54:01Z INFO CommandSettings] Flag 'once': 'False'
[2026-09-27 16:54:01Z INFO Runner] RunAsync
[2026-09-27 16:54:01Z INFO HostContext] Well known directory 'Bin': 'D:\cicd\actions-runner\bin'
[2026-09-27 16:54:01Z INFO HostContext] Well known directory 'Root': 'D:\cicd\actions-runner'
[2026-09-27 16:54:01Z INFO HostContext] Well known directory 'Work': 'D:\cicd\actions-runner\_work'
[2026-09-27 16:54:01Z INFO Runner] Validating directory permissions for: 'D:\cicd\actions-runner\_work'
[2026-09-27 16:54:01Z INFO ConfigurationManager] LoadMigratedSettings
[2026-09-27 16:54:01Z INFO ConfigurationStore] IsMigratedConfigured()
[2026-09-27 16:54:01Z INFO ConfigurationStore] IsMigratedConfigured: False
[2026-09-27 16:54:01Z INFO Runner] Failed to load migrated settings: No migrated configuration found.
[2026-09-27 16:54:01Z INFO Runner] Falling back to original .runner settings
[2026-09-27 16:54:01Z INFO Runner] Using BrokerMessageListener
[2026-09-27 16:54:01Z INFO BrokerMessageListener] Using provided settings
[2026-09-27 16:54:01Z INFO BrokerMessageListener] {
  "AgentId": 3,
  "AgentName": "VIKRANT",
  "PoolId": 1,
  "PoolName": "Default",
  "ServerUrl": "https://pipelinesghubeus4.actions.githubusercontent.com/vNJajpvbF6IjDhJJK2oJL6aFAilgYF0ASuY1lz9oWwnetORATd/",
  "GitHubUrl": "https://github.com/vikranttiwari988-ops/my-repo",
  "WorkFolder": "_work",
  "UseV2Flow": true,
  "ServerUrlV2": "https://broker.actions.githubusercontent.com/"
}
[2026-09-27 16:54:01Z INFO BrokerMessageListener] Loading Credentials
[2026-09-27 16:54:01Z INFO ConfigurationStore] HasCredentials()
[2026-09-27 16:54:01Z INFO ConfigurationStore] stored True
[2026-09-27 16:54:01Z INFO CredentialManager] GetCredentialProvider
[2026-09-27 16:54:01Z INFO CredentialManager] Creating type OAuth
[2026-09-27 16:54:01Z INFO CredentialManager] Creating credential type: OAuth
[2026-09-27 16:54:01Z INFO HostContext] Well known directory 'Bin': 'D:\cicd\actions-runner\bin'
[2026-09-27 16:54:01Z INFO HostContext] Well known directory 'Root': 'D:\cicd\actions-runner'
[2026-09-27 16:54:01Z INFO HostContext] Well known config file 'RSACredentials': 'D:\cicd\actions-runner\.credentials_rsaparams'
[2026-09-27 16:54:01Z INFO RSAEncryptedFileKeyManager] Loading RSA key parameters from file D:\cicd\actions-runner\.credentials_rsaparams
[2026-09-27 16:54:01Z INFO BrokerMessageListener] Attempt to create session.
[2026-09-27 16:54:01Z INFO BrokerMessageListener] Connecting to the Broker Server...
[2026-09-27 16:54:01Z INFO ConfigurationStore] HasCredentials()
[2026-09-27 16:54:01Z INFO ConfigurationStore] stored True
[2026-09-27 16:54:01Z INFO CredentialManager] GetCredentialProvider
[2026-09-27 16:54:01Z INFO CredentialManager] Creating type OAuth
[2026-09-27 16:54:01Z INFO CredentialManager] Creating credential type: OAuth
[2026-09-27 16:54:01Z INFO RSAEncryptedFileKeyManager] Loading RSA key parameters from file D:\cicd\actions-runner\.credentials_rsaparams
[2026-09-27 16:54:01Z INFO BrokerMessageListener] VssConnection created
[2026-09-27 16:54:01Z INFO BrokerMessageListener] Connecting to the Runner server...
[2026-09-27 16:54:01Z INFO RunnerServer] EstablishVssConnection
[2026-09-27 16:54:01Z INFO RunnerServer] Establish connection with 100 seconds timeout.
[2026-09-27 16:54:01Z INFO GitHubActionsService] Starting operation Location.GetConnectionData
[2026-09-27 16:54:02Z INFO RunnerServer] EstablishVssConnection
[2026-09-27 16:54:02Z INFO RunnerServer] Establish connection with 60 seconds timeout.
[2026-09-27 16:54:02Z INFO GitHubActionsService] Starting operation Location.GetConnectionData
[2026-09-27 16:54:02Z INFO RunnerServer] EstablishVssConnection
[2026-09-27 16:54:02Z INFO RunnerServer] Establish connection with 60 seconds timeout.
[2026-09-27 16:54:02Z INFO GitHubActionsService] Starting operation Location.GetConnectionData
[2026-09-27 16:54:03Z INFO GitHubActionsService] Finished operation Location.GetConnectionData
[2026-09-27 16:54:03Z INFO GitHubActionsService] Finished operation Location.GetConnectionData
[2026-09-27 16:54:03Z INFO GitHubActionsService] Finished operation Location.GetConnectionData
[2026-09-27 16:54:03Z INFO BrokerMessageListener] VssConnection created
[2026-09-27 16:54:03Z INFO Terminal] WRITE LINE: 
[2026-09-27 16:54:03Z INFO Terminal] WRITE LINE: 
[2026-09-27 16:54:03Z INFO RSAEncryptedFileKeyManager] Loading RSA key parameters from file D:\cicd\actions-runner\.credentials_rsaparams
[2026-09-27 16:54:03Z INFO RSAEncryptedFileKeyManager] Loading RSA key parameters from file D:\cicd\actions-runner\.credentials_rsaparams
[2026-09-27 16:54:04Z INFO GitHubActionsService] AAD Correlation ID for this token request: Unknown
[2026-09-27 16:54:05Z INFO BrokerMessageListener] Session created.
[2026-09-27 16:54:05Z INFO Terminal] WRITE LINE: Current runner version: '2.337.0'
[2026-09-27 16:54:05Z INFO Terminal] WRITE LINE: 2026-09-27 16:54:05Z: Listening for Jobs
[2026-09-27 16:54:05Z INFO JobDispatcher] Set runner/worker IPC timeout to 30 seconds.
[2026-09-27 17:03:01Z INFO BrokerMessageListener] Acknowledging runner request '4136c1a4-4530-537a-b8ba-452663500062'.
[2026-09-27 17:03:02Z INFO ConfigurationStore] HasCredentials()
[2026-09-27 17:03:02Z INFO ConfigurationStore] stored True
[2026-09-27 17:03:02Z INFO CredentialManager] GetCredentialProvider
[2026-09-27 17:03:02Z INFO CredentialManager] Creating type OAuth
[2026-09-27 17:03:02Z INFO CredentialManager] Creating credential type: OAuth
[2026-09-27 17:03:02Z INFO RSAEncryptedFileKeyManager] Loading RSA key parameters from file D:\cicd\actions-runner\.credentials_rsaparams
[2026-09-27 17:03:02Z INFO RSAEncryptedFileKeyManager] Loading RSA key parameters from file D:\cicd\actions-runner\.credentials_rsaparams
[2026-09-27 17:03:02Z INFO RSAEncryptedFileKeyManager] Loading RSA key parameters from file D:\cicd\actions-runner\.credentials_rsaparams
[2026-09-27 17:03:03Z INFO GitHubActionsService] AAD Correlation ID for this token request: Unknown
[2026-09-27 17:03:04Z INFO JobDispatcher] Job request 0 for plan ea461970-0295-4d14-9d17-5065a6ef1537 job 4136c1a4-4530-537a-b8ba-452663500062 received.
[2026-09-27 17:03:04Z INFO JobDispatcher] Pull OrchestrationId ea461970-0295-4d14-9d17-5065a6ef1537.ci-cd.__default from JWT claims
[2026-09-27 17:03:04Z INFO BrokerMessageListener] Received job status event. JobState: Busy
[2026-09-27 17:03:04Z INFO BrokerMessageListener] _getMessagesTokenSource is already disposed.
[2026-09-27 17:03:04Z INFO Terminal] WRITE LINE: 2026-09-27 17:03:04Z: Running job: ci-cd
[2026-09-27 17:03:04Z INFO JobDispatcher] Start renew job request 0 for job 4136c1a4-4530-537a-b8ba-452663500062.
[2026-09-27 17:03:05Z INFO JobDispatcher] Successfully renew job 4136c1a4-4530-537a-b8ba-452663500062, job is valid till 27-09-2026 17:13:06
[2026-09-27 17:03:05Z INFO HostContext] Well known directory 'Bin': 'D:\cicd\actions-runner\bin'
[2026-09-27 17:03:05Z INFO ProcessInvokerWrapper] Starting process:
[2026-09-27 17:03:05Z INFO ProcessInvokerWrapper]   File name: 'D:\cicd\actions-runner\bin\Runner.Worker.exe'
[2026-09-27 17:03:05Z INFO ProcessInvokerWrapper]   Arguments: 'spawnclient 2128 2164'
[2026-09-27 17:03:05Z INFO ProcessInvokerWrapper]   Working directory: 'D:\cicd\actions-runner\bin'
[2026-09-27 17:03:05Z INFO ProcessInvokerWrapper]   Require exit code zero: 'False'
[2026-09-27 17:03:05Z INFO ProcessInvokerWrapper]   Encoding web name:  ; code page: ''
[2026-09-27 17:03:05Z INFO ProcessInvokerWrapper]   Force kill process on cancellation: 'True'
[2026-09-27 17:03:05Z INFO ProcessInvokerWrapper]   Redirected STDIN: 'False'
[2026-09-27 17:03:05Z INFO ProcessInvokerWrapper]   Persist current code page: 'False'
[2026-09-27 17:03:05Z INFO ProcessInvokerWrapper]   Keep redirected STDIN open: 'False'
[2026-09-27 17:03:05Z INFO ProcessInvokerWrapper]   High priority process: 'True'
[2026-09-27 17:03:05Z INFO ProcessInvokerWrapper] Process started with process id 2292, waiting for process exit.
[2026-09-27 17:03:05Z INFO JobDispatcher] Send job request message to worker for job 4136c1a4-4530-537a-b8ba-452663500062.
[2026-09-27 17:03:06Z INFO ProcessChannel] Sending message of length 23302, with hash 'fcc7c0a5e3a0a7b3d64cf6e61d612c5b33ecdf5e8b095945291f2fb154cfbc63'
[2026-09-27 17:03:06Z INFO JobNotification] Entering JobStarted Notification
[2026-09-27 17:03:06Z INFO JobNotification] Entering StartMonitor
[2026-09-27 17:03:56Z INFO ProcessInvokerWrapper] STDOUT/STDERR stream read finished.
[2026-09-27 17:03:56Z INFO ProcessInvokerWrapper] STDOUT/STDERR stream read finished.
[2026-09-27 17:03:56Z INFO ProcessInvokerWrapper] Finished process 2292 with exit code 102, and elapsed time 00:00:51.0092892.
[2026-09-27 17:03:56Z INFO JobDispatcher] Worker finished for job 4136c1a4-4530-537a-b8ba-452663500062. Code: 102
[2026-09-27 17:03:56Z INFO JobDispatcher] finish job request for job 4136c1a4-4530-537a-b8ba-452663500062 with result: Failed
[2026-09-27 17:03:56Z INFO Terminal] WRITE LINE: 2026-09-27 17:03:56Z: Job ci-cd completed with result: Failed
[2026-09-27 17:03:56Z INFO JobDispatcher] Stop renew job request for job 4136c1a4-4530-537a-b8ba-452663500062.
[2026-09-27 17:03:56Z INFO JobDispatcher] job renew has been cancelled, stop renew job 4136c1a4-4530-537a-b8ba-452663500062.
[2026-09-27 17:03:56Z INFO JobNotification] Entering JobCompleted Notification
[2026-09-27 17:03:56Z INFO JobNotification] Entering EndMonitor
[2026-09-27 17:03:56Z INFO BrokerMessageListener] Received job status event. JobState: Online
[2026-09-27 17:03:56Z WARN GitHubActionsService] GET request to https://broker.actions.githubusercontent.com/message?sessionId=07a9bf9c-bada-4a77-a61d-f4a2233c0586&status=Busy&runnerVersion=2.337.0&os=Windows&architecture=X64&disableUpdate=false has been cancelled.
[2026-09-27 17:03:56Z ERR  BrokerServer] Catch exception during request
[2026-09-27 17:03:56Z ERR  BrokerServer] System.Threading.Tasks.TaskCanceledException: The operation was canceled.
 ---> System.Threading.Tasks.TaskCanceledException: The operation was canceled.
 ---> System.IO.IOException: Unable to read data from the transport connection: The I/O operation has been aborted because of either a thread exit or an application request..
 ---> System.Net.Sockets.SocketException (995): The I/O operation has been aborted because of either a thread exit or an application request.
   --- End of inner exception stack trace ---
   at System.Net.Sockets.Socket.AwaitableSocketAsyncEventArgs.ThrowException(SocketError error, CancellationToken cancellationToken)
   at System.Net.Sockets.Socket.AwaitableSocketAsyncEventArgs.System.Threading.Tasks.Sources.IValueTaskSource<System.Int32>.GetResult(Int16 token)
   at System.Net.Security.SslStream.EnsureFullTlsFrameAsync[TIOAdapter](CancellationToken cancellationToken, Int32 estimatedSize)
   at System.Runtime.CompilerServices.PoolingAsyncValueTaskMethodBuilder`1.StateMachineBox`1.System.Threading.Tasks.Sources.IValueTaskSource<TResult>.GetResult(Int16 token)
   at System.Net.Security.SslStream.ReadAsyncInternal[TIOAdapter](Memory`1 buffer, CancellationToken cancellationToken)
   at System.Runtime.CompilerServices.PoolingAsyncValueTaskMethodBuilder`1.StateMachineBox`1.System.Threading.Tasks.Sources.IValueTaskSource<TResult>.GetResult(Int16 token)
   at System.Net.Http.HttpConnection.SendAsync(HttpRequestMessage request, Boolean async, CancellationToken cancellationToken)
   --- End of inner exception stack trace ---
   at System.Net.Http.HttpConnection.SendAsync(HttpRequestMessage request, Boolean async, CancellationToken cancellationToken)
   at System.Net.Http.AuthenticationHelper.SendWithNtAuthAsync(HttpRequestMessage request, Uri authUri, Boolean async, ICredentials credentials, Boolean isProxyAuth, HttpConnection connection, HttpConnectionPool connectionPool, CancellationToken cancellationToken)
   at System.Net.Http.HttpConnectionPool.SendWithVersionDetectionAndRetryAsync(HttpRequestMessage request, Boolean async, Boolean doRequestAuth, CancellationToken cancellationToken)
   at System.Net.Http.AuthenticationHelper.SendWithAuthAsync(HttpRequestMessage request, Uri authUri, Boolean async, ICredentials credentials, Boolean preAuthenticate, Boolean isProxyAuth, Boolean doRequestAuth, HttpConnectionPool pool, CancellationToken cancellationToken)
   at System.Net.Http.RedirectHandler.SendAsync(HttpRequestMessage request, Boolean async, CancellationToken cancellationToken)
   at GitHub.Services.Common.RawHttpMessageHandler.SendAsync(HttpRequestMessage request, CancellationToken cancellationToken)
   at GitHub.Services.Common.VssHttpRetryMessageHandler.SendAsync(HttpRequestMessage request, CancellationToken cancellationToken)
   at System.Net.Http.HttpClient.<SendAsync>g__Core|83_0(HttpRequestMessage request, HttpCompletionOption completionOption, CancellationTokenSource cts, Boolean disposeCts, CancellationTokenSource pendingRequestsCts, CancellationToken originalCancellationToken)
   --- End of inner exception stack trace ---
   at System.Net.Http.HttpClient.HandleFailure(Exception e, Boolean telemetryStarted, HttpResponseMessage response, CancellationTokenSource cts, CancellationToken cancellationToken, CancellationTokenSource pendingRequestsCts)
   at System.Net.Http.HttpClient.<SendAsync>g__Core|83_0(HttpRequestMessage request, HttpCompletionOption completionOption, CancellationTokenSource cts, Boolean disposeCts, CancellationTokenSource pendingRequestsCts, CancellationToken originalCancellationToken)
   at Sdk.WebApi.WebApi.RawHttpClientBase.SendAsync(HttpRequestMessage message, HttpCompletionOption completionOption, Object userState, CancellationToken cancellationToken)
   at Sdk.WebApi.WebApi.RawHttpClientBase.SendAsync[T](HttpRequestMessage message, Boolean readErrorBody, Object userState, CancellationToken cancellationToken)
   at Sdk.WebApi.WebApi.RawHttpClientBase.SendAsync[T](HttpMethod method, IEnumerable`1 additionalHeaders, Uri requestUri, HttpContent content, IEnumerable`1 queryParameters, Boolean readErrorBody, Object userState, CancellationToken cancellationToken)
   at GitHub.Actions.RunService.WebApi.BrokerHttpClient.GetRunnerMessageAsync(Nullable`1 sessionId, String runnerVersion, Nullable`1 status, String os, String architecture, Nullable`1 disableUpdate, CancellationToken cancellationToken)
   at GitHub.Runner.Common.BrokerServer.<>c__DisplayClass7_0.<<GetRunnerMessageAsync>b__0>d.MoveNext()
--- End of stack trace from previous location ---
   at GitHub.Runner.Common.RunnerService.RetryRequest[T](Func`1 func, CancellationToken cancellationToken, Int32 maxAttempts, Func`2 shouldRetry)
[2026-09-27 17:03:56Z ERR  BrokerServer] #####################################################
[2026-09-27 17:03:56Z ERR  BrokerServer] System.Threading.Tasks.TaskCanceledException: The operation was canceled.
 ---> System.IO.IOException: Unable to read data from the transport connection: The I/O operation has been aborted because of either a thread exit or an application request..
 ---> System.Net.Sockets.SocketException (995): The I/O operation has been aborted because of either a thread exit or an application request.
   --- End of inner exception stack trace ---
   at System.Net.Sockets.Socket.AwaitableSocketAsyncEventArgs.ThrowException(SocketError error, CancellationToken cancellationToken)
   at System.Net.Sockets.Socket.AwaitableSocketAsyncEventArgs.System.Threading.Tasks.Sources.IValueTaskSource<System.Int32>.GetResult(Int16 token)
   at System.Net.Security.SslStream.EnsureFullTlsFrameAsync[TIOAdapter](CancellationToken cancellationToken, Int32 estimatedSize)
   at System.Runtime.CompilerServices.PoolingAsyncValueTaskMethodBuilder`1.StateMachineBox`1.System.Threading.Tasks.Sources.IValueTaskSource<TResult>.GetResult(Int16 token)
   at System.Net.Security.SslStream.ReadAsyncInternal[TIOAdapter](Memory`1 buffer, CancellationToken cancellationToken)
   at System.Runtime.CompilerServices.PoolingAsyncValueTaskMethodBuilder`1.StateMachineBox`1.System.Threading.Tasks.Sources.IValueTaskSource<TResult>.GetResult(Int16 token)
   at System.Net.Http.HttpConnection.SendAsync(HttpRequestMessage request, Boolean async, CancellationToken cancellationToken)
   --- End of inner exception stack trace ---
   at System.Net.Http.HttpConnection.SendAsync(HttpRequestMessage request, Boolean async, CancellationToken cancellationToken)
   at System.Net.Http.AuthenticationHelper.SendWithNtAuthAsync(HttpRequestMessage request, Uri authUri, Boolean async, ICredentials credentials, Boolean isProxyAuth, HttpConnection connection, HttpConnectionPool connectionPool, CancellationToken cancellationToken)
   at System.Net.Http.HttpConnectionPool.SendWithVersionDetectionAndRetryAsync(HttpRequestMessage request, Boolean async, Boolean doRequestAuth, CancellationToken cancellationToken)
   at System.Net.Http.AuthenticationHelper.SendWithAuthAsync(HttpRequestMessage request, Uri authUri, Boolean async, ICredentials credentials, Boolean preAuthenticate, Boolean isProxyAuth, Boolean doRequestAuth, HttpConnectionPool pool, CancellationToken cancellationToken)
   at System.Net.Http.RedirectHandler.SendAsync(HttpRequestMessage request, Boolean async, CancellationToken cancellationToken)
   at GitHub.Services.Common.RawHttpMessageHandler.SendAsync(HttpRequestMessage request, CancellationToken cancellationToken)
   at GitHub.Services.Common.VssHttpRetryMessageHandler.SendAsync(HttpRequestMessage request, CancellationToken cancellationToken)
   at System.Net.Http.HttpClient.<SendAsync>g__Core|83_0(HttpRequestMessage request, HttpCompletionOption completionOption, CancellationTokenSource cts, Boolean disposeCts, CancellationTokenSource pendingRequestsCts, CancellationToken originalCancellationToken)
[2026-09-27 17:03:56Z ERR  BrokerServer] #####################################################
[2026-09-27 17:03:56Z ERR  BrokerServer] System.IO.IOException: Unable to read data from the transport connection: The I/O operation has been aborted because of either a thread exit or an application request..
 ---> System.Net.Sockets.SocketException (995): The I/O operation has been aborted because of either a thread exit or an application request.
   --- End of inner exception stack trace ---
   at System.Net.Sockets.Socket.AwaitableSocketAsyncEventArgs.ThrowException(SocketError error, CancellationToken cancellationToken)
   at System.Net.Sockets.Socket.AwaitableSocketAsyncEventArgs.System.Threading.Tasks.Sources.IValueTaskSource<System.Int32>.GetResult(Int16 token)
   at System.Net.Security.SslStream.EnsureFullTlsFrameAsync[TIOAdapter](CancellationToken cancellationToken, Int32 estimatedSize)
   at System.Runtime.CompilerServices.PoolingAsyncValueTaskMethodBuilder`1.StateMachineBox`1.System.Threading.Tasks.Sources.IValueTaskSource<TResult>.GetResult(Int16 token)
   at System.Net.Security.SslStream.ReadAsyncInternal[TIOAdapter](Memory`1 buffer, CancellationToken cancellationToken)
   at System.Runtime.CompilerServices.PoolingAsyncValueTaskMethodBuilder`1.StateMachineBox`1.System.Threading.Tasks.Sources.IValueTaskSource<TResult>.GetResult(Int16 token)
   at System.Net.Http.HttpConnection.SendAsync(HttpRequestMessage request, Boolean async, CancellationToken cancellationToken)
[2026-09-27 17:03:56Z ERR  BrokerServer] #####################################################
[2026-09-27 17:03:56Z ERR  BrokerServer] System.Net.Sockets.SocketException (995): The I/O operation has been aborted because of either a thread exit or an application request.
[2026-09-27 17:03:56Z WARN BrokerServer] Back off 10.837 seconds before next retry. 4 attempt left.
[2026-09-27 17:03:56Z INFO BrokerMessageListener] Get messages has been cancelled using local token source. Continue to get messages with new status.
[2026-09-27 17:06:37Z INFO BrokerMessageListener] Acknowledging runner request 'c75e890e-9925-55b6-bbba-b991ad0dd78e'.
[2026-09-27 17:06:38Z INFO ConfigurationStore] HasCredentials()
[2026-09-27 17:06:38Z INFO ConfigurationStore] stored True
[2026-09-27 17:06:38Z INFO CredentialManager] GetCredentialProvider
[2026-09-27 17:06:38Z INFO CredentialManager] Creating type OAuth
[2026-09-27 17:06:38Z INFO CredentialManager] Creating credential type: OAuth
[2026-09-27 17:06:38Z INFO RSAEncryptedFileKeyManager] Loading RSA key parameters from file D:\cicd\actions-runner\.credentials_rsaparams
[2026-09-27 17:06:38Z INFO RSAEncryptedFileKeyManager] Loading RSA key parameters from file D:\cicd\actions-runner\.credentials_rsaparams
[2026-09-27 17:06:38Z INFO RSAEncryptedFileKeyManager] Loading RSA key parameters from file D:\cicd\actions-runner\.credentials_rsaparams
[2026-09-27 17:06:39Z INFO GitHubActionsService] AAD Correlation ID for this token request: Unknown
[2026-09-27 17:06:40Z INFO JobDispatcher] Job request 0 for plan b9e41d67-c11d-46aa-a9cb-2d8dd435c343 job c75e890e-9925-55b6-bbba-b991ad0dd78e received.
[2026-09-27 17:06:40Z INFO JobDispatcher] Pull OrchestrationId b9e41d67-c11d-46aa-a9cb-2d8dd435c343.ci-cd.__default from JWT claims
[2026-09-27 17:06:40Z INFO BrokerMessageListener] Received job status event. JobState: Busy
[2026-09-27 17:06:40Z INFO BrokerMessageListener] _getMessagesTokenSource is already disposed.
[2026-09-27 17:06:40Z INFO JobDispatcher] Job request 4136c1a4-4530-537a-b8ba-452663500062 processed succeed.
[2026-09-27 17:06:40Z INFO Terminal] WRITE LINE: 2026-09-27 17:06:40Z: Running job: ci-cd
[2026-09-27 17:06:40Z INFO JobDispatcher] Start renew job request 0 for job c75e890e-9925-55b6-bbba-b991ad0dd78e.
[2026-09-27 17:06:41Z INFO JobDispatcher] Successfully renew job c75e890e-9925-55b6-bbba-b991ad0dd78e, job is valid till 27-09-2026 17:16:42
[2026-09-27 17:06:41Z INFO HostContext] Well known directory 'Bin': 'D:\cicd\actions-runner\bin'
[2026-09-27 17:06:41Z INFO ProcessInvokerWrapper] Starting process:
[2026-09-27 17:06:41Z INFO ProcessInvokerWrapper]   File name: 'D:\cicd\actions-runner\bin\Runner.Worker.exe'
[2026-09-27 17:06:41Z INFO ProcessInvokerWrapper]   Arguments: 'spawnclient 2192 2252'
[2026-09-27 17:06:41Z INFO ProcessInvokerWrapper]   Working directory: 'D:\cicd\actions-runner\bin'
[2026-09-27 17:06:41Z INFO ProcessInvokerWrapper]   Require exit code zero: 'False'
[2026-09-27 17:06:41Z INFO ProcessInvokerWrapper]   Encoding web name:  ; code page: ''
[2026-09-27 17:06:41Z INFO ProcessInvokerWrapper]   Force kill process on cancellation: 'True'
[2026-09-27 17:06:41Z INFO ProcessInvokerWrapper]   Redirected STDIN: 'False'
[2026-09-27 17:06:41Z INFO ProcessInvokerWrapper]   Persist current code page: 'False'
[2026-09-27 17:06:41Z INFO ProcessInvokerWrapper]   Keep redirected STDIN open: 'False'
[2026-09-27 17:06:41Z INFO ProcessInvokerWrapper]   High priority process: 'True'
[2026-09-27 17:06:41Z INFO ProcessInvokerWrapper] Process started with process id 27820, waiting for process exit.
[2026-09-27 17:06:41Z INFO JobDispatcher] Send job request message to worker for job c75e890e-9925-55b6-bbba-b991ad0dd78e.
[2026-09-27 17:06:41Z INFO ProcessChannel] Sending message of length 23363, with hash '164225871174bfa86fea3c38a7ace71c07fb63fa024c683b2c2d3a99a3d90fae'
[2026-09-27 17:06:41Z INFO JobNotification] Entering JobStarted Notification
[2026-09-27 17:06:41Z INFO JobNotification] Entering StartMonitor
[2026-09-27 17:07:28Z INFO ProcessInvokerWrapper] STDOUT/STDERR stream read finished.
[2026-09-27 17:07:28Z INFO ProcessInvokerWrapper] STDOUT/STDERR stream read finished.
[2026-09-27 17:07:28Z INFO ProcessInvokerWrapper] Finished process 27820 with exit code 102, and elapsed time 00:00:47.3987886.
[2026-09-27 17:07:28Z INFO JobDispatcher] Worker finished for job c75e890e-9925-55b6-bbba-b991ad0dd78e. Code: 102
[2026-09-27 17:07:28Z INFO JobDispatcher] finish job request for job c75e890e-9925-55b6-bbba-b991ad0dd78e with result: Failed
[2026-09-27 17:07:28Z INFO Terminal] WRITE LINE: 2026-09-27 17:07:28Z: Job ci-cd completed with result: Failed
[2026-09-27 17:07:28Z INFO JobDispatcher] Stop renew job request for job c75e890e-9925-55b6-bbba-b991ad0dd78e.
[2026-09-27 17:07:28Z INFO JobDispatcher] job renew has been cancelled, stop renew job c75e890e-9925-55b6-bbba-b991ad0dd78e.
[2026-09-27 17:07:28Z INFO JobNotification] Entering JobCompleted Notification
[2026-09-27 17:07:28Z INFO JobNotification] Entering EndMonitor
[2026-09-27 17:07:28Z INFO BrokerMessageListener] Received job status event. JobState: Online
[2026-09-27 17:07:28Z WARN GitHubActionsService] GET request to https://broker.actions.githubusercontent.com/message?sessionId=07a9bf9c-bada-4a77-a61d-f4a2233c0586&status=Busy&runnerVersion=2.337.0&os=Windows&architecture=X64&disableUpdate=false has been cancelled.
[2026-09-27 17:07:28Z ERR  BrokerServer] Catch exception during request
[2026-09-27 17:07:28Z ERR  BrokerServer] System.Threading.Tasks.TaskCanceledException: The operation was canceled.
 ---> System.Threading.Tasks.TaskCanceledException: The operation was canceled.
 ---> System.IO.IOException: Unable to read data from the transport connection: The I/O operation has been aborted because of either a thread exit or an application request..
 ---> System.Net.Sockets.SocketException (995): The I/O operation has been aborted because of either a thread exit or an application request.
   --- End of inner exception stack trace ---
   at System.Net.Sockets.Socket.AwaitableSocketAsyncEventArgs.ThrowException(SocketError error, CancellationToken cancellationToken)
   at System.Net.Sockets.Socket.AwaitableSocketAsyncEventArgs.System.Threading.Tasks.Sources.IValueTaskSource<System.Int32>.GetResult(Int16 token)
   at System.Net.Security.SslStream.EnsureFullTlsFrameAsync[TIOAdapter](CancellationToken cancellationToken, Int32 estimatedSize)
   at System.Runtime.CompilerServices.PoolingAsyncValueTaskMethodBuilder`1.StateMachineBox`1.System.Threading.Tasks.Sources.IValueTaskSource<TResult>.GetResult(Int16 token)
   at System.Net.Security.SslStream.ReadAsyncInternal[TIOAdapter](Memory`1 buffer, CancellationToken cancellationToken)
   at System.Runtime.CompilerServices.PoolingAsyncValueTaskMethodBuilder`1.StateMachineBox`1.System.Threading.Tasks.Sources.IValueTaskSource<TResult>.GetResult(Int16 token)
   at System.Net.Http.HttpConnection.SendAsync(HttpRequestMessage request, Boolean async, CancellationToken cancellationToken)
   --- End of inner exception stack trace ---
   at System.Net.Http.HttpConnection.SendAsync(HttpRequestMessage request, Boolean async, CancellationToken cancellationToken)
   at System.Net.Http.AuthenticationHelper.SendWithNtAuthAsync(HttpRequestMessage request, Uri authUri, Boolean async, ICredentials credentials, Boolean isProxyAuth, HttpConnection connection, HttpConnectionPool connectionPool, CancellationToken cancellationToken)
   at System.Net.Http.HttpConnectionPool.SendWithVersionDetectionAndRetryAsync(HttpRequestMessage request, Boolean async, Boolean doRequestAuth, CancellationToken cancellationToken)
   at System.Net.Http.AuthenticationHelper.SendWithAuthAsync(HttpRequestMessage request, Uri authUri, Boolean async, ICredentials credentials, Boolean preAuthenticate, Boolean isProxyAuth, Boolean doRequestAuth, HttpConnectionPool pool, CancellationToken cancellationToken)
   at System.Net.Http.RedirectHandler.SendAsync(HttpRequestMessage request, Boolean async, CancellationToken cancellationToken)
   at GitHub.Services.Common.RawHttpMessageHandler.SendAsync(HttpRequestMessage request, CancellationToken cancellationToken)
   at GitHub.Services.Common.VssHttpRetryMessageHandler.SendAsync(HttpRequestMessage request, CancellationToken cancellationToken)
   at System.Net.Http.HttpClient.<SendAsync>g__Core|83_0(HttpRequestMessage request, HttpCompletionOption completionOption, CancellationTokenSource cts, Boolean disposeCts, CancellationTokenSource pendingRequestsCts, CancellationToken originalCancellationToken)
   --- End of inner exception stack trace ---
   at System.Net.Http.HttpClient.HandleFailure(Exception e, Boolean telemetryStarted, HttpResponseMessage response, CancellationTokenSource cts, CancellationToken cancellationToken, CancellationTokenSource pendingRequestsCts)
   at System.Net.Http.HttpClient.<SendAsync>g__Core|83_0(HttpRequestMessage request, HttpCompletionOption completionOption, CancellationTokenSource cts, Boolean disposeCts, CancellationTokenSource pendingRequestsCts, CancellationToken originalCancellationToken)
   at Sdk.WebApi.WebApi.RawHttpClientBase.SendAsync(HttpRequestMessage message, HttpCompletionOption completionOption, Object userState, CancellationToken cancellationToken)
   at Sdk.WebApi.WebApi.RawHttpClientBase.SendAsync[T](HttpRequestMessage message, Boolean readErrorBody, Object userState, CancellationToken cancellationToken)
   at Sdk.WebApi.WebApi.RawHttpClientBase.SendAsync[T](HttpMethod method, IEnumerable`1 additionalHeaders, Uri requestUri, HttpContent content, IEnumerable`1 queryParameters, Boolean readErrorBody, Object userState, CancellationToken cancellationToken)
   at GitHub.Actions.RunService.WebApi.BrokerHttpClient.GetRunnerMessageAsync(Nullable`1 sessionId, String runnerVersion, Nullable`1 status, String os, String architecture, Nullable`1 disableUpdate, CancellationToken cancellationToken)
   at GitHub.Runner.Common.BrokerServer.<>c__DisplayClass7_0.<<GetRunnerMessageAsync>b__0>d.MoveNext()
--- End of stack trace from previous location ---
   at GitHub.Runner.Common.RunnerService.RetryRequest[T](Func`1 func, CancellationToken cancellationToken, Int32 maxAttempts, Func`2 shouldRetry)
[2026-09-27 17:07:28Z ERR  BrokerServer] #####################################################
[2026-09-27 17:07:28Z ERR  BrokerServer] System.Threading.Tasks.TaskCanceledException: The operation was canceled.
 ---> System.IO.IOException: Unable to read data from the transport connection: The I/O operation has been aborted because of either a thread exit or an application request..
 ---> System.Net.Sockets.SocketException (995): The I/O operation has been aborted because of either a thread exit or an application request.
   --- End of inner exception stack trace ---
   at System.Net.Sockets.Socket.AwaitableSocketAsyncEventArgs.ThrowException(SocketError error, CancellationToken cancellationToken)
   at System.Net.Sockets.Socket.AwaitableSocketAsyncEventArgs.System.Threading.Tasks.Sources.IValueTaskSource<System.Int32>.GetResult(Int16 token)
   at System.Net.Security.SslStream.EnsureFullTlsFrameAsync[TIOAdapter](CancellationToken cancellationToken, Int32 estimatedSize)
   at System.Runtime.CompilerServices.PoolingAsyncValueTaskMethodBuilder`1.StateMachineBox`1.System.Threading.Tasks.Sources.IValueTaskSource<TResult>.GetResult(Int16 token)
   at System.Net.Security.SslStream.ReadAsyncInternal[TIOAdapter](Memory`1 buffer, CancellationToken cancellationToken)
   at System.Runtime.CompilerServices.PoolingAsyncValueTaskMethodBuilder`1.StateMachineBox`1.System.Threading.Tasks.Sources.IValueTaskSource<TResult>.GetResult(Int16 token)
   at System.Net.Http.HttpConnection.SendAsync(HttpRequestMessage request, Boolean async, CancellationToken cancellationToken)
   --- End of inner exception stack trace ---
   at System.Net.Http.HttpConnection.SendAsync(HttpRequestMessage request, Boolean async, CancellationToken cancellationToken)
   at System.Net.Http.AuthenticationHelper.SendWithNtAuthAsync(HttpRequestMessage request, Uri authUri, Boolean async, ICredentials credentials, Boolean isProxyAuth, HttpConnection connection, HttpConnectionPool connectionPool, CancellationToken cancellationToken)
   at System.Net.Http.HttpConnectionPool.SendWithVersionDetectionAndRetryAsync(HttpRequestMessage request, Boolean async, Boolean doRequestAuth, CancellationToken cancellationToken)
   at System.Net.Http.AuthenticationHelper.SendWithAuthAsync(HttpRequestMessage request, Uri authUri, Boolean async, ICredentials credentials, Boolean preAuthenticate, Boolean isProxyAuth, Boolean doRequestAuth, HttpConnectionPool pool, CancellationToken cancellationToken)
   at System.Net.Http.RedirectHandler.SendAsync(HttpRequestMessage request, Boolean async, CancellationToken cancellationToken)
   at GitHub.Services.Common.RawHttpMessageHandler.SendAsync(HttpRequestMessage request, CancellationToken cancellationToken)
   at GitHub.Services.Common.VssHttpRetryMessageHandler.SendAsync(HttpRequestMessage request, CancellationToken cancellationToken)
   at System.Net.Http.HttpClient.<SendAsync>g__Core|83_0(HttpRequestMessage request, HttpCompletionOption completionOption, CancellationTokenSource cts, Boolean disposeCts, CancellationTokenSource pendingRequestsCts, CancellationToken originalCancellationToken)
[2026-09-27 17:07:28Z ERR  BrokerServer] #####################################################
[2026-09-27 17:07:28Z ERR  BrokerServer] System.IO.IOException: Unable to read data from the transport connection: The I/O operation has been aborted because of either a thread exit or an application request..
 ---> System.Net.Sockets.SocketException (995): The I/O operation has been aborted because of either a thread exit or an application request.
   --- End of inner exception stack trace ---
   at System.Net.Sockets.Socket.AwaitableSocketAsyncEventArgs.ThrowException(SocketError error, CancellationToken cancellationToken)
   at System.Net.Sockets.Socket.AwaitableSocketAsyncEventArgs.System.Threading.Tasks.Sources.IValueTaskSource<System.Int32>.GetResult(Int16 token)
   at System.Net.Security.SslStream.EnsureFullTlsFrameAsync[TIOAdapter](CancellationToken cancellationToken, Int32 estimatedSize)
   at System.Runtime.CompilerServices.PoolingAsyncValueTaskMethodBuilder`1.StateMachineBox`1.System.Threading.Tasks.Sources.IValueTaskSource<TResult>.GetResult(Int16 token)
   at System.Net.Security.SslStream.ReadAsyncInternal[TIOAdapter](Memory`1 buffer, CancellationToken cancellationToken)
   at System.Runtime.CompilerServices.PoolingAsyncValueTaskMethodBuilder`1.StateMachineBox`1.System.Threading.Tasks.Sources.IValueTaskSource<TResult>.GetResult(Int16 token)
   at System.Net.Http.HttpConnection.SendAsync(HttpRequestMessage request, Boolean async, CancellationToken cancellationToken)
[2026-09-27 17:07:28Z ERR  BrokerServer] #####################################################
[2026-09-27 17:07:28Z ERR  BrokerServer] System.Net.Sockets.SocketException (995): The I/O operation has been aborted because of either a thread exit or an application request.
[2026-09-27 17:07:28Z WARN BrokerServer] Back off 5.527 seconds before next retry. 4 attempt left.
[2026-09-27 17:07:28Z INFO BrokerMessageListener] Get messages has been cancelled using local token source. Continue to get messages with new status.
[2026-09-27 17:10:47Z INFO BrokerMessageListener] Acknowledging runner request '71953362-2f50-576e-b341-bd3dcbb34742'.
[2026-09-27 17:10:48Z INFO ConfigurationStore] HasCredentials()
[2026-09-27 17:10:48Z INFO ConfigurationStore] stored True
[2026-09-27 17:10:48Z INFO CredentialManager] GetCredentialProvider
[2026-09-27 17:10:48Z INFO CredentialManager] Creating type OAuth
[2026-09-27 17:10:48Z INFO CredentialManager] Creating credential type: OAuth
[2026-09-27 17:10:48Z INFO RSAEncryptedFileKeyManager] Loading RSA key parameters from file D:\cicd\actions-runner\.credentials_rsaparams
[2026-09-27 17:10:48Z INFO RSAEncryptedFileKeyManager] Loading RSA key parameters from file D:\cicd\actions-runner\.credentials_rsaparams
[2026-09-27 17:10:48Z INFO RSAEncryptedFileKeyManager] Loading RSA key parameters from file D:\cicd\actions-runner\.credentials_rsaparams
[2026-09-27 17:10:49Z INFO GitHubActionsService] AAD Correlation ID for this token request: Unknown
[2026-09-27 17:10:51Z INFO JobDispatcher] Job request 0 for plan 7983789e-961a-498e-8eb8-c89387ce09fc job 71953362-2f50-576e-b341-bd3dcbb34742 received.
[2026-09-27 17:10:51Z INFO JobDispatcher] Pull OrchestrationId 7983789e-961a-498e-8eb8-c89387ce09fc.ci-cd.__default from JWT claims
[2026-09-27 17:10:51Z INFO BrokerMessageListener] Received job status event. JobState: Busy
[2026-09-27 17:10:51Z INFO BrokerMessageListener] _getMessagesTokenSource is already disposed.
[2026-09-27 17:10:51Z INFO JobDispatcher] Job request c75e890e-9925-55b6-bbba-b991ad0dd78e processed succeed.
[2026-09-27 17:10:51Z INFO Terminal] WRITE LINE: 2026-09-27 17:10:51Z: Running job: ci-cd
[2026-09-27 17:10:51Z INFO JobDispatcher] Start renew job request 0 for job 71953362-2f50-576e-b341-bd3dcbb34742.
[2026-09-27 17:10:51Z INFO JobDispatcher] Successfully renew job 71953362-2f50-576e-b341-bd3dcbb34742, job is valid till 27-09-2026 17:20:52
[2026-09-27 17:10:51Z INFO HostContext] Well known directory 'Bin': 'D:\cicd\actions-runner\bin'
[2026-09-27 17:10:51Z INFO ProcessInvokerWrapper] Starting process:
[2026-09-27 17:10:51Z INFO ProcessInvokerWrapper]   File name: 'D:\cicd\actions-runner\bin\Runner.Worker.exe'
[2026-09-27 17:10:51Z INFO ProcessInvokerWrapper]   Arguments: 'spawnclient 1468 1488'
[2026-09-27 17:10:51Z INFO ProcessInvokerWrapper]   Working directory: 'D:\cicd\actions-runner\bin'
[2026-09-27 17:10:51Z INFO ProcessInvokerWrapper]   Require exit code zero: 'False'
[2026-09-27 17:10:51Z INFO ProcessInvokerWrapper]   Encoding web name:  ; code page: ''
[2026-09-27 17:10:51Z INFO ProcessInvokerWrapper]   Force kill process on cancellation: 'True'
[2026-09-27 17:10:51Z INFO ProcessInvokerWrapper]   Redirected STDIN: 'False'
[2026-09-27 17:10:51Z INFO ProcessInvokerWrapper]   Persist current code page: 'False'
[2026-09-27 17:10:51Z INFO ProcessInvokerWrapper]   Keep redirected STDIN open: 'False'
[2026-09-27 17:10:51Z INFO ProcessInvokerWrapper]   High priority process: 'True'
[2026-09-27 17:10:51Z INFO ProcessInvokerWrapper] Process started with process id 26784, waiting for process exit.
[2026-09-27 17:10:51Z INFO JobDispatcher] Send job request message to worker for job 71953362-2f50-576e-b341-bd3dcbb34742.
[2026-09-27 17:10:51Z INFO ProcessChannel] Sending message of length 23478, with hash 'e1a2472d769c99c3d8cfe3dbf0e599a7e3208fee14dc32fdc2f8c386a0dfe911'
[2026-09-27 17:10:52Z INFO JobNotification] Entering JobStarted Notification
[2026-09-27 17:10:52Z INFO JobNotification] Entering StartMonitor
[2026-09-27 17:11:43Z INFO ProcessInvokerWrapper] STDOUT/STDERR stream read finished.
[2026-09-27 17:11:43Z INFO ProcessInvokerWrapper] STDOUT/STDERR stream read finished.
[2026-09-27 17:11:43Z INFO ProcessInvokerWrapper] Finished process 26784 with exit code 102, and elapsed time 00:00:51.4227847.
[2026-09-27 17:11:43Z INFO JobDispatcher] Worker finished for job 71953362-2f50-576e-b341-bd3dcbb34742. Code: 102
[2026-09-27 17:11:43Z INFO JobDispatcher] finish job request for job 71953362-2f50-576e-b341-bd3dcbb34742 with result: Failed
[2026-09-27 17:11:43Z INFO Terminal] WRITE LINE: 2026-09-27 17:11:43Z: Job ci-cd completed with result: Failed
[2026-09-27 17:11:43Z INFO JobDispatcher] Stop renew job request for job 71953362-2f50-576e-b341-bd3dcbb34742.
[2026-09-27 17:11:43Z INFO JobDispatcher] job renew has been cancelled, stop renew job 71953362-2f50-576e-b341-bd3dcbb34742.
[2026-09-27 17:11:43Z INFO JobNotification] Entering JobCompleted Notification
[2026-09-27 17:11:43Z INFO JobNotification] Entering EndMonitor
[2026-09-27 17:11:43Z INFO BrokerMessageListener] Received job status event. JobState: Online
[2026-09-27 17:11:43Z WARN GitHubActionsService] GET request to https://broker.actions.githubusercontent.com/message?sessionId=07a9bf9c-bada-4a77-a61d-f4a2233c0586&status=Busy&runnerVersion=2.337.0&os=Windows&architecture=X64&disableUpdate=false has been cancelled.
[2026-09-27 17:11:43Z ERR  BrokerServer] Catch exception during request
[2026-09-27 17:11:43Z ERR  BrokerServer] System.Threading.Tasks.TaskCanceledException: The operation was canceled.
 ---> System.Threading.Tasks.TaskCanceledException: The operation was canceled.
 ---> System.IO.IOException: Unable to read data from the transport connection: The I/O operation has been aborted because of either a thread exit or an application request..
 ---> System.Net.Sockets.SocketException (995): The I/O operation has been aborted because of either a thread exit or an application request.
   --- End of inner exception stack trace ---
   at System.Net.Sockets.Socket.AwaitableSocketAsyncEventArgs.System.Threading.Tasks.Sources.IValueTaskSource<System.Int32>.GetResult(Int16 token)
   at System.Net.Security.SslStream.EnsureFullTlsFrameAsync[TIOAdapter](CancellationToken cancellationToken, Int32 estimatedSize)
   at System.Runtime.CompilerServices.PoolingAsyncValueTaskMethodBuilder`1.StateMachineBox`1.System.Threading.Tasks.Sources.IValueTaskSource<TResult>.GetResult(Int16 token)
   at System.Net.Security.SslStream.ReadAsyncInternal[TIOAdapter](Memory`1 buffer, CancellationToken cancellationToken)
   at System.Runtime.CompilerServices.PoolingAsyncValueTaskMethodBuilder`1.StateMachineBox`1.System.Threading.Tasks.Sources.IValueTaskSource<TResult>.GetResult(Int16 token)
   at System.Net.Http.HttpConnection.SendAsync(HttpRequestMessage request, Boolean async, CancellationToken cancellationToken)
   --- End of inner exception stack trace ---
   at System.Net.Http.HttpConnection.SendAsync(HttpRequestMessage request, Boolean async, CancellationToken cancellationToken)
   at System.Net.Http.AuthenticationHelper.SendWithNtAuthAsync(HttpRequestMessage request, Uri authUri, Boolean async, ICredentials credentials, Boolean isProxyAuth, HttpConnection connection, HttpConnectionPool connectionPool, CancellationToken cancellationToken)
   at System.Net.Http.HttpConnectionPool.SendWithVersionDetectionAndRetryAsync(HttpRequestMessage request, Boolean async, Boolean doRequestAuth, CancellationToken cancellationToken)
   at System.Net.Http.AuthenticationHelper.SendWithAuthAsync(HttpRequestMessage request, Uri authUri, Boolean async, ICredentials credentials, Boolean preAuthenticate, Boolean isProxyAuth, Boolean doRequestAuth, HttpConnectionPool pool, CancellationToken cancellationToken)
   at System.Net.Http.RedirectHandler.SendAsync(HttpRequestMessage request, Boolean async, CancellationToken cancellationToken)
   at GitHub.Services.Common.RawHttpMessageHandler.SendAsync(HttpRequestMessage request, CancellationToken cancellationToken)
   at GitHub.Services.Common.VssHttpRetryMessageHandler.SendAsync(HttpRequestMessage request, CancellationToken cancellationToken)
   at System.Net.Http.HttpClient.<SendAsync>g__Core|83_0(HttpRequestMessage request, HttpCompletionOption completionOption, CancellationTokenSource cts, Boolean disposeCts, CancellationTokenSource pendingRequestsCts, CancellationToken originalCancellationToken)
   --- End of inner exception stack trace ---
   at System.Net.Http.HttpClient.HandleFailure(Exception e, Boolean telemetryStarted, HttpResponseMessage response, CancellationTokenSource cts, CancellationToken cancellationToken, CancellationTokenSource pendingRequestsCts)
   at System.Net.Http.HttpClient.<SendAsync>g__Core|83_0(HttpRequestMessage request, HttpCompletionOption completionOption, CancellationTokenSource cts, Boolean disposeCts, CancellationTokenSource pendingRequestsCts, CancellationToken originalCancellationToken)
   at Sdk.WebApi.WebApi.RawHttpClientBase.SendAsync(HttpRequestMessage message, HttpCompletionOption completionOption, Object userState, CancellationToken cancellationToken)
   at Sdk.WebApi.WebApi.RawHttpClientBase.SendAsync[T](HttpRequestMessage message, Boolean readErrorBody, Object userState, CancellationToken cancellationToken)
   at Sdk.WebApi.WebApi.RawHttpClientBase.SendAsync[T](HttpMethod method, IEnumerable`1 additionalHeaders, Uri requestUri, HttpContent content, IEnumerable`1 queryParameters, Boolean readErrorBody, Object userState, CancellationToken cancellationToken)
   at GitHub.Actions.RunService.WebApi.BrokerHttpClient.GetRunnerMessageAsync(Nullable`1 sessionId, String runnerVersion, Nullable`1 status, String os, String architecture, Nullable`1 disableUpdate, CancellationToken cancellationToken)
   at GitHub.Runner.Common.BrokerServer.<>c__DisplayClass7_0.<<GetRunnerMessageAsync>b__0>d.MoveNext()
--- End of stack trace from previous location ---
   at GitHub.Runner.Common.RunnerService.RetryRequest[T](Func`1 func, CancellationToken cancellationToken, Int32 maxAttempts, Func`2 shouldRetry)
[2026-09-27 17:11:43Z ERR  BrokerServer] #####################################################
[2026-09-27 17:11:43Z ERR  BrokerServer] System.Threading.Tasks.TaskCanceledException: The operation was canceled.
 ---> System.IO.IOException: Unable to read data from the transport connection: The I/O operation has been aborted because of either a thread exit or an application request..
 ---> System.Net.Sockets.SocketException (995): The I/O operation has been aborted because of either a thread exit or an application request.
   --- End of inner exception stack trace ---
   at System.Net.Sockets.Socket.AwaitableSocketAsyncEventArgs.System.Threading.Tasks.Sources.IValueTaskSource<System.Int32>.GetResult(Int16 token)
   at System.Net.Security.SslStream.EnsureFullTlsFrameAsync[TIOAdapter](CancellationToken cancellationToken, Int32 estimatedSize)
   at System.Runtime.CompilerServices.PoolingAsyncValueTaskMethodBuilder`1.StateMachineBox`1.System.Threading.Tasks.Sources.IValueTaskSource<TResult>.GetResult(Int16 token)
   at System.Net.Security.SslStream.ReadAsyncInternal[TIOAdapter](Memory`1 buffer, CancellationToken cancellationToken)
   at System.Runtime.CompilerServices.PoolingAsyncValueTaskMethodBuilder`1.StateMachineBox`1.System.Threading.Tasks.Sources.IValueTaskSource<TResult>.GetResult(Int16 token)
   at System.Net.Http.HttpConnection.SendAsync(HttpRequestMessage request, Boolean async, CancellationToken cancellationToken)
   --- End of inner exception stack trace ---
   at System.Net.Http.HttpConnection.SendAsync(HttpRequestMessage request, Boolean async, CancellationToken cancellationToken)
   at System.Net.Http.AuthenticationHelper.SendWithNtAuthAsync(HttpRequestMessage request, Uri authUri, Boolean async, ICredentials credentials, Boolean isProxyAuth, HttpConnection connection, HttpConnectionPool connectionPool, CancellationToken cancellationToken)
   at System.Net.Http.HttpConnectionPool.SendWithVersionDetectionAndRetryAsync(HttpRequestMessage request, Boolean async, Boolean doRequestAuth, CancellationToken cancellationToken)
   at System.Net.Http.AuthenticationHelper.SendWithAuthAsync(HttpRequestMessage request, Uri authUri, Boolean async, ICredentials credentials, Boolean preAuthenticate, Boolean isProxyAuth, Boolean doRequestAuth, HttpConnectionPool pool, CancellationToken cancellationToken)
   at System.Net.Http.RedirectHandler.SendAsync(HttpRequestMessage request, Boolean async, CancellationToken cancellationToken)
   at GitHub.Services.Common.RawHttpMessageHandler.SendAsync(HttpRequestMessage request, CancellationToken cancellationToken)
   at GitHub.Services.Common.VssHttpRetryMessageHandler.SendAsync(HttpRequestMessage request, CancellationToken cancellationToken)
   at System.Net.Http.HttpClient.<SendAsync>g__Core|83_0(HttpRequestMessage request, HttpCompletionOption completionOption, CancellationTokenSource cts, Boolean disposeCts, CancellationTokenSource pendingRequestsCts, CancellationToken originalCancellationToken)
[2026-09-27 17:11:43Z ERR  BrokerServer] #####################################################
[2026-09-27 17:11:43Z ERR  BrokerServer] System.IO.IOException: Unable to read data from the transport connection: The I/O operation has been aborted because of either a thread exit or an application request..
 ---> System.Net.Sockets.SocketException (995): The I/O operation has been aborted because of either a thread exit or an application request.
   --- End of inner exception stack trace ---
   at System.Net.Sockets.Socket.AwaitableSocketAsyncEventArgs.System.Threading.Tasks.Sources.IValueTaskSource<System.Int32>.GetResult(Int16 token)
   at System.Net.Security.SslStream.EnsureFullTlsFrameAsync[TIOAdapter](CancellationToken cancellationToken, Int32 estimatedSize)
   at System.Runtime.CompilerServices.PoolingAsyncValueTaskMethodBuilder`1.StateMachineBox`1.System.Threading.Tasks.Sources.IValueTaskSource<TResult>.GetResult(Int16 token)
   at System.Net.Security.SslStream.ReadAsyncInternal[TIOAdapter](Memory`1 buffer, CancellationToken cancellationToken)
   at System.Runtime.CompilerServices.PoolingAsyncValueTaskMethodBuilder`1.StateMachineBox`1.System.Threading.Tasks.Sources.IValueTaskSource<TResult>.GetResult(Int16 token)
   at System.Net.Http.HttpConnection.SendAsync(HttpRequestMessage request, Boolean async, CancellationToken cancellationToken)
[2026-09-27 17:11:43Z ERR  BrokerServer] #####################################################
[2026-09-27 17:11:43Z ERR  BrokerServer] System.Net.Sockets.SocketException (995): The I/O operation has been aborted because of either a thread exit or an application request.
[2026-09-27 17:11:43Z WARN BrokerServer] Back off 10.032 seconds before next retry. 4 attempt left.
[2026-09-27 17:11:43Z INFO BrokerMessageListener] Get messages has been cancelled using local token source. Continue to get messages with new status.
[2026-09-27 17:14:15Z INFO BrokerMessageListener] Acknowledging runner request 'd93a9662-306a-5e8e-a501-cac4a4d374b8'.
[2026-09-27 17:14:15Z INFO ConfigurationStore] HasCredentials()
[2026-09-27 17:14:15Z INFO ConfigurationStore] stored True
[2026-09-27 17:14:15Z INFO CredentialManager] GetCredentialProvider
[2026-09-27 17:14:15Z INFO CredentialManager] Creating type OAuth
[2026-09-27 17:14:15Z INFO CredentialManager] Creating credential type: OAuth
[2026-09-27 17:14:15Z INFO RSAEncryptedFileKeyManager] Loading RSA key parameters from file D:\cicd\actions-runner\.credentials_rsaparams
[2026-09-27 17:14:15Z INFO RSAEncryptedFileKeyManager] Loading RSA key parameters from file D:\cicd\actions-runner\.credentials_rsaparams
[2026-09-27 17:14:15Z INFO RSAEncryptedFileKeyManager] Loading RSA key parameters from file D:\cicd\actions-runner\.credentials_rsaparams
[2026-09-27 17:14:16Z INFO GitHubActionsService] AAD Correlation ID for this token request: Unknown
[2026-09-27 17:14:18Z INFO JobDispatcher] Job request 0 for plan 6278e716-adbe-4bc3-8490-4ca6be58b13e job d93a9662-306a-5e8e-a501-cac4a4d374b8 received.
[2026-09-27 17:14:18Z INFO JobDispatcher] Pull OrchestrationId 6278e716-adbe-4bc3-8490-4ca6be58b13e.ci-cd.__default from JWT claims
[2026-09-27 17:14:18Z INFO BrokerMessageListener] Received job status event. JobState: Busy
[2026-09-27 17:14:18Z INFO BrokerMessageListener] _getMessagesTokenSource is already disposed.
[2026-09-27 17:14:18Z INFO JobDispatcher] Job request 71953362-2f50-576e-b341-bd3dcbb34742 processed succeed.
[2026-09-27 17:14:18Z INFO Terminal] WRITE LINE: 2026-09-27 17:14:18Z: Running job: ci-cd
[2026-09-27 17:14:18Z INFO JobDispatcher] Start renew job request 0 for job d93a9662-306a-5e8e-a501-cac4a4d374b8.
[2026-09-27 17:14:18Z INFO JobDispatcher] Successfully renew job d93a9662-306a-5e8e-a501-cac4a4d374b8, job is valid till 27-09-2026 17:24:19
[2026-09-27 17:14:18Z INFO HostContext] Well known directory 'Bin': 'D:\cicd\actions-runner\bin'
[2026-09-27 17:14:18Z INFO ProcessInvokerWrapper] Starting process:
[2026-09-27 17:14:18Z INFO ProcessInvokerWrapper]   File name: 'D:\cicd\actions-runner\bin\Runner.Worker.exe'
[2026-09-27 17:14:18Z INFO ProcessInvokerWrapper]   Arguments: 'spawnclient 1740 2488'
[2026-09-27 17:14:18Z INFO ProcessInvokerWrapper]   Working directory: 'D:\cicd\actions-runner\bin'
[2026-09-27 17:14:18Z INFO ProcessInvokerWrapper]   Require exit code zero: 'False'
[2026-09-27 17:14:18Z INFO ProcessInvokerWrapper]   Encoding web name:  ; code page: ''
[2026-09-27 17:14:18Z INFO ProcessInvokerWrapper]   Force kill process on cancellation: 'True'
[2026-09-27 17:14:18Z INFO ProcessInvokerWrapper]   Redirected STDIN: 'False'
[2026-09-27 17:14:18Z INFO ProcessInvokerWrapper]   Persist current code page: 'False'
[2026-09-27 17:14:18Z INFO ProcessInvokerWrapper]   Keep redirected STDIN open: 'False'
[2026-09-27 17:14:18Z INFO ProcessInvokerWrapper]   High priority process: 'True'
[2026-09-27 17:14:18Z INFO ProcessInvokerWrapper] Process started with process id 17688, waiting for process exit.
[2026-09-27 17:14:18Z INFO JobDispatcher] Send job request message to worker for job d93a9662-306a-5e8e-a501-cac4a4d374b8.
[2026-09-27 17:14:18Z INFO ProcessChannel] Sending message of length 23474, with hash 'f123750cd9265df7996a20419981f1e511dac3cd4b71c8a084836033b13379b3'
[2026-09-27 17:14:19Z INFO JobNotification] Entering JobStarted Notification
[2026-09-27 17:14:19Z INFO JobNotification] Entering StartMonitor
[2026-09-27 17:14:49Z INFO ProcessInvokerWrapper] STDOUT/STDERR stream read finished.
[2026-09-27 17:14:49Z INFO ProcessInvokerWrapper] STDOUT/STDERR stream read finished.
[2026-09-27 17:14:49Z INFO ProcessInvokerWrapper] Finished process 17688 with exit code 102, and elapsed time 00:00:30.4188788.
[2026-09-27 17:14:49Z INFO JobDispatcher] Worker finished for job d93a9662-306a-5e8e-a501-cac4a4d374b8. Code: 102
[2026-09-27 17:14:49Z INFO JobDispatcher] finish job request for job d93a9662-306a-5e8e-a501-cac4a4d374b8 with result: Failed
[2026-09-27 17:14:49Z INFO Terminal] WRITE LINE: 2026-09-27 17:14:49Z: Job ci-cd completed with result: Failed
[2026-09-27 17:14:49Z INFO JobDispatcher] Stop renew job request for job d93a9662-306a-5e8e-a501-cac4a4d374b8.
[2026-09-27 17:14:49Z INFO JobDispatcher] job renew has been cancelled, stop renew job d93a9662-306a-5e8e-a501-cac4a4d374b8.
[2026-09-27 17:14:49Z INFO JobNotification] Entering JobCompleted Notification
[2026-09-27 17:14:49Z INFO JobNotification] Entering EndMonitor
[2026-09-27 17:14:49Z INFO BrokerMessageListener] Received job status event. JobState: Online
[2026-09-27 17:14:49Z WARN GitHubActionsService] GET request to https://broker.actions.githubusercontent.com/message?sessionId=07a9bf9c-bada-4a77-a61d-f4a2233c0586&status=Busy&runnerVersion=2.337.0&os=Windows&architecture=X64&disableUpdate=false has been cancelled.
[2026-09-27 17:14:49Z ERR  BrokerServer] Catch exception during request
[2026-09-27 17:14:49Z ERR  BrokerServer] System.Threading.Tasks.TaskCanceledException: The operation was canceled.
 ---> System.Threading.Tasks.TaskCanceledException: The operation was canceled.
 ---> System.IO.IOException: Unable to read data from the transport connection: The I/O operation has been aborted because of either a thread exit or an application request..
 ---> System.Net.Sockets.SocketException (995): The I/O operation has been aborted because of either a thread exit or an application request.
   --- End of inner exception stack trace ---
   at System.Net.Sockets.Socket.AwaitableSocketAsyncEventArgs.System.Threading.Tasks.Sources.IValueTaskSource<System.Int32>.GetResult(Int16 token)
   at System.Net.Security.SslStream.EnsureFullTlsFrameAsync[TIOAdapter](CancellationToken cancellationToken, Int32 estimatedSize)
   at System.Runtime.CompilerServices.PoolingAsyncValueTaskMethodBuilder`1.StateMachineBox`1.System.Threading.Tasks.Sources.IValueTaskSource<TResult>.GetResult(Int16 token)
   at System.Net.Security.SslStream.ReadAsyncInternal[TIOAdapter](Memory`1 buffer, CancellationToken cancellationToken)
   at System.Runtime.CompilerServices.PoolingAsyncValueTaskMethodBuilder`1.StateMachineBox`1.System.Threading.Tasks.Sources.IValueTaskSource<TResult>.GetResult(Int16 token)
   at System.Net.Http.HttpConnection.SendAsync(HttpRequestMessage request, Boolean async, CancellationToken cancellationToken)
   --- End of inner exception stack trace ---
   at System.Net.Http.HttpConnection.SendAsync(HttpRequestMessage request, Boolean async, CancellationToken cancellationToken)
   at System.Net.Http.AuthenticationHelper.SendWithNtAuthAsync(HttpRequestMessage request, Uri authUri, Boolean async, ICredentials credentials, Boolean isProxyAuth, HttpConnection connection, HttpConnectionPool connectionPool, CancellationToken cancellationToken)
   at System.Net.Http.HttpConnectionPool.SendWithVersionDetectionAndRetryAsync(HttpRequestMessage request, Boolean async, Boolean doRequestAuth, CancellationToken cancellationToken)
   at System.Net.Http.AuthenticationHelper.SendWithAuthAsync(HttpRequestMessage request, Uri authUri, Boolean async, ICredentials credentials, Boolean preAuthenticate, Boolean isProxyAuth, Boolean doRequestAuth, HttpConnectionPool pool, CancellationToken cancellationToken)
   at System.Net.Http.RedirectHandler.SendAsync(HttpRequestMessage request, Boolean async, CancellationToken cancellationToken)
   at GitHub.Services.Common.RawHttpMessageHandler.SendAsync(HttpRequestMessage request, CancellationToken cancellationToken)
   at GitHub.Services.Common.VssHttpRetryMessageHandler.SendAsync(HttpRequestMessage request, CancellationToken cancellationToken)
   at System.Net.Http.HttpClient.<SendAsync>g__Core|83_0(HttpRequestMessage request, HttpCompletionOption completionOption, CancellationTokenSource cts, Boolean disposeCts, CancellationTokenSource pendingRequestsCts, CancellationToken originalCancellationToken)
   --- End of inner exception stack trace ---
   at System.Net.Http.HttpClient.HandleFailure(Exception e, Boolean telemetryStarted, HttpResponseMessage response, CancellationTokenSource cts, CancellationToken cancellationToken, CancellationTokenSource pendingRequestsCts)
   at System.Net.Http.HttpClient.<SendAsync>g__Core|83_0(HttpRequestMessage request, HttpCompletionOption completionOption, CancellationTokenSource cts, Boolean disposeCts, CancellationTokenSource pendingRequestsCts, CancellationToken originalCancellationToken)
   at Sdk.WebApi.WebApi.RawHttpClientBase.SendAsync(HttpRequestMessage message, HttpCompletionOption completionOption, Object userState, CancellationToken cancellationToken)
   at Sdk.WebApi.WebApi.RawHttpClientBase.SendAsync[T](HttpRequestMessage message, Boolean readErrorBody, Object userState, CancellationToken cancellationToken)
   at Sdk.WebApi.WebApi.RawHttpClientBase.SendAsync[T](HttpMethod method, IEnumerable`1 additionalHeaders, Uri requestUri, HttpContent content, IEnumerable`1 queryParameters, Boolean readErrorBody, Object userState, CancellationToken cancellationToken)
   at GitHub.Actions.RunService.WebApi.BrokerHttpClient.GetRunnerMessageAsync(Nullable`1 sessionId, String runnerVersion, Nullable`1 status, String os, String architecture, Nullable`1 disableUpdate, CancellationToken cancellationToken)
   at GitHub.Runner.Common.BrokerServer.<>c__DisplayClass7_0.<<GetRunnerMessageAsync>b__0>d.MoveNext()
--- End of stack trace from previous location ---
   at GitHub.Runner.Common.RunnerService.RetryRequest[T](Func`1 func, CancellationToken cancellationToken, Int32 maxAttempts, Func`2 shouldRetry)
[2026-09-27 17:14:49Z ERR  BrokerServer] #####################################################
[2026-09-27 17:14:49Z ERR  BrokerServer] System.Threading.Tasks.TaskCanceledException: The operation was canceled.
 ---> System.IO.IOException: Unable to read data from the transport connection: The I/O operation has been aborted because of either a thread exit or an application request..
 ---> System.Net.Sockets.SocketException (995): The I/O operation has been aborted because of either a thread exit or an application request.
   --- End of inner exception stack trace ---
   at System.Net.Sockets.Socket.AwaitableSocketAsyncEventArgs.System.Threading.Tasks.Sources.IValueTaskSource<System.Int32>.GetResult(Int16 token)
   at System.Net.Security.SslStream.EnsureFullTlsFrameAsync[TIOAdapter](CancellationToken cancellationToken, Int32 estimatedSize)
   at System.Runtime.CompilerServices.PoolingAsyncValueTaskMethodBuilder`1.StateMachineBox`1.System.Threading.Tasks.Sources.IValueTaskSource<TResult>.GetResult(Int16 token)
   at System.Net.Security.SslStream.ReadAsyncInternal[TIOAdapter](Memory`1 buffer, CancellationToken cancellationToken)
   at System.Runtime.CompilerServices.PoolingAsyncValueTaskMethodBuilder`1.StateMachineBox`1.System.Threading.Tasks.Sources.IValueTaskSource<TResult>.GetResult(Int16 token)
   at System.Net.Http.HttpConnection.SendAsync(HttpRequestMessage request, Boolean async, CancellationToken cancellationToken)
   --- End of inner exception stack trace ---
   at System.Net.Http.HttpConnection.SendAsync(HttpRequestMessage request, Boolean async, CancellationToken cancellationToken)
   at System.Net.Http.AuthenticationHelper.SendWithNtAuthAsync(HttpRequestMessage request, Uri authUri, Boolean async, ICredentials credentials, Boolean isProxyAuth, HttpConnection connection, HttpConnectionPool connectionPool, CancellationToken cancellationToken)
   at System.Net.Http.HttpConnectionPool.SendWithVersionDetectionAndRetryAsync(HttpRequestMessage request, Boolean async, Boolean doRequestAuth, CancellationToken cancellationToken)
   at System.Net.Http.AuthenticationHelper.SendWithAuthAsync(HttpRequestMessage request, Uri authUri, Boolean async, ICredentials credentials, Boolean preAuthenticate, Boolean isProxyAuth, Boolean doRequestAuth, HttpConnectionPool pool, CancellationToken cancellationToken)
   at System.Net.Http.RedirectHandler.SendAsync(HttpRequestMessage request, Boolean async, CancellationToken cancellationToken)
   at GitHub.Services.Common.RawHttpMessageHandler.SendAsync(HttpRequestMessage request, CancellationToken cancellationToken)
   at GitHub.Services.Common.VssHttpRetryMessageHandler.SendAsync(HttpRequestMessage request, CancellationToken cancellationToken)
   at System.Net.Http.HttpClient.<SendAsync>g__Core|83_0(HttpRequestMessage request, HttpCompletionOption completionOption, CancellationTokenSource cts, Boolean disposeCts, CancellationTokenSource pendingRequestsCts, CancellationToken originalCancellationToken)
[2026-09-27 17:14:49Z ERR  BrokerServer] #####################################################
[2026-09-27 17:14:49Z ERR  BrokerServer] System.IO.IOException: Unable to read data from the transport connection: The I/O operation has been aborted because of either a thread exit or an application request..
 ---> System.Net.Sockets.SocketException (995): The I/O operation has been aborted because of either a thread exit or an application request.
   --- End of inner exception stack trace ---
   at System.Net.Sockets.Socket.AwaitableSocketAsyncEventArgs.System.Threading.Tasks.Sources.IValueTaskSource<System.Int32>.GetResult(Int16 token)
   at System.Net.Security.SslStream.EnsureFullTlsFrameAsync[TIOAdapter](CancellationToken cancellationToken, Int32 estimatedSize)
   at System.Runtime.CompilerServices.PoolingAsyncValueTaskMethodBuilder`1.StateMachineBox`1.System.Threading.Tasks.Sources.IValueTaskSource<TResult>.GetResult(Int16 token)
   at System.Net.Security.SslStream.ReadAsyncInternal[TIOAdapter](Memory`1 buffer, CancellationToken cancellationToken)
   at System.Runtime.CompilerServices.PoolingAsyncValueTaskMethodBuilder`1.StateMachineBox`1.System.Threading.Tasks.Sources.IValueTaskSource<TResult>.GetResult(Int16 token)
   at System.Net.Http.HttpConnection.SendAsync(HttpRequestMessage request, Boolean async, CancellationToken cancellationToken)
[2026-09-27 17:14:49Z ERR  BrokerServer] #####################################################
[2026-09-27 17:14:49Z ERR  BrokerServer] System.Net.Sockets.SocketException (995): The I/O operation has been aborted because of either a thread exit or an application request.
[2026-09-27 17:14:49Z WARN BrokerServer] Back off 11.764 seconds before next retry. 4 attempt left.
[2026-09-27 17:14:49Z INFO BrokerMessageListener] Get messages has been cancelled using local token source. Continue to get messages with new status.
[2026-09-27 17:37:18Z INFO BrokerMessageListener] Acknowledging runner request '519dc3ab-4199-5a74-98c3-4a0e16336875'.
[2026-09-27 17:37:18Z INFO ConfigurationStore] HasCredentials()
[2026-09-27 17:37:18Z INFO ConfigurationStore] stored True
[2026-09-27 17:37:18Z INFO CredentialManager] GetCredentialProvider
[2026-09-27 17:37:18Z INFO CredentialManager] Creating type OAuth
[2026-09-27 17:37:18Z INFO CredentialManager] Creating credential type: OAuth
[2026-09-27 17:37:18Z INFO RSAEncryptedFileKeyManager] Loading RSA key parameters from file D:\cicd\actions-runner\.credentials_rsaparams
[2026-09-27 17:37:18Z INFO RSAEncryptedFileKeyManager] Loading RSA key parameters from file D:\cicd\actions-runner\.credentials_rsaparams
[2026-09-27 17:37:18Z INFO RSAEncryptedFileKeyManager] Loading RSA key parameters from file D:\cicd\actions-runner\.credentials_rsaparams
[2026-09-27 17:37:19Z INFO GitHubActionsService] AAD Correlation ID for this token request: Unknown
[2026-09-27 17:37:20Z INFO JobDispatcher] Job request 0 for plan 2b7d9221-a42f-4408-8985-765c8a370ef5 job 519dc3ab-4199-5a74-98c3-4a0e16336875 received.
[2026-09-27 17:37:20Z INFO JobDispatcher] Pull OrchestrationId 2b7d9221-a42f-4408-8985-765c8a370ef5.ci-cd.__default from JWT claims
[2026-09-27 17:37:20Z INFO BrokerMessageListener] Received job status event. JobState: Busy
[2026-09-27 17:37:20Z INFO BrokerMessageListener] _getMessagesTokenSource is already disposed.
[2026-09-27 17:37:20Z INFO JobDispatcher] Job request d93a9662-306a-5e8e-a501-cac4a4d374b8 processed succeed.
[2026-09-27 17:37:20Z INFO Terminal] WRITE LINE: 2026-09-27 17:37:20Z: Running job: ci-cd
[2026-09-27 17:37:20Z INFO JobDispatcher] Start renew job request 0 for job 519dc3ab-4199-5a74-98c3-4a0e16336875.
[2026-09-27 17:37:21Z INFO JobDispatcher] Successfully renew job 519dc3ab-4199-5a74-98c3-4a0e16336875, job is valid till 27-09-2026 17:47:22
[2026-09-27 17:37:21Z INFO HostContext] Well known directory 'Bin': 'D:\cicd\actions-runner\bin'
[2026-09-27 17:37:21Z INFO ProcessInvokerWrapper] Starting process:
[2026-09-27 17:37:21Z INFO ProcessInvokerWrapper]   File name: 'D:\cicd\actions-runner\bin\Runner.Worker.exe'
[2026-09-27 17:37:21Z INFO ProcessInvokerWrapper]   Arguments: 'spawnclient 1500 2028'
[2026-09-27 17:37:21Z INFO ProcessInvokerWrapper]   Working directory: 'D:\cicd\actions-runner\bin'
[2026-09-27 17:37:21Z INFO ProcessInvokerWrapper]   Require exit code zero: 'False'
[2026-09-27 17:37:21Z INFO ProcessInvokerWrapper]   Encoding web name:  ; code page: ''
[2026-09-27 17:37:21Z INFO ProcessInvokerWrapper]   Force kill process on cancellation: 'True'
[2026-09-27 17:37:21Z INFO ProcessInvokerWrapper]   Redirected STDIN: 'False'
[2026-09-27 17:37:21Z INFO ProcessInvokerWrapper]   Persist current code page: 'False'
[2026-09-27 17:37:21Z INFO ProcessInvokerWrapper]   Keep redirected STDIN open: 'False'
[2026-09-27 17:37:21Z INFO ProcessInvokerWrapper]   High priority process: 'True'
[2026-09-27 17:37:21Z INFO ProcessInvokerWrapper] Process started with process id 3184, waiting for process exit.
[2026-09-27 17:37:21Z INFO JobDispatcher] Send job request message to worker for job 519dc3ab-4199-5a74-98c3-4a0e16336875.
[2026-09-27 17:37:21Z INFO ProcessChannel] Sending message of length 23363, with hash 'e2ee87fb2cc08ac9e97ced07eee67153730136011a197c8029dcf45ae0dac9ab'
[2026-09-27 17:37:21Z INFO JobNotification] Entering JobStarted Notification
[2026-09-27 17:37:21Z INFO JobNotification] Entering StartMonitor
[2026-09-27 17:37:54Z INFO ProcessInvokerWrapper] STDOUT/STDERR stream read finished.
[2026-09-27 17:37:54Z INFO ProcessInvokerWrapper] STDOUT/STDERR stream read finished.
[2026-09-27 17:37:54Z INFO ProcessInvokerWrapper] Finished process 3184 with exit code 102, and elapsed time 00:00:33.1647742.
[2026-09-27 17:37:54Z INFO JobDispatcher] Worker finished for job 519dc3ab-4199-5a74-98c3-4a0e16336875. Code: 102
[2026-09-27 17:37:54Z INFO JobDispatcher] finish job request for job 519dc3ab-4199-5a74-98c3-4a0e16336875 with result: Failed
[2026-09-27 17:37:54Z INFO Terminal] WRITE LINE: 2026-09-27 17:37:54Z: Job ci-cd completed with result: Failed
[2026-09-27 17:37:54Z INFO JobDispatcher] Stop renew job request for job 519dc3ab-4199-5a74-98c3-4a0e16336875.
[2026-09-27 17:37:54Z INFO JobDispatcher] job renew has been cancelled, stop renew job 519dc3ab-4199-5a74-98c3-4a0e16336875.
[2026-09-27 17:37:54Z INFO JobNotification] Entering JobCompleted Notification
[2026-09-27 17:37:54Z INFO JobNotification] Entering EndMonitor
[2026-09-27 17:37:54Z INFO BrokerMessageListener] Received job status event. JobState: Online
[2026-09-27 17:37:54Z WARN GitHubActionsService] GET request to https://broker.actions.githubusercontent.com/message?sessionId=07a9bf9c-bada-4a77-a61d-f4a2233c0586&status=Busy&runnerVersion=2.337.0&os=Windows&architecture=X64&disableUpdate=false has been cancelled.
[2026-09-27 17:37:54Z ERR  BrokerServer] Catch exception during request
[2026-09-27 17:37:54Z ERR  BrokerServer] System.Threading.Tasks.TaskCanceledException: The operation was canceled.
 ---> System.Threading.Tasks.TaskCanceledException: The operation was canceled.
 ---> System.IO.IOException: Unable to read data from the transport connection: The I/O operation has been aborted because of either a thread exit or an application request..
 ---> System.Net.Sockets.SocketException (995): The I/O operation has been aborted because of either a thread exit or an application request.
   --- End of inner exception stack trace ---
   at System.Net.Sockets.Socket.AwaitableSocketAsyncEventArgs.System.Threading.Tasks.Sources.IValueTaskSource<System.Int32>.GetResult(Int16 token)
   at System.Net.Security.SslStream.EnsureFullTlsFrameAsync[TIOAdapter](CancellationToken cancellationToken, Int32 estimatedSize)
   at System.Runtime.CompilerServices.PoolingAsyncValueTaskMethodBuilder`1.StateMachineBox`1.System.Threading.Tasks.Sources.IValueTaskSource<TResult>.GetResult(Int16 token)
   at System.Net.Security.SslStream.ReadAsyncInternal[TIOAdapter](Memory`1 buffer, CancellationToken cancellationToken)
   at System.Runtime.CompilerServices.PoolingAsyncValueTaskMethodBuilder`1.StateMachineBox`1.System.Threading.Tasks.Sources.IValueTaskSource<TResult>.GetResult(Int16 token)
   at System.Net.Http.HttpConnection.SendAsync(HttpRequestMessage request, Boolean async, CancellationToken cancellationToken)
   --- End of inner exception stack trace ---
   at System.Net.Http.HttpConnection.SendAsync(HttpRequestMessage request, Boolean async, CancellationToken cancellationToken)
   at System.Net.Http.AuthenticationHelper.SendWithNtAuthAsync(HttpRequestMessage request, Uri authUri, Boolean async, ICredentials credentials, Boolean isProxyAuth, HttpConnection connection, HttpConnectionPool connectionPool, CancellationToken cancellationToken)
   at System.Net.Http.HttpConnectionPool.SendWithVersionDetectionAndRetryAsync(HttpRequestMessage request, Boolean async, Boolean doRequestAuth, CancellationToken cancellationToken)
   at System.Net.Http.AuthenticationHelper.SendWithAuthAsync(HttpRequestMessage request, Uri authUri, Boolean async, ICredentials credentials, Boolean preAuthenticate, Boolean isProxyAuth, Boolean doRequestAuth, HttpConnectionPool pool, CancellationToken cancellationToken)
   at System.Net.Http.RedirectHandler.SendAsync(HttpRequestMessage request, Boolean async, CancellationToken cancellationToken)
   at GitHub.Services.Common.RawHttpMessageHandler.SendAsync(HttpRequestMessage request, CancellationToken cancellationToken)
   at GitHub.Services.Common.VssHttpRetryMessageHandler.SendAsync(HttpRequestMessage request, CancellationToken cancellationToken)
   at System.Net.Http.HttpClient.<SendAsync>g__Core|83_0(HttpRequestMessage request, HttpCompletionOption completionOption, CancellationTokenSource cts, Boolean disposeCts, CancellationTokenSource pendingRequestsCts, CancellationToken originalCancellationToken)
   --- End of inner exception stack trace ---
   at System.Net.Http.HttpClient.HandleFailure(Exception e, Boolean telemetryStarted, HttpResponseMessage response, CancellationTokenSource cts, CancellationToken cancellationToken, CancellationTokenSource pendingRequestsCts)
   at System.Net.Http.HttpClient.<SendAsync>g__Core|83_0(HttpRequestMessage request, HttpCompletionOption completionOption, CancellationTokenSource cts, Boolean disposeCts, CancellationTokenSource pendingRequestsCts, CancellationToken originalCancellationToken)
   at Sdk.WebApi.WebApi.RawHttpClientBase.SendAsync(HttpRequestMessage message, HttpCompletionOption completionOption, Object userState, CancellationToken cancellationToken)
   at Sdk.WebApi.WebApi.RawHttpClientBase.SendAsync[T](HttpRequestMessage message, Boolean readErrorBody, Object userState, CancellationToken cancellationToken)
   at Sdk.WebApi.WebApi.RawHttpClientBase.SendAsync[T](HttpMethod method, IEnumerable`1 additionalHeaders, Uri requestUri, HttpContent content, IEnumerable`1 queryParameters, Boolean readErrorBody, Object userState, CancellationToken cancellationToken)
   at GitHub.Actions.RunService.WebApi.BrokerHttpClient.GetRunnerMessageAsync(Nullable`1 sessionId, String runnerVersion, Nullable`1 status, String os, String architecture, Nullable`1 disableUpdate, CancellationToken cancellationToken)
   at GitHub.Runner.Common.BrokerServer.<>c__DisplayClass7_0.<<GetRunnerMessageAsync>b__0>d.MoveNext()
--- End of stack trace from previous location ---
   at GitHub.Runner.Common.RunnerService.RetryRequest[T](Func`1 func, CancellationToken cancellationToken, Int32 maxAttempts, Func`2 shouldRetry)
[2026-09-27 17:37:54Z ERR  BrokerServer] #####################################################
[2026-09-27 17:37:54Z ERR  BrokerServer] System.Threading.Tasks.TaskCanceledException: The operation was canceled.
 ---> System.IO.IOException: Unable to read data from the transport connection: The I/O operation has been aborted because of either a thread exit or an application request..
 ---> System.Net.Sockets.SocketException (995): The I/O operation has been aborted because of either a thread exit or an application request.
   --- End of inner exception stack trace ---
   at System.Net.Sockets.Socket.AwaitableSocketAsyncEventArgs.System.Threading.Tasks.Sources.IValueTaskSource<System.Int32>.GetResult(Int16 token)
   at System.Net.Security.SslStream.EnsureFullTlsFrameAsync[TIOAdapter](CancellationToken cancellationToken, Int32 estimatedSize)
   at System.Runtime.CompilerServices.PoolingAsyncValueTaskMethodBuilder`1.StateMachineBox`1.System.Threading.Tasks.Sources.IValueTaskSource<TResult>.GetResult(Int16 token)
   at System.Net.Security.SslStream.ReadAsyncInternal[TIOAdapter](Memory`1 buffer, CancellationToken cancellationToken)
   at System.Runtime.CompilerServices.PoolingAsyncValueTaskMethodBuilder`1.StateMachineBox`1.System.Threading.Tasks.Sources.IValueTaskSource<TResult>.GetResult(Int16 token)
   at System.Net.Http.HttpConnection.SendAsync(HttpRequestMessage request, Boolean async, CancellationToken cancellationToken)
   --- End of inner exception stack trace ---
   at System.Net.Http.HttpConnection.SendAsync(HttpRequestMessage request, Boolean async, CancellationToken cancellationToken)
   at System.Net.Http.AuthenticationHelper.SendWithNtAuthAsync(HttpRequestMessage request, Uri authUri, Boolean async, ICredentials credentials, Boolean isProxyAuth, HttpConnection connection, HttpConnectionPool connectionPool, CancellationToken cancellationToken)
   at System.Net.Http.HttpConnectionPool.SendWithVersionDetectionAndRetryAsync(HttpRequestMessage request, Boolean async, Boolean doRequestAuth, CancellationToken cancellationToken)
   at System.Net.Http.AuthenticationHelper.SendWithAuthAsync(HttpRequestMessage request, Uri authUri, Boolean async, ICredentials credentials, Boolean preAuthenticate, Boolean isProxyAuth, Boolean doRequestAuth, HttpConnectionPool pool, CancellationToken cancellationToken)
   at System.Net.Http.RedirectHandler.SendAsync(HttpRequestMessage request, Boolean async, CancellationToken cancellationToken)
   at GitHub.Services.Common.RawHttpMessageHandler.SendAsync(HttpRequestMessage request, CancellationToken cancellationToken)
   at GitHub.Services.Common.VssHttpRetryMessageHandler.SendAsync(HttpRequestMessage request, CancellationToken cancellationToken)
   at System.Net.Http.HttpClient.<SendAsync>g__Core|83_0(HttpRequestMessage request, HttpCompletionOption completionOption, CancellationTokenSource cts, Boolean disposeCts, CancellationTokenSource pendingRequestsCts, CancellationToken originalCancellationToken)
[2026-09-27 17:37:54Z ERR  BrokerServer] #####################################################
[2026-09-27 17:37:54Z ERR  BrokerServer] System.IO.IOException: Unable to read data from the transport connection: The I/O operation has been aborted because of either a thread exit or an application request..
 ---> System.Net.Sockets.SocketException (995): The I/O operation has been aborted because of either a thread exit or an application request.
   --- End of inner exception stack trace ---
   at System.Net.Sockets.Socket.AwaitableSocketAsyncEventArgs.System.Threading.Tasks.Sources.IValueTaskSource<System.Int32>.GetResult(Int16 token)
   at System.Net.Security.SslStream.EnsureFullTlsFrameAsync[TIOAdapter](CancellationToken cancellationToken, Int32 estimatedSize)
   at System.Runtime.CompilerServices.PoolingAsyncValueTaskMethodBuilder`1.StateMachineBox`1.System.Threading.Tasks.Sources.IValueTaskSource<TResult>.GetResult(Int16 token)
   at System.Net.Security.SslStream.ReadAsyncInternal[TIOAdapter](Memory`1 buffer, CancellationToken cancellationToken)
   at System.Runtime.CompilerServices.PoolingAsyncValueTaskMethodBuilder`1.StateMachineBox`1.System.Threading.Tasks.Sources.IValueTaskSource<TResult>.GetResult(Int16 token)
   at System.Net.Http.HttpConnection.SendAsync(HttpRequestMessage request, Boolean async, CancellationToken cancellationToken)
[2026-09-27 17:37:54Z ERR  BrokerServer] #####################################################
[2026-09-27 17:37:54Z ERR  BrokerServer] System.Net.Sockets.SocketException (995): The I/O operation has been aborted because of either a thread exit or an application request.
[2026-09-27 17:37:54Z WARN BrokerServer] Back off 14.921 seconds before next retry. 4 attempt left.
[2026-09-27 17:37:54Z INFO BrokerMessageListener] Get messages has been cancelled using local token source. Continue to get messages with new status.
[2026-09-27 17:40:42Z INFO BrokerMessageListener] Acknowledging runner request '10339465-710e-5f53-863d-4986135f943c'.
[2026-09-27 17:40:42Z INFO ConfigurationStore] HasCredentials()
[2026-09-27 17:40:42Z INFO ConfigurationStore] stored True
[2026-09-27 17:40:42Z INFO CredentialManager] GetCredentialProvider
[2026-09-27 17:40:42Z INFO CredentialManager] Creating type OAuth
[2026-09-27 17:40:42Z INFO CredentialManager] Creating credential type: OAuth
[2026-09-27 17:40:42Z INFO RSAEncryptedFileKeyManager] Loading RSA key parameters from file D:\cicd\actions-runner\.credentials_rsaparams
[2026-09-27 17:40:42Z INFO RSAEncryptedFileKeyManager] Loading RSA key parameters from file D:\cicd\actions-runner\.credentials_rsaparams
[2026-09-27 17:40:42Z INFO RSAEncryptedFileKeyManager] Loading RSA key parameters from file D:\cicd\actions-runner\.credentials_rsaparams
[2026-09-27 17:40:43Z INFO GitHubActionsService] AAD Correlation ID for this token request: Unknown
[2026-09-27 17:40:44Z INFO JobDispatcher] Job request 0 for plan c2d116db-b038-4976-b5c9-65149131e91a job 10339465-710e-5f53-863d-4986135f943c received.
[2026-09-27 17:40:44Z INFO JobDispatcher] Pull OrchestrationId c2d116db-b038-4976-b5c9-65149131e91a.ci-cd.__default from JWT claims
[2026-09-27 17:40:44Z INFO BrokerMessageListener] Received job status event. JobState: Busy
[2026-09-27 17:40:44Z INFO BrokerMessageListener] _getMessagesTokenSource is already disposed.
[2026-09-27 17:40:44Z INFO JobDispatcher] Job request 519dc3ab-4199-5a74-98c3-4a0e16336875 processed succeed.
[2026-09-27 17:40:44Z INFO Terminal] WRITE LINE: 2026-09-27 17:40:44Z: Running job: ci-cd
[2026-09-27 17:40:44Z INFO JobDispatcher] Start renew job request 0 for job 10339465-710e-5f53-863d-4986135f943c.
[2026-09-27 17:40:45Z INFO JobDispatcher] Successfully renew job 10339465-710e-5f53-863d-4986135f943c, job is valid till 27-09-2026 17:50:46
[2026-09-27 17:40:45Z INFO HostContext] Well known directory 'Bin': 'D:\cicd\actions-runner\bin'
[2026-09-27 17:40:45Z INFO ProcessInvokerWrapper] Starting process:
[2026-09-27 17:40:45Z INFO ProcessInvokerWrapper]   File name: 'D:\cicd\actions-runner\bin\Runner.Worker.exe'
[2026-09-27 17:40:45Z INFO ProcessInvokerWrapper]   Arguments: 'spawnclient 1212 2380'
[2026-09-27 17:40:45Z INFO ProcessInvokerWrapper]   Working directory: 'D:\cicd\actions-runner\bin'
[2026-09-27 17:40:45Z INFO ProcessInvokerWrapper]   Require exit code zero: 'False'
[2026-09-27 17:40:45Z INFO ProcessInvokerWrapper]   Encoding web name:  ; code page: ''
[2026-09-27 17:40:45Z INFO ProcessInvokerWrapper]   Force kill process on cancellation: 'True'
[2026-09-27 17:40:45Z INFO ProcessInvokerWrapper]   Redirected STDIN: 'False'
[2026-09-27 17:40:45Z INFO ProcessInvokerWrapper]   Persist current code page: 'False'
[2026-09-27 17:40:45Z INFO ProcessInvokerWrapper]   Keep redirected STDIN open: 'False'
[2026-09-27 17:40:45Z INFO ProcessInvokerWrapper]   High priority process: 'True'
[2026-09-27 17:40:45Z INFO ProcessInvokerWrapper] Process started with process id 1264, waiting for process exit.
[2026-09-27 17:40:45Z INFO JobDispatcher] Send job request message to worker for job 10339465-710e-5f53-863d-4986135f943c.
[2026-09-27 17:40:45Z INFO ProcessChannel] Sending message of length 23291, with hash 'c7821db5a556ed01f34f3bdfed71b7cbe5da4db34bc4f304cfed9566ae8b5d3c'
[2026-09-27 17:40:45Z INFO JobNotification] Entering JobStarted Notification
[2026-09-27 17:40:45Z INFO JobNotification] Entering StartMonitor
[2026-09-27 17:41:20Z INFO ProcessInvokerWrapper] STDOUT/STDERR stream read finished.
[2026-09-27 17:41:20Z INFO ProcessInvokerWrapper] STDOUT/STDERR stream read finished.
[2026-09-27 17:41:20Z INFO ProcessInvokerWrapper] Finished process 1264 with exit code 100, and elapsed time 00:00:34.6719612.
[2026-09-27 17:41:20Z INFO JobDispatcher] Worker finished for job 10339465-710e-5f53-863d-4986135f943c. Code: 100
[2026-09-27 17:41:20Z INFO JobDispatcher] finish job request for job 10339465-710e-5f53-863d-4986135f943c with result: Succeeded
[2026-09-27 17:41:20Z INFO Terminal] WRITE LINE: 2026-09-27 17:41:20Z: Job ci-cd completed with result: Succeeded
[2026-09-27 17:41:20Z INFO JobDispatcher] Stop renew job request for job 10339465-710e-5f53-863d-4986135f943c.
[2026-09-27 17:41:20Z INFO JobDispatcher] job renew has been cancelled, stop renew job 10339465-710e-5f53-863d-4986135f943c.
[2026-09-27 17:41:20Z INFO JobNotification] Entering JobCompleted Notification
[2026-09-27 17:41:20Z INFO JobNotification] Entering EndMonitor
[2026-09-27 17:41:20Z INFO BrokerMessageListener] Received job status event. JobState: Online
[2026-09-27 17:41:20Z WARN GitHubActionsService] GET request to https://broker.actions.githubusercontent.com/message?sessionId=07a9bf9c-bada-4a77-a61d-f4a2233c0586&status=Busy&runnerVersion=2.337.0&os=Windows&architecture=X64&disableUpdate=false has been cancelled.
[2026-09-27 17:41:20Z ERR  BrokerServer] Catch exception during request
[2026-09-27 17:41:20Z ERR  BrokerServer] System.Threading.Tasks.TaskCanceledException: The operation was canceled.
 ---> System.Threading.Tasks.TaskCanceledException: The operation was canceled.
 ---> System.IO.IOException: Unable to read data from the transport connection: The I/O operation has been aborted because of either a thread exit or an application request..
 ---> System.Net.Sockets.SocketException (995): The I/O operation has been aborted because of either a thread exit or an application request.
   --- End of inner exception stack trace ---
   at System.Net.Sockets.Socket.AwaitableSocketAsyncEventArgs.System.Threading.Tasks.Sources.IValueTaskSource<System.Int32>.GetResult(Int16 token)
   at System.Net.Security.SslStream.EnsureFullTlsFrameAsync[TIOAdapter](CancellationToken cancellationToken, Int32 estimatedSize)
   at System.Runtime.CompilerServices.PoolingAsyncValueTaskMethodBuilder`1.StateMachineBox`1.System.Threading.Tasks.Sources.IValueTaskSource<TResult>.GetResult(Int16 token)
   at System.Net.Security.SslStream.ReadAsyncInternal[TIOAdapter](Memory`1 buffer, CancellationToken cancellationToken)
   at System.Runtime.CompilerServices.PoolingAsyncValueTaskMethodBuilder`1.StateMachineBox`1.System.Threading.Tasks.Sources.IValueTaskSource<TResult>.GetResult(Int16 token)
   at System.Net.Http.HttpConnection.SendAsync(HttpRequestMessage request, Boolean async, CancellationToken cancellationToken)
   --- End of inner exception stack trace ---
   at System.Net.Http.HttpConnection.SendAsync(HttpRequestMessage request, Boolean async, CancellationToken cancellationToken)
   at System.Net.Http.AuthenticationHelper.SendWithNtAuthAsync(HttpRequestMessage request, Uri authUri, Boolean async, ICredentials credentials, Boolean isProxyAuth, HttpConnection connection, HttpConnectionPool connectionPool, CancellationToken cancellationToken)
   at System.Net.Http.HttpConnectionPool.SendWithVersionDetectionAndRetryAsync(HttpRequestMessage request, Boolean async, Boolean doRequestAuth, CancellationToken cancellationToken)
   at System.Net.Http.AuthenticationHelper.SendWithAuthAsync(HttpRequestMessage request, Uri authUri, Boolean async, ICredentials credentials, Boolean preAuthenticate, Boolean isProxyAuth, Boolean doRequestAuth, HttpConnectionPool pool, CancellationToken cancellationToken)
   at System.Net.Http.RedirectHandler.SendAsync(HttpRequestMessage request, Boolean async, CancellationToken cancellationToken)
   at GitHub.Services.Common.RawHttpMessageHandler.SendAsync(HttpRequestMessage request, CancellationToken cancellationToken)
   at GitHub.Services.Common.VssHttpRetryMessageHandler.SendAsync(HttpRequestMessage request, CancellationToken cancellationToken)
   at System.Net.Http.HttpClient.<SendAsync>g__Core|83_0(HttpRequestMessage request, HttpCompletionOption completionOption, CancellationTokenSource cts, Boolean disposeCts, CancellationTokenSource pendingRequestsCts, CancellationToken originalCancellationToken)
   --- End of inner exception stack trace ---
   at System.Net.Http.HttpClient.HandleFailure(Exception e, Boolean telemetryStarted, HttpResponseMessage response, CancellationTokenSource cts, CancellationToken cancellationToken, CancellationTokenSource pendingRequestsCts)
   at System.Net.Http.HttpClient.<SendAsync>g__Core|83_0(HttpRequestMessage request, HttpCompletionOption completionOption, CancellationTokenSource cts, Boolean disposeCts, CancellationTokenSource pendingRequestsCts, CancellationToken originalCancellationToken)
   at Sdk.WebApi.WebApi.RawHttpClientBase.SendAsync(HttpRequestMessage message, HttpCompletionOption completionOption, Object userState, CancellationToken cancellationToken)
   at Sdk.WebApi.WebApi.RawHttpClientBase.SendAsync[T](HttpRequestMessage message, Boolean readErrorBody, Object userState, CancellationToken cancellationToken)
   at Sdk.WebApi.WebApi.RawHttpClientBase.SendAsync[T](HttpMethod method, IEnumerable`1 additionalHeaders, Uri requestUri, HttpContent content, IEnumerable`1 queryParameters, Boolean readErrorBody, Object userState, CancellationToken cancellationToken)
   at GitHub.Actions.RunService.WebApi.BrokerHttpClient.GetRunnerMessageAsync(Nullable`1 sessionId, String runnerVersion, Nullable`1 status, String os, String architecture, Nullable`1 disableUpdate, CancellationToken cancellationToken)
   at GitHub.Runner.Common.BrokerServer.<>c__DisplayClass7_0.<<GetRunnerMessageAsync>b__0>d.MoveNext()
--- End of stack trace from previous location ---
   at GitHub.Runner.Common.RunnerService.RetryRequest[T](Func`1 func, CancellationToken cancellationToken, Int32 maxAttempts, Func`2 shouldRetry)
[2026-09-27 17:41:20Z ERR  BrokerServer] #####################################################
[2026-09-27 17:41:20Z ERR  BrokerServer] System.Threading.Tasks.TaskCanceledException: The operation was canceled.
 ---> System.IO.IOException: Unable to read data from the transport connection: The I/O operation has been aborted because of either a thread exit or an application request..
 ---> System.Net.Sockets.SocketException (995): The I/O operation has been aborted because of either a thread exit or an application request.
   --- End of inner exception stack trace ---
   at System.Net.Sockets.Socket.AwaitableSocketAsyncEventArgs.System.Threading.Tasks.Sources.IValueTaskSource<System.Int32>.GetResult(Int16 token)
   at System.Net.Security.SslStream.EnsureFullTlsFrameAsync[TIOAdapter](CancellationToken cancellationToken, Int32 estimatedSize)
   at System.Runtime.CompilerServices.PoolingAsyncValueTaskMethodBuilder`1.StateMachineBox`1.System.Threading.Tasks.Sources.IValueTaskSource<TResult>.GetResult(Int16 token)
   at System.Net.Security.SslStream.ReadAsyncInternal[TIOAdapter](Memory`1 buffer, CancellationToken cancellationToken)
   at System.Runtime.CompilerServices.PoolingAsyncValueTaskMethodBuilder`1.StateMachineBox`1.System.Threading.Tasks.Sources.IValueTaskSource<TResult>.GetResult(Int16 token)
   at System.Net.Http.HttpConnection.SendAsync(HttpRequestMessage request, Boolean async, CancellationToken cancellationToken)
   --- End of inner exception stack trace ---
   at System.Net.Http.HttpConnection.SendAsync(HttpRequestMessage request, Boolean async, CancellationToken cancellationToken)
   at System.Net.Http.AuthenticationHelper.SendWithNtAuthAsync(HttpRequestMessage request, Uri authUri, Boolean async, ICredentials credentials, Boolean isProxyAuth, HttpConnection connection, HttpConnectionPool connectionPool, CancellationToken cancellationToken)
   at System.Net.Http.HttpConnectionPool.SendWithVersionDetectionAndRetryAsync(HttpRequestMessage request, Boolean async, Boolean doRequestAuth, CancellationToken cancellationToken)
   at System.Net.Http.AuthenticationHelper.SendWithAuthAsync(HttpRequestMessage request, Uri authUri, Boolean async, ICredentials credentials, Boolean preAuthenticate, Boolean isProxyAuth, Boolean doRequestAuth, HttpConnectionPool pool, CancellationToken cancellationToken)
   at System.Net.Http.RedirectHandler.SendAsync(HttpRequestMessage request, Boolean async, CancellationToken cancellationToken)
   at GitHub.Services.Common.RawHttpMessageHandler.SendAsync(HttpRequestMessage request, CancellationToken cancellationToken)
   at GitHub.Services.Common.VssHttpRetryMessageHandler.SendAsync(HttpRequestMessage request, CancellationToken cancellationToken)
   at System.Net.Http.HttpClient.<SendAsync>g__Core|83_0(HttpRequestMessage request, HttpCompletionOption completionOption, CancellationTokenSource cts, Boolean disposeCts, CancellationTokenSource pendingRequestsCts, CancellationToken originalCancellationToken)
[2026-09-27 17:41:20Z ERR  BrokerServer] #####################################################
[2026-09-27 17:41:20Z ERR  BrokerServer] System.IO.IOException: Unable to read data from the transport connection: The I/O operation has been aborted because of either a thread exit or an application request..
 ---> System.Net.Sockets.SocketException (995): The I/O operation has been aborted because of either a thread exit or an application request.
   --- End of inner exception stack trace ---
   at System.Net.Sockets.Socket.AwaitableSocketAsyncEventArgs.System.Threading.Tasks.Sources.IValueTaskSource<System.Int32>.GetResult(Int16 token)
   at System.Net.Security.SslStream.EnsureFullTlsFrameAsync[TIOAdapter](CancellationToken cancellationToken, Int32 estimatedSize)
   at System.Runtime.CompilerServices.PoolingAsyncValueTaskMethodBuilder`1.StateMachineBox`1.System.Threading.Tasks.Sources.IValueTaskSource<TResult>.GetResult(Int16 token)
   at System.Net.Security.SslStream.ReadAsyncInternal[TIOAdapter](Memory`1 buffer, CancellationToken cancellationToken)
   at System.Runtime.CompilerServices.PoolingAsyncValueTaskMethodBuilder`1.StateMachineBox`1.System.Threading.Tasks.Sources.IValueTaskSource<TResult>.GetResult(Int16 token)
   at System.Net.Http.HttpConnection.SendAsync(HttpRequestMessage request, Boolean async, CancellationToken cancellationToken)
[2026-09-27 17:41:20Z ERR  BrokerServer] #####################################################
[2026-09-27 17:41:20Z ERR  BrokerServer] System.Net.Sockets.SocketException (995): The I/O operation has been aborted because of either a thread exit or an application request.
[2026-09-27 17:41:20Z WARN BrokerServer] Back off 14.959 seconds before next retry. 4 attempt left.
[2026-09-27 17:41:20Z INFO BrokerMessageListener] Get messages has been cancelled using local token source. Continue to get messages with new status.
[2026-09-27 17:44:21Z INFO RSAEncryptedFileKeyManager] Loading RSA key parameters from file D:\cicd\actions-runner\.credentials_rsaparams
[2026-09-27 17:44:22Z INFO GitHubActionsService] AAD Correlation ID for this token request: Unknown
[2026-09-27 18:15:17Z INFO Terminal] WRITE LINE: Exiting...
[2026-09-27 18:15:17Z INFO ConfigurationStore] IsServiceConfigured()
[2026-09-27 18:15:17Z INFO ConfigurationStore] IsServiceConfigured: False
[2026-09-27 18:15:17Z INFO HostContext] Runner will be shutdown for UserCancelled
[2026-09-27 18:15:17Z WARN GitHubActionsService] GET request to https://broker.actions.githubusercontent.com/message?sessionId=07a9bf9c-bada-4a77-a61d-f4a2233c0586&status=Online&runnerVersion=2.337.0&os=Windows&architecture=X64&disableUpdate=false has been cancelled.
[2026-09-27 18:15:17Z ERR  BrokerServer] Catch exception during request
[2026-09-27 18:15:17Z ERR  BrokerServer] System.Threading.Tasks.TaskCanceledException: The operation was canceled.
 ---> System.Threading.Tasks.TaskCanceledException: The operation was canceled.
 ---> System.IO.IOException: Unable to read data from the transport connection: The I/O operation has been aborted because of either a thread exit or an application request..
 ---> System.Net.Sockets.SocketException (995): The I/O operation has been aborted because of either a thread exit or an application request.
   --- End of inner exception stack trace ---
   at System.Net.Sockets.Socket.AwaitableSocketAsyncEventArgs.System.Threading.Tasks.Sources.IValueTaskSource<System.Int32>.GetResult(Int16 token)
   at System.Net.Security.SslStream.EnsureFullTlsFrameAsync[TIOAdapter](CancellationToken cancellationToken, Int32 estimatedSize)
   at System.Runtime.CompilerServices.PoolingAsyncValueTaskMethodBuilder`1.StateMachineBox`1.System.Threading.Tasks.Sources.IValueTaskSource<TResult>.GetResult(Int16 token)
   at System.Net.Security.SslStream.ReadAsyncInternal[TIOAdapter](Memory`1 buffer, CancellationToken cancellationToken)
   at System.Runtime.CompilerServices.PoolingAsyncValueTaskMethodBuilder`1.StateMachineBox`1.System.Threading.Tasks.Sources.IValueTaskSource<TResult>.GetResult(Int16 token)
   at System.Net.Http.HttpConnection.SendAsync(HttpRequestMessage request, Boolean async, CancellationToken cancellationToken)
   --- End of inner exception stack trace ---
   at System.Net.Http.HttpConnection.SendAsync(HttpRequestMessage request, Boolean async, CancellationToken cancellationToken)
   at System.Net.Http.AuthenticationHelper.SendWithNtAuthAsync(HttpRequestMessage request, Uri authUri, Boolean async, ICredentials credentials, Boolean isProxyAuth, HttpConnection connection, HttpConnectionPool connectionPool, CancellationToken cancellationToken)
   at System.Net.Http.HttpConnectionPool.SendWithVersionDetectionAndRetryAsync(HttpRequestMessage request, Boolean async, Boolean doRequestAuth, CancellationToken cancellationToken)
   at System.Net.Http.AuthenticationHelper.SendWithAuthAsync(HttpRequestMessage request, Uri authUri, Boolean async, ICredentials credentials, Boolean preAuthenticate, Boolean isProxyAuth, Boolean doRequestAuth, HttpConnectionPool pool, CancellationToken cancellationToken)
   at System.Net.Http.RedirectHandler.SendAsync(HttpRequestMessage request, Boolean async, CancellationToken cancellationToken)
   at GitHub.Services.Common.RawHttpMessageHandler.SendAsync(HttpRequestMessage request, CancellationToken cancellationToken)
   at GitHub.Services.Common.VssHttpRetryMessageHandler.SendAsync(HttpRequestMessage request, CancellationToken cancellationToken)
   at System.Net.Http.HttpClient.<SendAsync>g__Core|83_0(HttpRequestMessage request, HttpCompletionOption completionOption, CancellationTokenSource cts, Boolean disposeCts, CancellationTokenSource pendingRequestsCts, CancellationToken originalCancellationToken)
   --- End of inner exception stack trace ---
   at System.Net.Http.HttpClient.HandleFailure(Exception e, Boolean telemetryStarted, HttpResponseMessage response, CancellationTokenSource cts, CancellationToken cancellationToken, CancellationTokenSource pendingRequestsCts)
   at System.Net.Http.HttpClient.<SendAsync>g__Core|83_0(HttpRequestMessage request, HttpCompletionOption completionOption, CancellationTokenSource cts, Boolean disposeCts, CancellationTokenSource pendingRequestsCts, CancellationToken originalCancellationToken)
   at Sdk.WebApi.WebApi.RawHttpClientBase.SendAsync(HttpRequestMessage message, HttpCompletionOption completionOption, Object userState, CancellationToken cancellationToken)
   at Sdk.WebApi.WebApi.RawHttpClientBase.SendAsync[T](HttpRequestMessage message, Boolean readErrorBody, Object userState, CancellationToken cancellationToken)
   at Sdk.WebApi.WebApi.RawHttpClientBase.SendAsync[T](HttpMethod method, IEnumerable`1 additionalHeaders, Uri requestUri, HttpContent content, IEnumerable`1 queryParameters, Boolean readErrorBody, Object userState, CancellationToken cancellationToken)
   at GitHub.Actions.RunService.WebApi.BrokerHttpClient.GetRunnerMessageAsync(Nullable`1 sessionId, String runnerVersion, Nullable`1 status, String os, String architecture, Nullable`1 disableUpdate, CancellationToken cancellationToken)
   at GitHub.Runner.Common.BrokerServer.<>c__DisplayClass7_0.<<GetRunnerMessageAsync>b__0>d.MoveNext()
--- End of stack trace from previous location ---
   at GitHub.Runner.Common.RunnerService.RetryRequest[T](Func`1 func, CancellationToken cancellationToken, Int32 maxAttempts, Func`2 shouldRetry)
[2026-09-27 18:15:17Z ERR  BrokerServer] #####################################################
[2026-09-27 18:15:17Z ERR  BrokerServer] System.Threading.Tasks.TaskCanceledException: The operation was canceled.
 ---> System.IO.IOException: Unable to read data from the transport connection: The I/O operation has been aborted because of either a thread exit or an application request..
 ---> System.Net.Sockets.SocketException (995): The I/O operation has been aborted because of either a thread exit or an application request.
   --- End of inner exception stack trace ---
   at System.Net.Sockets.Socket.AwaitableSocketAsyncEventArgs.System.Threading.Tasks.Sources.IValueTaskSource<System.Int32>.GetResult(Int16 token)
   at System.Net.Security.SslStream.EnsureFullTlsFrameAsync[TIOAdapter](CancellationToken cancellationToken, Int32 estimatedSize)
   at System.Runtime.CompilerServices.PoolingAsyncValueTaskMethodBuilder`1.StateMachineBox`1.System.Threading.Tasks.Sources.IValueTaskSource<TResult>.GetResult(Int16 token)
   at System.Net.Security.SslStream.ReadAsyncInternal[TIOAdapter](Memory`1 buffer, CancellationToken cancellationToken)
   at System.Runtime.CompilerServices.PoolingAsyncValueTaskMethodBuilder`1.StateMachineBox`1.System.Threading.Tasks.Sources.IValueTaskSource<TResult>.GetResult(Int16 token)
   at System.Net.Http.HttpConnection.SendAsync(HttpRequestMessage request, Boolean async, CancellationToken cancellationToken)
   --- End of inner exception stack trace ---
   at System.Net.Http.HttpConnection.SendAsync(HttpRequestMessage request, Boolean async, CancellationToken cancellationToken)
   at System.Net.Http.AuthenticationHelper.SendWithNtAuthAsync(HttpRequestMessage request, Uri authUri, Boolean async, ICredentials credentials, Boolean isProxyAuth, HttpConnection connection, HttpConnectionPool connectionPool, CancellationToken cancellationToken)
   at System.Net.Http.HttpConnectionPool.SendWithVersionDetectionAndRetryAsync(HttpRequestMessage request, Boolean async, Boolean doRequestAuth, CancellationToken cancellationToken)
   at System.Net.Http.AuthenticationHelper.SendWithAuthAsync(HttpRequestMessage request, Uri authUri, Boolean async, ICredentials credentials, Boolean preAuthenticate, Boolean isProxyAuth, Boolean doRequestAuth, HttpConnectionPool pool, CancellationToken cancellationToken)
   at System.Net.Http.RedirectHandler.SendAsync(HttpRequestMessage request, Boolean async, CancellationToken cancellationToken)
   at GitHub.Services.Common.RawHttpMessageHandler.SendAsync(HttpRequestMessage request, CancellationToken cancellationToken)
   at GitHub.Services.Common.VssHttpRetryMessageHandler.SendAsync(HttpRequestMessage request, CancellationToken cancellationToken)
   at System.Net.Http.HttpClient.<SendAsync>g__Core|83_0(HttpRequestMessage request, HttpCompletionOption completionOption, CancellationTokenSource cts, Boolean disposeCts, CancellationTokenSource pendingRequestsCts, CancellationToken originalCancellationToken)
[2026-09-27 18:15:17Z ERR  BrokerServer] #####################################################
[2026-09-27 18:15:17Z ERR  BrokerServer] System.IO.IOException: Unable to read data from the transport connection: The I/O operation has been aborted because of either a thread exit or an application request..
 ---> System.Net.Sockets.SocketException (995): The I/O operation has been aborted because of either a thread exit or an application request.
   --- End of inner exception stack trace ---
   at System.Net.Sockets.Socket.AwaitableSocketAsyncEventArgs.System.Threading.Tasks.Sources.IValueTaskSource<System.Int32>.GetResult(Int16 token)
   at System.Net.Security.SslStream.EnsureFullTlsFrameAsync[TIOAdapter](CancellationToken cancellationToken, Int32 estimatedSize)
   at System.Runtime.CompilerServices.PoolingAsyncValueTaskMethodBuilder`1.StateMachineBox`1.System.Threading.Tasks.Sources.IValueTaskSource<TResult>.GetResult(Int16 token)
   at System.Net.Security.SslStream.ReadAsyncInternal[TIOAdapter](Memory`1 buffer, CancellationToken cancellationToken)
   at System.Runtime.CompilerServices.PoolingAsyncValueTaskMethodBuilder`1.StateMachineBox`1.System.Threading.Tasks.Sources.IValueTaskSource<TResult>.GetResult(Int16 token)
   at System.Net.Http.HttpConnection.SendAsync(HttpRequestMessage request, Boolean async, CancellationToken cancellationToken)
[2026-09-27 18:15:17Z ERR  BrokerServer] #####################################################
[2026-09-27 18:15:17Z ERR  BrokerServer] System.Net.Sockets.SocketException (995): The I/O operation has been aborted because of either a thread exit or an application request.
[2026-09-27 18:15:17Z WARN BrokerServer] Back off 6.303 seconds before next retry. 4 attempt left.
[2026-09-27 18:15:17Z INFO BrokerMessageListener] Get next message has been cancelled.
[2026-09-27 18:15:17Z INFO JobDispatcher] Shutting down JobDispatcher. Make sure all WorkerDispatcher has finished.
[2026-09-27 18:15:17Z INFO JobDispatcher] Ensure WorkerDispatcher for job 10339465-710e-5f53-863d-4986135f943c run to finish, cancel any running job.
[2026-09-27 18:15:17Z INFO JobDispatcher] Job request 10339465-710e-5f53-863d-4986135f943c processed succeed.
[2026-09-27 18:15:17Z INFO Runner] Deleting Runner Session...
[2026-09-27 18:15:18Z INFO Listener] Runner execution been cancelled.
