[2026-09-30 03:48:09Z INFO HostContext] No proxy settings were found based on environmental variables (http_proxy/https_proxy/HTTP_PROXY/HTTPS_PROXY)
[2026-09-30 03:48:09Z INFO HostContext] Well known directory 'Bin': 'D:\cicd\actions-runner\bin'
[2026-09-30 03:48:09Z INFO HostContext] Well known directory 'Root': 'D:\cicd\actions-runner'
[2026-09-30 03:48:09Z INFO HostContext] Well known config file 'Credentials': 'D:\cicd\actions-runner\.credentials'
[2026-09-30 03:48:10Z INFO HostContext] Well known directory 'Bin': 'D:\cicd\actions-runner\bin'
[2026-09-30 03:48:10Z INFO HostContext] Well known directory 'Root': 'D:\cicd\actions-runner'
[2026-09-30 03:48:10Z INFO HostContext] Well known config file 'Runner': 'D:\cicd\actions-runner\.runner'
[2026-09-30 03:48:10Z INFO Listener] Runner is built for Windows (X64) - win-x64.
[2026-09-30 03:48:10Z INFO Listener] RuntimeInformation: Microsoft Windows 10.0.26200.
[2026-09-30 03:48:10Z INFO Listener] Version: 2.337.0
[2026-09-30 03:48:10Z INFO Listener] Commit: 397b032cbf865e9c3ddfab89d533ec19325e1273
[2026-09-30 03:48:10Z INFO Listener] Culture: en-IN
[2026-09-30 03:48:10Z INFO Listener] UI Culture: en-US
[2026-09-30 03:48:10Z INFO HostContext] Well known directory 'Bin': 'D:\cicd\actions-runner\bin'
[2026-09-30 03:48:10Z INFO HostContext] Well known directory 'Root': 'D:\cicd\actions-runner'
[2026-09-30 03:48:10Z INFO Listener] Validating directory permissions for: 'D:\cicd\actions-runner'
[2026-09-30 03:48:10Z INFO CommandLineParser] Parse
[2026-09-30 03:48:10Z INFO CommandLineParser] Parsing 1 args
[2026-09-30 03:48:10Z INFO CommandLineParser] parsing argument
[2026-09-30 03:48:10Z INFO CommandLineParser] HasArgs: False
[2026-09-30 03:48:10Z INFO CommandLineParser] Adding Command: run
[2026-09-30 03:48:10Z INFO Listener] Arguments parsed
[2026-09-30 03:48:10Z INFO Runner] ExecuteCommand
[2026-09-30 03:48:10Z INFO ConfigurationStore] currentAssemblyLocation: D:\cicd\actions-runner\bin\Runner.Listener.dll
[2026-09-30 03:48:10Z INFO HostContext] Well known directory 'Bin': 'D:\cicd\actions-runner\bin'
[2026-09-30 03:48:10Z INFO ConfigurationStore] binPath: D:\cicd\actions-runner\bin
[2026-09-30 03:48:10Z INFO HostContext] Well known directory 'Bin': 'D:\cicd\actions-runner\bin'
[2026-09-30 03:48:10Z INFO HostContext] Well known directory 'Root': 'D:\cicd\actions-runner'
[2026-09-30 03:48:10Z INFO ConfigurationStore] RootFolder: D:\cicd\actions-runner
[2026-09-30 03:48:10Z INFO HostContext] Well known directory 'Bin': 'D:\cicd\actions-runner\bin'
[2026-09-30 03:48:10Z INFO HostContext] Well known directory 'Root': 'D:\cicd\actions-runner'
[2026-09-30 03:48:10Z INFO HostContext] Well known config file 'Runner': 'D:\cicd\actions-runner\.runner'
[2026-09-30 03:48:10Z INFO ConfigurationStore] ConfigFilePath: D:\cicd\actions-runner\.runner
[2026-09-30 03:48:10Z INFO HostContext] Well known directory 'Bin': 'D:\cicd\actions-runner\bin'
[2026-09-30 03:48:10Z INFO HostContext] Well known directory 'Root': 'D:\cicd\actions-runner'
[2026-09-30 03:48:10Z INFO HostContext] Well known config file 'MigratedRunner': 'D:\cicd\actions-runner\.runner_migrated'
[2026-09-30 03:48:10Z INFO ConfigurationStore] MigratedConfigFilePath: D:\cicd\actions-runner\.runner_migrated
[2026-09-30 03:48:10Z INFO HostContext] Well known directory 'Bin': 'D:\cicd\actions-runner\bin'
[2026-09-30 03:48:10Z INFO HostContext] Well known directory 'Root': 'D:\cicd\actions-runner'
[2026-09-30 03:48:10Z INFO HostContext] Well known config file 'Credentials': 'D:\cicd\actions-runner\.credentials'
[2026-09-30 03:48:10Z INFO ConfigurationStore] CredFilePath: D:\cicd\actions-runner\.credentials
[2026-09-30 03:48:10Z INFO HostContext] Well known directory 'Bin': 'D:\cicd\actions-runner\bin'
[2026-09-30 03:48:10Z INFO HostContext] Well known directory 'Root': 'D:\cicd\actions-runner'
[2026-09-30 03:48:10Z INFO HostContext] Well known config file 'MigratedCredentials': 'D:\cicd\actions-runner\.credentials_migrated'
[2026-09-30 03:48:10Z INFO ConfigurationStore] MigratedCredFilePath: D:\cicd\actions-runner\.credentials_migrated
[2026-09-30 03:48:10Z INFO HostContext] Well known directory 'Bin': 'D:\cicd\actions-runner\bin'
[2026-09-30 03:48:10Z INFO HostContext] Well known directory 'Root': 'D:\cicd\actions-runner'
[2026-09-30 03:48:10Z INFO HostContext] Well known config file 'Service': 'D:\cicd\actions-runner\.service'
[2026-09-30 03:48:10Z INFO ConfigurationStore] ServiceConfigFilePath: D:\cicd\actions-runner\.service
[2026-09-30 03:48:10Z INFO CommandSettings] Flag 'help': 'False'
[2026-09-30 03:48:10Z INFO CommandSettings] Flag 'version': 'False'
[2026-09-30 03:48:10Z INFO CommandSettings] Flag 'commit': 'False'
[2026-09-30 03:48:10Z INFO CommandSettings] Flag 'check': 'False'
[2026-09-30 03:48:10Z INFO CommandSettings] Command 'configure': 'False'
[2026-09-30 03:48:10Z INFO CommandSettings] Command 'remove': 'False'
[2026-09-30 03:48:10Z INFO CommandSettings] Command 'warmup': 'False'
[2026-09-30 03:48:10Z INFO ConfigurationManager] LoadSettings
[2026-09-30 03:48:10Z INFO ConfigurationStore] IsConfigured()
[2026-09-30 03:48:10Z INFO ConfigurationStore] IsConfigured: True
[2026-09-30 03:48:10Z INFO ConfigurationManager] Is configured: True
[2026-09-30 03:48:10Z INFO ConfigurationStore] Read setting file: 398 chars
[2026-09-30 03:48:10Z INFO ConfigurationManager] Settings Loaded
[2026-09-30 03:48:10Z INFO ConfigurationStore] IsServiceConfigured()
[2026-09-30 03:48:10Z INFO ConfigurationStore] IsServiceConfigured: False
[2026-09-30 03:48:10Z INFO CommandSettings] Command 'run': 'True'
[2026-09-30 03:48:10Z INFO ConfigurationStore] IsConfigured()
[2026-09-30 03:48:10Z INFO ConfigurationStore] IsConfigured: True
[2026-09-30 03:48:10Z INFO ConfigurationManager] Is configured: True
[2026-09-30 03:48:10Z INFO Runner] Could not parse the argument value '' for StartupType. Defaulting to Manual
[2026-09-30 03:48:10Z INFO Runner] Set runner startup type - Manual
[2026-09-30 03:48:10Z INFO CommandSettings] Flag 'once': 'False'
[2026-09-30 03:48:10Z INFO CommandSettings] Flag 'once': 'False'
[2026-09-30 03:48:10Z INFO Runner] RunAsync
[2026-09-30 03:48:10Z INFO HostContext] Well known directory 'Bin': 'D:\cicd\actions-runner\bin'
[2026-09-30 03:48:10Z INFO HostContext] Well known directory 'Root': 'D:\cicd\actions-runner'
[2026-09-30 03:48:10Z INFO HostContext] Well known directory 'Work': 'D:\cicd\actions-runner\_work'
[2026-09-30 03:48:10Z INFO Runner] Validating directory permissions for: 'D:\cicd\actions-runner\_work'
[2026-09-30 03:48:10Z INFO ConfigurationManager] LoadMigratedSettings
[2026-09-30 03:48:10Z INFO ConfigurationStore] IsMigratedConfigured()
[2026-09-30 03:48:10Z INFO ConfigurationStore] IsMigratedConfigured: False
[2026-09-30 03:48:10Z INFO Runner] Failed to load migrated settings: No migrated configuration found.
[2026-09-30 03:48:10Z INFO Runner] Falling back to original .runner settings
[2026-09-30 03:48:10Z INFO Runner] Using BrokerMessageListener
[2026-09-30 03:48:10Z INFO BrokerMessageListener] Using provided settings
[2026-09-30 03:48:10Z INFO BrokerMessageListener] {
  "AgentId": 3,
  "AgentName": "VIKRANT",
  "PoolId": 1,
  "PoolName": "Default",
  "ServerUrl": "https://pipelinesghubeus4.actions.githubusercontent.com/vNJajpvbF6IjDhJJK2oJL6aFAilgYF0ASuY1lz9oWwnetORATd/",
  "GitHubUrl": "https://github.com/vikranttiwari988-ops/my-repo",
  "WorkFolder": "_work",
  "UseV2Flow": true,
  "ServerUrlV2": "https://broker.actions.githubusercontent.com/"
}
[2026-09-30 03:48:10Z INFO BrokerMessageListener] Loading Credentials
[2026-09-30 03:48:10Z INFO ConfigurationStore] HasCredentials()
[2026-09-30 03:48:10Z INFO ConfigurationStore] stored True
[2026-09-30 03:48:10Z INFO CredentialManager] GetCredentialProvider
[2026-09-30 03:48:10Z INFO CredentialManager] Creating type OAuth
[2026-09-30 03:48:10Z INFO CredentialManager] Creating credential type: OAuth
[2026-09-30 03:48:10Z INFO HostContext] Well known directory 'Bin': 'D:\cicd\actions-runner\bin'
[2026-09-30 03:48:10Z INFO HostContext] Well known directory 'Root': 'D:\cicd\actions-runner'
[2026-09-30 03:48:10Z INFO HostContext] Well known config file 'RSACredentials': 'D:\cicd\actions-runner\.credentials_rsaparams'
[2026-09-30 03:48:10Z INFO RSAEncryptedFileKeyManager] Loading RSA key parameters from file D:\cicd\actions-runner\.credentials_rsaparams
[2026-09-30 03:48:10Z INFO BrokerMessageListener] Attempt to create session.
[2026-09-30 03:48:10Z INFO BrokerMessageListener] Connecting to the Broker Server...
[2026-09-30 03:48:10Z INFO ConfigurationStore] HasCredentials()
[2026-09-30 03:48:10Z INFO ConfigurationStore] stored True
[2026-09-30 03:48:10Z INFO CredentialManager] GetCredentialProvider
[2026-09-30 03:48:10Z INFO CredentialManager] Creating type OAuth
[2026-09-30 03:48:10Z INFO CredentialManager] Creating credential type: OAuth
[2026-09-30 03:48:10Z INFO RSAEncryptedFileKeyManager] Loading RSA key parameters from file D:\cicd\actions-runner\.credentials_rsaparams
[2026-09-30 03:48:11Z INFO BrokerMessageListener] VssConnection created
[2026-09-30 03:48:11Z INFO BrokerMessageListener] Connecting to the Runner server...
[2026-09-30 03:48:11Z INFO RunnerServer] EstablishVssConnection
[2026-09-30 03:48:11Z INFO RunnerServer] Establish connection with 100 seconds timeout.
[2026-09-30 03:48:11Z INFO GitHubActionsService] Starting operation Location.GetConnectionData
[2026-09-30 03:48:11Z INFO RunnerServer] EstablishVssConnection
[2026-09-30 03:48:11Z INFO RunnerServer] Establish connection with 60 seconds timeout.
[2026-09-30 03:48:11Z INFO GitHubActionsService] Starting operation Location.GetConnectionData
[2026-09-30 03:48:11Z INFO RunnerServer] EstablishVssConnection
[2026-09-30 03:48:11Z INFO RunnerServer] Establish connection with 60 seconds timeout.
[2026-09-30 03:48:11Z INFO GitHubActionsService] Starting operation Location.GetConnectionData
[2026-09-30 03:48:13Z INFO GitHubActionsService] Finished operation Location.GetConnectionData
[2026-09-30 03:48:13Z INFO GitHubActionsService] Finished operation Location.GetConnectionData
[2026-09-30 03:48:13Z INFO GitHubActionsService] Finished operation Location.GetConnectionData
[2026-09-30 03:48:13Z INFO BrokerMessageListener] VssConnection created
[2026-09-30 03:48:13Z INFO Terminal] WRITE LINE: 
[2026-09-30 03:48:13Z INFO Terminal] WRITE LINE: 
[2026-09-30 03:48:13Z INFO RSAEncryptedFileKeyManager] Loading RSA key parameters from file D:\cicd\actions-runner\.credentials_rsaparams
[2026-09-30 03:48:13Z INFO RSAEncryptedFileKeyManager] Loading RSA key parameters from file D:\cicd\actions-runner\.credentials_rsaparams
[2026-09-30 03:48:14Z INFO GitHubActionsService] AAD Correlation ID for this token request: Unknown
[2026-09-30 03:48:15Z INFO BrokerMessageListener] Session created.
[2026-09-30 03:48:15Z INFO Terminal] WRITE LINE: Current runner version: '2.337.0'
[2026-09-30 03:48:15Z INFO Terminal] WRITE LINE: 2026-09-30 03:48:15Z: Listening for Jobs
[2026-09-30 03:48:15Z INFO JobDispatcher] Set runner/worker IPC timeout to 30 seconds.
[2026-09-30 03:48:16Z INFO BrokerMessageListener] Acknowledging runner request '6703e9af-6a66-5805-8794-8e1c5a1ff844'.
[2026-09-30 03:48:17Z INFO ConfigurationStore] HasCredentials()
[2026-09-30 03:48:17Z INFO ConfigurationStore] stored True
[2026-09-30 03:48:17Z INFO CredentialManager] GetCredentialProvider
[2026-09-30 03:48:17Z INFO CredentialManager] Creating type OAuth
[2026-09-30 03:48:17Z INFO CredentialManager] Creating credential type: OAuth
[2026-09-30 03:48:17Z INFO RSAEncryptedFileKeyManager] Loading RSA key parameters from file D:\cicd\actions-runner\.credentials_rsaparams
[2026-09-30 03:48:17Z INFO RSAEncryptedFileKeyManager] Loading RSA key parameters from file D:\cicd\actions-runner\.credentials_rsaparams
[2026-09-30 03:48:17Z INFO RSAEncryptedFileKeyManager] Loading RSA key parameters from file D:\cicd\actions-runner\.credentials_rsaparams
[2026-09-30 03:48:18Z INFO GitHubActionsService] AAD Correlation ID for this token request: Unknown
[2026-09-30 03:48:19Z INFO JobDispatcher] Job request 0 for plan 5f8b91ac-63e0-4fbb-a6c4-0962c9af8da9 job 6703e9af-6a66-5805-8794-8e1c5a1ff844 received.
[2026-09-30 03:48:19Z INFO JobDispatcher] Pull OrchestrationId 5f8b91ac-63e0-4fbb-a6c4-0962c9af8da9.ci-cd.__default from JWT claims
[2026-09-30 03:48:20Z INFO BrokerMessageListener] Received job status event. JobState: Busy
[2026-09-30 03:48:20Z INFO BrokerMessageListener] _getMessagesTokenSource is already disposed.
[2026-09-30 03:48:20Z INFO Terminal] WRITE LINE: 2026-09-30 03:48:20Z: Running job: ci-cd
[2026-09-30 03:48:20Z INFO JobDispatcher] Start renew job request 0 for job 6703e9af-6a66-5805-8794-8e1c5a1ff844.
[2026-09-30 03:48:20Z INFO JobDispatcher] Successfully renew job 6703e9af-6a66-5805-8794-8e1c5a1ff844, job is valid till 30-09-2026 03:58:21
[2026-09-30 03:48:21Z INFO HostContext] Well known directory 'Bin': 'D:\cicd\actions-runner\bin'
[2026-09-30 03:48:21Z INFO ProcessInvokerWrapper] Starting process:
[2026-09-30 03:48:21Z INFO ProcessInvokerWrapper]   File name: 'D:\cicd\actions-runner\bin\Runner.Worker.exe'
[2026-09-30 03:48:21Z INFO ProcessInvokerWrapper]   Arguments: 'spawnclient 2176 2236'
[2026-09-30 03:48:21Z INFO ProcessInvokerWrapper]   Working directory: 'D:\cicd\actions-runner\bin'
[2026-09-30 03:48:21Z INFO ProcessInvokerWrapper]   Require exit code zero: 'False'
[2026-09-30 03:48:21Z INFO ProcessInvokerWrapper]   Encoding web name:  ; code page: ''
[2026-09-30 03:48:21Z INFO ProcessInvokerWrapper]   Force kill process on cancellation: 'True'
[2026-09-30 03:48:21Z INFO ProcessInvokerWrapper]   Redirected STDIN: 'False'
[2026-09-30 03:48:21Z INFO ProcessInvokerWrapper]   Persist current code page: 'False'
[2026-09-30 03:48:21Z INFO ProcessInvokerWrapper]   Keep redirected STDIN open: 'False'
[2026-09-30 03:48:21Z INFO ProcessInvokerWrapper]   High priority process: 'True'
[2026-09-30 03:48:21Z INFO ProcessInvokerWrapper] Process started with process id 8184, waiting for process exit.
[2026-09-30 03:48:21Z INFO JobDispatcher] Send job request message to worker for job 6703e9af-6a66-5805-8794-8e1c5a1ff844.
[2026-09-30 03:48:21Z INFO ProcessChannel] Sending message of length 23298, with hash '3f7d04e703c88308b958fd24b696ac02f8745cf0665faee286e2cf5398394e12'
[2026-09-30 03:48:22Z INFO JobNotification] Entering JobStarted Notification
[2026-09-30 03:48:22Z INFO JobNotification] Entering StartMonitor
[2026-09-30 03:49:05Z INFO ProcessInvokerWrapper] STDOUT/STDERR stream read finished.
[2026-09-30 03:49:05Z INFO ProcessInvokerWrapper] STDOUT/STDERR stream read finished.
[2026-09-30 03:49:05Z INFO ProcessInvokerWrapper] Finished process 8184 with exit code 100, and elapsed time 00:00:44.3378296.
[2026-09-30 03:49:05Z INFO JobDispatcher] Worker finished for job 6703e9af-6a66-5805-8794-8e1c5a1ff844. Code: 100
[2026-09-30 03:49:05Z INFO JobDispatcher] finish job request for job 6703e9af-6a66-5805-8794-8e1c5a1ff844 with result: Succeeded
[2026-09-30 03:49:05Z INFO Terminal] WRITE LINE: 2026-09-30 03:49:05Z: Job ci-cd completed with result: Succeeded
[2026-09-30 03:49:05Z INFO JobDispatcher] Stop renew job request for job 6703e9af-6a66-5805-8794-8e1c5a1ff844.
[2026-09-30 03:49:05Z INFO JobDispatcher] job renew has been cancelled, stop renew job 6703e9af-6a66-5805-8794-8e1c5a1ff844.
[2026-09-30 03:49:05Z INFO JobNotification] Entering JobCompleted Notification
[2026-09-30 03:49:05Z INFO JobNotification] Entering EndMonitor
[2026-09-30 03:49:05Z INFO BrokerMessageListener] Received job status event. JobState: Online
[2026-09-30 03:49:05Z WARN GitHubActionsService] GET request to https://broker.actions.githubusercontent.com/message?sessionId=b58c2b06-5c8e-456c-b2cf-fbbd768ccb82&status=Busy&runnerVersion=2.337.0&os=Windows&architecture=X64&disableUpdate=false has been cancelled.
[2026-09-30 03:49:05Z ERR  BrokerServer] Catch exception during request
[2026-09-30 03:49:05Z ERR  BrokerServer] System.Threading.Tasks.TaskCanceledException: The operation was canceled.
 ---> System.Threading.Tasks.TaskCanceledException: The operation was canceled.
 ---> System.IO.IOException: Unable to read data from the transport connection: The I/O operation has been aborted because of either a thread exit or an application request..
 ---> System.Net.Sockets.SocketException (995): The I/O operation has been aborted because of either a thread exit or an application request.
   --- End of inner exception stack trace ---
   at System.Net.Sockets.Socket.AwaitableSocketAsyncEventArgs.ThrowException(SocketError error, CancellationToken cancellationToken)
   at System.Net.Sockets.Socket.AwaitableSocketAsyncEventArgs.System.Threading.Tasks.Sources.IValueTaskSource<System.Int32>.GetResult(Int16 token)
   at System.Net.Security.SslStream.EnsureFullTlsFrameAsync[TIOAdapter](CancellationToken cancellationToken, Int32 estimatedSize)
   at System.Runtime.CompilerServices.PoolingAsyncValueTaskMethodBuilder`1.StateMachineBox`1.System.Threading.Tasks.Sources.IValueTaskSource<TResult>.GetResult(Int16 token)
   at System.Net.Security.SslStream.ReadAsyncInternal[TIOAdapter](Memory`1 buffer, CancellationToken cancellationToken)
   at System.Runtime.CompilerServices.PoolingAsyncValueTaskMethodBuilder`1.StateMachineBox`1.System.Threading.Tasks.Sources.IValueTaskSource<TResult>.GetResult(Int16 token)
   at System.Net.Http.HttpConnection.SendAsync(HttpRequestMessage request, Boolean async, CancellationToken cancellationToken)
   --- End of inner exception stack trace ---
   at System.Net.Http.HttpConnection.SendAsync(HttpRequestMessage request, Boolean async, CancellationToken cancellationToken)
   at System.Net.Http.AuthenticationHelper.SendWithNtAuthAsync(HttpRequestMessage request, Uri authUri, Boolean async, ICredentials credentials, Boolean isProxyAuth, HttpConnection connection, HttpConnectionPool connectionPool, CancellationToken cancellationToken)
   at System.Net.Http.HttpConnectionPool.SendWithVersionDetectionAndRetryAsync(HttpRequestMessage request, Boolean async, Boolean doRequestAuth, CancellationToken cancellationToken)
   at System.Net.Http.AuthenticationHelper.SendWithAuthAsync(HttpRequestMessage request, Uri authUri, Boolean async, ICredentials credentials, Boolean preAuthenticate, Boolean isProxyAuth, Boolean doRequestAuth, HttpConnectionPool pool, CancellationToken cancellationToken)
   at System.Net.Http.RedirectHandler.SendAsync(HttpRequestMessage request, Boolean async, CancellationToken cancellationToken)
   at GitHub.Services.Common.RawHttpMessageHandler.SendAsync(HttpRequestMessage request, CancellationToken cancellationToken)
   at GitHub.Services.Common.VssHttpRetryMessageHandler.SendAsync(HttpRequestMessage request, CancellationToken cancellationToken)
   at System.Net.Http.HttpClient.<SendAsync>g__Core|83_0(HttpRequestMessage request, HttpCompletionOption completionOption, CancellationTokenSource cts, Boolean disposeCts, CancellationTokenSource pendingRequestsCts, CancellationToken originalCancellationToken)
   --- End of inner exception stack trace ---
   at System.Net.Http.HttpClient.HandleFailure(Exception e, Boolean telemetryStarted, HttpResponseMessage response, CancellationTokenSource cts, CancellationToken cancellationToken, CancellationTokenSource pendingRequestsCts)
   at System.Net.Http.HttpClient.<SendAsync>g__Core|83_0(HttpRequestMessage request, HttpCompletionOption completionOption, CancellationTokenSource cts, Boolean disposeCts, CancellationTokenSource pendingRequestsCts, CancellationToken originalCancellationToken)
   at Sdk.WebApi.WebApi.RawHttpClientBase.SendAsync(HttpRequestMessage message, HttpCompletionOption completionOption, Object userState, CancellationToken cancellationToken)
   at Sdk.WebApi.WebApi.RawHttpClientBase.SendAsync[T](HttpRequestMessage message, Boolean readErrorBody, Object userState, CancellationToken cancellationToken)
   at Sdk.WebApi.WebApi.RawHttpClientBase.SendAsync[T](HttpMethod method, IEnumerable`1 additionalHeaders, Uri requestUri, HttpContent content, IEnumerable`1 queryParameters, Boolean readErrorBody, Object userState, CancellationToken cancellationToken)
   at GitHub.Actions.RunService.WebApi.BrokerHttpClient.GetRunnerMessageAsync(Nullable`1 sessionId, String runnerVersion, Nullable`1 status, String os, String architecture, Nullable`1 disableUpdate, CancellationToken cancellationToken)
   at GitHub.Runner.Common.BrokerServer.<>c__DisplayClass7_0.<<GetRunnerMessageAsync>b__0>d.MoveNext()
--- End of stack trace from previous location ---
   at GitHub.Runner.Common.RunnerService.RetryRequest[T](Func`1 func, CancellationToken cancellationToken, Int32 maxAttempts, Func`2 shouldRetry)
[2026-09-30 03:49:05Z ERR  BrokerServer] #####################################################
[2026-09-30 03:49:05Z ERR  BrokerServer] System.Threading.Tasks.TaskCanceledException: The operation was canceled.
 ---> System.IO.IOException: Unable to read data from the transport connection: The I/O operation has been aborted because of either a thread exit or an application request..
 ---> System.Net.Sockets.SocketException (995): The I/O operation has been aborted because of either a thread exit or an application request.
   --- End of inner exception stack trace ---
   at System.Net.Sockets.Socket.AwaitableSocketAsyncEventArgs.ThrowException(SocketError error, CancellationToken cancellationToken)
   at System.Net.Sockets.Socket.AwaitableSocketAsyncEventArgs.System.Threading.Tasks.Sources.IValueTaskSource<System.Int32>.GetResult(Int16 token)
   at System.Net.Security.SslStream.EnsureFullTlsFrameAsync[TIOAdapter](CancellationToken cancellationToken, Int32 estimatedSize)
   at System.Runtime.CompilerServices.PoolingAsyncValueTaskMethodBuilder`1.StateMachineBox`1.System.Threading.Tasks.Sources.IValueTaskSource<TResult>.GetResult(Int16 token)
   at System.Net.Security.SslStream.ReadAsyncInternal[TIOAdapter](Memory`1 buffer, CancellationToken cancellationToken)
   at System.Runtime.CompilerServices.PoolingAsyncValueTaskMethodBuilder`1.StateMachineBox`1.System.Threading.Tasks.Sources.IValueTaskSource<TResult>.GetResult(Int16 token)
   at System.Net.Http.HttpConnection.SendAsync(HttpRequestMessage request, Boolean async, CancellationToken cancellationToken)
   --- End of inner exception stack trace ---
   at System.Net.Http.HttpConnection.SendAsync(HttpRequestMessage request, Boolean async, CancellationToken cancellationToken)
   at System.Net.Http.AuthenticationHelper.SendWithNtAuthAsync(HttpRequestMessage request, Uri authUri, Boolean async, ICredentials credentials, Boolean isProxyAuth, HttpConnection connection, HttpConnectionPool connectionPool, CancellationToken cancellationToken)
   at System.Net.Http.HttpConnectionPool.SendWithVersionDetectionAndRetryAsync(HttpRequestMessage request, Boolean async, Boolean doRequestAuth, CancellationToken cancellationToken)
   at System.Net.Http.AuthenticationHelper.SendWithAuthAsync(HttpRequestMessage request, Uri authUri, Boolean async, ICredentials credentials, Boolean preAuthenticate, Boolean isProxyAuth, Boolean doRequestAuth, HttpConnectionPool pool, CancellationToken cancellationToken)
   at System.Net.Http.RedirectHandler.SendAsync(HttpRequestMessage request, Boolean async, CancellationToken cancellationToken)
   at GitHub.Services.Common.RawHttpMessageHandler.SendAsync(HttpRequestMessage request, CancellationToken cancellationToken)
   at GitHub.Services.Common.VssHttpRetryMessageHandler.SendAsync(HttpRequestMessage request, CancellationToken cancellationToken)
   at System.Net.Http.HttpClient.<SendAsync>g__Core|83_0(HttpRequestMessage request, HttpCompletionOption completionOption, CancellationTokenSource cts, Boolean disposeCts, CancellationTokenSource pendingRequestsCts, CancellationToken originalCancellationToken)
[2026-09-30 03:49:05Z ERR  BrokerServer] #####################################################
[2026-09-30 03:49:05Z ERR  BrokerServer] System.IO.IOException: Unable to read data from the transport connection: The I/O operation has been aborted because of either a thread exit or an application request..
 ---> System.Net.Sockets.SocketException (995): The I/O operation has been aborted because of either a thread exit or an application request.
   --- End of inner exception stack trace ---
   at System.Net.Sockets.Socket.AwaitableSocketAsyncEventArgs.ThrowException(SocketError error, CancellationToken cancellationToken)
   at System.Net.Sockets.Socket.AwaitableSocketAsyncEventArgs.System.Threading.Tasks.Sources.IValueTaskSource<System.Int32>.GetResult(Int16 token)
   at System.Net.Security.SslStream.EnsureFullTlsFrameAsync[TIOAdapter](CancellationToken cancellationToken, Int32 estimatedSize)
   at System.Runtime.CompilerServices.PoolingAsyncValueTaskMethodBuilder`1.StateMachineBox`1.System.Threading.Tasks.Sources.IValueTaskSource<TResult>.GetResult(Int16 token)
   at System.Net.Security.SslStream.ReadAsyncInternal[TIOAdapter](Memory`1 buffer, CancellationToken cancellationToken)
   at System.Runtime.CompilerServices.PoolingAsyncValueTaskMethodBuilder`1.StateMachineBox`1.System.Threading.Tasks.Sources.IValueTaskSource<TResult>.GetResult(Int16 token)
   at System.Net.Http.HttpConnection.SendAsync(HttpRequestMessage request, Boolean async, CancellationToken cancellationToken)
[2026-09-30 03:49:05Z ERR  BrokerServer] #####################################################
[2026-09-30 03:49:05Z ERR  BrokerServer] System.Net.Sockets.SocketException (995): The I/O operation has been aborted because of either a thread exit or an application request.
[2026-09-30 03:49:05Z WARN BrokerServer] Back off 14.243 seconds before next retry. 4 attempt left.
[2026-09-30 03:49:05Z INFO BrokerMessageListener] Get messages has been cancelled using local token source. Continue to get messages with new status.
[2026-09-30 03:50:58Z INFO BrokerMessageListener] Acknowledging runner request '8cc15214-fb7f-55f1-870f-1626fad03a5c'.
[2026-09-30 03:50:59Z INFO ConfigurationStore] HasCredentials()
[2026-09-30 03:50:59Z INFO ConfigurationStore] stored True
[2026-09-30 03:50:59Z INFO CredentialManager] GetCredentialProvider
[2026-09-30 03:50:59Z INFO CredentialManager] Creating type OAuth
[2026-09-30 03:50:59Z INFO CredentialManager] Creating credential type: OAuth
[2026-09-30 03:50:59Z INFO RSAEncryptedFileKeyManager] Loading RSA key parameters from file D:\cicd\actions-runner\.credentials_rsaparams
[2026-09-30 03:50:59Z INFO RSAEncryptedFileKeyManager] Loading RSA key parameters from file D:\cicd\actions-runner\.credentials_rsaparams
[2026-09-30 03:50:59Z INFO RSAEncryptedFileKeyManager] Loading RSA key parameters from file D:\cicd\actions-runner\.credentials_rsaparams
[2026-09-30 03:51:00Z INFO GitHubActionsService] AAD Correlation ID for this token request: Unknown
[2026-09-30 03:51:01Z INFO JobDispatcher] Job request 0 for plan cc671523-b34e-4d85-be01-0e94a5e9aa5d job 8cc15214-fb7f-55f1-870f-1626fad03a5c received.
[2026-09-30 03:51:01Z INFO JobDispatcher] Pull OrchestrationId cc671523-b34e-4d85-be01-0e94a5e9aa5d.ci-cd.__default from JWT claims
[2026-09-30 03:51:01Z INFO BrokerMessageListener] Received job status event. JobState: Busy
[2026-09-30 03:51:01Z INFO BrokerMessageListener] _getMessagesTokenSource is already disposed.
[2026-09-30 03:51:01Z INFO JobDispatcher] Job request 6703e9af-6a66-5805-8794-8e1c5a1ff844 processed succeed.
[2026-09-30 03:51:01Z INFO Terminal] WRITE LINE: 2026-09-30 03:51:01Z: Running job: ci-cd
[2026-09-30 03:51:01Z INFO JobDispatcher] Start renew job request 0 for job 8cc15214-fb7f-55f1-870f-1626fad03a5c.
[2026-09-30 03:51:02Z INFO JobDispatcher] Successfully renew job 8cc15214-fb7f-55f1-870f-1626fad03a5c, job is valid till 30-09-2026 04:01:03
[2026-09-30 03:51:02Z INFO HostContext] Well known directory 'Bin': 'D:\cicd\actions-runner\bin'
[2026-09-30 03:51:02Z INFO ProcessInvokerWrapper] Starting process:
[2026-09-30 03:51:02Z INFO ProcessInvokerWrapper]   File name: 'D:\cicd\actions-runner\bin\Runner.Worker.exe'
[2026-09-30 03:51:02Z INFO ProcessInvokerWrapper]   Arguments: 'spawnclient 2344 2360'
[2026-09-30 03:51:02Z INFO ProcessInvokerWrapper]   Working directory: 'D:\cicd\actions-runner\bin'
[2026-09-30 03:51:02Z INFO ProcessInvokerWrapper]   Require exit code zero: 'False'
[2026-09-30 03:51:02Z INFO ProcessInvokerWrapper]   Encoding web name:  ; code page: ''
[2026-09-30 03:51:02Z INFO ProcessInvokerWrapper]   Force kill process on cancellation: 'True'
[2026-09-30 03:51:02Z INFO ProcessInvokerWrapper]   Redirected STDIN: 'False'
[2026-09-30 03:51:02Z INFO ProcessInvokerWrapper]   Persist current code page: 'False'
[2026-09-30 03:51:02Z INFO ProcessInvokerWrapper]   Keep redirected STDIN open: 'False'
[2026-09-30 03:51:02Z INFO ProcessInvokerWrapper]   High priority process: 'True'
[2026-09-30 03:51:02Z INFO ProcessInvokerWrapper] Process started with process id 1828, waiting for process exit.
[2026-09-30 03:51:02Z INFO JobDispatcher] Send job request message to worker for job 8cc15214-fb7f-55f1-870f-1626fad03a5c.
[2026-09-30 03:51:02Z INFO ProcessChannel] Sending message of length 23409, with hash '417703ce79365e02b97a6bdae3fe20e61dd6adb826179a9c7da3ad735e226509'
[2026-09-30 03:51:03Z INFO JobNotification] Entering JobStarted Notification
[2026-09-30 03:51:03Z INFO JobNotification] Entering StartMonitor
[2026-09-30 03:51:51Z INFO ProcessInvokerWrapper] STDOUT/STDERR stream read finished.
[2026-09-30 03:51:51Z INFO ProcessInvokerWrapper] STDOUT/STDERR stream read finished.
[2026-09-30 03:51:51Z INFO ProcessInvokerWrapper] Finished process 1828 with exit code 100, and elapsed time 00:00:48.7428949.
[2026-09-30 03:51:51Z INFO JobDispatcher] Worker finished for job 8cc15214-fb7f-55f1-870f-1626fad03a5c. Code: 100
[2026-09-30 03:51:51Z INFO JobDispatcher] finish job request for job 8cc15214-fb7f-55f1-870f-1626fad03a5c with result: Succeeded
[2026-09-30 03:51:51Z INFO Terminal] WRITE LINE: 2026-09-30 03:51:51Z: Job ci-cd completed with result: Succeeded
[2026-09-30 03:51:51Z INFO JobDispatcher] Stop renew job request for job 8cc15214-fb7f-55f1-870f-1626fad03a5c.
[2026-09-30 03:51:51Z INFO JobDispatcher] job renew has been cancelled, stop renew job 8cc15214-fb7f-55f1-870f-1626fad03a5c.
[2026-09-30 03:51:51Z INFO JobNotification] Entering JobCompleted Notification
[2026-09-30 03:51:51Z INFO JobNotification] Entering EndMonitor
[2026-09-30 03:51:51Z INFO BrokerMessageListener] Received job status event. JobState: Online
[2026-09-30 03:51:51Z WARN GitHubActionsService] GET request to https://broker.actions.githubusercontent.com/message?sessionId=b58c2b06-5c8e-456c-b2cf-fbbd768ccb82&status=Busy&runnerVersion=2.337.0&os=Windows&architecture=X64&disableUpdate=false has been cancelled.
[2026-09-30 03:51:51Z ERR  BrokerServer] Catch exception during request
[2026-09-30 03:51:51Z ERR  BrokerServer] System.Threading.Tasks.TaskCanceledException: The operation was canceled.
 ---> System.Threading.Tasks.TaskCanceledException: The operation was canceled.
 ---> System.IO.IOException: Unable to read data from the transport connection: The I/O operation has been aborted because of either a thread exit or an application request..
 ---> System.Net.Sockets.SocketException (995): The I/O operation has been aborted because of either a thread exit or an application request.
   --- End of inner exception stack trace ---
   at System.Net.Sockets.Socket.AwaitableSocketAsyncEventArgs.ThrowException(SocketError error, CancellationToken cancellationToken)
   at System.Net.Sockets.Socket.AwaitableSocketAsyncEventArgs.System.Threading.Tasks.Sources.IValueTaskSource<System.Int32>.GetResult(Int16 token)
   at System.Net.Security.SslStream.EnsureFullTlsFrameAsync[TIOAdapter](CancellationToken cancellationToken, Int32 estimatedSize)
   at System.Runtime.CompilerServices.PoolingAsyncValueTaskMethodBuilder`1.StateMachineBox`1.System.Threading.Tasks.Sources.IValueTaskSource<TResult>.GetResult(Int16 token)
   at System.Net.Security.SslStream.ReadAsyncInternal[TIOAdapter](Memory`1 buffer, CancellationToken cancellationToken)
   at System.Runtime.CompilerServices.PoolingAsyncValueTaskMethodBuilder`1.StateMachineBox`1.System.Threading.Tasks.Sources.IValueTaskSource<TResult>.GetResult(Int16 token)
   at System.Net.Http.HttpConnection.<EnsureReadAheadTaskHasStarted>g__ReadAheadWithZeroByteReadAsync|40_0()
   at System.Net.Http.HttpConnection.SendAsync(HttpRequestMessage request, Boolean async, CancellationToken cancellationToken)
   --- End of inner exception stack trace ---
   at System.Net.Http.HttpConnection.SendAsync(HttpRequestMessage request, Boolean async, CancellationToken cancellationToken)
   at System.Net.Http.AuthenticationHelper.SendWithNtAuthAsync(HttpRequestMessage request, Uri authUri, Boolean async, ICredentials credentials, Boolean isProxyAuth, HttpConnection connection, HttpConnectionPool connectionPool, CancellationToken cancellationToken)
   at System.Net.Http.HttpConnectionPool.SendWithVersionDetectionAndRetryAsync(HttpRequestMessage request, Boolean async, Boolean doRequestAuth, CancellationToken cancellationToken)
   at System.Net.Http.AuthenticationHelper.SendWithAuthAsync(HttpRequestMessage request, Uri authUri, Boolean async, ICredentials credentials, Boolean preAuthenticate, Boolean isProxyAuth, Boolean doRequestAuth, HttpConnectionPool pool, CancellationToken cancellationToken)
   at System.Net.Http.RedirectHandler.SendAsync(HttpRequestMessage request, Boolean async, CancellationToken cancellationToken)
   at GitHub.Services.Common.RawHttpMessageHandler.SendAsync(HttpRequestMessage request, CancellationToken cancellationToken)
   at GitHub.Services.Common.VssHttpRetryMessageHandler.SendAsync(HttpRequestMessage request, CancellationToken cancellationToken)
   at System.Net.Http.HttpClient.<SendAsync>g__Core|83_0(HttpRequestMessage request, HttpCompletionOption completionOption, CancellationTokenSource cts, Boolean disposeCts, CancellationTokenSource pendingRequestsCts, CancellationToken originalCancellationToken)
   --- End of inner exception stack trace ---
   at System.Net.Http.HttpClient.HandleFailure(Exception e, Boolean telemetryStarted, HttpResponseMessage response, CancellationTokenSource cts, CancellationToken cancellationToken, CancellationTokenSource pendingRequestsCts)
   at System.Net.Http.HttpClient.<SendAsync>g__Core|83_0(HttpRequestMessage request, HttpCompletionOption completionOption, CancellationTokenSource cts, Boolean disposeCts, CancellationTokenSource pendingRequestsCts, CancellationToken originalCancellationToken)
   at Sdk.WebApi.WebApi.RawHttpClientBase.SendAsync(HttpRequestMessage message, HttpCompletionOption completionOption, Object userState, CancellationToken cancellationToken)
   at Sdk.WebApi.WebApi.RawHttpClientBase.SendAsync[T](HttpRequestMessage message, Boolean readErrorBody, Object userState, CancellationToken cancellationToken)
   at Sdk.WebApi.WebApi.RawHttpClientBase.SendAsync[T](HttpMethod method, IEnumerable`1 additionalHeaders, Uri requestUri, HttpContent content, IEnumerable`1 queryParameters, Boolean readErrorBody, Object userState, CancellationToken cancellationToken)
   at GitHub.Actions.RunService.WebApi.BrokerHttpClient.GetRunnerMessageAsync(Nullable`1 sessionId, String runnerVersion, Nullable`1 status, String os, String architecture, Nullable`1 disableUpdate, CancellationToken cancellationToken)
   at GitHub.Runner.Common.BrokerServer.<>c__DisplayClass7_0.<<GetRunnerMessageAsync>b__0>d.MoveNext()
--- End of stack trace from previous location ---
   at GitHub.Runner.Common.RunnerService.RetryRequest[T](Func`1 func, CancellationToken cancellationToken, Int32 maxAttempts, Func`2 shouldRetry)
[2026-09-30 03:51:51Z ERR  BrokerServer] #####################################################
[2026-09-30 03:51:51Z ERR  BrokerServer] System.Threading.Tasks.TaskCanceledException: The operation was canceled.
 ---> System.IO.IOException: Unable to read data from the transport connection: The I/O operation has been aborted because of either a thread exit or an application request..
 ---> System.Net.Sockets.SocketException (995): The I/O operation has been aborted because of either a thread exit or an application request.
   --- End of inner exception stack trace ---
   at System.Net.Sockets.Socket.AwaitableSocketAsyncEventArgs.ThrowException(SocketError error, CancellationToken cancellationToken)
   at System.Net.Sockets.Socket.AwaitableSocketAsyncEventArgs.System.Threading.Tasks.Sources.IValueTaskSource<System.Int32>.GetResult(Int16 token)
   at System.Net.Security.SslStream.EnsureFullTlsFrameAsync[TIOAdapter](CancellationToken cancellationToken, Int32 estimatedSize)
   at System.Runtime.CompilerServices.PoolingAsyncValueTaskMethodBuilder`1.StateMachineBox`1.System.Threading.Tasks.Sources.IValueTaskSource<TResult>.GetResult(Int16 token)
   at System.Net.Security.SslStream.ReadAsyncInternal[TIOAdapter](Memory`1 buffer, CancellationToken cancellationToken)
   at System.Runtime.CompilerServices.PoolingAsyncValueTaskMethodBuilder`1.StateMachineBox`1.System.Threading.Tasks.Sources.IValueTaskSource<TResult>.GetResult(Int16 token)
   at System.Net.Http.HttpConnection.<EnsureReadAheadTaskHasStarted>g__ReadAheadWithZeroByteReadAsync|40_0()
   at System.Net.Http.HttpConnection.SendAsync(HttpRequestMessage request, Boolean async, CancellationToken cancellationToken)
   --- End of inner exception stack trace ---
   at System.Net.Http.HttpConnection.SendAsync(HttpRequestMessage request, Boolean async, CancellationToken cancellationToken)
   at System.Net.Http.AuthenticationHelper.SendWithNtAuthAsync(HttpRequestMessage request, Uri authUri, Boolean async, ICredentials credentials, Boolean isProxyAuth, HttpConnection connection, HttpConnectionPool connectionPool, CancellationToken cancellationToken)
   at System.Net.Http.HttpConnectionPool.SendWithVersionDetectionAndRetryAsync(HttpRequestMessage request, Boolean async, Boolean doRequestAuth, CancellationToken cancellationToken)
   at System.Net.Http.AuthenticationHelper.SendWithAuthAsync(HttpRequestMessage request, Uri authUri, Boolean async, ICredentials credentials, Boolean preAuthenticate, Boolean isProxyAuth, Boolean doRequestAuth, HttpConnectionPool pool, CancellationToken cancellationToken)
   at System.Net.Http.RedirectHandler.SendAsync(HttpRequestMessage request, Boolean async, CancellationToken cancellationToken)
   at GitHub.Services.Common.RawHttpMessageHandler.SendAsync(HttpRequestMessage request, CancellationToken cancellationToken)
   at GitHub.Services.Common.VssHttpRetryMessageHandler.SendAsync(HttpRequestMessage request, CancellationToken cancellationToken)
   at System.Net.Http.HttpClient.<SendAsync>g__Core|83_0(HttpRequestMessage request, HttpCompletionOption completionOption, CancellationTokenSource cts, Boolean disposeCts, CancellationTokenSource pendingRequestsCts, CancellationToken originalCancellationToken)
[2026-09-30 03:51:51Z ERR  BrokerServer] #####################################################
[2026-09-30 03:51:51Z ERR  BrokerServer] System.IO.IOException: Unable to read data from the transport connection: The I/O operation has been aborted because of either a thread exit or an application request..
 ---> System.Net.Sockets.SocketException (995): The I/O operation has been aborted because of either a thread exit or an application request.
   --- End of inner exception stack trace ---
   at System.Net.Sockets.Socket.AwaitableSocketAsyncEventArgs.ThrowException(SocketError error, CancellationToken cancellationToken)
   at System.Net.Sockets.Socket.AwaitableSocketAsyncEventArgs.System.Threading.Tasks.Sources.IValueTaskSource<System.Int32>.GetResult(Int16 token)
   at System.Net.Security.SslStream.EnsureFullTlsFrameAsync[TIOAdapter](CancellationToken cancellationToken, Int32 estimatedSize)
   at System.Runtime.CompilerServices.PoolingAsyncValueTaskMethodBuilder`1.StateMachineBox`1.System.Threading.Tasks.Sources.IValueTaskSource<TResult>.GetResult(Int16 token)
   at System.Net.Security.SslStream.ReadAsyncInternal[TIOAdapter](Memory`1 buffer, CancellationToken cancellationToken)
   at System.Runtime.CompilerServices.PoolingAsyncValueTaskMethodBuilder`1.StateMachineBox`1.System.Threading.Tasks.Sources.IValueTaskSource<TResult>.GetResult(Int16 token)
   at System.Net.Http.HttpConnection.<EnsureReadAheadTaskHasStarted>g__ReadAheadWithZeroByteReadAsync|40_0()
   at System.Net.Http.HttpConnection.SendAsync(HttpRequestMessage request, Boolean async, CancellationToken cancellationToken)
[2026-09-30 03:51:51Z ERR  BrokerServer] #####################################################
[2026-09-30 03:51:51Z ERR  BrokerServer] System.Net.Sockets.SocketException (995): The I/O operation has been aborted because of either a thread exit or an application request.
[2026-09-30 03:51:51Z WARN BrokerServer] Back off 11.352 seconds before next retry. 4 attempt left.
[2026-09-30 03:51:51Z INFO BrokerMessageListener] Get messages has been cancelled using local token source. Continue to get messages with new status.
[2026-09-30 03:53:17Z INFO BrokerMessageListener] Acknowledging runner request '1d84f972-5074-5cd7-a31f-3893de6ef3db'.
[2026-09-30 03:53:17Z INFO ConfigurationStore] HasCredentials()
[2026-09-30 03:53:17Z INFO ConfigurationStore] stored True
[2026-09-30 03:53:17Z INFO CredentialManager] GetCredentialProvider
[2026-09-30 03:53:17Z INFO CredentialManager] Creating type OAuth
[2026-09-30 03:53:17Z INFO CredentialManager] Creating credential type: OAuth
[2026-09-30 03:53:17Z INFO RSAEncryptedFileKeyManager] Loading RSA key parameters from file D:\cicd\actions-runner\.credentials_rsaparams
[2026-09-30 03:53:17Z INFO RSAEncryptedFileKeyManager] Loading RSA key parameters from file D:\cicd\actions-runner\.credentials_rsaparams
[2026-09-30 03:53:17Z INFO RSAEncryptedFileKeyManager] Loading RSA key parameters from file D:\cicd\actions-runner\.credentials_rsaparams
[2026-09-30 03:53:19Z INFO GitHubActionsService] AAD Correlation ID for this token request: Unknown
[2026-09-30 03:53:21Z INFO JobDispatcher] Job request 0 for plan 02e4ed77-b9c6-4d25-8c2b-f51a51034b67 job 1d84f972-5074-5cd7-a31f-3893de6ef3db received.
[2026-09-30 03:53:21Z INFO JobDispatcher] Pull OrchestrationId 02e4ed77-b9c6-4d25-8c2b-f51a51034b67.deploy.__default from JWT claims
[2026-09-30 03:53:21Z INFO BrokerMessageListener] Received job status event. JobState: Busy
[2026-09-30 03:53:21Z INFO BrokerMessageListener] _getMessagesTokenSource is already disposed.
[2026-09-30 03:53:21Z INFO JobDispatcher] Job request 8cc15214-fb7f-55f1-870f-1626fad03a5c processed succeed.
[2026-09-30 03:53:21Z INFO Terminal] WRITE LINE: 2026-09-30 03:53:21Z: Running job: deploy
[2026-09-30 03:53:21Z INFO JobDispatcher] Start renew job request 0 for job 1d84f972-5074-5cd7-a31f-3893de6ef3db.
[2026-09-30 03:53:21Z INFO JobDispatcher] Successfully renew job 1d84f972-5074-5cd7-a31f-3893de6ef3db, job is valid till 30-09-2026 04:03:22
[2026-09-30 03:53:22Z INFO HostContext] Well known directory 'Bin': 'D:\cicd\actions-runner\bin'
[2026-09-30 03:53:22Z INFO ProcessInvokerWrapper] Starting process:
[2026-09-30 03:53:22Z INFO ProcessInvokerWrapper]   File name: 'D:\cicd\actions-runner\bin\Runner.Worker.exe'
[2026-09-30 03:53:22Z INFO ProcessInvokerWrapper]   Arguments: 'spawnclient 2024 1372'
[2026-09-30 03:53:22Z INFO ProcessInvokerWrapper]   Working directory: 'D:\cicd\actions-runner\bin'
[2026-09-30 03:53:22Z INFO ProcessInvokerWrapper]   Require exit code zero: 'False'
[2026-09-30 03:53:22Z INFO ProcessInvokerWrapper]   Encoding web name:  ; code page: ''
[2026-09-30 03:53:22Z INFO ProcessInvokerWrapper]   Force kill process on cancellation: 'True'
[2026-09-30 03:53:22Z INFO ProcessInvokerWrapper]   Redirected STDIN: 'False'
[2026-09-30 03:53:22Z INFO ProcessInvokerWrapper]   Persist current code page: 'False'
[2026-09-30 03:53:22Z INFO ProcessInvokerWrapper]   Keep redirected STDIN open: 'False'
[2026-09-30 03:53:22Z INFO ProcessInvokerWrapper]   High priority process: 'True'
[2026-09-30 03:53:22Z INFO ProcessInvokerWrapper] Process started with process id 8768, waiting for process exit.
[2026-09-30 03:53:22Z INFO JobDispatcher] Send job request message to worker for job 1d84f972-5074-5cd7-a31f-3893de6ef3db.
[2026-09-30 03:53:22Z INFO ProcessChannel] Sending message of length 26282, with hash '51924f99c744ab28800219412d1f9525548a661b775e5d9861fa8e8e442b581f'
[2026-09-30 03:53:22Z INFO JobNotification] Entering JobStarted Notification
[2026-09-30 03:53:22Z INFO JobNotification] Entering StartMonitor
[2026-09-30 03:54:04Z INFO ProcessInvokerWrapper] STDOUT/STDERR stream read finished.
[2026-09-30 03:54:04Z INFO ProcessInvokerWrapper] STDOUT/STDERR stream read finished.
[2026-09-30 03:54:04Z INFO ProcessInvokerWrapper] Finished process 8768 with exit code 102, and elapsed time 00:00:42.4209266.
[2026-09-30 03:54:04Z INFO JobDispatcher] Worker finished for job 1d84f972-5074-5cd7-a31f-3893de6ef3db. Code: 102
[2026-09-30 03:54:04Z INFO JobDispatcher] finish job request for job 1d84f972-5074-5cd7-a31f-3893de6ef3db with result: Failed
[2026-09-30 03:54:04Z INFO Terminal] WRITE LINE: 2026-09-30 03:54:04Z: Job deploy completed with result: Failed
[2026-09-30 03:54:04Z INFO JobDispatcher] Stop renew job request for job 1d84f972-5074-5cd7-a31f-3893de6ef3db.
[2026-09-30 03:54:04Z INFO JobDispatcher] job renew has been cancelled, stop renew job 1d84f972-5074-5cd7-a31f-3893de6ef3db.
[2026-09-30 03:54:04Z INFO JobNotification] Entering JobCompleted Notification
[2026-09-30 03:54:04Z INFO JobNotification] Entering EndMonitor
[2026-09-30 03:54:04Z INFO BrokerMessageListener] Received job status event. JobState: Online
[2026-09-30 03:54:04Z WARN GitHubActionsService] GET request to https://broker.actions.githubusercontent.com/message?sessionId=b58c2b06-5c8e-456c-b2cf-fbbd768ccb82&status=Busy&runnerVersion=2.337.0&os=Windows&architecture=X64&disableUpdate=false has been cancelled.
[2026-09-30 03:54:04Z ERR  BrokerServer] Catch exception during request
[2026-09-30 03:54:04Z ERR  BrokerServer] System.Threading.Tasks.TaskCanceledException: The operation was canceled.
 ---> System.Threading.Tasks.TaskCanceledException: The operation was canceled.
 ---> System.IO.IOException: Unable to read data from the transport connection: The I/O operation has been aborted because of either a thread exit or an application request..
 ---> System.Net.Sockets.SocketException (995): The I/O operation has been aborted because of either a thread exit or an application request.
   --- End of inner exception stack trace ---
   at System.Net.Sockets.Socket.AwaitableSocketAsyncEventArgs.System.Threading.Tasks.Sources.IValueTaskSource<System.Int32>.GetResult(Int16 token)
   at System.Net.Security.SslStream.EnsureFullTlsFrameAsync[TIOAdapter](CancellationToken cancellationToken, Int32 estimatedSize)
   at System.Runtime.CompilerServices.PoolingAsyncValueTaskMethodBuilder`1.StateMachineBox`1.System.Threading.Tasks.Sources.IValueTaskSource<TResult>.GetResult(Int16 token)
   at System.Net.Security.SslStream.ReadAsyncInternal[TIOAdapter](Memory`1 buffer, CancellationToken cancellationToken)
   at System.Runtime.CompilerServices.PoolingAsyncValueTaskMethodBuilder`1.StateMachineBox`1.System.Threading.Tasks.Sources.IValueTaskSource<TResult>.GetResult(Int16 token)
   at System.Net.Http.HttpConnection.SendAsync(HttpRequestMessage request, Boolean async, CancellationToken cancellationToken)
   --- End of inner exception stack trace ---
   at System.Net.Http.HttpConnection.SendAsync(HttpRequestMessage request, Boolean async, CancellationToken cancellationToken)
   at System.Net.Http.AuthenticationHelper.SendWithNtAuthAsync(HttpRequestMessage request, Uri authUri, Boolean async, ICredentials credentials, Boolean isProxyAuth, HttpConnection connection, HttpConnectionPool connectionPool, CancellationToken cancellationToken)
   at System.Net.Http.HttpConnectionPool.SendWithVersionDetectionAndRetryAsync(HttpRequestMessage request, Boolean async, Boolean doRequestAuth, CancellationToken cancellationToken)
   at System.Net.Http.AuthenticationHelper.SendWithAuthAsync(HttpRequestMessage request, Uri authUri, Boolean async, ICredentials credentials, Boolean preAuthenticate, Boolean isProxyAuth, Boolean doRequestAuth, HttpConnectionPool pool, CancellationToken cancellationToken)
   at System.Net.Http.RedirectHandler.SendAsync(HttpRequestMessage request, Boolean async, CancellationToken cancellationToken)
   at GitHub.Services.Common.RawHttpMessageHandler.SendAsync(HttpRequestMessage request, CancellationToken cancellationToken)
   at GitHub.Services.Common.VssHttpRetryMessageHandler.SendAsync(HttpRequestMessage request, CancellationToken cancellationToken)
   at System.Net.Http.HttpClient.<SendAsync>g__Core|83_0(HttpRequestMessage request, HttpCompletionOption completionOption, CancellationTokenSource cts, Boolean disposeCts, CancellationTokenSource pendingRequestsCts, CancellationToken originalCancellationToken)
   --- End of inner exception stack trace ---
   at System.Net.Http.HttpClient.HandleFailure(Exception e, Boolean telemetryStarted, HttpResponseMessage response, CancellationTokenSource cts, CancellationToken cancellationToken, CancellationTokenSource pendingRequestsCts)
   at System.Net.Http.HttpClient.<SendAsync>g__Core|83_0(HttpRequestMessage request, HttpCompletionOption completionOption, CancellationTokenSource cts, Boolean disposeCts, CancellationTokenSource pendingRequestsCts, CancellationToken originalCancellationToken)
   at Sdk.WebApi.WebApi.RawHttpClientBase.SendAsync(HttpRequestMessage message, HttpCompletionOption completionOption, Object userState, CancellationToken cancellationToken)
   at Sdk.WebApi.WebApi.RawHttpClientBase.SendAsync[T](HttpRequestMessage message, Boolean readErrorBody, Object userState, CancellationToken cancellationToken)
   at Sdk.WebApi.WebApi.RawHttpClientBase.SendAsync[T](HttpMethod method, IEnumerable`1 additionalHeaders, Uri requestUri, HttpContent content, IEnumerable`1 queryParameters, Boolean readErrorBody, Object userState, CancellationToken cancellationToken)
   at GitHub.Actions.RunService.WebApi.BrokerHttpClient.GetRunnerMessageAsync(Nullable`1 sessionId, String runnerVersion, Nullable`1 status, String os, String architecture, Nullable`1 disableUpdate, CancellationToken cancellationToken)
   at GitHub.Runner.Common.BrokerServer.<>c__DisplayClass7_0.<<GetRunnerMessageAsync>b__0>d.MoveNext()
--- End of stack trace from previous location ---
   at GitHub.Runner.Common.RunnerService.RetryRequest[T](Func`1 func, CancellationToken cancellationToken, Int32 maxAttempts, Func`2 shouldRetry)
[2026-09-30 03:54:04Z ERR  BrokerServer] #####################################################
[2026-09-30 03:54:04Z ERR  BrokerServer] System.Threading.Tasks.TaskCanceledException: The operation was canceled.
 ---> System.IO.IOException: Unable to read data from the transport connection: The I/O operation has been aborted because of either a thread exit or an application request..
 ---> System.Net.Sockets.SocketException (995): The I/O operation has been aborted because of either a thread exit or an application request.
   --- End of inner exception stack trace ---
   at System.Net.Sockets.Socket.AwaitableSocketAsyncEventArgs.System.Threading.Tasks.Sources.IValueTaskSource<System.Int32>.GetResult(Int16 token)
   at System.Net.Security.SslStream.EnsureFullTlsFrameAsync[TIOAdapter](CancellationToken cancellationToken, Int32 estimatedSize)
   at System.Runtime.CompilerServices.PoolingAsyncValueTaskMethodBuilder`1.StateMachineBox`1.System.Threading.Tasks.Sources.IValueTaskSource<TResult>.GetResult(Int16 token)
   at System.Net.Security.SslStream.ReadAsyncInternal[TIOAdapter](Memory`1 buffer, CancellationToken cancellationToken)
   at System.Runtime.CompilerServices.PoolingAsyncValueTaskMethodBuilder`1.StateMachineBox`1.System.Threading.Tasks.Sources.IValueTaskSource<TResult>.GetResult(Int16 token)
   at System.Net.Http.HttpConnection.SendAsync(HttpRequestMessage request, Boolean async, CancellationToken cancellationToken)
   --- End of inner exception stack trace ---
   at System.Net.Http.HttpConnection.SendAsync(HttpRequestMessage request, Boolean async, CancellationToken cancellationToken)
   at System.Net.Http.AuthenticationHelper.SendWithNtAuthAsync(HttpRequestMessage request, Uri authUri, Boolean async, ICredentials credentials, Boolean isProxyAuth, HttpConnection connection, HttpConnectionPool connectionPool, CancellationToken cancellationToken)
   at System.Net.Http.HttpConnectionPool.SendWithVersionDetectionAndRetryAsync(HttpRequestMessage request, Boolean async, Boolean doRequestAuth, CancellationToken cancellationToken)
   at System.Net.Http.AuthenticationHelper.SendWithAuthAsync(HttpRequestMessage request, Uri authUri, Boolean async, ICredentials credentials, Boolean preAuthenticate, Boolean isProxyAuth, Boolean doRequestAuth, HttpConnectionPool pool, CancellationToken cancellationToken)
   at System.Net.Http.RedirectHandler.SendAsync(HttpRequestMessage request, Boolean async, CancellationToken cancellationToken)
   at GitHub.Services.Common.RawHttpMessageHandler.SendAsync(HttpRequestMessage request, CancellationToken cancellationToken)
   at GitHub.Services.Common.VssHttpRetryMessageHandler.SendAsync(HttpRequestMessage request, CancellationToken cancellationToken)
   at System.Net.Http.HttpClient.<SendAsync>g__Core|83_0(HttpRequestMessage request, HttpCompletionOption completionOption, CancellationTokenSource cts, Boolean disposeCts, CancellationTokenSource pendingRequestsCts, CancellationToken originalCancellationToken)
[2026-09-30 03:54:04Z ERR  BrokerServer] #####################################################
[2026-09-30 03:54:04Z ERR  BrokerServer] System.IO.IOException: Unable to read data from the transport connection: The I/O operation has been aborted because of either a thread exit or an application request..
 ---> System.Net.Sockets.SocketException (995): The I/O operation has been aborted because of either a thread exit or an application request.
   --- End of inner exception stack trace ---
   at System.Net.Sockets.Socket.AwaitableSocketAsyncEventArgs.System.Threading.Tasks.Sources.IValueTaskSource<System.Int32>.GetResult(Int16 token)
   at System.Net.Security.SslStream.EnsureFullTlsFrameAsync[TIOAdapter](CancellationToken cancellationToken, Int32 estimatedSize)
   at System.Runtime.CompilerServices.PoolingAsyncValueTaskMethodBuilder`1.StateMachineBox`1.System.Threading.Tasks.Sources.IValueTaskSource<TResult>.GetResult(Int16 token)
   at System.Net.Security.SslStream.ReadAsyncInternal[TIOAdapter](Memory`1 buffer, CancellationToken cancellationToken)
   at System.Runtime.CompilerServices.PoolingAsyncValueTaskMethodBuilder`1.StateMachineBox`1.System.Threading.Tasks.Sources.IValueTaskSource<TResult>.GetResult(Int16 token)
   at System.Net.Http.HttpConnection.SendAsync(HttpRequestMessage request, Boolean async, CancellationToken cancellationToken)
[2026-09-30 03:54:04Z ERR  BrokerServer] #####################################################
[2026-09-30 03:54:04Z ERR  BrokerServer] System.Net.Sockets.SocketException (995): The I/O operation has been aborted because of either a thread exit or an application request.
[2026-09-30 03:54:04Z WARN BrokerServer] Back off 9.526 seconds before next retry. 4 attempt left.
[2026-09-30 03:54:04Z INFO BrokerMessageListener] Get messages has been cancelled using local token source. Continue to get messages with new status.
[2026-09-30 03:54:05Z INFO BrokerMessageListener] Acknowledging runner request 'de244ead-33e2-5e92-9c00-9c1d8495332a'.
[2026-09-30 03:54:05Z INFO ConfigurationStore] HasCredentials()
[2026-09-30 03:54:05Z INFO ConfigurationStore] stored True
[2026-09-30 03:54:05Z INFO CredentialManager] GetCredentialProvider
[2026-09-30 03:54:05Z INFO CredentialManager] Creating type OAuth
[2026-09-30 03:54:05Z INFO CredentialManager] Creating credential type: OAuth
[2026-09-30 03:54:05Z INFO RSAEncryptedFileKeyManager] Loading RSA key parameters from file D:\cicd\actions-runner\.credentials_rsaparams
[2026-09-30 03:54:05Z INFO RSAEncryptedFileKeyManager] Loading RSA key parameters from file D:\cicd\actions-runner\.credentials_rsaparams
[2026-09-30 03:54:06Z INFO RSAEncryptedFileKeyManager] Loading RSA key parameters from file D:\cicd\actions-runner\.credentials_rsaparams
[2026-09-30 03:54:07Z INFO GitHubActionsService] AAD Correlation ID for this token request: Unknown
[2026-09-30 03:54:08Z INFO JobDispatcher] Job request 0 for plan 8ecba71f-84ff-4328-9785-05dd2669001d job de244ead-33e2-5e92-9c00-9c1d8495332a received.
[2026-09-30 03:54:08Z INFO JobDispatcher] Pull OrchestrationId 8ecba71f-84ff-4328-9785-05dd2669001d.ci-cd.__default from JWT claims
[2026-09-30 03:54:08Z INFO BrokerMessageListener] Received job status event. JobState: Busy
[2026-09-30 03:54:08Z INFO BrokerMessageListener] _getMessagesTokenSource is already disposed.
[2026-09-30 03:54:08Z INFO JobDispatcher] Job request 1d84f972-5074-5cd7-a31f-3893de6ef3db processed succeed.
[2026-09-30 03:54:08Z INFO Terminal] WRITE LINE: 2026-09-30 03:54:08Z: Running job: ci-cd
[2026-09-30 03:54:08Z INFO JobDispatcher] Start renew job request 0 for job de244ead-33e2-5e92-9c00-9c1d8495332a.
[2026-09-30 03:54:09Z INFO JobDispatcher] Successfully renew job de244ead-33e2-5e92-9c00-9c1d8495332a, job is valid till 30-09-2026 04:04:09
[2026-09-30 03:54:09Z INFO HostContext] Well known directory 'Bin': 'D:\cicd\actions-runner\bin'
[2026-09-30 03:54:09Z INFO ProcessInvokerWrapper] Starting process:
[2026-09-30 03:54:09Z INFO ProcessInvokerWrapper]   File name: 'D:\cicd\actions-runner\bin\Runner.Worker.exe'
[2026-09-30 03:54:09Z INFO ProcessInvokerWrapper]   Arguments: 'spawnclient 2260 2420'
[2026-09-30 03:54:09Z INFO ProcessInvokerWrapper]   Working directory: 'D:\cicd\actions-runner\bin'
[2026-09-30 03:54:09Z INFO ProcessInvokerWrapper]   Require exit code zero: 'False'
[2026-09-30 03:54:09Z INFO ProcessInvokerWrapper]   Encoding web name:  ; code page: ''
[2026-09-30 03:54:09Z INFO ProcessInvokerWrapper]   Force kill process on cancellation: 'True'
[2026-09-30 03:54:09Z INFO ProcessInvokerWrapper]   Redirected STDIN: 'False'
[2026-09-30 03:54:09Z INFO ProcessInvokerWrapper]   Persist current code page: 'False'
[2026-09-30 03:54:09Z INFO ProcessInvokerWrapper]   Keep redirected STDIN open: 'False'
[2026-09-30 03:54:09Z INFO ProcessInvokerWrapper]   High priority process: 'True'
[2026-09-30 03:54:09Z INFO ProcessInvokerWrapper] Process started with process id 2948, waiting for process exit.
[2026-09-30 03:54:09Z INFO JobDispatcher] Send job request message to worker for job de244ead-33e2-5e92-9c00-9c1d8495332a.
[2026-09-30 03:54:09Z INFO ProcessChannel] Sending message of length 23298, with hash '748274c5e21ff2e98111bc9703470bb4e2fe4d2af212598ff70bb93bc9975311'
[2026-09-30 03:54:10Z INFO JobNotification] Entering JobStarted Notification
[2026-09-30 03:54:10Z INFO JobNotification] Entering StartMonitor
[2026-09-30 03:54:43Z INFO ProcessInvokerWrapper] STDOUT/STDERR stream read finished.
[2026-09-30 03:54:43Z INFO ProcessInvokerWrapper] STDOUT/STDERR stream read finished.
[2026-09-30 03:54:43Z INFO ProcessInvokerWrapper] Finished process 2948 with exit code 100, and elapsed time 00:00:33.9700035.
[2026-09-30 03:54:43Z INFO JobDispatcher] Worker finished for job de244ead-33e2-5e92-9c00-9c1d8495332a. Code: 100
[2026-09-30 03:54:43Z INFO JobDispatcher] finish job request for job de244ead-33e2-5e92-9c00-9c1d8495332a with result: Succeeded
[2026-09-30 03:54:43Z INFO Terminal] WRITE LINE: 2026-09-30 03:54:43Z: Job ci-cd completed with result: Succeeded
[2026-09-30 03:54:43Z INFO JobDispatcher] Stop renew job request for job de244ead-33e2-5e92-9c00-9c1d8495332a.
[2026-09-30 03:54:43Z INFO JobDispatcher] job renew has been cancelled, stop renew job de244ead-33e2-5e92-9c00-9c1d8495332a.
[2026-09-30 03:54:43Z INFO JobNotification] Entering JobCompleted Notification
[2026-09-30 03:54:43Z INFO JobNotification] Entering EndMonitor
[2026-09-30 03:54:43Z INFO BrokerMessageListener] Received job status event. JobState: Online
[2026-09-30 03:54:43Z WARN GitHubActionsService] GET request to https://broker.actions.githubusercontent.com/message?sessionId=b58c2b06-5c8e-456c-b2cf-fbbd768ccb82&status=Busy&runnerVersion=2.337.0&os=Windows&architecture=X64&disableUpdate=false has been cancelled.
[2026-09-30 03:54:43Z ERR  BrokerServer] Catch exception during request
[2026-09-30 03:54:43Z ERR  BrokerServer] System.Threading.Tasks.TaskCanceledException: The operation was canceled.
 ---> System.Threading.Tasks.TaskCanceledException: The operation was canceled.
 ---> System.IO.IOException: Unable to read data from the transport connection: The I/O operation has been aborted because of either a thread exit or an application request..
 ---> System.Net.Sockets.SocketException (995): The I/O operation has been aborted because of either a thread exit or an application request.
   --- End of inner exception stack trace ---
   at System.Net.Sockets.Socket.AwaitableSocketAsyncEventArgs.System.Threading.Tasks.Sources.IValueTaskSource<System.Int32>.GetResult(Int16 token)
   at System.Net.Security.SslStream.EnsureFullTlsFrameAsync[TIOAdapter](CancellationToken cancellationToken, Int32 estimatedSize)
   at System.Runtime.CompilerServices.PoolingAsyncValueTaskMethodBuilder`1.StateMachineBox`1.System.Threading.Tasks.Sources.IValueTaskSource<TResult>.GetResult(Int16 token)
   at System.Net.Security.SslStream.ReadAsyncInternal[TIOAdapter](Memory`1 buffer, CancellationToken cancellationToken)
   at System.Runtime.CompilerServices.PoolingAsyncValueTaskMethodBuilder`1.StateMachineBox`1.System.Threading.Tasks.Sources.IValueTaskSource<TResult>.GetResult(Int16 token)
   at System.Net.Http.HttpConnection.SendAsync(HttpRequestMessage request, Boolean async, CancellationToken cancellationToken)
   --- End of inner exception stack trace ---
   at System.Net.Http.HttpConnection.SendAsync(HttpRequestMessage request, Boolean async, CancellationToken cancellationToken)
   at System.Net.Http.AuthenticationHelper.SendWithNtAuthAsync(HttpRequestMessage request, Uri authUri, Boolean async, ICredentials credentials, Boolean isProxyAuth, HttpConnection connection, HttpConnectionPool connectionPool, CancellationToken cancellationToken)
   at System.Net.Http.HttpConnectionPool.SendWithVersionDetectionAndRetryAsync(HttpRequestMessage request, Boolean async, Boolean doRequestAuth, CancellationToken cancellationToken)
   at System.Net.Http.AuthenticationHelper.SendWithAuthAsync(HttpRequestMessage request, Uri authUri, Boolean async, ICredentials credentials, Boolean preAuthenticate, Boolean isProxyAuth, Boolean doRequestAuth, HttpConnectionPool pool, CancellationToken cancellationToken)
   at System.Net.Http.RedirectHandler.SendAsync(HttpRequestMessage request, Boolean async, CancellationToken cancellationToken)
   at GitHub.Services.Common.RawHttpMessageHandler.SendAsync(HttpRequestMessage request, CancellationToken cancellationToken)
   at GitHub.Services.Common.VssHttpRetryMessageHandler.SendAsync(HttpRequestMessage request, CancellationToken cancellationToken)
   at System.Net.Http.HttpClient.<SendAsync>g__Core|83_0(HttpRequestMessage request, HttpCompletionOption completionOption, CancellationTokenSource cts, Boolean disposeCts, CancellationTokenSource pendingRequestsCts, CancellationToken originalCancellationToken)
   --- End of inner exception stack trace ---
   at System.Net.Http.HttpClient.HandleFailure(Exception e, Boolean telemetryStarted, HttpResponseMessage response, CancellationTokenSource cts, CancellationToken cancellationToken, CancellationTokenSource pendingRequestsCts)
   at System.Net.Http.HttpClient.<SendAsync>g__Core|83_0(HttpRequestMessage request, HttpCompletionOption completionOption, CancellationTokenSource cts, Boolean disposeCts, CancellationTokenSource pendingRequestsCts, CancellationToken originalCancellationToken)
   at Sdk.WebApi.WebApi.RawHttpClientBase.SendAsync(HttpRequestMessage message, HttpCompletionOption completionOption, Object userState, CancellationToken cancellationToken)
   at Sdk.WebApi.WebApi.RawHttpClientBase.SendAsync[T](HttpRequestMessage message, Boolean readErrorBody, Object userState, CancellationToken cancellationToken)
   at Sdk.WebApi.WebApi.RawHttpClientBase.SendAsync[T](HttpMethod method, IEnumerable`1 additionalHeaders, Uri requestUri, HttpContent content, IEnumerable`1 queryParameters, Boolean readErrorBody, Object userState, CancellationToken cancellationToken)
   at GitHub.Actions.RunService.WebApi.BrokerHttpClient.GetRunnerMessageAsync(Nullable`1 sessionId, String runnerVersion, Nullable`1 status, String os, String architecture, Nullable`1 disableUpdate, CancellationToken cancellationToken)
   at GitHub.Runner.Common.BrokerServer.<>c__DisplayClass7_0.<<GetRunnerMessageAsync>b__0>d.MoveNext()
--- End of stack trace from previous location ---
   at GitHub.Runner.Common.RunnerService.RetryRequest[T](Func`1 func, CancellationToken cancellationToken, Int32 maxAttempts, Func`2 shouldRetry)
[2026-09-30 03:54:43Z ERR  BrokerServer] #####################################################
[2026-09-30 03:54:43Z ERR  BrokerServer] System.Threading.Tasks.TaskCanceledException: The operation was canceled.
 ---> System.IO.IOException: Unable to read data from the transport connection: The I/O operation has been aborted because of either a thread exit or an application request..
 ---> System.Net.Sockets.SocketException (995): The I/O operation has been aborted because of either a thread exit or an application request.
   --- End of inner exception stack trace ---
   at System.Net.Sockets.Socket.AwaitableSocketAsyncEventArgs.System.Threading.Tasks.Sources.IValueTaskSource<System.Int32>.GetResult(Int16 token)
   at System.Net.Security.SslStream.EnsureFullTlsFrameAsync[TIOAdapter](CancellationToken cancellationToken, Int32 estimatedSize)
   at System.Runtime.CompilerServices.PoolingAsyncValueTaskMethodBuilder`1.StateMachineBox`1.System.Threading.Tasks.Sources.IValueTaskSource<TResult>.GetResult(Int16 token)
   at System.Net.Security.SslStream.ReadAsyncInternal[TIOAdapter](Memory`1 buffer, CancellationToken cancellationToken)
   at System.Runtime.CompilerServices.PoolingAsyncValueTaskMethodBuilder`1.StateMachineBox`1.System.Threading.Tasks.Sources.IValueTaskSource<TResult>.GetResult(Int16 token)
   at System.Net.Http.HttpConnection.SendAsync(HttpRequestMessage request, Boolean async, CancellationToken cancellationToken)
   --- End of inner exception stack trace ---
   at System.Net.Http.HttpConnection.SendAsync(HttpRequestMessage request, Boolean async, CancellationToken cancellationToken)
   at System.Net.Http.AuthenticationHelper.SendWithNtAuthAsync(HttpRequestMessage request, Uri authUri, Boolean async, ICredentials credentials, Boolean isProxyAuth, HttpConnection connection, HttpConnectionPool connectionPool, CancellationToken cancellationToken)
   at System.Net.Http.HttpConnectionPool.SendWithVersionDetectionAndRetryAsync(HttpRequestMessage request, Boolean async, Boolean doRequestAuth, CancellationToken cancellationToken)
   at System.Net.Http.AuthenticationHelper.SendWithAuthAsync(HttpRequestMessage request, Uri authUri, Boolean async, ICredentials credentials, Boolean preAuthenticate, Boolean isProxyAuth, Boolean doRequestAuth, HttpConnectionPool pool, CancellationToken cancellationToken)
   at System.Net.Http.RedirectHandler.SendAsync(HttpRequestMessage request, Boolean async, CancellationToken cancellationToken)
   at GitHub.Services.Common.RawHttpMessageHandler.SendAsync(HttpRequestMessage request, CancellationToken cancellationToken)
   at GitHub.Services.Common.VssHttpRetryMessageHandler.SendAsync(HttpRequestMessage request, CancellationToken cancellationToken)
   at System.Net.Http.HttpClient.<SendAsync>g__Core|83_0(HttpRequestMessage request, HttpCompletionOption completionOption, CancellationTokenSource cts, Boolean disposeCts, CancellationTokenSource pendingRequestsCts, CancellationToken originalCancellationToken)
[2026-09-30 03:54:43Z ERR  BrokerServer] #####################################################
[2026-09-30 03:54:43Z ERR  BrokerServer] System.IO.IOException: Unable to read data from the transport connection: The I/O operation has been aborted because of either a thread exit or an application request..
 ---> System.Net.Sockets.SocketException (995): The I/O operation has been aborted because of either a thread exit or an application request.
   --- End of inner exception stack trace ---
   at System.Net.Sockets.Socket.AwaitableSocketAsyncEventArgs.System.Threading.Tasks.Sources.IValueTaskSource<System.Int32>.GetResult(Int16 token)
   at System.Net.Security.SslStream.EnsureFullTlsFrameAsync[TIOAdapter](CancellationToken cancellationToken, Int32 estimatedSize)
   at System.Runtime.CompilerServices.PoolingAsyncValueTaskMethodBuilder`1.StateMachineBox`1.System.Threading.Tasks.Sources.IValueTaskSource<TResult>.GetResult(Int16 token)
   at System.Net.Security.SslStream.ReadAsyncInternal[TIOAdapter](Memory`1 buffer, CancellationToken cancellationToken)
   at System.Runtime.CompilerServices.PoolingAsyncValueTaskMethodBuilder`1.StateMachineBox`1.System.Threading.Tasks.Sources.IValueTaskSource<TResult>.GetResult(Int16 token)
   at System.Net.Http.HttpConnection.SendAsync(HttpRequestMessage request, Boolean async, CancellationToken cancellationToken)
[2026-09-30 03:54:43Z ERR  BrokerServer] #####################################################
[2026-09-30 03:54:43Z ERR  BrokerServer] System.Net.Sockets.SocketException (995): The I/O operation has been aborted because of either a thread exit or an application request.
[2026-09-30 03:54:43Z WARN BrokerServer] Back off 11.895 seconds before next retry. 4 attempt left.
[2026-09-30 03:54:43Z INFO BrokerMessageListener] Get messages has been cancelled using local token source. Continue to get messages with new status.
[2026-09-30 03:56:11Z INFO BrokerMessageListener] Acknowledging runner request '316c5ea0-2956-5bcd-8ecd-b90c73caa2ed'.
[2026-09-30 03:56:12Z INFO ConfigurationStore] HasCredentials()
[2026-09-30 03:56:12Z INFO ConfigurationStore] stored True
[2026-09-30 03:56:12Z INFO CredentialManager] GetCredentialProvider
[2026-09-30 03:56:12Z INFO CredentialManager] Creating type OAuth
[2026-09-30 03:56:12Z INFO CredentialManager] Creating credential type: OAuth
[2026-09-30 03:56:12Z INFO RSAEncryptedFileKeyManager] Loading RSA key parameters from file D:\cicd\actions-runner\.credentials_rsaparams
[2026-09-30 03:56:12Z INFO RSAEncryptedFileKeyManager] Loading RSA key parameters from file D:\cicd\actions-runner\.credentials_rsaparams
[2026-09-30 03:56:12Z INFO RSAEncryptedFileKeyManager] Loading RSA key parameters from file D:\cicd\actions-runner\.credentials_rsaparams
[2026-09-30 03:56:13Z INFO GitHubActionsService] AAD Correlation ID for this token request: Unknown
[2026-09-30 03:56:15Z INFO JobDispatcher] Job request 0 for plan 4e570efb-fbdf-4a5d-8d2c-4d1923d59f84 job 316c5ea0-2956-5bcd-8ecd-b90c73caa2ed received.
[2026-09-30 03:56:15Z INFO JobDispatcher] Pull OrchestrationId 4e570efb-fbdf-4a5d-8d2c-4d1923d59f84.deploy.__default from JWT claims
[2026-09-30 03:56:15Z INFO BrokerMessageListener] Received job status event. JobState: Busy
[2026-09-30 03:56:15Z INFO BrokerMessageListener] _getMessagesTokenSource is already disposed.
[2026-09-30 03:56:15Z INFO JobDispatcher] Job request de244ead-33e2-5e92-9c00-9c1d8495332a processed succeed.
[2026-09-30 03:56:15Z INFO Terminal] WRITE LINE: 2026-09-30 03:56:15Z: Running job: deploy
[2026-09-30 03:56:15Z INFO JobDispatcher] Start renew job request 0 for job 316c5ea0-2956-5bcd-8ecd-b90c73caa2ed.
[2026-09-30 03:56:15Z INFO JobDispatcher] Successfully renew job 316c5ea0-2956-5bcd-8ecd-b90c73caa2ed, job is valid till 30-09-2026 04:06:16
[2026-09-30 03:56:15Z INFO HostContext] Well known directory 'Bin': 'D:\cicd\actions-runner\bin'
[2026-09-30 03:56:15Z INFO ProcessInvokerWrapper] Starting process:
[2026-09-30 03:56:15Z INFO ProcessInvokerWrapper]   File name: 'D:\cicd\actions-runner\bin\Runner.Worker.exe'
[2026-09-30 03:56:15Z INFO ProcessInvokerWrapper]   Arguments: 'spawnclient 1776 2408'
[2026-09-30 03:56:15Z INFO ProcessInvokerWrapper]   Working directory: 'D:\cicd\actions-runner\bin'
[2026-09-30 03:56:15Z INFO ProcessInvokerWrapper]   Require exit code zero: 'False'
[2026-09-30 03:56:15Z INFO ProcessInvokerWrapper]   Encoding web name:  ; code page: ''
[2026-09-30 03:56:15Z INFO ProcessInvokerWrapper]   Force kill process on cancellation: 'True'
[2026-09-30 03:56:15Z INFO ProcessInvokerWrapper]   Redirected STDIN: 'False'
[2026-09-30 03:56:15Z INFO ProcessInvokerWrapper]   Persist current code page: 'False'
[2026-09-30 03:56:15Z INFO ProcessInvokerWrapper]   Keep redirected STDIN open: 'False'
[2026-09-30 03:56:15Z INFO ProcessInvokerWrapper]   High priority process: 'True'
[2026-09-30 03:56:16Z INFO ProcessInvokerWrapper] Process started with process id 24608, waiting for process exit.
[2026-09-30 03:56:16Z INFO JobDispatcher] Send job request message to worker for job 316c5ea0-2956-5bcd-8ecd-b90c73caa2ed.
[2026-09-30 03:56:16Z INFO ProcessChannel] Sending message of length 26457, with hash '30da806158e4fcdbc3f61cd3a99d95b088cb88d2a122c4847585af2a6526c0b3'
[2026-09-30 03:56:16Z INFO JobNotification] Entering JobStarted Notification
[2026-09-30 03:56:16Z INFO JobNotification] Entering StartMonitor
[2026-09-30 03:56:58Z INFO ProcessInvokerWrapper] STDOUT/STDERR stream read finished.
[2026-09-30 03:56:58Z INFO ProcessInvokerWrapper] STDOUT/STDERR stream read finished.
[2026-09-30 03:56:59Z INFO ProcessInvokerWrapper] Finished process 24608 with exit code 102, and elapsed time 00:00:43.0308123.
[2026-09-30 03:56:59Z INFO JobDispatcher] Worker finished for job 316c5ea0-2956-5bcd-8ecd-b90c73caa2ed. Code: 102
[2026-09-30 03:56:59Z INFO JobDispatcher] finish job request for job 316c5ea0-2956-5bcd-8ecd-b90c73caa2ed with result: Failed
[2026-09-30 03:56:59Z INFO Terminal] WRITE LINE: 2026-09-30 03:56:59Z: Job deploy completed with result: Failed
[2026-09-30 03:56:59Z INFO JobDispatcher] Stop renew job request for job 316c5ea0-2956-5bcd-8ecd-b90c73caa2ed.
[2026-09-30 03:56:59Z INFO JobDispatcher] job renew has been cancelled, stop renew job 316c5ea0-2956-5bcd-8ecd-b90c73caa2ed.
[2026-09-30 03:56:59Z INFO JobNotification] Entering JobCompleted Notification
[2026-09-30 03:56:59Z INFO JobNotification] Entering EndMonitor
[2026-09-30 03:56:59Z INFO BrokerMessageListener] Received job status event. JobState: Online
[2026-09-30 03:56:59Z WARN GitHubActionsService] GET request to https://broker.actions.githubusercontent.com/message?sessionId=b58c2b06-5c8e-456c-b2cf-fbbd768ccb82&status=Busy&runnerVersion=2.337.0&os=Windows&architecture=X64&disableUpdate=false has been cancelled.
[2026-09-30 03:56:59Z ERR  BrokerServer] Catch exception during request
[2026-09-30 03:56:59Z ERR  BrokerServer] System.Threading.Tasks.TaskCanceledException: The operation was canceled.
 ---> System.Threading.Tasks.TaskCanceledException: The operation was canceled.
 ---> System.IO.IOException: Unable to read data from the transport connection: The I/O operation has been aborted because of either a thread exit or an application request..
 ---> System.Net.Sockets.SocketException (995): The I/O operation has been aborted because of either a thread exit or an application request.
   --- End of inner exception stack trace ---
   at System.Net.Sockets.Socket.AwaitableSocketAsyncEventArgs.System.Threading.Tasks.Sources.IValueTaskSource<System.Int32>.GetResult(Int16 token)
   at System.Net.Security.SslStream.EnsureFullTlsFrameAsync[TIOAdapter](CancellationToken cancellationToken, Int32 estimatedSize)
   at System.Runtime.CompilerServices.PoolingAsyncValueTaskMethodBuilder`1.StateMachineBox`1.System.Threading.Tasks.Sources.IValueTaskSource<TResult>.GetResult(Int16 token)
   at System.Net.Security.SslStream.ReadAsyncInternal[TIOAdapter](Memory`1 buffer, CancellationToken cancellationToken)
   at System.Runtime.CompilerServices.PoolingAsyncValueTaskMethodBuilder`1.StateMachineBox`1.System.Threading.Tasks.Sources.IValueTaskSource<TResult>.GetResult(Int16 token)
   at System.Net.Http.HttpConnection.SendAsync(HttpRequestMessage request, Boolean async, CancellationToken cancellationToken)
   --- End of inner exception stack trace ---
   at System.Net.Http.HttpConnection.SendAsync(HttpRequestMessage request, Boolean async, CancellationToken cancellationToken)
   at System.Net.Http.AuthenticationHelper.SendWithNtAuthAsync(HttpRequestMessage request, Uri authUri, Boolean async, ICredentials credentials, Boolean isProxyAuth, HttpConnection connection, HttpConnectionPool connectionPool, CancellationToken cancellationToken)
   at System.Net.Http.HttpConnectionPool.SendWithVersionDetectionAndRetryAsync(HttpRequestMessage request, Boolean async, Boolean doRequestAuth, CancellationToken cancellationToken)
   at System.Net.Http.AuthenticationHelper.SendWithAuthAsync(HttpRequestMessage request, Uri authUri, Boolean async, ICredentials credentials, Boolean preAuthenticate, Boolean isProxyAuth, Boolean doRequestAuth, HttpConnectionPool pool, CancellationToken cancellationToken)
   at System.Net.Http.RedirectHandler.SendAsync(HttpRequestMessage request, Boolean async, CancellationToken cancellationToken)
   at GitHub.Services.Common.RawHttpMessageHandler.SendAsync(HttpRequestMessage request, CancellationToken cancellationToken)
   at GitHub.Services.Common.VssHttpRetryMessageHandler.SendAsync(HttpRequestMessage request, CancellationToken cancellationToken)
   at System.Net.Http.HttpClient.<SendAsync>g__Core|83_0(HttpRequestMessage request, HttpCompletionOption completionOption, CancellationTokenSource cts, Boolean disposeCts, CancellationTokenSource pendingRequestsCts, CancellationToken originalCancellationToken)
   --- End of inner exception stack trace ---
   at System.Net.Http.HttpClient.HandleFailure(Exception e, Boolean telemetryStarted, HttpResponseMessage response, CancellationTokenSource cts, CancellationToken cancellationToken, CancellationTokenSource pendingRequestsCts)
   at System.Net.Http.HttpClient.<SendAsync>g__Core|83_0(HttpRequestMessage request, HttpCompletionOption completionOption, CancellationTokenSource cts, Boolean disposeCts, CancellationTokenSource pendingRequestsCts, CancellationToken originalCancellationToken)
   at Sdk.WebApi.WebApi.RawHttpClientBase.SendAsync(HttpRequestMessage message, HttpCompletionOption completionOption, Object userState, CancellationToken cancellationToken)
   at Sdk.WebApi.WebApi.RawHttpClientBase.SendAsync[T](HttpRequestMessage message, Boolean readErrorBody, Object userState, CancellationToken cancellationToken)
   at Sdk.WebApi.WebApi.RawHttpClientBase.SendAsync[T](HttpMethod method, IEnumerable`1 additionalHeaders, Uri requestUri, HttpContent content, IEnumerable`1 queryParameters, Boolean readErrorBody, Object userState, CancellationToken cancellationToken)
   at GitHub.Actions.RunService.WebApi.BrokerHttpClient.GetRunnerMessageAsync(Nullable`1 sessionId, String runnerVersion, Nullable`1 status, String os, String architecture, Nullable`1 disableUpdate, CancellationToken cancellationToken)
   at GitHub.Runner.Common.BrokerServer.<>c__DisplayClass7_0.<<GetRunnerMessageAsync>b__0>d.MoveNext()
--- End of stack trace from previous location ---
   at GitHub.Runner.Common.RunnerService.RetryRequest[T](Func`1 func, CancellationToken cancellationToken, Int32 maxAttempts, Func`2 shouldRetry)
[2026-09-30 03:56:59Z ERR  BrokerServer] #####################################################
[2026-09-30 03:56:59Z ERR  BrokerServer] System.Threading.Tasks.TaskCanceledException: The operation was canceled.
 ---> System.IO.IOException: Unable to read data from the transport connection: The I/O operation has been aborted because of either a thread exit or an application request..
 ---> System.Net.Sockets.SocketException (995): The I/O operation has been aborted because of either a thread exit or an application request.
   --- End of inner exception stack trace ---
   at System.Net.Sockets.Socket.AwaitableSocketAsyncEventArgs.System.Threading.Tasks.Sources.IValueTaskSource<System.Int32>.GetResult(Int16 token)
   at System.Net.Security.SslStream.EnsureFullTlsFrameAsync[TIOAdapter](CancellationToken cancellationToken, Int32 estimatedSize)
   at System.Runtime.CompilerServices.PoolingAsyncValueTaskMethodBuilder`1.StateMachineBox`1.System.Threading.Tasks.Sources.IValueTaskSource<TResult>.GetResult(Int16 token)
   at System.Net.Security.SslStream.ReadAsyncInternal[TIOAdapter](Memory`1 buffer, CancellationToken cancellationToken)
   at System.Runtime.CompilerServices.PoolingAsyncValueTaskMethodBuilder`1.StateMachineBox`1.System.Threading.Tasks.Sources.IValueTaskSource<TResult>.GetResult(Int16 token)
   at System.Net.Http.HttpConnection.SendAsync(HttpRequestMessage request, Boolean async, CancellationToken cancellationToken)
   --- End of inner exception stack trace ---
   at System.Net.Http.HttpConnection.SendAsync(HttpRequestMessage request, Boolean async, CancellationToken cancellationToken)
   at System.Net.Http.AuthenticationHelper.SendWithNtAuthAsync(HttpRequestMessage request, Uri authUri, Boolean async, ICredentials credentials, Boolean isProxyAuth, HttpConnection connection, HttpConnectionPool connectionPool, CancellationToken cancellationToken)
   at System.Net.Http.HttpConnectionPool.SendWithVersionDetectionAndRetryAsync(HttpRequestMessage request, Boolean async, Boolean doRequestAuth, CancellationToken cancellationToken)
   at System.Net.Http.AuthenticationHelper.SendWithAuthAsync(HttpRequestMessage request, Uri authUri, Boolean async, ICredentials credentials, Boolean preAuthenticate, Boolean isProxyAuth, Boolean doRequestAuth, HttpConnectionPool pool, CancellationToken cancellationToken)
   at System.Net.Http.RedirectHandler.SendAsync(HttpRequestMessage request, Boolean async, CancellationToken cancellationToken)
   at GitHub.Services.Common.RawHttpMessageHandler.SendAsync(HttpRequestMessage request, CancellationToken cancellationToken)
   at GitHub.Services.Common.VssHttpRetryMessageHandler.SendAsync(HttpRequestMessage request, CancellationToken cancellationToken)
   at System.Net.Http.HttpClient.<SendAsync>g__Core|83_0(HttpRequestMessage request, HttpCompletionOption completionOption, CancellationTokenSource cts, Boolean disposeCts, CancellationTokenSource pendingRequestsCts, CancellationToken originalCancellationToken)
[2026-09-30 03:56:59Z ERR  BrokerServer] #####################################################
[2026-09-30 03:56:59Z ERR  BrokerServer] System.IO.IOException: Unable to read data from the transport connection: The I/O operation has been aborted because of either a thread exit or an application request..
 ---> System.Net.Sockets.SocketException (995): The I/O operation has been aborted because of either a thread exit or an application request.
   --- End of inner exception stack trace ---
   at System.Net.Sockets.Socket.AwaitableSocketAsyncEventArgs.System.Threading.Tasks.Sources.IValueTaskSource<System.Int32>.GetResult(Int16 token)
   at System.Net.Security.SslStream.EnsureFullTlsFrameAsync[TIOAdapter](CancellationToken cancellationToken, Int32 estimatedSize)
   at System.Runtime.CompilerServices.PoolingAsyncValueTaskMethodBuilder`1.StateMachineBox`1.System.Threading.Tasks.Sources.IValueTaskSource<TResult>.GetResult(Int16 token)
   at System.Net.Security.SslStream.ReadAsyncInternal[TIOAdapter](Memory`1 buffer, CancellationToken cancellationToken)
   at System.Runtime.CompilerServices.PoolingAsyncValueTaskMethodBuilder`1.StateMachineBox`1.System.Threading.Tasks.Sources.IValueTaskSource<TResult>.GetResult(Int16 token)
   at System.Net.Http.HttpConnection.SendAsync(HttpRequestMessage request, Boolean async, CancellationToken cancellationToken)
[2026-09-30 03:56:59Z ERR  BrokerServer] #####################################################
[2026-09-30 03:56:59Z ERR  BrokerServer] System.Net.Sockets.SocketException (995): The I/O operation has been aborted because of either a thread exit or an application request.
[2026-09-30 03:56:59Z WARN BrokerServer] Back off 5.078 seconds before next retry. 4 attempt left.
[2026-09-30 03:56:59Z INFO BrokerMessageListener] Get messages has been cancelled using local token source. Continue to get messages with new status.
[2026-09-30 03:56:59Z INFO BrokerMessageListener] Acknowledging runner request 'f39d1f09-19f2-520b-93c8-acd64af52acc'.
[2026-09-30 03:57:00Z INFO ConfigurationStore] HasCredentials()
[2026-09-30 03:57:00Z INFO ConfigurationStore] stored True
[2026-09-30 03:57:00Z INFO CredentialManager] GetCredentialProvider
[2026-09-30 03:57:00Z INFO CredentialManager] Creating type OAuth
[2026-09-30 03:57:00Z INFO CredentialManager] Creating credential type: OAuth
[2026-09-30 03:57:00Z INFO RSAEncryptedFileKeyManager] Loading RSA key parameters from file D:\cicd\actions-runner\.credentials_rsaparams
[2026-09-30 03:57:00Z INFO RSAEncryptedFileKeyManager] Loading RSA key parameters from file D:\cicd\actions-runner\.credentials_rsaparams
[2026-09-30 03:57:00Z INFO RSAEncryptedFileKeyManager] Loading RSA key parameters from file D:\cicd\actions-runner\.credentials_rsaparams
[2026-09-30 03:57:01Z INFO GitHubActionsService] AAD Correlation ID for this token request: Unknown
[2026-09-30 03:57:03Z INFO JobDispatcher] Job request 0 for plan 30a00098-30c3-4b72-855f-4240ce1eefa9 job f39d1f09-19f2-520b-93c8-acd64af52acc received.
[2026-09-30 03:57:03Z INFO JobDispatcher] Pull OrchestrationId 30a00098-30c3-4b72-855f-4240ce1eefa9.deploy.__default from JWT claims
[2026-09-30 03:57:03Z INFO BrokerMessageListener] Received job status event. JobState: Busy
[2026-09-30 03:57:03Z INFO BrokerMessageListener] _getMessagesTokenSource is already disposed.
[2026-09-30 03:57:03Z INFO JobDispatcher] Job request 316c5ea0-2956-5bcd-8ecd-b90c73caa2ed processed succeed.
[2026-09-30 03:57:03Z INFO Terminal] WRITE LINE: 2026-09-30 03:57:03Z: Running job: deploy
[2026-09-30 03:57:03Z INFO JobDispatcher] Start renew job request 0 for job f39d1f09-19f2-520b-93c8-acd64af52acc.
[2026-09-30 03:57:04Z INFO JobDispatcher] Successfully renew job f39d1f09-19f2-520b-93c8-acd64af52acc, job is valid till 30-09-2026 04:07:04
[2026-09-30 03:57:04Z INFO HostContext] Well known directory 'Bin': 'D:\cicd\actions-runner\bin'
[2026-09-30 03:57:04Z INFO ProcessInvokerWrapper] Starting process:
[2026-09-30 03:57:04Z INFO ProcessInvokerWrapper]   File name: 'D:\cicd\actions-runner\bin\Runner.Worker.exe'
[2026-09-30 03:57:04Z INFO ProcessInvokerWrapper]   Arguments: 'spawnclient 1344 2116'
[2026-09-30 03:57:04Z INFO ProcessInvokerWrapper]   Working directory: 'D:\cicd\actions-runner\bin'
[2026-09-30 03:57:04Z INFO ProcessInvokerWrapper]   Require exit code zero: 'False'
[2026-09-30 03:57:04Z INFO ProcessInvokerWrapper]   Encoding web name:  ; code page: ''
[2026-09-30 03:57:04Z INFO ProcessInvokerWrapper]   Force kill process on cancellation: 'True'
[2026-09-30 03:57:04Z INFO ProcessInvokerWrapper]   Redirected STDIN: 'False'
[2026-09-30 03:57:04Z INFO ProcessInvokerWrapper]   Persist current code page: 'False'
[2026-09-30 03:57:04Z INFO ProcessInvokerWrapper]   Keep redirected STDIN open: 'False'
[2026-09-30 03:57:04Z INFO ProcessInvokerWrapper]   High priority process: 'True'
[2026-09-30 03:57:04Z INFO ProcessInvokerWrapper] Process started with process id 2496, waiting for process exit.
[2026-09-30 03:57:04Z INFO JobDispatcher] Send job request message to worker for job f39d1f09-19f2-520b-93c8-acd64af52acc.
[2026-09-30 03:57:04Z INFO ProcessChannel] Sending message of length 26282, with hash 'e01991319d919a060b5659979066feec5dce9330c6a7d31eb5b4bbcf39bf3597'
[2026-09-30 03:57:05Z INFO JobNotification] Entering JobStarted Notification
[2026-09-30 03:57:05Z INFO JobNotification] Entering StartMonitor
[2026-09-30 03:57:45Z INFO ProcessInvokerWrapper] STDOUT/STDERR stream read finished.
[2026-09-30 03:57:45Z INFO ProcessInvokerWrapper] STDOUT/STDERR stream read finished.
[2026-09-30 03:57:45Z INFO ProcessInvokerWrapper] Finished process 2496 with exit code 102, and elapsed time 00:00:41.1782535.
[2026-09-30 03:57:45Z INFO JobDispatcher] Worker finished for job f39d1f09-19f2-520b-93c8-acd64af52acc. Code: 102
[2026-09-30 03:57:45Z INFO JobDispatcher] finish job request for job f39d1f09-19f2-520b-93c8-acd64af52acc with result: Failed
[2026-09-30 03:57:45Z INFO Terminal] WRITE LINE: 2026-09-30 03:57:45Z: Job deploy completed with result: Failed
[2026-09-30 03:57:45Z INFO JobDispatcher] Stop renew job request for job f39d1f09-19f2-520b-93c8-acd64af52acc.
[2026-09-30 03:57:45Z INFO JobDispatcher] job renew has been cancelled, stop renew job f39d1f09-19f2-520b-93c8-acd64af52acc.
[2026-09-30 03:57:45Z INFO JobNotification] Entering JobCompleted Notification
[2026-09-30 03:57:45Z INFO JobNotification] Entering EndMonitor
[2026-09-30 03:57:45Z INFO BrokerMessageListener] Received job status event. JobState: Online
[2026-09-30 03:57:45Z WARN GitHubActionsService] GET request to https://broker.actions.githubusercontent.com/message?sessionId=b58c2b06-5c8e-456c-b2cf-fbbd768ccb82&status=Busy&runnerVersion=2.337.0&os=Windows&architecture=X64&disableUpdate=false has been cancelled.
[2026-09-30 03:57:45Z ERR  BrokerServer] Catch exception during request
[2026-09-30 03:57:45Z ERR  BrokerServer] System.Threading.Tasks.TaskCanceledException: The operation was canceled.
 ---> System.Threading.Tasks.TaskCanceledException: The operation was canceled.
 ---> System.IO.IOException: Unable to read data from the transport connection: The I/O operation has been aborted because of either a thread exit or an application request..
 ---> System.Net.Sockets.SocketException (995): The I/O operation has been aborted because of either a thread exit or an application request.
   --- End of inner exception stack trace ---
   at System.Net.Sockets.Socket.AwaitableSocketAsyncEventArgs.System.Threading.Tasks.Sources.IValueTaskSource<System.Int32>.GetResult(Int16 token)
   at System.Net.Security.SslStream.EnsureFullTlsFrameAsync[TIOAdapter](CancellationToken cancellationToken, Int32 estimatedSize)
   at System.Runtime.CompilerServices.PoolingAsyncValueTaskMethodBuilder`1.StateMachineBox`1.System.Threading.Tasks.Sources.IValueTaskSource<TResult>.GetResult(Int16 token)
   at System.Net.Security.SslStream.ReadAsyncInternal[TIOAdapter](Memory`1 buffer, CancellationToken cancellationToken)
   at System.Runtime.CompilerServices.PoolingAsyncValueTaskMethodBuilder`1.StateMachineBox`1.System.Threading.Tasks.Sources.IValueTaskSource<TResult>.GetResult(Int16 token)
   at System.Net.Http.HttpConnection.SendAsync(HttpRequestMessage request, Boolean async, CancellationToken cancellationToken)
   --- End of inner exception stack trace ---
   at System.Net.Http.HttpConnection.SendAsync(HttpRequestMessage request, Boolean async, CancellationToken cancellationToken)
   at System.Net.Http.AuthenticationHelper.SendWithNtAuthAsync(HttpRequestMessage request, Uri authUri, Boolean async, ICredentials credentials, Boolean isProxyAuth, HttpConnection connection, HttpConnectionPool connectionPool, CancellationToken cancellationToken)
   at System.Net.Http.HttpConnectionPool.SendWithVersionDetectionAndRetryAsync(HttpRequestMessage request, Boolean async, Boolean doRequestAuth, CancellationToken cancellationToken)
   at System.Net.Http.AuthenticationHelper.SendWithAuthAsync(HttpRequestMessage request, Uri authUri, Boolean async, ICredentials credentials, Boolean preAuthenticate, Boolean isProxyAuth, Boolean doRequestAuth, HttpConnectionPool pool, CancellationToken cancellationToken)
   at System.Net.Http.RedirectHandler.SendAsync(HttpRequestMessage request, Boolean async, CancellationToken cancellationToken)
   at GitHub.Services.Common.RawHttpMessageHandler.SendAsync(HttpRequestMessage request, CancellationToken cancellationToken)
   at GitHub.Services.Common.VssHttpRetryMessageHandler.SendAsync(HttpRequestMessage request, CancellationToken cancellationToken)
   at System.Net.Http.HttpClient.<SendAsync>g__Core|83_0(HttpRequestMessage request, HttpCompletionOption completionOption, CancellationTokenSource cts, Boolean disposeCts, CancellationTokenSource pendingRequestsCts, CancellationToken originalCancellationToken)
   --- End of inner exception stack trace ---
   at System.Net.Http.HttpClient.HandleFailure(Exception e, Boolean telemetryStarted, HttpResponseMessage response, CancellationTokenSource cts, CancellationToken cancellationToken, CancellationTokenSource pendingRequestsCts)
   at System.Net.Http.HttpClient.<SendAsync>g__Core|83_0(HttpRequestMessage request, HttpCompletionOption completionOption, CancellationTokenSource cts, Boolean disposeCts, CancellationTokenSource pendingRequestsCts, CancellationToken originalCancellationToken)
   at Sdk.WebApi.WebApi.RawHttpClientBase.SendAsync(HttpRequestMessage message, HttpCompletionOption completionOption, Object userState, CancellationToken cancellationToken)
   at Sdk.WebApi.WebApi.RawHttpClientBase.SendAsync[T](HttpRequestMessage message, Boolean readErrorBody, Object userState, CancellationToken cancellationToken)
   at Sdk.WebApi.WebApi.RawHttpClientBase.SendAsync[T](HttpMethod method, IEnumerable`1 additionalHeaders, Uri requestUri, HttpContent content, IEnumerable`1 queryParameters, Boolean readErrorBody, Object userState, CancellationToken cancellationToken)
   at GitHub.Actions.RunService.WebApi.BrokerHttpClient.GetRunnerMessageAsync(Nullable`1 sessionId, String runnerVersion, Nullable`1 status, String os, String architecture, Nullable`1 disableUpdate, CancellationToken cancellationToken)
   at GitHub.Runner.Common.BrokerServer.<>c__DisplayClass7_0.<<GetRunnerMessageAsync>b__0>d.MoveNext()
--- End of stack trace from previous location ---
   at GitHub.Runner.Common.RunnerService.RetryRequest[T](Func`1 func, CancellationToken cancellationToken, Int32 maxAttempts, Func`2 shouldRetry)
[2026-09-30 03:57:45Z ERR  BrokerServer] #####################################################
[2026-09-30 03:57:45Z ERR  BrokerServer] System.Threading.Tasks.TaskCanceledException: The operation was canceled.
 ---> System.IO.IOException: Unable to read data from the transport connection: The I/O operation has been aborted because of either a thread exit or an application request..
 ---> System.Net.Sockets.SocketException (995): The I/O operation has been aborted because of either a thread exit or an application request.
   --- End of inner exception stack trace ---
   at System.Net.Sockets.Socket.AwaitableSocketAsyncEventArgs.System.Threading.Tasks.Sources.IValueTaskSource<System.Int32>.GetResult(Int16 token)
   at System.Net.Security.SslStream.EnsureFullTlsFrameAsync[TIOAdapter](CancellationToken cancellationToken, Int32 estimatedSize)
   at System.Runtime.CompilerServices.PoolingAsyncValueTaskMethodBuilder`1.StateMachineBox`1.System.Threading.Tasks.Sources.IValueTaskSource<TResult>.GetResult(Int16 token)
   at System.Net.Security.SslStream.ReadAsyncInternal[TIOAdapter](Memory`1 buffer, CancellationToken cancellationToken)
   at System.Runtime.CompilerServices.PoolingAsyncValueTaskMethodBuilder`1.StateMachineBox`1.System.Threading.Tasks.Sources.IValueTaskSource<TResult>.GetResult(Int16 token)
   at System.Net.Http.HttpConnection.SendAsync(HttpRequestMessage request, Boolean async, CancellationToken cancellationToken)
   --- End of inner exception stack trace ---
   at System.Net.Http.HttpConnection.SendAsync(HttpRequestMessage request, Boolean async, CancellationToken cancellationToken)
   at System.Net.Http.AuthenticationHelper.SendWithNtAuthAsync(HttpRequestMessage request, Uri authUri, Boolean async, ICredentials credentials, Boolean isProxyAuth, HttpConnection connection, HttpConnectionPool connectionPool, CancellationToken cancellationToken)
   at System.Net.Http.HttpConnectionPool.SendWithVersionDetectionAndRetryAsync(HttpRequestMessage request, Boolean async, Boolean doRequestAuth, CancellationToken cancellationToken)
   at System.Net.Http.AuthenticationHelper.SendWithAuthAsync(HttpRequestMessage request, Uri authUri, Boolean async, ICredentials credentials, Boolean preAuthenticate, Boolean isProxyAuth, Boolean doRequestAuth, HttpConnectionPool pool, CancellationToken cancellationToken)
   at System.Net.Http.RedirectHandler.SendAsync(HttpRequestMessage request, Boolean async, CancellationToken cancellationToken)
   at GitHub.Services.Common.RawHttpMessageHandler.SendAsync(HttpRequestMessage request, CancellationToken cancellationToken)
   at GitHub.Services.Common.VssHttpRetryMessageHandler.SendAsync(HttpRequestMessage request, CancellationToken cancellationToken)
   at System.Net.Http.HttpClient.<SendAsync>g__Core|83_0(HttpRequestMessage request, HttpCompletionOption completionOption, CancellationTokenSource cts, Boolean disposeCts, CancellationTokenSource pendingRequestsCts, CancellationToken originalCancellationToken)
[2026-09-30 03:57:45Z ERR  BrokerServer] #####################################################
[2026-09-30 03:57:45Z ERR  BrokerServer] System.IO.IOException: Unable to read data from the transport connection: The I/O operation has been aborted because of either a thread exit or an application request..
 ---> System.Net.Sockets.SocketException (995): The I/O operation has been aborted because of either a thread exit or an application request.
   --- End of inner exception stack trace ---
   at System.Net.Sockets.Socket.AwaitableSocketAsyncEventArgs.System.Threading.Tasks.Sources.IValueTaskSource<System.Int32>.GetResult(Int16 token)
   at System.Net.Security.SslStream.EnsureFullTlsFrameAsync[TIOAdapter](CancellationToken cancellationToken, Int32 estimatedSize)
   at System.Runtime.CompilerServices.PoolingAsyncValueTaskMethodBuilder`1.StateMachineBox`1.System.Threading.Tasks.Sources.IValueTaskSource<TResult>.GetResult(Int16 token)
   at System.Net.Security.SslStream.ReadAsyncInternal[TIOAdapter](Memory`1 buffer, CancellationToken cancellationToken)
   at System.Runtime.CompilerServices.PoolingAsyncValueTaskMethodBuilder`1.StateMachineBox`1.System.Threading.Tasks.Sources.IValueTaskSource<TResult>.GetResult(Int16 token)
   at System.Net.Http.HttpConnection.SendAsync(HttpRequestMessage request, Boolean async, CancellationToken cancellationToken)
[2026-09-30 03:57:45Z ERR  BrokerServer] #####################################################
[2026-09-30 03:57:45Z ERR  BrokerServer] System.Net.Sockets.SocketException (995): The I/O operation has been aborted because of either a thread exit or an application request.
[2026-09-30 03:57:45Z WARN BrokerServer] Back off 11.868 seconds before next retry. 4 attempt left.
[2026-09-30 03:57:45Z INFO BrokerMessageListener] Get messages has been cancelled using local token source. Continue to get messages with new status.
[2026-09-30 04:39:02Z INFO RSAEncryptedFileKeyManager] Loading RSA key parameters from file D:\cicd\actions-runner\.credentials_rsaparams
[2026-09-30 04:39:03Z INFO GitHubActionsService] AAD Correlation ID for this token request: Unknown
[2026-09-30 05:29:21Z INFO RSAEncryptedFileKeyManager] Loading RSA key parameters from file D:\cicd\actions-runner\.credentials_rsaparams
[2026-09-30 05:29:22Z INFO GitHubActionsService] AAD Correlation ID for this token request: Unknown
[2026-09-30 06:19:40Z INFO RSAEncryptedFileKeyManager] Loading RSA key parameters from file D:\cicd\actions-runner\.credentials_rsaparams
[2026-09-30 06:19:41Z INFO GitHubActionsService] AAD Correlation ID for this token request: Unknown
[2026-09-30 09:28:31Z WARN GitHubActionsService] GET request to https://broker.actions.githubusercontent.com/message?sessionId=b58c2b06-5c8e-456c-b2cf-fbbd768ccb82&status=Online&runnerVersion=2.337.0&os=Windows&architecture=X64&disableUpdate=false timed out after 100 seconds.
[2026-09-30 09:28:31Z ERR  BrokerServer] Catch exception during request
[2026-09-30 09:28:32Z ERR  BrokerServer] System.TimeoutException: The HTTP request timed out after 00:01:40.
 ---> System.Threading.Tasks.TaskCanceledException: The operation was canceled.
 ---> System.IO.IOException: Unable to read data from the transport connection: The I/O operation has been aborted because of either a thread exit or an application request..
 ---> System.Net.Sockets.SocketException (995): The I/O operation has been aborted because of either a thread exit or an application request.
   --- End of inner exception stack trace ---
   at System.Net.Sockets.Socket.AwaitableSocketAsyncEventArgs.System.Threading.Tasks.Sources.IValueTaskSource<System.Int32>.GetResult(Int16 token)
   at System.Net.Security.SslStream.EnsureFullTlsFrameAsync[TIOAdapter](CancellationToken cancellationToken, Int32 estimatedSize)
   at System.Runtime.CompilerServices.PoolingAsyncValueTaskMethodBuilder`1.StateMachineBox`1.System.Threading.Tasks.Sources.IValueTaskSource<TResult>.GetResult(Int16 token)
   at System.Net.Security.SslStream.ReadAsyncInternal[TIOAdapter](Memory`1 buffer, CancellationToken cancellationToken)
   at System.Runtime.CompilerServices.PoolingAsyncValueTaskMethodBuilder`1.StateMachineBox`1.System.Threading.Tasks.Sources.IValueTaskSource<TResult>.GetResult(Int16 token)
   at System.Net.Http.HttpConnection.SendAsync(HttpRequestMessage request, Boolean async, CancellationToken cancellationToken)
   --- End of inner exception stack trace ---
   at System.Net.Http.HttpConnection.SendAsync(HttpRequestMessage request, Boolean async, CancellationToken cancellationToken)
   at System.Net.Http.AuthenticationHelper.SendWithNtAuthAsync(HttpRequestMessage request, Uri authUri, Boolean async, ICredentials credentials, Boolean isProxyAuth, HttpConnection connection, HttpConnectionPool connectionPool, CancellationToken cancellationToken)
   at System.Net.Http.HttpConnectionPool.SendWithVersionDetectionAndRetryAsync(HttpRequestMessage request, Boolean async, Boolean doRequestAuth, CancellationToken cancellationToken)
   at System.Net.Http.AuthenticationHelper.SendWithAuthAsync(HttpRequestMessage request, Uri authUri, Boolean async, ICredentials credentials, Boolean preAuthenticate, Boolean isProxyAuth, Boolean doRequestAuth, HttpConnectionPool pool, CancellationToken cancellationToken)
   at System.Net.Http.RedirectHandler.SendAsync(HttpRequestMessage request, Boolean async, CancellationToken cancellationToken)
   at GitHub.Services.Common.RawHttpMessageHandler.SendAsync(HttpRequestMessage request, CancellationToken cancellationToken)
   --- End of inner exception stack trace ---
   at GitHub.Services.Common.RawHttpMessageHandler.SendAsync(HttpRequestMessage request, CancellationToken cancellationToken)
   at GitHub.Services.Common.VssHttpRetryMessageHandler.SendAsync(HttpRequestMessage request, CancellationToken cancellationToken)
   at System.Net.Http.HttpClient.<SendAsync>g__Core|83_0(HttpRequestMessage request, HttpCompletionOption completionOption, CancellationTokenSource cts, Boolean disposeCts, CancellationTokenSource pendingRequestsCts, CancellationToken originalCancellationToken)
   at Sdk.WebApi.WebApi.RawHttpClientBase.SendAsync(HttpRequestMessage message, HttpCompletionOption completionOption, Object userState, CancellationToken cancellationToken)
   at Sdk.WebApi.WebApi.RawHttpClientBase.SendAsync[T](HttpRequestMessage message, Boolean readErrorBody, Object userState, CancellationToken cancellationToken)
   at Sdk.WebApi.WebApi.RawHttpClientBase.SendAsync[T](HttpMethod method, IEnumerable`1 additionalHeaders, Uri requestUri, HttpContent content, IEnumerable`1 queryParameters, Boolean readErrorBody, Object userState, CancellationToken cancellationToken)
   at GitHub.Actions.RunService.WebApi.BrokerHttpClient.GetRunnerMessageAsync(Nullable`1 sessionId, String runnerVersion, Nullable`1 status, String os, String architecture, Nullable`1 disableUpdate, CancellationToken cancellationToken)
   at GitHub.Runner.Common.BrokerServer.<>c__DisplayClass7_0.<<GetRunnerMessageAsync>b__0>d.MoveNext()
--- End of stack trace from previous location ---
   at GitHub.Runner.Common.RunnerService.RetryRequest[T](Func`1 func, CancellationToken cancellationToken, Int32 maxAttempts, Func`2 shouldRetry)
[2026-09-30 09:28:32Z ERR  BrokerServer] #####################################################
[2026-09-30 09:28:32Z ERR  BrokerServer] System.Threading.Tasks.TaskCanceledException: The operation was canceled.
 ---> System.IO.IOException: Unable to read data from the transport connection: The I/O operation has been aborted because of either a thread exit or an application request..
 ---> System.Net.Sockets.SocketException (995): The I/O operation has been aborted because of either a thread exit or an application request.
   --- End of inner exception stack trace ---
   at System.Net.Sockets.Socket.AwaitableSocketAsyncEventArgs.System.Threading.Tasks.Sources.IValueTaskSource<System.Int32>.GetResult(Int16 token)
   at System.Net.Security.SslStream.EnsureFullTlsFrameAsync[TIOAdapter](CancellationToken cancellationToken, Int32 estimatedSize)
   at System.Runtime.CompilerServices.PoolingAsyncValueTaskMethodBuilder`1.StateMachineBox`1.System.Threading.Tasks.Sources.IValueTaskSource<TResult>.GetResult(Int16 token)
   at System.Net.Security.SslStream.ReadAsyncInternal[TIOAdapter](Memory`1 buffer, CancellationToken cancellationToken)
   at System.Runtime.CompilerServices.PoolingAsyncValueTaskMethodBuilder`1.StateMachineBox`1.System.Threading.Tasks.Sources.IValueTaskSource<TResult>.GetResult(Int16 token)
   at System.Net.Http.HttpConnection.SendAsync(HttpRequestMessage request, Boolean async, CancellationToken cancellationToken)
   --- End of inner exception stack trace ---
   at System.Net.Http.HttpConnection.SendAsync(HttpRequestMessage request, Boolean async, CancellationToken cancellationToken)
   at System.Net.Http.AuthenticationHelper.SendWithNtAuthAsync(HttpRequestMessage request, Uri authUri, Boolean async, ICredentials credentials, Boolean isProxyAuth, HttpConnection connection, HttpConnectionPool connectionPool, CancellationToken cancellationToken)
   at System.Net.Http.HttpConnectionPool.SendWithVersionDetectionAndRetryAsync(HttpRequestMessage request, Boolean async, Boolean doRequestAuth, CancellationToken cancellationToken)
   at System.Net.Http.AuthenticationHelper.SendWithAuthAsync(HttpRequestMessage request, Uri authUri, Boolean async, ICredentials credentials, Boolean preAuthenticate, Boolean isProxyAuth, Boolean doRequestAuth, HttpConnectionPool pool, CancellationToken cancellationToken)
   at System.Net.Http.RedirectHandler.SendAsync(HttpRequestMessage request, Boolean async, CancellationToken cancellationToken)
   at GitHub.Services.Common.RawHttpMessageHandler.SendAsync(HttpRequestMessage request, CancellationToken cancellationToken)
[2026-09-30 09:28:32Z ERR  BrokerServer] #####################################################
[2026-09-30 09:28:32Z ERR  BrokerServer] System.IO.IOException: Unable to read data from the transport connection: The I/O operation has been aborted because of either a thread exit or an application request..
 ---> System.Net.Sockets.SocketException (995): The I/O operation has been aborted because of either a thread exit or an application request.
   --- End of inner exception stack trace ---
   at System.Net.Sockets.Socket.AwaitableSocketAsyncEventArgs.System.Threading.Tasks.Sources.IValueTaskSource<System.Int32>.GetResult(Int16 token)
   at System.Net.Security.SslStream.EnsureFullTlsFrameAsync[TIOAdapter](CancellationToken cancellationToken, Int32 estimatedSize)
   at System.Runtime.CompilerServices.PoolingAsyncValueTaskMethodBuilder`1.StateMachineBox`1.System.Threading.Tasks.Sources.IValueTaskSource<TResult>.GetResult(Int16 token)
   at System.Net.Security.SslStream.ReadAsyncInternal[TIOAdapter](Memory`1 buffer, CancellationToken cancellationToken)
   at System.Runtime.CompilerServices.PoolingAsyncValueTaskMethodBuilder`1.StateMachineBox`1.System.Threading.Tasks.Sources.IValueTaskSource<TResult>.GetResult(Int16 token)
   at System.Net.Http.HttpConnection.SendAsync(HttpRequestMessage request, Boolean async, CancellationToken cancellationToken)
[2026-09-30 09:28:32Z ERR  BrokerServer] #####################################################
[2026-09-30 09:28:32Z ERR  BrokerServer] System.Net.Sockets.SocketException (995): The I/O operation has been aborted because of either a thread exit or an application request.
[2026-09-30 09:28:32Z WARN BrokerServer] Back off 13.874 seconds before next retry. 4 attempt left.
[2026-09-30 09:28:48Z INFO RSAEncryptedFileKeyManager] Loading RSA key parameters from file D:\cicd\actions-runner\.credentials_rsaparams
[2026-09-30 09:28:49Z INFO GitHubActionsService] AAD Correlation ID for this token request: Unknown
[2026-09-30 14:01:54Z WARN GitHubActionsService] GET request to https://broker.actions.githubusercontent.com/message?sessionId=b58c2b06-5c8e-456c-b2cf-fbbd768ccb82&status=Online&runnerVersion=2.337.0&os=Windows&architecture=X64&disableUpdate=false timed out after 100 seconds.
[2026-09-30 14:01:54Z ERR  BrokerServer] Catch exception during request
[2026-09-30 14:01:55Z ERR  BrokerServer] System.TimeoutException: The HTTP request timed out after 00:01:40.
 ---> System.Threading.Tasks.TaskCanceledException: The operation was canceled.
 ---> System.IO.IOException: Unable to read data from the transport connection: The I/O operation has been aborted because of either a thread exit or an application request..
 ---> System.Net.Sockets.SocketException (995): The I/O operation has been aborted because of either a thread exit or an application request.
   --- End of inner exception stack trace ---
   at System.Net.Sockets.Socket.AwaitableSocketAsyncEventArgs.System.Threading.Tasks.Sources.IValueTaskSource<System.Int32>.GetResult(Int16 token)
   at System.Net.Security.SslStream.EnsureFullTlsFrameAsync[TIOAdapter](CancellationToken cancellationToken, Int32 estimatedSize)
   at System.Runtime.CompilerServices.PoolingAsyncValueTaskMethodBuilder`1.StateMachineBox`1.System.Threading.Tasks.Sources.IValueTaskSource<TResult>.GetResult(Int16 token)
   at System.Net.Security.SslStream.ReadAsyncInternal[TIOAdapter](Memory`1 buffer, CancellationToken cancellationToken)
   at System.Runtime.CompilerServices.PoolingAsyncValueTaskMethodBuilder`1.StateMachineBox`1.System.Threading.Tasks.Sources.IValueTaskSource<TResult>.GetResult(Int16 token)
   at System.Net.Http.HttpConnection.SendAsync(HttpRequestMessage request, Boolean async, CancellationToken cancellationToken)
   --- End of inner exception stack trace ---
   at System.Net.Http.HttpConnection.SendAsync(HttpRequestMessage request, Boolean async, CancellationToken cancellationToken)
   at System.Net.Http.AuthenticationHelper.SendWithNtAuthAsync(HttpRequestMessage request, Uri authUri, Boolean async, ICredentials credentials, Boolean isProxyAuth, HttpConnection connection, HttpConnectionPool connectionPool, CancellationToken cancellationToken)
   at System.Net.Http.HttpConnectionPool.SendWithVersionDetectionAndRetryAsync(HttpRequestMessage request, Boolean async, Boolean doRequestAuth, CancellationToken cancellationToken)
   at System.Net.Http.AuthenticationHelper.SendWithAuthAsync(HttpRequestMessage request, Uri authUri, Boolean async, ICredentials credentials, Boolean preAuthenticate, Boolean isProxyAuth, Boolean doRequestAuth, HttpConnectionPool pool, CancellationToken cancellationToken)
   at System.Net.Http.RedirectHandler.SendAsync(HttpRequestMessage request, Boolean async, CancellationToken cancellationToken)
   at GitHub.Services.Common.RawHttpMessageHandler.SendAsync(HttpRequestMessage request, CancellationToken cancellationToken)
   --- End of inner exception stack trace ---
   at GitHub.Services.Common.RawHttpMessageHandler.SendAsync(HttpRequestMessage request, CancellationToken cancellationToken)
   at GitHub.Services.Common.VssHttpRetryMessageHandler.SendAsync(HttpRequestMessage request, CancellationToken cancellationToken)
   at System.Net.Http.HttpClient.<SendAsync>g__Core|83_0(HttpRequestMessage request, HttpCompletionOption completionOption, CancellationTokenSource cts, Boolean disposeCts, CancellationTokenSource pendingRequestsCts, CancellationToken originalCancellationToken)
   at Sdk.WebApi.WebApi.RawHttpClientBase.SendAsync(HttpRequestMessage message, HttpCompletionOption completionOption, Object userState, CancellationToken cancellationToken)
   at Sdk.WebApi.WebApi.RawHttpClientBase.SendAsync[T](HttpRequestMessage message, Boolean readErrorBody, Object userState, CancellationToken cancellationToken)
   at Sdk.WebApi.WebApi.RawHttpClientBase.SendAsync[T](HttpMethod method, IEnumerable`1 additionalHeaders, Uri requestUri, HttpContent content, IEnumerable`1 queryParameters, Boolean readErrorBody, Object userState, CancellationToken cancellationToken)
   at GitHub.Actions.RunService.WebApi.BrokerHttpClient.GetRunnerMessageAsync(Nullable`1 sessionId, String runnerVersion, Nullable`1 status, String os, String architecture, Nullable`1 disableUpdate, CancellationToken cancellationToken)
   at GitHub.Runner.Common.BrokerServer.<>c__DisplayClass7_0.<<GetRunnerMessageAsync>b__0>d.MoveNext()
--- End of stack trace from previous location ---
   at GitHub.Runner.Common.RunnerService.RetryRequest[T](Func`1 func, CancellationToken cancellationToken, Int32 maxAttempts, Func`2 shouldRetry)
[2026-09-30 14:01:55Z ERR  BrokerServer] #####################################################
[2026-09-30 14:01:55Z ERR  BrokerServer] System.Threading.Tasks.TaskCanceledException: The operation was canceled.
 ---> System.IO.IOException: Unable to read data from the transport connection: The I/O operation has been aborted because of either a thread exit or an application request..
 ---> System.Net.Sockets.SocketException (995): The I/O operation has been aborted because of either a thread exit or an application request.
   --- End of inner exception stack trace ---
   at System.Net.Sockets.Socket.AwaitableSocketAsyncEventArgs.System.Threading.Tasks.Sources.IValueTaskSource<System.Int32>.GetResult(Int16 token)
   at System.Net.Security.SslStream.EnsureFullTlsFrameAsync[TIOAdapter](CancellationToken cancellationToken, Int32 estimatedSize)
   at System.Runtime.CompilerServices.PoolingAsyncValueTaskMethodBuilder`1.StateMachineBox`1.System.Threading.Tasks.Sources.IValueTaskSource<TResult>.GetResult(Int16 token)
   at System.Net.Security.SslStream.ReadAsyncInternal[TIOAdapter](Memory`1 buffer, CancellationToken cancellationToken)
   at System.Runtime.CompilerServices.PoolingAsyncValueTaskMethodBuilder`1.StateMachineBox`1.System.Threading.Tasks.Sources.IValueTaskSource<TResult>.GetResult(Int16 token)
   at System.Net.Http.HttpConnection.SendAsync(HttpRequestMessage request, Boolean async, CancellationToken cancellationToken)
   --- End of inner exception stack trace ---
   at System.Net.Http.HttpConnection.SendAsync(HttpRequestMessage request, Boolean async, CancellationToken cancellationToken)
   at System.Net.Http.AuthenticationHelper.SendWithNtAuthAsync(HttpRequestMessage request, Uri authUri, Boolean async, ICredentials credentials, Boolean isProxyAuth, HttpConnection connection, HttpConnectionPool connectionPool, CancellationToken cancellationToken)
   at System.Net.Http.HttpConnectionPool.SendWithVersionDetectionAndRetryAsync(HttpRequestMessage request, Boolean async, Boolean doRequestAuth, CancellationToken cancellationToken)
   at System.Net.Http.AuthenticationHelper.SendWithAuthAsync(HttpRequestMessage request, Uri authUri, Boolean async, ICredentials credentials, Boolean preAuthenticate, Boolean isProxyAuth, Boolean doRequestAuth, HttpConnectionPool pool, CancellationToken cancellationToken)
   at System.Net.Http.RedirectHandler.SendAsync(HttpRequestMessage request, Boolean async, CancellationToken cancellationToken)
   at GitHub.Services.Common.RawHttpMessageHandler.SendAsync(HttpRequestMessage request, CancellationToken cancellationToken)
[2026-09-30 14:01:55Z ERR  BrokerServer] #####################################################
[2026-09-30 14:01:55Z ERR  BrokerServer] System.IO.IOException: Unable to read data from the transport connection: The I/O operation has been aborted because of either a thread exit or an application request..
 ---> System.Net.Sockets.SocketException (995): The I/O operation has been aborted because of either a thread exit or an application request.
   --- End of inner exception stack trace ---
   at System.Net.Sockets.Socket.AwaitableSocketAsyncEventArgs.System.Threading.Tasks.Sources.IValueTaskSource<System.Int32>.GetResult(Int16 token)
   at System.Net.Security.SslStream.EnsureFullTlsFrameAsync[TIOAdapter](CancellationToken cancellationToken, Int32 estimatedSize)
   at System.Runtime.CompilerServices.PoolingAsyncValueTaskMethodBuilder`1.StateMachineBox`1.System.Threading.Tasks.Sources.IValueTaskSource<TResult>.GetResult(Int16 token)
   at System.Net.Security.SslStream.ReadAsyncInternal[TIOAdapter](Memory`1 buffer, CancellationToken cancellationToken)
   at System.Runtime.CompilerServices.PoolingAsyncValueTaskMethodBuilder`1.StateMachineBox`1.System.Threading.Tasks.Sources.IValueTaskSource<TResult>.GetResult(Int16 token)
   at System.Net.Http.HttpConnection.SendAsync(HttpRequestMessage request, Boolean async, CancellationToken cancellationToken)
[2026-09-30 14:01:55Z ERR  BrokerServer] #####################################################
[2026-09-30 14:01:55Z ERR  BrokerServer] System.Net.Sockets.SocketException (995): The I/O operation has been aborted because of either a thread exit or an application request.
[2026-09-30 14:01:55Z WARN BrokerServer] Back off 11.301 seconds before next retry. 4 attempt left.
[2026-09-30 14:02:07Z INFO RSAEncryptedFileKeyManager] Loading RSA key parameters from file D:\cicd\actions-runner\.credentials_rsaparams
[2026-09-30 14:02:08Z INFO GitHubActionsService] AAD Correlation ID for this token request: Unknown
[2026-09-30 15:42:16Z WARN GitHubActionsService] GET request to https://broker.actions.githubusercontent.com/message?sessionId=b58c2b06-5c8e-456c-b2cf-fbbd768ccb82&status=Online&runnerVersion=2.337.0&os=Windows&architecture=X64&disableUpdate=false timed out after 100 seconds.
[2026-09-30 15:42:16Z ERR  BrokerServer] Catch exception during request
[2026-09-30 15:42:16Z ERR  BrokerServer] System.TimeoutException: The HTTP request timed out after 00:01:40.
 ---> System.Threading.Tasks.TaskCanceledException: The operation was canceled.
 ---> System.IO.IOException: Unable to read data from the transport connection: The I/O operation has been aborted because of either a thread exit or an application request..
 ---> System.Net.Sockets.SocketException (995): The I/O operation has been aborted because of either a thread exit or an application request.
   --- End of inner exception stack trace ---
   at System.Net.Sockets.Socket.AwaitableSocketAsyncEventArgs.System.Threading.Tasks.Sources.IValueTaskSource<System.Int32>.GetResult(Int16 token)
   at System.Net.Security.SslStream.EnsureFullTlsFrameAsync[TIOAdapter](CancellationToken cancellationToken, Int32 estimatedSize)
   at System.Runtime.CompilerServices.PoolingAsyncValueTaskMethodBuilder`1.StateMachineBox`1.System.Threading.Tasks.Sources.IValueTaskSource<TResult>.GetResult(Int16 token)
   at System.Net.Security.SslStream.ReadAsyncInternal[TIOAdapter](Memory`1 buffer, CancellationToken cancellationToken)
   at System.Runtime.CompilerServices.PoolingAsyncValueTaskMethodBuilder`1.StateMachineBox`1.System.Threading.Tasks.Sources.IValueTaskSource<TResult>.GetResult(Int16 token)
   at System.Net.Http.HttpConnection.SendAsync(HttpRequestMessage request, Boolean async, CancellationToken cancellationToken)
   --- End of inner exception stack trace ---
   at System.Net.Http.HttpConnection.SendAsync(HttpRequestMessage request, Boolean async, CancellationToken cancellationToken)
   at System.Net.Http.AuthenticationHelper.SendWithNtAuthAsync(HttpRequestMessage request, Uri authUri, Boolean async, ICredentials credentials, Boolean isProxyAuth, HttpConnection connection, HttpConnectionPool connectionPool, CancellationToken cancellationToken)
   at System.Net.Http.HttpConnectionPool.SendWithVersionDetectionAndRetryAsync(HttpRequestMessage request, Boolean async, Boolean doRequestAuth, CancellationToken cancellationToken)
   at System.Net.Http.AuthenticationHelper.SendWithAuthAsync(HttpRequestMessage request, Uri authUri, Boolean async, ICredentials credentials, Boolean preAuthenticate, Boolean isProxyAuth, Boolean doRequestAuth, HttpConnectionPool pool, CancellationToken cancellationToken)
   at System.Net.Http.RedirectHandler.SendAsync(HttpRequestMessage request, Boolean async, CancellationToken cancellationToken)
   at GitHub.Services.Common.RawHttpMessageHandler.SendAsync(HttpRequestMessage request, CancellationToken cancellationToken)
   --- End of inner exception stack trace ---
   at GitHub.Services.Common.RawHttpMessageHandler.SendAsync(HttpRequestMessage request, CancellationToken cancellationToken)
   at GitHub.Services.Common.VssHttpRetryMessageHandler.SendAsync(HttpRequestMessage request, CancellationToken cancellationToken)
   at System.Net.Http.HttpClient.<SendAsync>g__Core|83_0(HttpRequestMessage request, HttpCompletionOption completionOption, CancellationTokenSource cts, Boolean disposeCts, CancellationTokenSource pendingRequestsCts, CancellationToken originalCancellationToken)
   at Sdk.WebApi.WebApi.RawHttpClientBase.SendAsync(HttpRequestMessage message, HttpCompletionOption completionOption, Object userState, CancellationToken cancellationToken)
   at Sdk.WebApi.WebApi.RawHttpClientBase.SendAsync[T](HttpRequestMessage message, Boolean readErrorBody, Object userState, CancellationToken cancellationToken)
   at Sdk.WebApi.WebApi.RawHttpClientBase.SendAsync[T](HttpMethod method, IEnumerable`1 additionalHeaders, Uri requestUri, HttpContent content, IEnumerable`1 queryParameters, Boolean readErrorBody, Object userState, CancellationToken cancellationToken)
   at GitHub.Actions.RunService.WebApi.BrokerHttpClient.GetRunnerMessageAsync(Nullable`1 sessionId, String runnerVersion, Nullable`1 status, String os, String architecture, Nullable`1 disableUpdate, CancellationToken cancellationToken)
   at GitHub.Runner.Common.BrokerServer.<>c__DisplayClass7_0.<<GetRunnerMessageAsync>b__0>d.MoveNext()
--- End of stack trace from previous location ---
   at GitHub.Runner.Common.RunnerService.RetryRequest[T](Func`1 func, CancellationToken cancellationToken, Int32 maxAttempts, Func`2 shouldRetry)
[2026-09-30 15:42:16Z ERR  BrokerServer] #####################################################
[2026-09-30 15:42:16Z ERR  BrokerServer] System.Threading.Tasks.TaskCanceledException: The operation was canceled.
 ---> System.IO.IOException: Unable to read data from the transport connection: The I/O operation has been aborted because of either a thread exit or an application request..
 ---> System.Net.Sockets.SocketException (995): The I/O operation has been aborted because of either a thread exit or an application request.
   --- End of inner exception stack trace ---
   at System.Net.Sockets.Socket.AwaitableSocketAsyncEventArgs.System.Threading.Tasks.Sources.IValueTaskSource<System.Int32>.GetResult(Int16 token)
   at System.Net.Security.SslStream.EnsureFullTlsFrameAsync[TIOAdapter](CancellationToken cancellationToken, Int32 estimatedSize)
   at System.Runtime.CompilerServices.PoolingAsyncValueTaskMethodBuilder`1.StateMachineBox`1.System.Threading.Tasks.Sources.IValueTaskSource<TResult>.GetResult(Int16 token)
   at System.Net.Security.SslStream.ReadAsyncInternal[TIOAdapter](Memory`1 buffer, CancellationToken cancellationToken)
   at System.Runtime.CompilerServices.PoolingAsyncValueTaskMethodBuilder`1.StateMachineBox`1.System.Threading.Tasks.Sources.IValueTaskSource<TResult>.GetResult(Int16 token)
   at System.Net.Http.HttpConnection.SendAsync(HttpRequestMessage request, Boolean async, CancellationToken cancellationToken)
   --- End of inner exception stack trace ---
   at System.Net.Http.HttpConnection.SendAsync(HttpRequestMessage request, Boolean async, CancellationToken cancellationToken)
   at System.Net.Http.AuthenticationHelper.SendWithNtAuthAsync(HttpRequestMessage request, Uri authUri, Boolean async, ICredentials credentials, Boolean isProxyAuth, HttpConnection connection, HttpConnectionPool connectionPool, CancellationToken cancellationToken)
   at System.Net.Http.HttpConnectionPool.SendWithVersionDetectionAndRetryAsync(HttpRequestMessage request, Boolean async, Boolean doRequestAuth, CancellationToken cancellationToken)
   at System.Net.Http.AuthenticationHelper.SendWithAuthAsync(HttpRequestMessage request, Uri authUri, Boolean async, ICredentials credentials, Boolean preAuthenticate, Boolean isProxyAuth, Boolean doRequestAuth, HttpConnectionPool pool, CancellationToken cancellationToken)
   at System.Net.Http.RedirectHandler.SendAsync(HttpRequestMessage request, Boolean async, CancellationToken cancellationToken)
   at GitHub.Services.Common.RawHttpMessageHandler.SendAsync(HttpRequestMessage request, CancellationToken cancellationToken)
[2026-09-30 15:42:16Z ERR  BrokerServer] #####################################################
[2026-09-30 15:42:16Z ERR  BrokerServer] System.IO.IOException: Unable to read data from the transport connection: The I/O operation has been aborted because of either a thread exit or an application request..
 ---> System.Net.Sockets.SocketException (995): The I/O operation has been aborted because of either a thread exit or an application request.
   --- End of inner exception stack trace ---
   at System.Net.Sockets.Socket.AwaitableSocketAsyncEventArgs.System.Threading.Tasks.Sources.IValueTaskSource<System.Int32>.GetResult(Int16 token)
   at System.Net.Security.SslStream.EnsureFullTlsFrameAsync[TIOAdapter](CancellationToken cancellationToken, Int32 estimatedSize)
   at System.Runtime.CompilerServices.PoolingAsyncValueTaskMethodBuilder`1.StateMachineBox`1.System.Threading.Tasks.Sources.IValueTaskSource<TResult>.GetResult(Int16 token)
   at System.Net.Security.SslStream.ReadAsyncInternal[TIOAdapter](Memory`1 buffer, CancellationToken cancellationToken)
   at System.Runtime.CompilerServices.PoolingAsyncValueTaskMethodBuilder`1.StateMachineBox`1.System.Threading.Tasks.Sources.IValueTaskSource<TResult>.GetResult(Int16 token)
   at System.Net.Http.HttpConnection.SendAsync(HttpRequestMessage request, Boolean async, CancellationToken cancellationToken)
[2026-09-30 15:42:16Z ERR  BrokerServer] #####################################################
[2026-09-30 15:42:16Z ERR  BrokerServer] System.Net.Sockets.SocketException (995): The I/O operation has been aborted because of either a thread exit or an application request.
[2026-09-30 15:42:16Z WARN BrokerServer] Back off 6.259 seconds before next retry. 4 attempt left.
[2026-09-30 15:42:24Z INFO RSAEncryptedFileKeyManager] Loading RSA key parameters from file D:\cicd\actions-runner\.credentials_rsaparams
[2026-09-30 15:42:25Z INFO GitHubActionsService] AAD Correlation ID for this token request: Unknown
[2026-09-30 16:32:41Z INFO RSAEncryptedFileKeyManager] Loading RSA key parameters from file D:\cicd\actions-runner\.credentials_rsaparams
[2026-09-30 16:32:42Z INFO GitHubActionsService] AAD Correlation ID for this token request: Unknown
[2026-09-30 16:53:58Z INFO Runner] Received RunnerRefreshConfigMessage for 'runner' config file
[2026-09-30 16:53:58Z INFO RunnerConfigUpdater] Verifying runner qualified id: U_kgDOE43Cxg/R_kgDOUXHM4w/self-hosted/3
[2026-09-30 16:53:58Z INFO HostContext] Well known directory 'Bin': 'D:\cicd\actions-runner\bin'
[2026-09-30 16:53:58Z INFO HostContext] Well known directory 'Root': 'D:\cicd\actions-runner'
[2026-09-30 16:53:58Z INFO HostContext] Well known config file 'Runner': 'D:\cicd\actions-runner\.runner'
[2026-09-30 16:53:59Z INFO RSAEncryptedFileKeyManager] Loading RSA key parameters from file D:\cicd\actions-runner\.credentials_rsaparams
[2026-09-30 16:53:59Z INFO RSAEncryptedFileKeyManager] Loading RSA key parameters from file D:\cicd\actions-runner\.credentials_rsaparams
[2026-09-30 16:54:00Z INFO GitHubActionsService] AAD Correlation ID for this token request: Unknown
[2026-09-30 16:54:01Z INFO ConfigurationStore] Saving runner migrated settings
[2026-09-30 16:54:01Z INFO ConfigurationStore] Migrated Settings Saved.
[2026-09-30 16:54:01Z INFO Runner] Runner configuration was updated. Session restart has been scheduled
[2026-09-30 16:54:01Z INFO Runner] Pending session restart detected and job dispatcher is not busy. Restarting session now.
[2026-09-30 16:54:01Z INFO JobDispatcher] Shutting down JobDispatcher. Make sure all WorkerDispatcher has finished.
[2026-09-30 16:54:01Z INFO JobDispatcher] Ensure WorkerDispatcher for job f39d1f09-19f2-520b-93c8-acd64af52acc run to finish, cancel any running job.
[2026-09-30 16:54:01Z INFO JobDispatcher] Job request f39d1f09-19f2-520b-93c8-acd64af52acc processed succeed.
[2026-09-30 16:54:01Z INFO Runner] Deleting Runner Session...
[2026-09-30 16:54:01Z INFO Runner] Restarting runner session after config update...
[2026-09-30 16:54:01Z INFO Runner] Runner configuration was refreshed, restarting session...
[2026-09-30 16:54:01Z INFO ConfigurationManager] LoadSettings
[2026-09-30 16:54:01Z INFO ConfigurationStore] IsConfigured()
[2026-09-30 16:54:01Z INFO ConfigurationStore] IsConfigured: True
[2026-09-30 16:54:01Z INFO ConfigurationManager] Is configured: True
[2026-09-30 16:54:01Z INFO ConfigurationManager] Settings Loaded
[2026-09-30 16:54:01Z INFO Runner] RunAsync
[2026-09-30 16:54:01Z INFO HostContext] Well known directory 'Bin': 'D:\cicd\actions-runner\bin'
[2026-09-30 16:54:01Z INFO HostContext] Well known directory 'Root': 'D:\cicd\actions-runner'
[2026-09-30 16:54:01Z INFO HostContext] Well known directory 'Work': 'D:\cicd\actions-runner\_work'
[2026-09-30 16:54:01Z INFO Runner] Validating directory permissions for: 'D:\cicd\actions-runner\_work'
[2026-09-30 16:54:01Z INFO ConfigurationManager] LoadMigratedSettings
[2026-09-30 16:54:01Z INFO ConfigurationStore] IsMigratedConfigured()
[2026-09-30 16:54:01Z INFO ConfigurationStore] IsMigratedConfigured: True
[2026-09-30 16:54:01Z INFO ConfigurationStore] Read migrated setting file: 398 chars
[2026-09-30 16:54:01Z INFO ConfigurationManager] Migrated Settings Loaded
[2026-09-30 16:54:01Z INFO Runner] Loaded migrated settings from .runner_migrated file
[2026-09-30 16:54:01Z INFO Runner] {
  "AgentId": 3,
  "AgentName": "VIKRANT",
  "PoolId": 1,
  "PoolName": "Default",
  "ServerUrl": "https://pipelinesghubeus4.actions.githubusercontent.com/vNJajpvbF6IjDhJJK2oJL6aFAilgYF0ASuY1lz9oWwnetORATd/",
  "GitHubUrl": "https://github.com/vikranttiwari988-ops/my-repo",
  "WorkFolder": "_work",
  "UseV2Flow": true,
  "ServerUrlV2": "https://broker.actions.githubusercontent.com/"
}
[2026-09-30 16:54:01Z INFO Runner] Attempting to create session using migrated settings
[2026-09-30 16:54:01Z INFO Runner] Using BrokerMessageListener
[2026-09-30 16:54:01Z INFO BrokerMessageListener] Using provided settings
[2026-09-30 16:54:01Z INFO BrokerMessageListener] Using migrated settings from .runner_migrated
[2026-09-30 16:54:01Z INFO BrokerMessageListener] {
  "AgentId": 3,
  "AgentName": "VIKRANT",
  "PoolId": 1,
  "PoolName": "Default",
  "ServerUrl": "https://pipelinesghubeus4.actions.githubusercontent.com/vNJajpvbF6IjDhJJK2oJL6aFAilgYF0ASuY1lz9oWwnetORATd/",
  "GitHubUrl": "https://github.com/vikranttiwari988-ops/my-repo",
  "WorkFolder": "_work",
  "UseV2Flow": true,
  "ServerUrlV2": "https://broker.actions.githubusercontent.com/"
}
[2026-09-30 16:54:01Z INFO BrokerMessageListener] Loading Credentials
[2026-09-30 16:54:01Z INFO ConfigurationStore] HasCredentials()
[2026-09-30 16:54:01Z INFO ConfigurationStore] stored True
[2026-09-30 16:54:01Z INFO CredentialManager] GetCredentialProvider
[2026-09-30 16:54:01Z INFO CredentialManager] Creating type OAuth
[2026-09-30 16:54:01Z INFO CredentialManager] Creating credential type: OAuth
[2026-09-30 16:54:01Z INFO RSAEncryptedFileKeyManager] Loading RSA key parameters from file D:\cicd\actions-runner\.credentials_rsaparams
[2026-09-30 16:54:01Z INFO BrokerMessageListener] Attempt to create session.
[2026-09-30 16:54:01Z INFO BrokerMessageListener] Connecting to the Broker Server...
[2026-09-30 16:54:01Z INFO ConfigurationStore] HasCredentials()
[2026-09-30 16:54:01Z INFO ConfigurationStore] stored True
[2026-09-30 16:54:01Z INFO CredentialManager] GetCredentialProvider
[2026-09-30 16:54:01Z INFO CredentialManager] Creating type OAuth
[2026-09-30 16:54:01Z INFO CredentialManager] Creating credential type: OAuth
[2026-09-30 16:54:01Z INFO RSAEncryptedFileKeyManager] Loading RSA key parameters from file D:\cicd\actions-runner\.credentials_rsaparams
[2026-09-30 16:54:01Z INFO BrokerMessageListener] VssConnection created
[2026-09-30 16:54:01Z INFO BrokerMessageListener] Connecting to the Runner server...
[2026-09-30 16:54:01Z INFO RunnerServer] EstablishVssConnection
[2026-09-30 16:54:01Z INFO RunnerServer] Establish connection with 100 seconds timeout.
[2026-09-30 16:54:01Z INFO GitHubActionsService] Starting operation Location.GetConnectionData
[2026-09-30 16:54:01Z INFO RunnerServer] EstablishVssConnection
[2026-09-30 16:54:01Z INFO RunnerServer] Establish connection with 60 seconds timeout.
[2026-09-30 16:54:01Z INFO GitHubActionsService] Starting operation Location.GetConnectionData
[2026-09-30 16:54:01Z INFO RunnerServer] EstablishVssConnection
[2026-09-30 16:54:01Z INFO RunnerServer] Establish connection with 60 seconds timeout.
[2026-09-30 16:54:01Z INFO GitHubActionsService] Starting operation Location.GetConnectionData
[2026-09-30 16:54:02Z INFO GitHubActionsService] Finished operation Location.GetConnectionData
[2026-09-30 16:54:02Z INFO GitHubActionsService] Finished operation Location.GetConnectionData
[2026-09-30 16:54:02Z INFO GitHubActionsService] Finished operation Location.GetConnectionData
[2026-09-30 16:54:02Z INFO BrokerMessageListener] VssConnection created
[2026-09-30 16:54:02Z INFO Terminal] WRITE LINE: 
[2026-09-30 16:54:02Z INFO Terminal] WRITE LINE: 
[2026-09-30 16:54:02Z INFO RSAEncryptedFileKeyManager] Loading RSA key parameters from file D:\cicd\actions-runner\.credentials_rsaparams
[2026-09-30 16:54:02Z INFO RSAEncryptedFileKeyManager] Loading RSA key parameters from file D:\cicd\actions-runner\.credentials_rsaparams
[2026-09-30 16:54:04Z INFO GitHubActionsService] AAD Correlation ID for this token request: Unknown
[2026-09-30 16:54:05Z INFO BrokerMessageListener] Session created.
[2026-09-30 16:54:05Z INFO Runner] Successfully created session with migrated settings
[2026-09-30 16:54:05Z INFO Terminal] WRITE LINE: Current runner version: '2.337.0'
[2026-09-30 16:54:05Z INFO Terminal] WRITE LINE: 2026-09-30 16:54:05Z: Listening for Jobs
[2026-09-30 16:54:05Z INFO JobDispatcher] Set runner/worker IPC timeout to 30 seconds.
[2026-09-30 16:59:10Z INFO BrokerMessageListener] Acknowledging runner request '34ef42bb-1c6d-5973-8bc0-4963bf40e6ea'.
[2026-09-30 16:59:10Z INFO ConfigurationStore] HasCredentials()
[2026-09-30 16:59:10Z INFO ConfigurationStore] stored True
[2026-09-30 16:59:10Z INFO CredentialManager] GetCredentialProvider
[2026-09-30 16:59:10Z INFO CredentialManager] Creating type OAuth
[2026-09-30 16:59:10Z INFO CredentialManager] Creating credential type: OAuth
[2026-09-30 16:59:10Z INFO RSAEncryptedFileKeyManager] Loading RSA key parameters from file D:\cicd\actions-runner\.credentials_rsaparams
[2026-09-30 16:59:10Z INFO RSAEncryptedFileKeyManager] Loading RSA key parameters from file D:\cicd\actions-runner\.credentials_rsaparams
[2026-09-30 16:59:11Z INFO RSAEncryptedFileKeyManager] Loading RSA key parameters from file D:\cicd\actions-runner\.credentials_rsaparams
[2026-09-30 16:59:12Z INFO GitHubActionsService] AAD Correlation ID for this token request: Unknown
[2026-09-30 16:59:14Z INFO JobDispatcher] Job request 0 for plan e74439ce-83b0-85ba-b82e-a3a006eb947c job 34ef42bb-1c6d-5973-8bc0-4963bf40e6ea received.
[2026-09-30 16:59:14Z INFO JobDispatcher] Pull OrchestrationId e74439ce-83b0-85ba-b82e-a3a006eb947c.deploy.__default from JWT claims
[2026-09-30 16:59:14Z INFO BrokerMessageListener] Received job status event. JobState: Busy
[2026-09-30 16:59:14Z INFO BrokerMessageListener] _getMessagesTokenSource is already disposed.
[2026-09-30 16:59:14Z INFO Terminal] WRITE LINE: 2026-09-30 16:59:14Z: Running job: deploy
[2026-09-30 16:59:14Z INFO JobDispatcher] Start renew job request 0 for job 34ef42bb-1c6d-5973-8bc0-4963bf40e6ea.
[2026-09-30 16:59:14Z INFO JobDispatcher] Successfully renew job 34ef42bb-1c6d-5973-8bc0-4963bf40e6ea, job is valid till 30-09-2026 17:09:15
[2026-09-30 16:59:15Z INFO HostContext] Well known directory 'Bin': 'D:\cicd\actions-runner\bin'
[2026-09-30 16:59:15Z INFO ProcessInvokerWrapper] Starting process:
[2026-09-30 16:59:15Z INFO ProcessInvokerWrapper]   File name: 'D:\cicd\actions-runner\bin\Runner.Worker.exe'
[2026-09-30 16:59:15Z INFO ProcessInvokerWrapper]   Arguments: 'spawnclient 2620 2556'
[2026-09-30 16:59:15Z INFO ProcessInvokerWrapper]   Working directory: 'D:\cicd\actions-runner\bin'
[2026-09-30 16:59:15Z INFO ProcessInvokerWrapper]   Require exit code zero: 'False'
[2026-09-30 16:59:15Z INFO ProcessInvokerWrapper]   Encoding web name:  ; code page: ''
[2026-09-30 16:59:15Z INFO ProcessInvokerWrapper]   Force kill process on cancellation: 'True'
[2026-09-30 16:59:15Z INFO ProcessInvokerWrapper]   Redirected STDIN: 'False'
[2026-09-30 16:59:15Z INFO ProcessInvokerWrapper]   Persist current code page: 'False'
[2026-09-30 16:59:15Z INFO ProcessInvokerWrapper]   Keep redirected STDIN open: 'False'
[2026-09-30 16:59:15Z INFO ProcessInvokerWrapper]   High priority process: 'True'
[2026-09-30 16:59:16Z INFO ProcessInvokerWrapper] Process started with process id 11304, waiting for process exit.
[2026-09-30 16:59:16Z INFO JobDispatcher] Send job request message to worker for job 34ef42bb-1c6d-5973-8bc0-4963bf40e6ea.
[2026-09-30 16:59:16Z INFO ProcessChannel] Sending message of length 26313, with hash '1de69a4696029609b7e3d37adb2cec0815080fff92b76488123d0fd74f8cfb1d'
[2026-09-30 16:59:29Z INFO JobNotification] Entering JobStarted Notification
[2026-09-30 16:59:29Z INFO JobNotification] Entering StartMonitor
[2026-09-30 17:00:16Z INFO JobDispatcher] Successfully renew job 34ef42bb-1c6d-5973-8bc0-4963bf40e6ea, job is valid till 30-09-2026 17:10:17
[2026-09-30 17:01:11Z INFO ProcessInvokerWrapper] STDOUT/STDERR stream read finished.
[2026-09-30 17:01:11Z INFO ProcessInvokerWrapper] STDOUT/STDERR stream read finished.
[2026-09-30 17:01:11Z INFO ProcessInvokerWrapper] Finished process 11304 with exit code 102, and elapsed time 00:01:56.4804153.
[2026-09-30 17:01:11Z INFO JobDispatcher] Worker finished for job 34ef42bb-1c6d-5973-8bc0-4963bf40e6ea. Code: 102
[2026-09-30 17:01:11Z INFO JobDispatcher] finish job request for job 34ef42bb-1c6d-5973-8bc0-4963bf40e6ea with result: Failed
[2026-09-30 17:01:11Z INFO Terminal] WRITE LINE: 2026-09-30 17:01:11Z: Job deploy completed with result: Failed
[2026-09-30 17:01:11Z INFO JobDispatcher] Stop renew job request for job 34ef42bb-1c6d-5973-8bc0-4963bf40e6ea.
[2026-09-30 17:01:11Z INFO JobDispatcher] job renew has been cancelled, stop renew job 34ef42bb-1c6d-5973-8bc0-4963bf40e6ea.
[2026-09-30 17:01:11Z INFO JobNotification] Entering JobCompleted Notification
[2026-09-30 17:01:11Z INFO JobNotification] Entering EndMonitor
[2026-09-30 17:01:11Z INFO BrokerMessageListener] Received job status event. JobState: Online
[2026-09-30 17:01:11Z WARN GitHubActionsService] GET request to https://broker.actions.githubusercontent.com/message?sessionId=18c808c1-13f7-463e-8f15-cccc2692a9e0&status=Busy&runnerVersion=2.337.0&os=Windows&architecture=X64&disableUpdate=false has been cancelled.
[2026-09-30 17:01:11Z ERR  BrokerServer] Catch exception during request
[2026-09-30 17:01:11Z ERR  BrokerServer] System.Threading.Tasks.TaskCanceledException: The operation was canceled.
 ---> System.Threading.Tasks.TaskCanceledException: The operation was canceled.
 ---> System.IO.IOException: Unable to read data from the transport connection: The I/O operation has been aborted because of either a thread exit or an application request..
 ---> System.Net.Sockets.SocketException (995): The I/O operation has been aborted because of either a thread exit or an application request.
   --- End of inner exception stack trace ---
   at System.Net.Sockets.Socket.AwaitableSocketAsyncEventArgs.System.Threading.Tasks.Sources.IValueTaskSource<System.Int32>.GetResult(Int16 token)
   at System.Net.Security.SslStream.EnsureFullTlsFrameAsync[TIOAdapter](CancellationToken cancellationToken, Int32 estimatedSize)
   at System.Runtime.CompilerServices.PoolingAsyncValueTaskMethodBuilder`1.StateMachineBox`1.System.Threading.Tasks.Sources.IValueTaskSource<TResult>.GetResult(Int16 token)
   at System.Net.Security.SslStream.ReadAsyncInternal[TIOAdapter](Memory`1 buffer, CancellationToken cancellationToken)
   at System.Runtime.CompilerServices.PoolingAsyncValueTaskMethodBuilder`1.StateMachineBox`1.System.Threading.Tasks.Sources.IValueTaskSource<TResult>.GetResult(Int16 token)
   at System.Net.Http.HttpConnection.SendAsync(HttpRequestMessage request, Boolean async, CancellationToken cancellationToken)
   --- End of inner exception stack trace ---
   at System.Net.Http.HttpConnection.SendAsync(HttpRequestMessage request, Boolean async, CancellationToken cancellationToken)
   at System.Net.Http.AuthenticationHelper.SendWithNtAuthAsync(HttpRequestMessage request, Uri authUri, Boolean async, ICredentials credentials, Boolean isProxyAuth, HttpConnection connection, HttpConnectionPool connectionPool, CancellationToken cancellationToken)
   at System.Net.Http.HttpConnectionPool.SendWithVersionDetectionAndRetryAsync(HttpRequestMessage request, Boolean async, Boolean doRequestAuth, CancellationToken cancellationToken)
   at System.Net.Http.AuthenticationHelper.SendWithAuthAsync(HttpRequestMessage request, Uri authUri, Boolean async, ICredentials credentials, Boolean preAuthenticate, Boolean isProxyAuth, Boolean doRequestAuth, HttpConnectionPool pool, CancellationToken cancellationToken)
   at System.Net.Http.RedirectHandler.SendAsync(HttpRequestMessage request, Boolean async, CancellationToken cancellationToken)
   at GitHub.Services.Common.RawHttpMessageHandler.SendAsync(HttpRequestMessage request, CancellationToken cancellationToken)
   at GitHub.Services.Common.VssHttpRetryMessageHandler.SendAsync(HttpRequestMessage request, CancellationToken cancellationToken)
   at System.Net.Http.HttpClient.<SendAsync>g__Core|83_0(HttpRequestMessage request, HttpCompletionOption completionOption, CancellationTokenSource cts, Boolean disposeCts, CancellationTokenSource pendingRequestsCts, CancellationToken originalCancellationToken)
   --- End of inner exception stack trace ---
   at System.Net.Http.HttpClient.HandleFailure(Exception e, Boolean telemetryStarted, HttpResponseMessage response, CancellationTokenSource cts, CancellationToken cancellationToken, CancellationTokenSource pendingRequestsCts)
   at System.Net.Http.HttpClient.<SendAsync>g__Core|83_0(HttpRequestMessage request, HttpCompletionOption completionOption, CancellationTokenSource cts, Boolean disposeCts, CancellationTokenSource pendingRequestsCts, CancellationToken originalCancellationToken)
   at Sdk.WebApi.WebApi.RawHttpClientBase.SendAsync(HttpRequestMessage message, HttpCompletionOption completionOption, Object userState, CancellationToken cancellationToken)
   at Sdk.WebApi.WebApi.RawHttpClientBase.SendAsync[T](HttpRequestMessage message, Boolean readErrorBody, Object userState, CancellationToken cancellationToken)
   at Sdk.WebApi.WebApi.RawHttpClientBase.SendAsync[T](HttpMethod method, IEnumerable`1 additionalHeaders, Uri requestUri, HttpContent content, IEnumerable`1 queryParameters, Boolean readErrorBody, Object userState, CancellationToken cancellationToken)
   at GitHub.Actions.RunService.WebApi.BrokerHttpClient.GetRunnerMessageAsync(Nullable`1 sessionId, String runnerVersion, Nullable`1 status, String os, String architecture, Nullable`1 disableUpdate, CancellationToken cancellationToken)
   at GitHub.Runner.Common.BrokerServer.<>c__DisplayClass7_0.<<GetRunnerMessageAsync>b__0>d.MoveNext()
--- End of stack trace from previous location ---
   at GitHub.Runner.Common.RunnerService.RetryRequest[T](Func`1 func, CancellationToken cancellationToken, Int32 maxAttempts, Func`2 shouldRetry)
[2026-09-30 17:01:11Z ERR  BrokerServer] #####################################################
[2026-09-30 17:01:11Z ERR  BrokerServer] System.Threading.Tasks.TaskCanceledException: The operation was canceled.
 ---> System.IO.IOException: Unable to read data from the transport connection: The I/O operation has been aborted because of either a thread exit or an application request..
 ---> System.Net.Sockets.SocketException (995): The I/O operation has been aborted because of either a thread exit or an application request.
   --- End of inner exception stack trace ---
   at System.Net.Sockets.Socket.AwaitableSocketAsyncEventArgs.System.Threading.Tasks.Sources.IValueTaskSource<System.Int32>.GetResult(Int16 token)
   at System.Net.Security.SslStream.EnsureFullTlsFrameAsync[TIOAdapter](CancellationToken cancellationToken, Int32 estimatedSize)
   at System.Runtime.CompilerServices.PoolingAsyncValueTaskMethodBuilder`1.StateMachineBox`1.System.Threading.Tasks.Sources.IValueTaskSource<TResult>.GetResult(Int16 token)
   at System.Net.Security.SslStream.ReadAsyncInternal[TIOAdapter](Memory`1 buffer, CancellationToken cancellationToken)
   at System.Runtime.CompilerServices.PoolingAsyncValueTaskMethodBuilder`1.StateMachineBox`1.System.Threading.Tasks.Sources.IValueTaskSource<TResult>.GetResult(Int16 token)
   at System.Net.Http.HttpConnection.SendAsync(HttpRequestMessage request, Boolean async, CancellationToken cancellationToken)
   --- End of inner exception stack trace ---
   at System.Net.Http.HttpConnection.SendAsync(HttpRequestMessage request, Boolean async, CancellationToken cancellationToken)
   at System.Net.Http.AuthenticationHelper.SendWithNtAuthAsync(HttpRequestMessage request, Uri authUri, Boolean async, ICredentials credentials, Boolean isProxyAuth, HttpConnection connection, HttpConnectionPool connectionPool, CancellationToken cancellationToken)
   at System.Net.Http.HttpConnectionPool.SendWithVersionDetectionAndRetryAsync(HttpRequestMessage request, Boolean async, Boolean doRequestAuth, CancellationToken cancellationToken)
   at System.Net.Http.AuthenticationHelper.SendWithAuthAsync(HttpRequestMessage request, Uri authUri, Boolean async, ICredentials credentials, Boolean preAuthenticate, Boolean isProxyAuth, Boolean doRequestAuth, HttpConnectionPool pool, CancellationToken cancellationToken)
   at System.Net.Http.RedirectHandler.SendAsync(HttpRequestMessage request, Boolean async, CancellationToken cancellationToken)
   at GitHub.Services.Common.RawHttpMessageHandler.SendAsync(HttpRequestMessage request, CancellationToken cancellationToken)
   at GitHub.Services.Common.VssHttpRetryMessageHandler.SendAsync(HttpRequestMessage request, CancellationToken cancellationToken)
   at System.Net.Http.HttpClient.<SendAsync>g__Core|83_0(HttpRequestMessage request, HttpCompletionOption completionOption, CancellationTokenSource cts, Boolean disposeCts, CancellationTokenSource pendingRequestsCts, CancellationToken originalCancellationToken)
[2026-09-30 17:01:11Z ERR  BrokerServer] #####################################################
[2026-09-30 17:01:11Z ERR  BrokerServer] System.IO.IOException: Unable to read data from the transport connection: The I/O operation has been aborted because of either a thread exit or an application request..
 ---> System.Net.Sockets.SocketException (995): The I/O operation has been aborted because of either a thread exit or an application request.
   --- End of inner exception stack trace ---
   at System.Net.Sockets.Socket.AwaitableSocketAsyncEventArgs.System.Threading.Tasks.Sources.IValueTaskSource<System.Int32>.GetResult(Int16 token)
   at System.Net.Security.SslStream.EnsureFullTlsFrameAsync[TIOAdapter](CancellationToken cancellationToken, Int32 estimatedSize)
   at System.Runtime.CompilerServices.PoolingAsyncValueTaskMethodBuilder`1.StateMachineBox`1.System.Threading.Tasks.Sources.IValueTaskSource<TResult>.GetResult(Int16 token)
   at System.Net.Security.SslStream.ReadAsyncInternal[TIOAdapter](Memory`1 buffer, CancellationToken cancellationToken)
   at System.Runtime.CompilerServices.PoolingAsyncValueTaskMethodBuilder`1.StateMachineBox`1.System.Threading.Tasks.Sources.IValueTaskSource<TResult>.GetResult(Int16 token)
   at System.Net.Http.HttpConnection.SendAsync(HttpRequestMessage request, Boolean async, CancellationToken cancellationToken)
[2026-09-30 17:01:11Z ERR  BrokerServer] #####################################################
[2026-09-30 17:01:11Z ERR  BrokerServer] System.Net.Sockets.SocketException (995): The I/O operation has been aborted because of either a thread exit or an application request.
[2026-09-30 17:01:11Z WARN BrokerServer] Back off 6.012 seconds before next retry. 4 attempt left.
[2026-09-30 17:01:11Z INFO BrokerMessageListener] Get messages has been cancelled using local token source. Continue to get messages with new status.
[2026-09-30 17:07:35Z INFO BrokerMessageListener] Acknowledging runner request 'dd43631d-dd33-5506-91eb-0cd50df79592'.
[2026-09-30 17:07:35Z INFO ConfigurationStore] HasCredentials()
[2026-09-30 17:07:35Z INFO ConfigurationStore] stored True
[2026-09-30 17:07:35Z INFO CredentialManager] GetCredentialProvider
[2026-09-30 17:07:35Z INFO CredentialManager] Creating type OAuth
[2026-09-30 17:07:35Z INFO CredentialManager] Creating credential type: OAuth
[2026-09-30 17:07:35Z INFO RSAEncryptedFileKeyManager] Loading RSA key parameters from file D:\cicd\actions-runner\.credentials_rsaparams
[2026-09-30 17:07:35Z INFO RSAEncryptedFileKeyManager] Loading RSA key parameters from file D:\cicd\actions-runner\.credentials_rsaparams
[2026-09-30 17:07:35Z INFO RSAEncryptedFileKeyManager] Loading RSA key parameters from file D:\cicd\actions-runner\.credentials_rsaparams
[2026-09-30 17:07:36Z INFO GitHubActionsService] AAD Correlation ID for this token request: Unknown
[2026-09-30 17:07:38Z INFO JobDispatcher] Job request 0 for plan 3b0e33b4-d946-8475-9618-ea44e1cbd3a8 job dd43631d-dd33-5506-91eb-0cd50df79592 received.
[2026-09-30 17:07:38Z INFO JobDispatcher] Pull OrchestrationId 3b0e33b4-d946-8475-9618-ea44e1cbd3a8.deploy.__default from JWT claims
[2026-09-30 17:07:38Z INFO BrokerMessageListener] Received job status event. JobState: Busy
[2026-09-30 17:07:38Z INFO BrokerMessageListener] _getMessagesTokenSource is already disposed.
[2026-09-30 17:07:38Z INFO JobDispatcher] Job request 34ef42bb-1c6d-5973-8bc0-4963bf40e6ea processed succeed.
[2026-09-30 17:07:38Z INFO Terminal] WRITE LINE: 2026-09-30 17:07:38Z: Running job: deploy
[2026-09-30 17:07:38Z INFO JobDispatcher] Start renew job request 0 for job dd43631d-dd33-5506-91eb-0cd50df79592.
[2026-09-30 17:07:39Z INFO JobDispatcher] Successfully renew job dd43631d-dd33-5506-91eb-0cd50df79592, job is valid till 30-09-2026 17:17:40
[2026-09-30 17:07:39Z INFO HostContext] Well known directory 'Bin': 'D:\cicd\actions-runner\bin'
[2026-09-30 17:07:39Z INFO ProcessInvokerWrapper] Starting process:
[2026-09-30 17:07:39Z INFO ProcessInvokerWrapper]   File name: 'D:\cicd\actions-runner\bin\Runner.Worker.exe'
[2026-09-30 17:07:39Z INFO ProcessInvokerWrapper]   Arguments: 'spawnclient 2436 3052'
[2026-09-30 17:07:39Z INFO ProcessInvokerWrapper]   Working directory: 'D:\cicd\actions-runner\bin'
[2026-09-30 17:07:39Z INFO ProcessInvokerWrapper]   Require exit code zero: 'False'
[2026-09-30 17:07:39Z INFO ProcessInvokerWrapper]   Encoding web name:  ; code page: ''
[2026-09-30 17:07:39Z INFO ProcessInvokerWrapper]   Force kill process on cancellation: 'True'
[2026-09-30 17:07:39Z INFO ProcessInvokerWrapper]   Redirected STDIN: 'False'
[2026-09-30 17:07:39Z INFO ProcessInvokerWrapper]   Persist current code page: 'False'
[2026-09-30 17:07:39Z INFO ProcessInvokerWrapper]   Keep redirected STDIN open: 'False'
[2026-09-30 17:07:39Z INFO ProcessInvokerWrapper]   High priority process: 'True'
[2026-09-30 17:07:39Z INFO ProcessInvokerWrapper] Process started with process id 25340, waiting for process exit.
[2026-09-30 17:07:39Z INFO JobDispatcher] Send job request message to worker for job dd43631d-dd33-5506-91eb-0cd50df79592.
[2026-09-30 17:07:39Z INFO ProcessChannel] Sending message of length 26309, with hash 'f0f82d9c560b069161b7c93533087729b574babab316d18153909cc5efca8a4e'
[2026-09-30 17:07:47Z INFO JobNotification] Entering JobStarted Notification
[2026-09-30 17:07:47Z INFO JobNotification] Entering StartMonitor
[2026-09-30 17:08:40Z INFO JobDispatcher] Successfully renew job dd43631d-dd33-5506-91eb-0cd50df79592, job is valid till 30-09-2026 17:18:41
[2026-09-30 17:08:42Z INFO ProcessInvokerWrapper] STDOUT/STDERR stream read finished.
[2026-09-30 17:08:42Z INFO ProcessInvokerWrapper] STDOUT/STDERR stream read finished.
[2026-09-30 17:08:42Z INFO ProcessInvokerWrapper] Finished process 25340 with exit code 102, and elapsed time 00:01:03.4301322.
[2026-09-30 17:08:42Z INFO JobDispatcher] Worker finished for job dd43631d-dd33-5506-91eb-0cd50df79592. Code: 102
[2026-09-30 17:08:42Z INFO JobDispatcher] finish job request for job dd43631d-dd33-5506-91eb-0cd50df79592 with result: Failed
[2026-09-30 17:08:42Z INFO Terminal] WRITE LINE: 2026-09-30 17:08:42Z: Job deploy completed with result: Failed
[2026-09-30 17:08:42Z INFO JobDispatcher] Stop renew job request for job dd43631d-dd33-5506-91eb-0cd50df79592.
[2026-09-30 17:08:42Z INFO JobDispatcher] job renew has been cancelled, stop renew job dd43631d-dd33-5506-91eb-0cd50df79592.
[2026-09-30 17:08:42Z INFO JobNotification] Entering JobCompleted Notification
[2026-09-30 17:08:42Z INFO JobNotification] Entering EndMonitor
[2026-09-30 17:08:42Z INFO BrokerMessageListener] Received job status event. JobState: Online
[2026-09-30 17:08:42Z WARN GitHubActionsService] GET request to https://broker.actions.githubusercontent.com/message?sessionId=18c808c1-13f7-463e-8f15-cccc2692a9e0&status=Busy&runnerVersion=2.337.0&os=Windows&architecture=X64&disableUpdate=false has been cancelled.
[2026-09-30 17:08:42Z ERR  BrokerServer] Catch exception during request
[2026-09-30 17:08:42Z ERR  BrokerServer] System.Threading.Tasks.TaskCanceledException: The operation was canceled.
 ---> System.Threading.Tasks.TaskCanceledException: The operation was canceled.
 ---> System.IO.IOException: Unable to read data from the transport connection: The I/O operation has been aborted because of either a thread exit or an application request..
 ---> System.Net.Sockets.SocketException (995): The I/O operation has been aborted because of either a thread exit or an application request.
   --- End of inner exception stack trace ---
   at System.Net.Sockets.Socket.AwaitableSocketAsyncEventArgs.System.Threading.Tasks.Sources.IValueTaskSource<System.Int32>.GetResult(Int16 token)
   at System.Net.Security.SslStream.EnsureFullTlsFrameAsync[TIOAdapter](CancellationToken cancellationToken, Int32 estimatedSize)
   at System.Runtime.CompilerServices.PoolingAsyncValueTaskMethodBuilder`1.StateMachineBox`1.System.Threading.Tasks.Sources.IValueTaskSource<TResult>.GetResult(Int16 token)
   at System.Net.Security.SslStream.ReadAsyncInternal[TIOAdapter](Memory`1 buffer, CancellationToken cancellationToken)
   at System.Runtime.CompilerServices.PoolingAsyncValueTaskMethodBuilder`1.StateMachineBox`1.System.Threading.Tasks.Sources.IValueTaskSource<TResult>.GetResult(Int16 token)
   at System.Net.Http.HttpConnection.SendAsync(HttpRequestMessage request, Boolean async, CancellationToken cancellationToken)
   --- End of inner exception stack trace ---
   at System.Net.Http.HttpConnection.SendAsync(HttpRequestMessage request, Boolean async, CancellationToken cancellationToken)
   at System.Net.Http.AuthenticationHelper.SendWithNtAuthAsync(HttpRequestMessage request, Uri authUri, Boolean async, ICredentials credentials, Boolean isProxyAuth, HttpConnection connection, HttpConnectionPool connectionPool, CancellationToken cancellationToken)
   at System.Net.Http.HttpConnectionPool.SendWithVersionDetectionAndRetryAsync(HttpRequestMessage request, Boolean async, Boolean doRequestAuth, CancellationToken cancellationToken)
   at System.Net.Http.AuthenticationHelper.SendWithAuthAsync(HttpRequestMessage request, Uri authUri, Boolean async, ICredentials credentials, Boolean preAuthenticate, Boolean isProxyAuth, Boolean doRequestAuth, HttpConnectionPool pool, CancellationToken cancellationToken)
   at System.Net.Http.RedirectHandler.SendAsync(HttpRequestMessage request, Boolean async, CancellationToken cancellationToken)
   at GitHub.Services.Common.RawHttpMessageHandler.SendAsync(HttpRequestMessage request, CancellationToken cancellationToken)
   at GitHub.Services.Common.VssHttpRetryMessageHandler.SendAsync(HttpRequestMessage request, CancellationToken cancellationToken)
   at System.Net.Http.HttpClient.<SendAsync>g__Core|83_0(HttpRequestMessage request, HttpCompletionOption completionOption, CancellationTokenSource cts, Boolean disposeCts, CancellationTokenSource pendingRequestsCts, CancellationToken originalCancellationToken)
   --- End of inner exception stack trace ---
   at System.Net.Http.HttpClient.HandleFailure(Exception e, Boolean telemetryStarted, HttpResponseMessage response, CancellationTokenSource cts, CancellationToken cancellationToken, CancellationTokenSource pendingRequestsCts)
   at System.Net.Http.HttpClient.<SendAsync>g__Core|83_0(HttpRequestMessage request, HttpCompletionOption completionOption, CancellationTokenSource cts, Boolean disposeCts, CancellationTokenSource pendingRequestsCts, CancellationToken originalCancellationToken)
   at Sdk.WebApi.WebApi.RawHttpClientBase.SendAsync(HttpRequestMessage message, HttpCompletionOption completionOption, Object userState, CancellationToken cancellationToken)
   at Sdk.WebApi.WebApi.RawHttpClientBase.SendAsync[T](HttpRequestMessage message, Boolean readErrorBody, Object userState, CancellationToken cancellationToken)
   at Sdk.WebApi.WebApi.RawHttpClientBase.SendAsync[T](HttpMethod method, IEnumerable`1 additionalHeaders, Uri requestUri, HttpContent content, IEnumerable`1 queryParameters, Boolean readErrorBody, Object userState, CancellationToken cancellationToken)
   at GitHub.Actions.RunService.WebApi.BrokerHttpClient.GetRunnerMessageAsync(Nullable`1 sessionId, String runnerVersion, Nullable`1 status, String os, String architecture, Nullable`1 disableUpdate, CancellationToken cancellationToken)
   at GitHub.Runner.Common.BrokerServer.<>c__DisplayClass7_0.<<GetRunnerMessageAsync>b__0>d.MoveNext()
--- End of stack trace from previous location ---
   at GitHub.Runner.Common.RunnerService.RetryRequest[T](Func`1 func, CancellationToken cancellationToken, Int32 maxAttempts, Func`2 shouldRetry)
[2026-09-30 17:08:42Z ERR  BrokerServer] #####################################################
[2026-09-30 17:08:42Z ERR  BrokerServer] System.Threading.Tasks.TaskCanceledException: The operation was canceled.
 ---> System.IO.IOException: Unable to read data from the transport connection: The I/O operation has been aborted because of either a thread exit or an application request..
 ---> System.Net.Sockets.SocketException (995): The I/O operation has been aborted because of either a thread exit or an application request.
   --- End of inner exception stack trace ---
   at System.Net.Sockets.Socket.AwaitableSocketAsyncEventArgs.System.Threading.Tasks.Sources.IValueTaskSource<System.Int32>.GetResult(Int16 token)
   at System.Net.Security.SslStream.EnsureFullTlsFrameAsync[TIOAdapter](CancellationToken cancellationToken, Int32 estimatedSize)
   at System.Runtime.CompilerServices.PoolingAsyncValueTaskMethodBuilder`1.StateMachineBox`1.System.Threading.Tasks.Sources.IValueTaskSource<TResult>.GetResult(Int16 token)
   at System.Net.Security.SslStream.ReadAsyncInternal[TIOAdapter](Memory`1 buffer, CancellationToken cancellationToken)
   at System.Runtime.CompilerServices.PoolingAsyncValueTaskMethodBuilder`1.StateMachineBox`1.System.Threading.Tasks.Sources.IValueTaskSource<TResult>.GetResult(Int16 token)
   at System.Net.Http.HttpConnection.SendAsync(HttpRequestMessage request, Boolean async, CancellationToken cancellationToken)
   --- End of inner exception stack trace ---
   at System.Net.Http.HttpConnection.SendAsync(HttpRequestMessage request, Boolean async, CancellationToken cancellationToken)
   at System.Net.Http.AuthenticationHelper.SendWithNtAuthAsync(HttpRequestMessage request, Uri authUri, Boolean async, ICredentials credentials, Boolean isProxyAuth, HttpConnection connection, HttpConnectionPool connectionPool, CancellationToken cancellationToken)
   at System.Net.Http.HttpConnectionPool.SendWithVersionDetectionAndRetryAsync(HttpRequestMessage request, Boolean async, Boolean doRequestAuth, CancellationToken cancellationToken)
   at System.Net.Http.AuthenticationHelper.SendWithAuthAsync(HttpRequestMessage request, Uri authUri, Boolean async, ICredentials credentials, Boolean preAuthenticate, Boolean isProxyAuth, Boolean doRequestAuth, HttpConnectionPool pool, CancellationToken cancellationToken)
   at System.Net.Http.RedirectHandler.SendAsync(HttpRequestMessage request, Boolean async, CancellationToken cancellationToken)
   at GitHub.Services.Common.RawHttpMessageHandler.SendAsync(HttpRequestMessage request, CancellationToken cancellationToken)
   at GitHub.Services.Common.VssHttpRetryMessageHandler.SendAsync(HttpRequestMessage request, CancellationToken cancellationToken)
   at System.Net.Http.HttpClient.<SendAsync>g__Core|83_0(HttpRequestMessage request, HttpCompletionOption completionOption, CancellationTokenSource cts, Boolean disposeCts, CancellationTokenSource pendingRequestsCts, CancellationToken originalCancellationToken)
[2026-09-30 17:08:42Z ERR  BrokerServer] #####################################################
[2026-09-30 17:08:42Z ERR  BrokerServer] System.IO.IOException: Unable to read data from the transport connection: The I/O operation has been aborted because of either a thread exit or an application request..
 ---> System.Net.Sockets.SocketException (995): The I/O operation has been aborted because of either a thread exit or an application request.
   --- End of inner exception stack trace ---
   at System.Net.Sockets.Socket.AwaitableSocketAsyncEventArgs.System.Threading.Tasks.Sources.IValueTaskSource<System.Int32>.GetResult(Int16 token)
   at System.Net.Security.SslStream.EnsureFullTlsFrameAsync[TIOAdapter](CancellationToken cancellationToken, Int32 estimatedSize)
   at System.Runtime.CompilerServices.PoolingAsyncValueTaskMethodBuilder`1.StateMachineBox`1.System.Threading.Tasks.Sources.IValueTaskSource<TResult>.GetResult(Int16 token)
   at System.Net.Security.SslStream.ReadAsyncInternal[TIOAdapter](Memory`1 buffer, CancellationToken cancellationToken)
   at System.Runtime.CompilerServices.PoolingAsyncValueTaskMethodBuilder`1.StateMachineBox`1.System.Threading.Tasks.Sources.IValueTaskSource<TResult>.GetResult(Int16 token)
   at System.Net.Http.HttpConnection.SendAsync(HttpRequestMessage request, Boolean async, CancellationToken cancellationToken)
[2026-09-30 17:08:42Z ERR  BrokerServer] #####################################################
[2026-09-30 17:08:42Z ERR  BrokerServer] System.Net.Sockets.SocketException (995): The I/O operation has been aborted because of either a thread exit or an application request.
[2026-09-30 17:08:42Z WARN BrokerServer] Back off 10.874 seconds before next retry. 4 attempt left.
[2026-09-30 17:08:42Z INFO BrokerMessageListener] Get messages has been cancelled using local token source. Continue to get messages with new status.
[2026-09-30 17:12:14Z INFO BrokerMessageListener] Acknowledging runner request 'f4f30b2f-86e5-55a0-952f-4557c1f2b91a'.
[2026-09-30 17:12:14Z INFO ConfigurationStore] HasCredentials()
[2026-09-30 17:12:14Z INFO ConfigurationStore] stored True
[2026-09-30 17:12:14Z INFO CredentialManager] GetCredentialProvider
[2026-09-30 17:12:14Z INFO CredentialManager] Creating type OAuth
[2026-09-30 17:12:14Z INFO CredentialManager] Creating credential type: OAuth
[2026-09-30 17:12:14Z INFO RSAEncryptedFileKeyManager] Loading RSA key parameters from file D:\cicd\actions-runner\.credentials_rsaparams
[2026-09-30 17:12:14Z INFO RSAEncryptedFileKeyManager] Loading RSA key parameters from file D:\cicd\actions-runner\.credentials_rsaparams
[2026-09-30 17:12:14Z INFO RSAEncryptedFileKeyManager] Loading RSA key parameters from file D:\cicd\actions-runner\.credentials_rsaparams
[2026-09-30 17:12:16Z INFO GitHubActionsService] AAD Correlation ID for this token request: Unknown
[2026-09-30 17:12:17Z INFO JobDispatcher] Job request 0 for plan 871c641b-47dc-83c7-8d1c-41a24b6bc44a job f4f30b2f-86e5-55a0-952f-4557c1f2b91a received.
[2026-09-30 17:12:17Z INFO JobDispatcher] Pull OrchestrationId 871c641b-47dc-83c7-8d1c-41a24b6bc44a.deploy.__default from JWT claims
[2026-09-30 17:12:17Z INFO BrokerMessageListener] Received job status event. JobState: Busy
[2026-09-30 17:12:17Z INFO BrokerMessageListener] _getMessagesTokenSource is already disposed.
[2026-09-30 17:12:17Z INFO JobDispatcher] Job request dd43631d-dd33-5506-91eb-0cd50df79592 processed succeed.
[2026-09-30 17:12:17Z INFO Terminal] WRITE LINE: 2026-09-30 17:12:17Z: Running job: deploy
[2026-09-30 17:12:17Z INFO JobDispatcher] Start renew job request 0 for job f4f30b2f-86e5-55a0-952f-4557c1f2b91a.
[2026-09-30 17:12:18Z INFO JobDispatcher] Successfully renew job f4f30b2f-86e5-55a0-952f-4557c1f2b91a, job is valid till 30-09-2026 17:22:19
[2026-09-30 17:12:18Z INFO HostContext] Well known directory 'Bin': 'D:\cicd\actions-runner\bin'
[2026-09-30 17:12:18Z INFO ProcessInvokerWrapper] Starting process:
[2026-09-30 17:12:18Z INFO ProcessInvokerWrapper]   File name: 'D:\cicd\actions-runner\bin\Runner.Worker.exe'
[2026-09-30 17:12:18Z INFO ProcessInvokerWrapper]   Arguments: 'spawnclient 2456 3044'
[2026-09-30 17:12:18Z INFO ProcessInvokerWrapper]   Working directory: 'D:\cicd\actions-runner\bin'
[2026-09-30 17:12:18Z INFO ProcessInvokerWrapper]   Require exit code zero: 'False'
[2026-09-30 17:12:18Z INFO ProcessInvokerWrapper]   Encoding web name:  ; code page: ''
[2026-09-30 17:12:18Z INFO ProcessInvokerWrapper]   Force kill process on cancellation: 'True'
[2026-09-30 17:12:18Z INFO ProcessInvokerWrapper]   Redirected STDIN: 'False'
[2026-09-30 17:12:18Z INFO ProcessInvokerWrapper]   Persist current code page: 'False'
[2026-09-30 17:12:18Z INFO ProcessInvokerWrapper]   Keep redirected STDIN open: 'False'
[2026-09-30 17:12:18Z INFO ProcessInvokerWrapper]   High priority process: 'True'
[2026-09-30 17:12:19Z INFO ProcessInvokerWrapper] Process started with process id 3928, waiting for process exit.
[2026-09-30 17:12:19Z INFO JobDispatcher] Send job request message to worker for job f4f30b2f-86e5-55a0-952f-4557c1f2b91a.
[2026-09-30 17:12:19Z INFO ProcessChannel] Sending message of length 26279, with hash 'd32a7e58d5a3618912ea2b804fc9849b861f609410c19b7a64c2e92b43499674'
[2026-09-30 17:12:20Z INFO JobNotification] Entering JobStarted Notification
[2026-09-30 17:12:20Z INFO JobNotification] Entering StartMonitor
[2026-09-30 17:13:09Z INFO ProcessInvokerWrapper] STDOUT/STDERR stream read finished.
[2026-09-30 17:13:09Z INFO ProcessInvokerWrapper] STDOUT/STDERR stream read finished.
[2026-09-30 17:13:09Z INFO ProcessInvokerWrapper] Finished process 3928 with exit code 102, and elapsed time 00:00:50.7584299.
[2026-09-30 17:13:09Z INFO JobDispatcher] Worker finished for job f4f30b2f-86e5-55a0-952f-4557c1f2b91a. Code: 102
[2026-09-30 17:13:09Z INFO JobDispatcher] finish job request for job f4f30b2f-86e5-55a0-952f-4557c1f2b91a with result: Failed
[2026-09-30 17:13:09Z INFO Terminal] WRITE LINE: 2026-09-30 17:13:09Z: Job deploy completed with result: Failed
[2026-09-30 17:13:09Z INFO JobDispatcher] Stop renew job request for job f4f30b2f-86e5-55a0-952f-4557c1f2b91a.
[2026-09-30 17:13:09Z INFO JobDispatcher] job renew has been cancelled, stop renew job f4f30b2f-86e5-55a0-952f-4557c1f2b91a.
[2026-09-30 17:13:09Z INFO JobNotification] Entering JobCompleted Notification
[2026-09-30 17:13:09Z INFO JobNotification] Entering EndMonitor
[2026-09-30 17:13:09Z INFO BrokerMessageListener] Received job status event. JobState: Online
[2026-09-30 17:13:09Z WARN GitHubActionsService] GET request to https://broker.actions.githubusercontent.com/message?sessionId=18c808c1-13f7-463e-8f15-cccc2692a9e0&status=Busy&runnerVersion=2.337.0&os=Windows&architecture=X64&disableUpdate=false has been cancelled.
[2026-09-30 17:13:09Z ERR  BrokerServer] Catch exception during request
[2026-09-30 17:13:09Z ERR  BrokerServer] System.Threading.Tasks.TaskCanceledException: The operation was canceled.
 ---> System.Threading.Tasks.TaskCanceledException: The operation was canceled.
 ---> System.IO.IOException: Unable to read data from the transport connection: The I/O operation has been aborted because of either a thread exit or an application request..
 ---> System.Net.Sockets.SocketException (995): The I/O operation has been aborted because of either a thread exit or an application request.
   --- End of inner exception stack trace ---
   at System.Net.Sockets.Socket.AwaitableSocketAsyncEventArgs.System.Threading.Tasks.Sources.IValueTaskSource<System.Int32>.GetResult(Int16 token)
   at System.Net.Security.SslStream.EnsureFullTlsFrameAsync[TIOAdapter](CancellationToken cancellationToken, Int32 estimatedSize)
   at System.Runtime.CompilerServices.PoolingAsyncValueTaskMethodBuilder`1.StateMachineBox`1.System.Threading.Tasks.Sources.IValueTaskSource<TResult>.GetResult(Int16 token)
   at System.Net.Security.SslStream.ReadAsyncInternal[TIOAdapter](Memory`1 buffer, CancellationToken cancellationToken)
   at System.Runtime.CompilerServices.PoolingAsyncValueTaskMethodBuilder`1.StateMachineBox`1.System.Threading.Tasks.Sources.IValueTaskSource<TResult>.GetResult(Int16 token)
   at System.Net.Http.HttpConnection.SendAsync(HttpRequestMessage request, Boolean async, CancellationToken cancellationToken)
   --- End of inner exception stack trace ---
   at System.Net.Http.HttpConnection.SendAsync(HttpRequestMessage request, Boolean async, CancellationToken cancellationToken)
   at System.Net.Http.AuthenticationHelper.SendWithNtAuthAsync(HttpRequestMessage request, Uri authUri, Boolean async, ICredentials credentials, Boolean isProxyAuth, HttpConnection connection, HttpConnectionPool connectionPool, CancellationToken cancellationToken)
   at System.Net.Http.HttpConnectionPool.SendWithVersionDetectionAndRetryAsync(HttpRequestMessage request, Boolean async, Boolean doRequestAuth, CancellationToken cancellationToken)
   at System.Net.Http.AuthenticationHelper.SendWithAuthAsync(HttpRequestMessage request, Uri authUri, Boolean async, ICredentials credentials, Boolean preAuthenticate, Boolean isProxyAuth, Boolean doRequestAuth, HttpConnectionPool pool, CancellationToken cancellationToken)
   at System.Net.Http.RedirectHandler.SendAsync(HttpRequestMessage request, Boolean async, CancellationToken cancellationToken)
   at GitHub.Services.Common.RawHttpMessageHandler.SendAsync(HttpRequestMessage request, CancellationToken cancellationToken)
   at GitHub.Services.Common.VssHttpRetryMessageHandler.SendAsync(HttpRequestMessage request, CancellationToken cancellationToken)
   at System.Net.Http.HttpClient.<SendAsync>g__Core|83_0(HttpRequestMessage request, HttpCompletionOption completionOption, CancellationTokenSource cts, Boolean disposeCts, CancellationTokenSource pendingRequestsCts, CancellationToken originalCancellationToken)
   --- End of inner exception stack trace ---
   at System.Net.Http.HttpClient.HandleFailure(Exception e, Boolean telemetryStarted, HttpResponseMessage response, CancellationTokenSource cts, CancellationToken cancellationToken, CancellationTokenSource pendingRequestsCts)
   at System.Net.Http.HttpClient.<SendAsync>g__Core|83_0(HttpRequestMessage request, HttpCompletionOption completionOption, CancellationTokenSource cts, Boolean disposeCts, CancellationTokenSource pendingRequestsCts, CancellationToken originalCancellationToken)
   at Sdk.WebApi.WebApi.RawHttpClientBase.SendAsync(HttpRequestMessage message, HttpCompletionOption completionOption, Object userState, CancellationToken cancellationToken)
   at Sdk.WebApi.WebApi.RawHttpClientBase.SendAsync[T](HttpRequestMessage message, Boolean readErrorBody, Object userState, CancellationToken cancellationToken)
   at Sdk.WebApi.WebApi.RawHttpClientBase.SendAsync[T](HttpMethod method, IEnumerable`1 additionalHeaders, Uri requestUri, HttpContent content, IEnumerable`1 queryParameters, Boolean readErrorBody, Object userState, CancellationToken cancellationToken)
   at GitHub.Actions.RunService.WebApi.BrokerHttpClient.GetRunnerMessageAsync(Nullable`1 sessionId, String runnerVersion, Nullable`1 status, String os, String architecture, Nullable`1 disableUpdate, CancellationToken cancellationToken)
   at GitHub.Runner.Common.BrokerServer.<>c__DisplayClass7_0.<<GetRunnerMessageAsync>b__0>d.MoveNext()
--- End of stack trace from previous location ---
   at GitHub.Runner.Common.RunnerService.RetryRequest[T](Func`1 func, CancellationToken cancellationToken, Int32 maxAttempts, Func`2 shouldRetry)
[2026-09-30 17:13:09Z ERR  BrokerServer] #####################################################
[2026-09-30 17:13:09Z ERR  BrokerServer] System.Threading.Tasks.TaskCanceledException: The operation was canceled.
 ---> System.IO.IOException: Unable to read data from the transport connection: The I/O operation has been aborted because of either a thread exit or an application request..
 ---> System.Net.Sockets.SocketException (995): The I/O operation has been aborted because of either a thread exit or an application request.
   --- End of inner exception stack trace ---
   at System.Net.Sockets.Socket.AwaitableSocketAsyncEventArgs.System.Threading.Tasks.Sources.IValueTaskSource<System.Int32>.GetResult(Int16 token)
   at System.Net.Security.SslStream.EnsureFullTlsFrameAsync[TIOAdapter](CancellationToken cancellationToken, Int32 estimatedSize)
   at System.Runtime.CompilerServices.PoolingAsyncValueTaskMethodBuilder`1.StateMachineBox`1.System.Threading.Tasks.Sources.IValueTaskSource<TResult>.GetResult(Int16 token)
   at System.Net.Security.SslStream.ReadAsyncInternal[TIOAdapter](Memory`1 buffer, CancellationToken cancellationToken)
   at System.Runtime.CompilerServices.PoolingAsyncValueTaskMethodBuilder`1.StateMachineBox`1.System.Threading.Tasks.Sources.IValueTaskSource<TResult>.GetResult(Int16 token)
   at System.Net.Http.HttpConnection.SendAsync(HttpRequestMessage request, Boolean async, CancellationToken cancellationToken)
   --- End of inner exception stack trace ---
   at System.Net.Http.HttpConnection.SendAsync(HttpRequestMessage request, Boolean async, CancellationToken cancellationToken)
   at System.Net.Http.AuthenticationHelper.SendWithNtAuthAsync(HttpRequestMessage request, Uri authUri, Boolean async, ICredentials credentials, Boolean isProxyAuth, HttpConnection connection, HttpConnectionPool connectionPool, CancellationToken cancellationToken)
   at System.Net.Http.HttpConnectionPool.SendWithVersionDetectionAndRetryAsync(HttpRequestMessage request, Boolean async, Boolean doRequestAuth, CancellationToken cancellationToken)
   at System.Net.Http.AuthenticationHelper.SendWithAuthAsync(HttpRequestMessage request, Uri authUri, Boolean async, ICredentials credentials, Boolean preAuthenticate, Boolean isProxyAuth, Boolean doRequestAuth, HttpConnectionPool pool, CancellationToken cancellationToken)
   at System.Net.Http.RedirectHandler.SendAsync(HttpRequestMessage request, Boolean async, CancellationToken cancellationToken)
   at GitHub.Services.Common.RawHttpMessageHandler.SendAsync(HttpRequestMessage request, CancellationToken cancellationToken)
   at GitHub.Services.Common.VssHttpRetryMessageHandler.SendAsync(HttpRequestMessage request, CancellationToken cancellationToken)
   at System.Net.Http.HttpClient.<SendAsync>g__Core|83_0(HttpRequestMessage request, HttpCompletionOption completionOption, CancellationTokenSource cts, Boolean disposeCts, CancellationTokenSource pendingRequestsCts, CancellationToken originalCancellationToken)
[2026-09-30 17:13:09Z ERR  BrokerServer] #####################################################
[2026-09-30 17:13:09Z ERR  BrokerServer] System.IO.IOException: Unable to read data from the transport connection: The I/O operation has been aborted because of either a thread exit or an application request..
 ---> System.Net.Sockets.SocketException (995): The I/O operation has been aborted because of either a thread exit or an application request.
   --- End of inner exception stack trace ---
   at System.Net.Sockets.Socket.AwaitableSocketAsyncEventArgs.System.Threading.Tasks.Sources.IValueTaskSource<System.Int32>.GetResult(Int16 token)
   at System.Net.Security.SslStream.EnsureFullTlsFrameAsync[TIOAdapter](CancellationToken cancellationToken, Int32 estimatedSize)
   at System.Runtime.CompilerServices.PoolingAsyncValueTaskMethodBuilder`1.StateMachineBox`1.System.Threading.Tasks.Sources.IValueTaskSource<TResult>.GetResult(Int16 token)
   at System.Net.Security.SslStream.ReadAsyncInternal[TIOAdapter](Memory`1 buffer, CancellationToken cancellationToken)
   at System.Runtime.CompilerServices.PoolingAsyncValueTaskMethodBuilder`1.StateMachineBox`1.System.Threading.Tasks.Sources.IValueTaskSource<TResult>.GetResult(Int16 token)
   at System.Net.Http.HttpConnection.SendAsync(HttpRequestMessage request, Boolean async, CancellationToken cancellationToken)
[2026-09-30 17:13:09Z ERR  BrokerServer] #####################################################
[2026-09-30 17:13:09Z ERR  BrokerServer] System.Net.Sockets.SocketException (995): The I/O operation has been aborted because of either a thread exit or an application request.
[2026-09-30 17:13:09Z WARN BrokerServer] Back off 6.098 seconds before next retry. 4 attempt left.
[2026-09-30 17:13:09Z INFO BrokerMessageListener] Get messages has been cancelled using local token source. Continue to get messages with new status.
[2026-09-30 17:28:41Z INFO BrokerMessageListener] Acknowledging runner request 'bc395f9b-1ee6-555f-b1b3-abdc802afff6'.
[2026-09-30 17:28:41Z INFO ConfigurationStore] HasCredentials()
[2026-09-30 17:28:41Z INFO ConfigurationStore] stored True
[2026-09-30 17:28:41Z INFO CredentialManager] GetCredentialProvider
[2026-09-30 17:28:41Z INFO CredentialManager] Creating type OAuth
[2026-09-30 17:28:41Z INFO CredentialManager] Creating credential type: OAuth
[2026-09-30 17:28:41Z INFO RSAEncryptedFileKeyManager] Loading RSA key parameters from file D:\cicd\actions-runner\.credentials_rsaparams
[2026-09-30 17:28:41Z INFO RSAEncryptedFileKeyManager] Loading RSA key parameters from file D:\cicd\actions-runner\.credentials_rsaparams
[2026-09-30 17:28:41Z INFO RSAEncryptedFileKeyManager] Loading RSA key parameters from file D:\cicd\actions-runner\.credentials_rsaparams
[2026-09-30 17:28:42Z INFO GitHubActionsService] AAD Correlation ID for this token request: Unknown
[2026-09-30 17:28:44Z INFO JobDispatcher] Job request 0 for plan 9adc6393-a70d-835e-ad61-9e1ede284f53 job bc395f9b-1ee6-555f-b1b3-abdc802afff6 received.
[2026-09-30 17:28:44Z INFO JobDispatcher] Pull OrchestrationId 9adc6393-a70d-835e-ad61-9e1ede284f53.deploy.__default from JWT claims
[2026-09-30 17:28:44Z INFO BrokerMessageListener] Received job status event. JobState: Busy
[2026-09-30 17:28:44Z INFO BrokerMessageListener] _getMessagesTokenSource is already disposed.
[2026-09-30 17:28:44Z INFO JobDispatcher] Job request f4f30b2f-86e5-55a0-952f-4557c1f2b91a processed succeed.
[2026-09-30 17:28:44Z INFO Terminal] WRITE LINE: 2026-09-30 17:28:44Z: Running job: deploy
[2026-09-30 17:28:44Z INFO JobDispatcher] Start renew job request 0 for job bc395f9b-1ee6-555f-b1b3-abdc802afff6.
[2026-09-30 17:28:45Z INFO JobDispatcher] Successfully renew job bc395f9b-1ee6-555f-b1b3-abdc802afff6, job is valid till 30-09-2026 17:38:46
[2026-09-30 17:28:45Z INFO HostContext] Well known directory 'Bin': 'D:\cicd\actions-runner\bin'
[2026-09-30 17:28:45Z INFO ProcessInvokerWrapper] Starting process:
[2026-09-30 17:28:45Z INFO ProcessInvokerWrapper]   File name: 'D:\cicd\actions-runner\bin\Runner.Worker.exe'
[2026-09-30 17:28:45Z INFO ProcessInvokerWrapper]   Arguments: 'spawnclient 1620 2352'
[2026-09-30 17:28:45Z INFO ProcessInvokerWrapper]   Working directory: 'D:\cicd\actions-runner\bin'
[2026-09-30 17:28:45Z INFO ProcessInvokerWrapper]   Require exit code zero: 'False'
[2026-09-30 17:28:45Z INFO ProcessInvokerWrapper]   Encoding web name:  ; code page: ''
[2026-09-30 17:28:45Z INFO ProcessInvokerWrapper]   Force kill process on cancellation: 'True'
[2026-09-30 17:28:45Z INFO ProcessInvokerWrapper]   Redirected STDIN: 'False'
[2026-09-30 17:28:45Z INFO ProcessInvokerWrapper]   Persist current code page: 'False'
[2026-09-30 17:28:45Z INFO ProcessInvokerWrapper]   Keep redirected STDIN open: 'False'
[2026-09-30 17:28:45Z INFO ProcessInvokerWrapper]   High priority process: 'True'
[2026-09-30 17:28:45Z INFO ProcessInvokerWrapper] Process started with process id 19308, waiting for process exit.
[2026-09-30 17:28:45Z INFO JobDispatcher] Send job request message to worker for job bc395f9b-1ee6-555f-b1b3-abdc802afff6.
[2026-09-30 17:28:45Z INFO ProcessChannel] Sending message of length 27665, with hash '555040eb54299eae63759a931342345478817520ef803e397f27312bba62713d'
[2026-09-30 17:28:45Z INFO JobNotification] Entering JobStarted Notification
[2026-09-30 17:28:45Z INFO JobNotification] Entering StartMonitor
[2026-09-30 17:29:45Z INFO JobDispatcher] Successfully renew job bc395f9b-1ee6-555f-b1b3-abdc802afff6, job is valid till 30-09-2026 17:39:46
[2026-09-30 17:29:59Z INFO ProcessInvokerWrapper] STDOUT/STDERR stream read finished.
[2026-09-30 17:29:59Z INFO ProcessInvokerWrapper] STDOUT/STDERR stream read finished.
[2026-09-30 17:29:59Z INFO ProcessInvokerWrapper] Finished process 19308 with exit code 102, and elapsed time 00:01:14.4278743.
[2026-09-30 17:29:59Z INFO JobDispatcher] Worker finished for job bc395f9b-1ee6-555f-b1b3-abdc802afff6. Code: 102
[2026-09-30 17:29:59Z INFO JobDispatcher] finish job request for job bc395f9b-1ee6-555f-b1b3-abdc802afff6 with result: Failed
[2026-09-30 17:29:59Z INFO Terminal] WRITE LINE: 2026-09-30 17:29:59Z: Job deploy completed with result: Failed
[2026-09-30 17:29:59Z INFO JobDispatcher] Stop renew job request for job bc395f9b-1ee6-555f-b1b3-abdc802afff6.
[2026-09-30 17:29:59Z INFO JobDispatcher] job renew has been cancelled, stop renew job bc395f9b-1ee6-555f-b1b3-abdc802afff6.
[2026-09-30 17:29:59Z INFO JobNotification] Entering JobCompleted Notification
[2026-09-30 17:29:59Z INFO JobNotification] Entering EndMonitor
[2026-09-30 17:29:59Z INFO BrokerMessageListener] Received job status event. JobState: Online
[2026-09-30 17:29:59Z WARN GitHubActionsService] GET request to https://broker.actions.githubusercontent.com/message?sessionId=18c808c1-13f7-463e-8f15-cccc2692a9e0&status=Busy&runnerVersion=2.337.0&os=Windows&architecture=X64&disableUpdate=false has been cancelled.
[2026-09-30 17:29:59Z ERR  BrokerServer] Catch exception during request
[2026-09-30 17:29:59Z ERR  BrokerServer] System.Threading.Tasks.TaskCanceledException: The operation was canceled.
 ---> System.Threading.Tasks.TaskCanceledException: The operation was canceled.
 ---> System.IO.IOException: Unable to read data from the transport connection: The I/O operation has been aborted because of either a thread exit or an application request..
 ---> System.Net.Sockets.SocketException (995): The I/O operation has been aborted because of either a thread exit or an application request.
   --- End of inner exception stack trace ---
   at System.Net.Sockets.Socket.AwaitableSocketAsyncEventArgs.System.Threading.Tasks.Sources.IValueTaskSource<System.Int32>.GetResult(Int16 token)
   at System.Net.Security.SslStream.EnsureFullTlsFrameAsync[TIOAdapter](CancellationToken cancellationToken, Int32 estimatedSize)
   at System.Runtime.CompilerServices.PoolingAsyncValueTaskMethodBuilder`1.StateMachineBox`1.System.Threading.Tasks.Sources.IValueTaskSource<TResult>.GetResult(Int16 token)
   at System.Net.Security.SslStream.ReadAsyncInternal[TIOAdapter](Memory`1 buffer, CancellationToken cancellationToken)
   at System.Runtime.CompilerServices.PoolingAsyncValueTaskMethodBuilder`1.StateMachineBox`1.System.Threading.Tasks.Sources.IValueTaskSource<TResult>.GetResult(Int16 token)
   at System.Net.Http.HttpConnection.SendAsync(HttpRequestMessage request, Boolean async, CancellationToken cancellationToken)
   --- End of inner exception stack trace ---
   at System.Net.Http.HttpConnection.SendAsync(HttpRequestMessage request, Boolean async, CancellationToken cancellationToken)
   at System.Net.Http.AuthenticationHelper.SendWithNtAuthAsync(HttpRequestMessage request, Uri authUri, Boolean async, ICredentials credentials, Boolean isProxyAuth, HttpConnection connection, HttpConnectionPool connectionPool, CancellationToken cancellationToken)
   at System.Net.Http.HttpConnectionPool.SendWithVersionDetectionAndRetryAsync(HttpRequestMessage request, Boolean async, Boolean doRequestAuth, CancellationToken cancellationToken)
   at System.Net.Http.AuthenticationHelper.SendWithAuthAsync(HttpRequestMessage request, Uri authUri, Boolean async, ICredentials credentials, Boolean preAuthenticate, Boolean isProxyAuth, Boolean doRequestAuth, HttpConnectionPool pool, CancellationToken cancellationToken)
   at System.Net.Http.RedirectHandler.SendAsync(HttpRequestMessage request, Boolean async, CancellationToken cancellationToken)
   at GitHub.Services.Common.RawHttpMessageHandler.SendAsync(HttpRequestMessage request, CancellationToken cancellationToken)
   at GitHub.Services.Common.VssHttpRetryMessageHandler.SendAsync(HttpRequestMessage request, CancellationToken cancellationToken)
   at System.Net.Http.HttpClient.<SendAsync>g__Core|83_0(HttpRequestMessage request, HttpCompletionOption completionOption, CancellationTokenSource cts, Boolean disposeCts, CancellationTokenSource pendingRequestsCts, CancellationToken originalCancellationToken)
   --- End of inner exception stack trace ---
   at System.Net.Http.HttpClient.HandleFailure(Exception e, Boolean telemetryStarted, HttpResponseMessage response, CancellationTokenSource cts, CancellationToken cancellationToken, CancellationTokenSource pendingRequestsCts)
   at System.Net.Http.HttpClient.<SendAsync>g__Core|83_0(HttpRequestMessage request, HttpCompletionOption completionOption, CancellationTokenSource cts, Boolean disposeCts, CancellationTokenSource pendingRequestsCts, CancellationToken originalCancellationToken)
   at Sdk.WebApi.WebApi.RawHttpClientBase.SendAsync(HttpRequestMessage message, HttpCompletionOption completionOption, Object userState, CancellationToken cancellationToken)
   at Sdk.WebApi.WebApi.RawHttpClientBase.SendAsync[T](HttpRequestMessage message, Boolean readErrorBody, Object userState, CancellationToken cancellationToken)
   at Sdk.WebApi.WebApi.RawHttpClientBase.SendAsync[T](HttpMethod method, IEnumerable`1 additionalHeaders, Uri requestUri, HttpContent content, IEnumerable`1 queryParameters, Boolean readErrorBody, Object userState, CancellationToken cancellationToken)
   at GitHub.Actions.RunService.WebApi.BrokerHttpClient.GetRunnerMessageAsync(Nullable`1 sessionId, String runnerVersion, Nullable`1 status, String os, String architecture, Nullable`1 disableUpdate, CancellationToken cancellationToken)
   at GitHub.Runner.Common.BrokerServer.<>c__DisplayClass7_0.<<GetRunnerMessageAsync>b__0>d.MoveNext()
--- End of stack trace from previous location ---
   at GitHub.Runner.Common.RunnerService.RetryRequest[T](Func`1 func, CancellationToken cancellationToken, Int32 maxAttempts, Func`2 shouldRetry)
[2026-09-30 17:29:59Z ERR  BrokerServer] #####################################################
[2026-09-30 17:29:59Z ERR  BrokerServer] System.Threading.Tasks.TaskCanceledException: The operation was canceled.
 ---> System.IO.IOException: Unable to read data from the transport connection: The I/O operation has been aborted because of either a thread exit or an application request..
 ---> System.Net.Sockets.SocketException (995): The I/O operation has been aborted because of either a thread exit or an application request.
   --- End of inner exception stack trace ---
   at System.Net.Sockets.Socket.AwaitableSocketAsyncEventArgs.System.Threading.Tasks.Sources.IValueTaskSource<System.Int32>.GetResult(Int16 token)
   at System.Net.Security.SslStream.EnsureFullTlsFrameAsync[TIOAdapter](CancellationToken cancellationToken, Int32 estimatedSize)
   at System.Runtime.CompilerServices.PoolingAsyncValueTaskMethodBuilder`1.StateMachineBox`1.System.Threading.Tasks.Sources.IValueTaskSource<TResult>.GetResult(Int16 token)
   at System.Net.Security.SslStream.ReadAsyncInternal[TIOAdapter](Memory`1 buffer, CancellationToken cancellationToken)
   at System.Runtime.CompilerServices.PoolingAsyncValueTaskMethodBuilder`1.StateMachineBox`1.System.Threading.Tasks.Sources.IValueTaskSource<TResult>.GetResult(Int16 token)
   at System.Net.Http.HttpConnection.SendAsync(HttpRequestMessage request, Boolean async, CancellationToken cancellationToken)
   --- End of inner exception stack trace ---
   at System.Net.Http.HttpConnection.SendAsync(HttpRequestMessage request, Boolean async, CancellationToken cancellationToken)
   at System.Net.Http.AuthenticationHelper.SendWithNtAuthAsync(HttpRequestMessage request, Uri authUri, Boolean async, ICredentials credentials, Boolean isProxyAuth, HttpConnection connection, HttpConnectionPool connectionPool, CancellationToken cancellationToken)
   at System.Net.Http.HttpConnectionPool.SendWithVersionDetectionAndRetryAsync(HttpRequestMessage request, Boolean async, Boolean doRequestAuth, CancellationToken cancellationToken)
   at System.Net.Http.AuthenticationHelper.SendWithAuthAsync(HttpRequestMessage request, Uri authUri, Boolean async, ICredentials credentials, Boolean preAuthenticate, Boolean isProxyAuth, Boolean doRequestAuth, HttpConnectionPool pool, CancellationToken cancellationToken)
   at System.Net.Http.RedirectHandler.SendAsync(HttpRequestMessage request, Boolean async, CancellationToken cancellationToken)
   at GitHub.Services.Common.RawHttpMessageHandler.SendAsync(HttpRequestMessage request, CancellationToken cancellationToken)
   at GitHub.Services.Common.VssHttpRetryMessageHandler.SendAsync(HttpRequestMessage request, CancellationToken cancellationToken)
   at System.Net.Http.HttpClient.<SendAsync>g__Core|83_0(HttpRequestMessage request, HttpCompletionOption completionOption, CancellationTokenSource cts, Boolean disposeCts, CancellationTokenSource pendingRequestsCts, CancellationToken originalCancellationToken)
[2026-09-30 17:29:59Z ERR  BrokerServer] #####################################################
[2026-09-30 17:29:59Z ERR  BrokerServer] System.IO.IOException: Unable to read data from the transport connection: The I/O operation has been aborted because of either a thread exit or an application request..
 ---> System.Net.Sockets.SocketException (995): The I/O operation has been aborted because of either a thread exit or an application request.
   --- End of inner exception stack trace ---
   at System.Net.Sockets.Socket.AwaitableSocketAsyncEventArgs.System.Threading.Tasks.Sources.IValueTaskSource<System.Int32>.GetResult(Int16 token)
   at System.Net.Security.SslStream.EnsureFullTlsFrameAsync[TIOAdapter](CancellationToken cancellationToken, Int32 estimatedSize)
   at System.Runtime.CompilerServices.PoolingAsyncValueTaskMethodBuilder`1.StateMachineBox`1.System.Threading.Tasks.Sources.IValueTaskSource<TResult>.GetResult(Int16 token)
   at System.Net.Security.SslStream.ReadAsyncInternal[TIOAdapter](Memory`1 buffer, CancellationToken cancellationToken)
   at System.Runtime.CompilerServices.PoolingAsyncValueTaskMethodBuilder`1.StateMachineBox`1.System.Threading.Tasks.Sources.IValueTaskSource<TResult>.GetResult(Int16 token)
   at System.Net.Http.HttpConnection.SendAsync(HttpRequestMessage request, Boolean async, CancellationToken cancellationToken)
[2026-09-30 17:29:59Z ERR  BrokerServer] #####################################################
[2026-09-30 17:29:59Z ERR  BrokerServer] System.Net.Sockets.SocketException (995): The I/O operation has been aborted because of either a thread exit or an application request.
[2026-09-30 17:29:59Z WARN BrokerServer] Back off 12.582 seconds before next retry. 4 attempt left.
[2026-09-30 17:29:59Z INFO BrokerMessageListener] Get messages has been cancelled using local token source. Continue to get messages with new status.
[2026-09-30 17:31:54Z INFO BrokerMessageListener] Acknowledging runner request '7ba3a2da-9cd6-575a-8f72-ba2535ddb88a'.
[2026-09-30 17:31:54Z INFO ConfigurationStore] HasCredentials()
[2026-09-30 17:31:54Z INFO ConfigurationStore] stored True
[2026-09-30 17:31:54Z INFO CredentialManager] GetCredentialProvider
[2026-09-30 17:31:54Z INFO CredentialManager] Creating type OAuth
[2026-09-30 17:31:54Z INFO CredentialManager] Creating credential type: OAuth
[2026-09-30 17:31:54Z INFO RSAEncryptedFileKeyManager] Loading RSA key parameters from file D:\cicd\actions-runner\.credentials_rsaparams
[2026-09-30 17:31:55Z INFO RSAEncryptedFileKeyManager] Loading RSA key parameters from file D:\cicd\actions-runner\.credentials_rsaparams
[2026-09-30 17:31:55Z INFO RSAEncryptedFileKeyManager] Loading RSA key parameters from file D:\cicd\actions-runner\.credentials_rsaparams
[2026-09-30 17:31:56Z INFO GitHubActionsService] AAD Correlation ID for this token request: Unknown
[2026-09-30 17:31:58Z INFO JobDispatcher] Job request 0 for plan 191e2856-dadc-8e1e-b3ea-657e0a09d00d job 7ba3a2da-9cd6-575a-8f72-ba2535ddb88a received.
[2026-09-30 17:31:58Z INFO JobDispatcher] Pull OrchestrationId 191e2856-dadc-8e1e-b3ea-657e0a09d00d.deploy.__default from JWT claims
[2026-09-30 17:31:58Z INFO BrokerMessageListener] Received job status event. JobState: Busy
[2026-09-30 17:31:58Z INFO BrokerMessageListener] _getMessagesTokenSource is already disposed.
[2026-09-30 17:31:58Z INFO JobDispatcher] Job request bc395f9b-1ee6-555f-b1b3-abdc802afff6 processed succeed.
[2026-09-30 17:31:58Z INFO Terminal] WRITE LINE: 2026-09-30 17:31:58Z: Running job: deploy
[2026-09-30 17:31:58Z INFO JobDispatcher] Start renew job request 0 for job 7ba3a2da-9cd6-575a-8f72-ba2535ddb88a.
[2026-09-30 17:31:58Z INFO JobDispatcher] Successfully renew job 7ba3a2da-9cd6-575a-8f72-ba2535ddb88a, job is valid till 30-09-2026 17:41:59
[2026-09-30 17:31:58Z INFO HostContext] Well known directory 'Bin': 'D:\cicd\actions-runner\bin'
[2026-09-30 17:31:58Z INFO ProcessInvokerWrapper] Starting process:
[2026-09-30 17:31:58Z INFO ProcessInvokerWrapper]   File name: 'D:\cicd\actions-runner\bin\Runner.Worker.exe'
[2026-09-30 17:31:58Z INFO ProcessInvokerWrapper]   Arguments: 'spawnclient 2544 2516'
[2026-09-30 17:31:58Z INFO ProcessInvokerWrapper]   Working directory: 'D:\cicd\actions-runner\bin'
[2026-09-30 17:31:58Z INFO ProcessInvokerWrapper]   Require exit code zero: 'False'
[2026-09-30 17:31:58Z INFO ProcessInvokerWrapper]   Encoding web name:  ; code page: ''
[2026-09-30 17:31:58Z INFO ProcessInvokerWrapper]   Force kill process on cancellation: 'True'
[2026-09-30 17:31:58Z INFO ProcessInvokerWrapper]   Redirected STDIN: 'False'
[2026-09-30 17:31:58Z INFO ProcessInvokerWrapper]   Persist current code page: 'False'
[2026-09-30 17:31:58Z INFO ProcessInvokerWrapper]   Keep redirected STDIN open: 'False'
[2026-09-30 17:31:58Z INFO ProcessInvokerWrapper]   High priority process: 'True'
[2026-09-30 17:31:58Z INFO ProcessInvokerWrapper] Process started with process id 28428, waiting for process exit.
[2026-09-30 17:31:58Z INFO JobDispatcher] Send job request message to worker for job 7ba3a2da-9cd6-575a-8f72-ba2535ddb88a.
[2026-09-30 17:31:58Z INFO ProcessChannel] Sending message of length 26310, with hash '58ed8cdc154c5590ab126e928e0b6d46bc908479f27c1dbc04730023339bcf5c'
[2026-09-30 17:32:00Z INFO JobNotification] Entering JobStarted Notification
[2026-09-30 17:32:00Z INFO JobNotification] Entering StartMonitor
[2026-09-30 17:32:55Z INFO ProcessInvokerWrapper] STDOUT/STDERR stream read finished.
[2026-09-30 17:32:55Z INFO ProcessInvokerWrapper] STDOUT/STDERR stream read finished.
[2026-09-30 17:32:55Z INFO ProcessInvokerWrapper] Finished process 28428 with exit code 102, and elapsed time 00:00:57.0127886.
[2026-09-30 17:32:55Z INFO JobDispatcher] Worker finished for job 7ba3a2da-9cd6-575a-8f72-ba2535ddb88a. Code: 102
[2026-09-30 17:32:55Z INFO JobDispatcher] finish job request for job 7ba3a2da-9cd6-575a-8f72-ba2535ddb88a with result: Failed
[2026-09-30 17:32:55Z INFO Terminal] WRITE LINE: 2026-09-30 17:32:55Z: Job deploy completed with result: Failed
[2026-09-30 17:32:55Z INFO JobDispatcher] Stop renew job request for job 7ba3a2da-9cd6-575a-8f72-ba2535ddb88a.
[2026-09-30 17:32:55Z INFO JobDispatcher] job renew has been cancelled, stop renew job 7ba3a2da-9cd6-575a-8f72-ba2535ddb88a.
[2026-09-30 17:32:55Z INFO JobNotification] Entering JobCompleted Notification
[2026-09-30 17:32:55Z INFO JobNotification] Entering EndMonitor
[2026-09-30 17:32:55Z INFO BrokerMessageListener] Received job status event. JobState: Online
[2026-09-30 17:32:55Z WARN GitHubActionsService] GET request to https://broker.actions.githubusercontent.com/message?sessionId=18c808c1-13f7-463e-8f15-cccc2692a9e0&status=Busy&runnerVersion=2.337.0&os=Windows&architecture=X64&disableUpdate=false has been cancelled.
[2026-09-30 17:32:55Z ERR  BrokerServer] Catch exception during request
[2026-09-30 17:32:55Z ERR  BrokerServer] System.Threading.Tasks.TaskCanceledException: The operation was canceled.
 ---> System.Threading.Tasks.TaskCanceledException: The operation was canceled.
 ---> System.IO.IOException: Unable to read data from the transport connection: The I/O operation has been aborted because of either a thread exit or an application request..
 ---> System.Net.Sockets.SocketException (995): The I/O operation has been aborted because of either a thread exit or an application request.
   --- End of inner exception stack trace ---
   at System.Net.Sockets.Socket.AwaitableSocketAsyncEventArgs.System.Threading.Tasks.Sources.IValueTaskSource<System.Int32>.GetResult(Int16 token)
   at System.Net.Security.SslStream.EnsureFullTlsFrameAsync[TIOAdapter](CancellationToken cancellationToken, Int32 estimatedSize)
   at System.Runtime.CompilerServices.PoolingAsyncValueTaskMethodBuilder`1.StateMachineBox`1.System.Threading.Tasks.Sources.IValueTaskSource<TResult>.GetResult(Int16 token)
   at System.Net.Security.SslStream.ReadAsyncInternal[TIOAdapter](Memory`1 buffer, CancellationToken cancellationToken)
   at System.Runtime.CompilerServices.PoolingAsyncValueTaskMethodBuilder`1.StateMachineBox`1.System.Threading.Tasks.Sources.IValueTaskSource<TResult>.GetResult(Int16 token)
   at System.Net.Http.HttpConnection.SendAsync(HttpRequestMessage request, Boolean async, CancellationToken cancellationToken)
   --- End of inner exception stack trace ---
   at System.Net.Http.HttpConnection.SendAsync(HttpRequestMessage request, Boolean async, CancellationToken cancellationToken)
   at System.Net.Http.AuthenticationHelper.SendWithNtAuthAsync(HttpRequestMessage request, Uri authUri, Boolean async, ICredentials credentials, Boolean isProxyAuth, HttpConnection connection, HttpConnectionPool connectionPool, CancellationToken cancellationToken)
   at System.Net.Http.HttpConnectionPool.SendWithVersionDetectionAndRetryAsync(HttpRequestMessage request, Boolean async, Boolean doRequestAuth, CancellationToken cancellationToken)
   at System.Net.Http.AuthenticationHelper.SendWithAuthAsync(HttpRequestMessage request, Uri authUri, Boolean async, ICredentials credentials, Boolean preAuthenticate, Boolean isProxyAuth, Boolean doRequestAuth, HttpConnectionPool pool, CancellationToken cancellationToken)
   at System.Net.Http.RedirectHandler.SendAsync(HttpRequestMessage request, Boolean async, CancellationToken cancellationToken)
   at GitHub.Services.Common.RawHttpMessageHandler.SendAsync(HttpRequestMessage request, CancellationToken cancellationToken)
   at GitHub.Services.Common.VssHttpRetryMessageHandler.SendAsync(HttpRequestMessage request, CancellationToken cancellationToken)
   at System.Net.Http.HttpClient.<SendAsync>g__Core|83_0(HttpRequestMessage request, HttpCompletionOption completionOption, CancellationTokenSource cts, Boolean disposeCts, CancellationTokenSource pendingRequestsCts, CancellationToken originalCancellationToken)
   --- End of inner exception stack trace ---
   at System.Net.Http.HttpClient.HandleFailure(Exception e, Boolean telemetryStarted, HttpResponseMessage response, CancellationTokenSource cts, CancellationToken cancellationToken, CancellationTokenSource pendingRequestsCts)
   at System.Net.Http.HttpClient.<SendAsync>g__Core|83_0(HttpRequestMessage request, HttpCompletionOption completionOption, CancellationTokenSource cts, Boolean disposeCts, CancellationTokenSource pendingRequestsCts, CancellationToken originalCancellationToken)
   at Sdk.WebApi.WebApi.RawHttpClientBase.SendAsync(HttpRequestMessage message, HttpCompletionOption completionOption, Object userState, CancellationToken cancellationToken)
   at Sdk.WebApi.WebApi.RawHttpClientBase.SendAsync[T](HttpRequestMessage message, Boolean readErrorBody, Object userState, CancellationToken cancellationToken)
   at Sdk.WebApi.WebApi.RawHttpClientBase.SendAsync[T](HttpMethod method, IEnumerable`1 additionalHeaders, Uri requestUri, HttpContent content, IEnumerable`1 queryParameters, Boolean readErrorBody, Object userState, CancellationToken cancellationToken)
   at GitHub.Actions.RunService.WebApi.BrokerHttpClient.GetRunnerMessageAsync(Nullable`1 sessionId, String runnerVersion, Nullable`1 status, String os, String architecture, Nullable`1 disableUpdate, CancellationToken cancellationToken)
   at GitHub.Runner.Common.BrokerServer.<>c__DisplayClass7_0.<<GetRunnerMessageAsync>b__0>d.MoveNext()
--- End of stack trace from previous location ---
   at GitHub.Runner.Common.RunnerService.RetryRequest[T](Func`1 func, CancellationToken cancellationToken, Int32 maxAttempts, Func`2 shouldRetry)
[2026-09-30 17:32:55Z ERR  BrokerServer] #####################################################
[2026-09-30 17:32:55Z ERR  BrokerServer] System.Threading.Tasks.TaskCanceledException: The operation was canceled.
 ---> System.IO.IOException: Unable to read data from the transport connection: The I/O operation has been aborted because of either a thread exit or an application request..
 ---> System.Net.Sockets.SocketException (995): The I/O operation has been aborted because of either a thread exit or an application request.
   --- End of inner exception stack trace ---
   at System.Net.Sockets.Socket.AwaitableSocketAsyncEventArgs.System.Threading.Tasks.Sources.IValueTaskSource<System.Int32>.GetResult(Int16 token)
   at System.Net.Security.SslStream.EnsureFullTlsFrameAsync[TIOAdapter](CancellationToken cancellationToken, Int32 estimatedSize)
   at System.Runtime.CompilerServices.PoolingAsyncValueTaskMethodBuilder`1.StateMachineBox`1.System.Threading.Tasks.Sources.IValueTaskSource<TResult>.GetResult(Int16 token)
   at System.Net.Security.SslStream.ReadAsyncInternal[TIOAdapter](Memory`1 buffer, CancellationToken cancellationToken)
   at System.Runtime.CompilerServices.PoolingAsyncValueTaskMethodBuilder`1.StateMachineBox`1.System.Threading.Tasks.Sources.IValueTaskSource<TResult>.GetResult(Int16 token)
   at System.Net.Http.HttpConnection.SendAsync(HttpRequestMessage request, Boolean async, CancellationToken cancellationToken)
   --- End of inner exception stack trace ---
   at System.Net.Http.HttpConnection.SendAsync(HttpRequestMessage request, Boolean async, CancellationToken cancellationToken)
   at System.Net.Http.AuthenticationHelper.SendWithNtAuthAsync(HttpRequestMessage request, Uri authUri, Boolean async, ICredentials credentials, Boolean isProxyAuth, HttpConnection connection, HttpConnectionPool connectionPool, CancellationToken cancellationToken)
   at System.Net.Http.HttpConnectionPool.SendWithVersionDetectionAndRetryAsync(HttpRequestMessage request, Boolean async, Boolean doRequestAuth, CancellationToken cancellationToken)
   at System.Net.Http.AuthenticationHelper.SendWithAuthAsync(HttpRequestMessage request, Uri authUri, Boolean async, ICredentials credentials, Boolean preAuthenticate, Boolean isProxyAuth, Boolean doRequestAuth, HttpConnectionPool pool, CancellationToken cancellationToken)
   at System.Net.Http.RedirectHandler.SendAsync(HttpRequestMessage request, Boolean async, CancellationToken cancellationToken)
   at GitHub.Services.Common.RawHttpMessageHandler.SendAsync(HttpRequestMessage request, CancellationToken cancellationToken)
   at GitHub.Services.Common.VssHttpRetryMessageHandler.SendAsync(HttpRequestMessage request, CancellationToken cancellationToken)
   at System.Net.Http.HttpClient.<SendAsync>g__Core|83_0(HttpRequestMessage request, HttpCompletionOption completionOption, CancellationTokenSource cts, Boolean disposeCts, CancellationTokenSource pendingRequestsCts, CancellationToken originalCancellationToken)
[2026-09-30 17:32:55Z ERR  BrokerServer] #####################################################
[2026-09-30 17:32:55Z ERR  BrokerServer] System.IO.IOException: Unable to read data from the transport connection: The I/O operation has been aborted because of either a thread exit or an application request..
 ---> System.Net.Sockets.SocketException (995): The I/O operation has been aborted because of either a thread exit or an application request.
   --- End of inner exception stack trace ---
   at System.Net.Sockets.Socket.AwaitableSocketAsyncEventArgs.System.Threading.Tasks.Sources.IValueTaskSource<System.Int32>.GetResult(Int16 token)
   at System.Net.Security.SslStream.EnsureFullTlsFrameAsync[TIOAdapter](CancellationToken cancellationToken, Int32 estimatedSize)
   at System.Runtime.CompilerServices.PoolingAsyncValueTaskMethodBuilder`1.StateMachineBox`1.System.Threading.Tasks.Sources.IValueTaskSource<TResult>.GetResult(Int16 token)
   at System.Net.Security.SslStream.ReadAsyncInternal[TIOAdapter](Memory`1 buffer, CancellationToken cancellationToken)
   at System.Runtime.CompilerServices.PoolingAsyncValueTaskMethodBuilder`1.StateMachineBox`1.System.Threading.Tasks.Sources.IValueTaskSource<TResult>.GetResult(Int16 token)
   at System.Net.Http.HttpConnection.SendAsync(HttpRequestMessage request, Boolean async, CancellationToken cancellationToken)
[2026-09-30 17:32:55Z ERR  BrokerServer] #####################################################
[2026-09-30 17:32:55Z ERR  BrokerServer] System.Net.Sockets.SocketException (995): The I/O operation has been aborted because of either a thread exit or an application request.
[2026-09-30 17:32:55Z WARN BrokerServer] Back off 11.994 seconds before next retry. 4 attempt left.
[2026-09-30 17:32:55Z INFO BrokerMessageListener] Get messages has been cancelled using local token source. Continue to get messages with new status.
[2026-09-30 17:34:36Z INFO BrokerMessageListener] Acknowledging runner request 'a40ed1fa-6924-5b8c-b9fd-0af07f473dc8'.
[2026-09-30 17:34:37Z INFO ConfigurationStore] HasCredentials()
[2026-09-30 17:34:37Z INFO ConfigurationStore] stored True
[2026-09-30 17:34:37Z INFO CredentialManager] GetCredentialProvider
[2026-09-30 17:34:37Z INFO CredentialManager] Creating type OAuth
[2026-09-30 17:34:37Z INFO CredentialManager] Creating credential type: OAuth
[2026-09-30 17:34:37Z INFO RSAEncryptedFileKeyManager] Loading RSA key parameters from file D:\cicd\actions-runner\.credentials_rsaparams
[2026-09-30 17:34:37Z INFO RSAEncryptedFileKeyManager] Loading RSA key parameters from file D:\cicd\actions-runner\.credentials_rsaparams
[2026-09-30 17:34:37Z INFO RSAEncryptedFileKeyManager] Loading RSA key parameters from file D:\cicd\actions-runner\.credentials_rsaparams
[2026-09-30 17:34:38Z INFO GitHubActionsService] AAD Correlation ID for this token request: Unknown
[2026-09-30 17:34:39Z INFO JobDispatcher] Job request 0 for plan fa87379b-0174-8345-a503-c55275e3248e job a40ed1fa-6924-5b8c-b9fd-0af07f473dc8 received.
[2026-09-30 17:34:39Z INFO JobDispatcher] Pull OrchestrationId fa87379b-0174-8345-a503-c55275e3248e.deploy.__default from JWT claims
[2026-09-30 17:34:39Z INFO BrokerMessageListener] Received job status event. JobState: Busy
[2026-09-30 17:34:39Z INFO BrokerMessageListener] _getMessagesTokenSource is already disposed.
[2026-09-30 17:34:39Z INFO JobDispatcher] Job request 7ba3a2da-9cd6-575a-8f72-ba2535ddb88a processed succeed.
[2026-09-30 17:34:39Z INFO Terminal] WRITE LINE: 2026-09-30 17:34:39Z: Running job: deploy
[2026-09-30 17:34:39Z INFO JobDispatcher] Start renew job request 0 for job a40ed1fa-6924-5b8c-b9fd-0af07f473dc8.
[2026-09-30 17:34:40Z INFO JobDispatcher] Successfully renew job a40ed1fa-6924-5b8c-b9fd-0af07f473dc8, job is valid till 30-09-2026 17:44:41
[2026-09-30 17:34:40Z INFO HostContext] Well known directory 'Bin': 'D:\cicd\actions-runner\bin'
[2026-09-30 17:34:40Z INFO ProcessInvokerWrapper] Starting process:
[2026-09-30 17:34:40Z INFO ProcessInvokerWrapper]   File name: 'D:\cicd\actions-runner\bin\Runner.Worker.exe'
[2026-09-30 17:34:40Z INFO ProcessInvokerWrapper]   Arguments: 'spawnclient 1456 1556'
[2026-09-30 17:34:40Z INFO ProcessInvokerWrapper]   Working directory: 'D:\cicd\actions-runner\bin'
[2026-09-30 17:34:40Z INFO ProcessInvokerWrapper]   Require exit code zero: 'False'
[2026-09-30 17:34:40Z INFO ProcessInvokerWrapper]   Encoding web name:  ; code page: ''
[2026-09-30 17:34:40Z INFO ProcessInvokerWrapper]   Force kill process on cancellation: 'True'
[2026-09-30 17:34:40Z INFO ProcessInvokerWrapper]   Redirected STDIN: 'False'
[2026-09-30 17:34:40Z INFO ProcessInvokerWrapper]   Persist current code page: 'False'
[2026-09-30 17:34:40Z INFO ProcessInvokerWrapper]   Keep redirected STDIN open: 'False'
[2026-09-30 17:34:40Z INFO ProcessInvokerWrapper]   High priority process: 'True'
[2026-09-30 17:34:40Z INFO ProcessInvokerWrapper] Process started with process id 25852, waiting for process exit.
[2026-09-30 17:34:40Z INFO JobDispatcher] Send job request message to worker for job a40ed1fa-6924-5b8c-b9fd-0af07f473dc8.
[2026-09-30 17:34:40Z INFO ProcessChannel] Sending message of length 26278, with hash 'f77b6570d17f71154f8f49e0dbb773d490923eff78e34f23540b9f7ea8eabfec'
[2026-09-30 17:34:41Z INFO JobNotification] Entering JobStarted Notification
[2026-09-30 17:34:41Z INFO JobNotification] Entering StartMonitor
[2026-09-30 17:35:40Z INFO JobDispatcher] Successfully renew job a40ed1fa-6924-5b8c-b9fd-0af07f473dc8, job is valid till 30-09-2026 17:45:41
[2026-09-30 17:36:02Z INFO ProcessInvokerWrapper] STDOUT/STDERR stream read finished.
[2026-09-30 17:36:02Z INFO ProcessInvokerWrapper] STDOUT/STDERR stream read finished.
[2026-09-30 17:36:02Z INFO ProcessInvokerWrapper] Finished process 25852 with exit code 102, and elapsed time 00:01:22.2180332.
[2026-09-30 17:36:02Z INFO JobDispatcher] Worker finished for job a40ed1fa-6924-5b8c-b9fd-0af07f473dc8. Code: 102
[2026-09-30 17:36:02Z INFO JobDispatcher] finish job request for job a40ed1fa-6924-5b8c-b9fd-0af07f473dc8 with result: Failed
[2026-09-30 17:36:02Z INFO Terminal] WRITE LINE: 2026-09-30 17:36:02Z: Job deploy completed with result: Failed
[2026-09-30 17:36:02Z INFO JobDispatcher] Stop renew job request for job a40ed1fa-6924-5b8c-b9fd-0af07f473dc8.
[2026-09-30 17:36:02Z INFO JobDispatcher] job renew has been cancelled, stop renew job a40ed1fa-6924-5b8c-b9fd-0af07f473dc8.
[2026-09-30 17:36:02Z INFO JobNotification] Entering JobCompleted Notification
[2026-09-30 17:36:02Z INFO JobNotification] Entering EndMonitor
[2026-09-30 17:36:02Z INFO BrokerMessageListener] Received job status event. JobState: Online
[2026-09-30 17:36:02Z WARN GitHubActionsService] GET request to https://broker.actions.githubusercontent.com/message?sessionId=18c808c1-13f7-463e-8f15-cccc2692a9e0&status=Busy&runnerVersion=2.337.0&os=Windows&architecture=X64&disableUpdate=false has been cancelled.
[2026-09-30 17:36:02Z ERR  BrokerServer] Catch exception during request
[2026-09-30 17:36:02Z ERR  BrokerServer] System.Threading.Tasks.TaskCanceledException: The operation was canceled.
 ---> System.Threading.Tasks.TaskCanceledException: The operation was canceled.
 ---> System.IO.IOException: Unable to read data from the transport connection: The I/O operation has been aborted because of either a thread exit or an application request..
 ---> System.Net.Sockets.SocketException (995): The I/O operation has been aborted because of either a thread exit or an application request.
   --- End of inner exception stack trace ---
   at System.Net.Sockets.Socket.AwaitableSocketAsyncEventArgs.System.Threading.Tasks.Sources.IValueTaskSource<System.Int32>.GetResult(Int16 token)
   at System.Net.Security.SslStream.EnsureFullTlsFrameAsync[TIOAdapter](CancellationToken cancellationToken, Int32 estimatedSize)
   at System.Runtime.CompilerServices.PoolingAsyncValueTaskMethodBuilder`1.StateMachineBox`1.System.Threading.Tasks.Sources.IValueTaskSource<TResult>.GetResult(Int16 token)
   at System.Net.Security.SslStream.ReadAsyncInternal[TIOAdapter](Memory`1 buffer, CancellationToken cancellationToken)
   at System.Runtime.CompilerServices.PoolingAsyncValueTaskMethodBuilder`1.StateMachineBox`1.System.Threading.Tasks.Sources.IValueTaskSource<TResult>.GetResult(Int16 token)
   at System.Net.Http.HttpConnection.SendAsync(HttpRequestMessage request, Boolean async, CancellationToken cancellationToken)
   --- End of inner exception stack trace ---
   at System.Net.Http.HttpConnection.SendAsync(HttpRequestMessage request, Boolean async, CancellationToken cancellationToken)
   at System.Net.Http.AuthenticationHelper.SendWithNtAuthAsync(HttpRequestMessage request, Uri authUri, Boolean async, ICredentials credentials, Boolean isProxyAuth, HttpConnection connection, HttpConnectionPool connectionPool, CancellationToken cancellationToken)
   at System.Net.Http.HttpConnectionPool.SendWithVersionDetectionAndRetryAsync(HttpRequestMessage request, Boolean async, Boolean doRequestAuth, CancellationToken cancellationToken)
   at System.Net.Http.AuthenticationHelper.SendWithAuthAsync(HttpRequestMessage request, Uri authUri, Boolean async, ICredentials credentials, Boolean preAuthenticate, Boolean isProxyAuth, Boolean doRequestAuth, HttpConnectionPool pool, CancellationToken cancellationToken)
   at System.Net.Http.RedirectHandler.SendAsync(HttpRequestMessage request, Boolean async, CancellationToken cancellationToken)
   at GitHub.Services.Common.RawHttpMessageHandler.SendAsync(HttpRequestMessage request, CancellationToken cancellationToken)
   at GitHub.Services.Common.VssHttpRetryMessageHandler.SendAsync(HttpRequestMessage request, CancellationToken cancellationToken)
   at System.Net.Http.HttpClient.<SendAsync>g__Core|83_0(HttpRequestMessage request, HttpCompletionOption completionOption, CancellationTokenSource cts, Boolean disposeCts, CancellationTokenSource pendingRequestsCts, CancellationToken originalCancellationToken)
   --- End of inner exception stack trace ---
   at System.Net.Http.HttpClient.HandleFailure(Exception e, Boolean telemetryStarted, HttpResponseMessage response, CancellationTokenSource cts, CancellationToken cancellationToken, CancellationTokenSource pendingRequestsCts)
   at System.Net.Http.HttpClient.<SendAsync>g__Core|83_0(HttpRequestMessage request, HttpCompletionOption completionOption, CancellationTokenSource cts, Boolean disposeCts, CancellationTokenSource pendingRequestsCts, CancellationToken originalCancellationToken)
   at Sdk.WebApi.WebApi.RawHttpClientBase.SendAsync(HttpRequestMessage message, HttpCompletionOption completionOption, Object userState, CancellationToken cancellationToken)
   at Sdk.WebApi.WebApi.RawHttpClientBase.SendAsync[T](HttpRequestMessage message, Boolean readErrorBody, Object userState, CancellationToken cancellationToken)
   at Sdk.WebApi.WebApi.RawHttpClientBase.SendAsync[T](HttpMethod method, IEnumerable`1 additionalHeaders, Uri requestUri, HttpContent content, IEnumerable`1 queryParameters, Boolean readErrorBody, Object userState, CancellationToken cancellationToken)
   at GitHub.Actions.RunService.WebApi.BrokerHttpClient.GetRunnerMessageAsync(Nullable`1 sessionId, String runnerVersion, Nullable`1 status, String os, String architecture, Nullable`1 disableUpdate, CancellationToken cancellationToken)
   at GitHub.Runner.Common.BrokerServer.<>c__DisplayClass7_0.<<GetRunnerMessageAsync>b__0>d.MoveNext()
--- End of stack trace from previous location ---
   at GitHub.Runner.Common.RunnerService.RetryRequest[T](Func`1 func, CancellationToken cancellationToken, Int32 maxAttempts, Func`2 shouldRetry)
[2026-09-30 17:36:02Z ERR  BrokerServer] #####################################################
[2026-09-30 17:36:02Z ERR  BrokerServer] System.Threading.Tasks.TaskCanceledException: The operation was canceled.
 ---> System.IO.IOException: Unable to read data from the transport connection: The I/O operation has been aborted because of either a thread exit or an application request..
 ---> System.Net.Sockets.SocketException (995): The I/O operation has been aborted because of either a thread exit or an application request.
   --- End of inner exception stack trace ---
   at System.Net.Sockets.Socket.AwaitableSocketAsyncEventArgs.System.Threading.Tasks.Sources.IValueTaskSource<System.Int32>.GetResult(Int16 token)
   at System.Net.Security.SslStream.EnsureFullTlsFrameAsync[TIOAdapter](CancellationToken cancellationToken, Int32 estimatedSize)
   at System.Runtime.CompilerServices.PoolingAsyncValueTaskMethodBuilder`1.StateMachineBox`1.System.Threading.Tasks.Sources.IValueTaskSource<TResult>.GetResult(Int16 token)
   at System.Net.Security.SslStream.ReadAsyncInternal[TIOAdapter](Memory`1 buffer, CancellationToken cancellationToken)
   at System.Runtime.CompilerServices.PoolingAsyncValueTaskMethodBuilder`1.StateMachineBox`1.System.Threading.Tasks.Sources.IValueTaskSource<TResult>.GetResult(Int16 token)
   at System.Net.Http.HttpConnection.SendAsync(HttpRequestMessage request, Boolean async, CancellationToken cancellationToken)
   --- End of inner exception stack trace ---
   at System.Net.Http.HttpConnection.SendAsync(HttpRequestMessage request, Boolean async, CancellationToken cancellationToken)
   at System.Net.Http.AuthenticationHelper.SendWithNtAuthAsync(HttpRequestMessage request, Uri authUri, Boolean async, ICredentials credentials, Boolean isProxyAuth, HttpConnection connection, HttpConnectionPool connectionPool, CancellationToken cancellationToken)
   at System.Net.Http.HttpConnectionPool.SendWithVersionDetectionAndRetryAsync(HttpRequestMessage request, Boolean async, Boolean doRequestAuth, CancellationToken cancellationToken)
   at System.Net.Http.AuthenticationHelper.SendWithAuthAsync(HttpRequestMessage request, Uri authUri, Boolean async, ICredentials credentials, Boolean preAuthenticate, Boolean isProxyAuth, Boolean doRequestAuth, HttpConnectionPool pool, CancellationToken cancellationToken)
   at System.Net.Http.RedirectHandler.SendAsync(HttpRequestMessage request, Boolean async, CancellationToken cancellationToken)
   at GitHub.Services.Common.RawHttpMessageHandler.SendAsync(HttpRequestMessage request, CancellationToken cancellationToken)
   at GitHub.Services.Common.VssHttpRetryMessageHandler.SendAsync(HttpRequestMessage request, CancellationToken cancellationToken)
   at System.Net.Http.HttpClient.<SendAsync>g__Core|83_0(HttpRequestMessage request, HttpCompletionOption completionOption, CancellationTokenSource cts, Boolean disposeCts, CancellationTokenSource pendingRequestsCts, CancellationToken originalCancellationToken)
[2026-09-30 17:36:02Z ERR  BrokerServer] #####################################################
[2026-09-30 17:36:02Z ERR  BrokerServer] System.IO.IOException: Unable to read data from the transport connection: The I/O operation has been aborted because of either a thread exit or an application request..
 ---> System.Net.Sockets.SocketException (995): The I/O operation has been aborted because of either a thread exit or an application request.
   --- End of inner exception stack trace ---
   at System.Net.Sockets.Socket.AwaitableSocketAsyncEventArgs.System.Threading.Tasks.Sources.IValueTaskSource<System.Int32>.GetResult(Int16 token)
   at System.Net.Security.SslStream.EnsureFullTlsFrameAsync[TIOAdapter](CancellationToken cancellationToken, Int32 estimatedSize)
   at System.Runtime.CompilerServices.PoolingAsyncValueTaskMethodBuilder`1.StateMachineBox`1.System.Threading.Tasks.Sources.IValueTaskSource<TResult>.GetResult(Int16 token)
   at System.Net.Security.SslStream.ReadAsyncInternal[TIOAdapter](Memory`1 buffer, CancellationToken cancellationToken)
   at System.Runtime.CompilerServices.PoolingAsyncValueTaskMethodBuilder`1.StateMachineBox`1.System.Threading.Tasks.Sources.IValueTaskSource<TResult>.GetResult(Int16 token)
   at System.Net.Http.HttpConnection.SendAsync(HttpRequestMessage request, Boolean async, CancellationToken cancellationToken)
[2026-09-30 17:36:02Z ERR  BrokerServer] #####################################################
[2026-09-30 17:36:02Z ERR  BrokerServer] System.Net.Sockets.SocketException (995): The I/O operation has been aborted because of either a thread exit or an application request.
[2026-09-30 17:36:02Z WARN BrokerServer] Back off 14.236 seconds before next retry. 4 attempt left.
[2026-09-30 17:36:02Z INFO BrokerMessageListener] Get messages has been cancelled using local token source. Continue to get messages with new status.
[2026-09-30 17:38:15Z INFO BrokerMessageListener] Acknowledging runner request 'c2317d44-2ae7-5016-b2e5-1f75c53cfb18'.
[2026-09-30 17:38:16Z INFO ConfigurationStore] HasCredentials()
[2026-09-30 17:38:16Z INFO ConfigurationStore] stored True
[2026-09-30 17:38:16Z INFO CredentialManager] GetCredentialProvider
[2026-09-30 17:38:16Z INFO CredentialManager] Creating type OAuth
[2026-09-30 17:38:16Z INFO CredentialManager] Creating credential type: OAuth
[2026-09-30 17:38:16Z INFO RSAEncryptedFileKeyManager] Loading RSA key parameters from file D:\cicd\actions-runner\.credentials_rsaparams
[2026-09-30 17:38:16Z INFO RSAEncryptedFileKeyManager] Loading RSA key parameters from file D:\cicd\actions-runner\.credentials_rsaparams
[2026-09-30 17:38:16Z INFO RSAEncryptedFileKeyManager] Loading RSA key parameters from file D:\cicd\actions-runner\.credentials_rsaparams
[2026-09-30 17:38:17Z INFO GitHubActionsService] AAD Correlation ID for this token request: Unknown
[2026-09-30 17:38:18Z INFO JobDispatcher] Job request 0 for plan 4d1a42c0-131c-880c-9e7f-776cd53ccef5 job c2317d44-2ae7-5016-b2e5-1f75c53cfb18 received.
[2026-09-30 17:38:18Z INFO JobDispatcher] Pull OrchestrationId 4d1a42c0-131c-880c-9e7f-776cd53ccef5.deploy.__default from JWT claims
[2026-09-30 17:38:18Z INFO BrokerMessageListener] Received job status event. JobState: Busy
[2026-09-30 17:38:18Z INFO BrokerMessageListener] _getMessagesTokenSource is already disposed.
[2026-09-30 17:38:18Z INFO JobDispatcher] Job request a40ed1fa-6924-5b8c-b9fd-0af07f473dc8 processed succeed.
[2026-09-30 17:38:18Z INFO Terminal] WRITE LINE: 2026-09-30 17:38:18Z: Running job: deploy
[2026-09-30 17:38:18Z INFO JobDispatcher] Start renew job request 0 for job c2317d44-2ae7-5016-b2e5-1f75c53cfb18.
[2026-09-30 17:38:19Z INFO JobDispatcher] Successfully renew job c2317d44-2ae7-5016-b2e5-1f75c53cfb18, job is valid till 30-09-2026 17:48:20
[2026-09-30 17:38:19Z INFO HostContext] Well known directory 'Bin': 'D:\cicd\actions-runner\bin'
[2026-09-30 17:38:19Z INFO ProcessInvokerWrapper] Starting process:
[2026-09-30 17:38:19Z INFO ProcessInvokerWrapper]   File name: 'D:\cicd\actions-runner\bin\Runner.Worker.exe'
[2026-09-30 17:38:19Z INFO ProcessInvokerWrapper]   Arguments: 'spawnclient 2516 2996'
[2026-09-30 17:38:19Z INFO ProcessInvokerWrapper]   Working directory: 'D:\cicd\actions-runner\bin'
[2026-09-30 17:38:19Z INFO ProcessInvokerWrapper]   Require exit code zero: 'False'
[2026-09-30 17:38:19Z INFO ProcessInvokerWrapper]   Encoding web name:  ; code page: ''
[2026-09-30 17:38:19Z INFO ProcessInvokerWrapper]   Force kill process on cancellation: 'True'
[2026-09-30 17:38:19Z INFO ProcessInvokerWrapper]   Redirected STDIN: 'False'
[2026-09-30 17:38:19Z INFO ProcessInvokerWrapper]   Persist current code page: 'False'
[2026-09-30 17:38:19Z INFO ProcessInvokerWrapper]   Keep redirected STDIN open: 'False'
[2026-09-30 17:38:19Z INFO ProcessInvokerWrapper]   High priority process: 'True'
[2026-09-30 17:38:19Z INFO ProcessInvokerWrapper] Process started with process id 28420, waiting for process exit.
[2026-09-30 17:38:19Z INFO JobDispatcher] Send job request message to worker for job c2317d44-2ae7-5016-b2e5-1f75c53cfb18.
[2026-09-30 17:38:19Z INFO ProcessChannel] Sending message of length 26389, with hash '9051807631e47699dd86a03f0548ba3cb526e3d83fa4d540d48f49a2692a2e14'
[2026-09-30 17:38:21Z INFO JobNotification] Entering JobStarted Notification
[2026-09-30 17:38:21Z INFO JobNotification] Entering StartMonitor
[2026-09-30 17:39:20Z INFO JobDispatcher] Successfully renew job c2317d44-2ae7-5016-b2e5-1f75c53cfb18, job is valid till 30-09-2026 17:49:21
[2026-09-30 17:39:37Z INFO ProcessInvokerWrapper] STDOUT/STDERR stream read finished.
[2026-09-30 17:39:37Z INFO ProcessInvokerWrapper] STDOUT/STDERR stream read finished.
[2026-09-30 17:39:37Z INFO ProcessInvokerWrapper] Finished process 28420 with exit code 102, and elapsed time 00:01:17.6670723.
[2026-09-30 17:39:37Z INFO JobDispatcher] Worker finished for job c2317d44-2ae7-5016-b2e5-1f75c53cfb18. Code: 102
[2026-09-30 17:39:37Z INFO JobDispatcher] finish job request for job c2317d44-2ae7-5016-b2e5-1f75c53cfb18 with result: Failed
[2026-09-30 17:39:37Z INFO Terminal] WRITE LINE: 2026-09-30 17:39:37Z: Job deploy completed with result: Failed
[2026-09-30 17:39:37Z INFO JobDispatcher] Stop renew job request for job c2317d44-2ae7-5016-b2e5-1f75c53cfb18.
[2026-09-30 17:39:37Z INFO JobDispatcher] job renew has been cancelled, stop renew job c2317d44-2ae7-5016-b2e5-1f75c53cfb18.
[2026-09-30 17:39:37Z INFO JobNotification] Entering JobCompleted Notification
[2026-09-30 17:39:37Z INFO JobNotification] Entering EndMonitor
[2026-09-30 17:39:37Z INFO BrokerMessageListener] Received job status event. JobState: Online
[2026-09-30 17:39:37Z WARN GitHubActionsService] GET request to https://broker.actions.githubusercontent.com/message?sessionId=18c808c1-13f7-463e-8f15-cccc2692a9e0&status=Busy&runnerVersion=2.337.0&os=Windows&architecture=X64&disableUpdate=false has been cancelled.
[2026-09-30 17:39:37Z ERR  BrokerServer] Catch exception during request
[2026-09-30 17:39:37Z ERR  BrokerServer] System.Threading.Tasks.TaskCanceledException: The operation was canceled.
 ---> System.Threading.Tasks.TaskCanceledException: The operation was canceled.
 ---> System.IO.IOException: Unable to read data from the transport connection: The I/O operation has been aborted because of either a thread exit or an application request..
 ---> System.Net.Sockets.SocketException (995): The I/O operation has been aborted because of either a thread exit or an application request.
   --- End of inner exception stack trace ---
   at System.Net.Sockets.Socket.AwaitableSocketAsyncEventArgs.System.Threading.Tasks.Sources.IValueTaskSource<System.Int32>.GetResult(Int16 token)
   at System.Net.Security.SslStream.EnsureFullTlsFrameAsync[TIOAdapter](CancellationToken cancellationToken, Int32 estimatedSize)
   at System.Runtime.CompilerServices.PoolingAsyncValueTaskMethodBuilder`1.StateMachineBox`1.System.Threading.Tasks.Sources.IValueTaskSource<TResult>.GetResult(Int16 token)
   at System.Net.Security.SslStream.ReadAsyncInternal[TIOAdapter](Memory`1 buffer, CancellationToken cancellationToken)
   at System.Runtime.CompilerServices.PoolingAsyncValueTaskMethodBuilder`1.StateMachineBox`1.System.Threading.Tasks.Sources.IValueTaskSource<TResult>.GetResult(Int16 token)
   at System.Net.Http.HttpConnection.SendAsync(HttpRequestMessage request, Boolean async, CancellationToken cancellationToken)
   --- End of inner exception stack trace ---
   at System.Net.Http.HttpConnection.SendAsync(HttpRequestMessage request, Boolean async, CancellationToken cancellationToken)
   at System.Net.Http.AuthenticationHelper.SendWithNtAuthAsync(HttpRequestMessage request, Uri authUri, Boolean async, ICredentials credentials, Boolean isProxyAuth, HttpConnection connection, HttpConnectionPool connectionPool, CancellationToken cancellationToken)
   at System.Net.Http.HttpConnectionPool.SendWithVersionDetectionAndRetryAsync(HttpRequestMessage request, Boolean async, Boolean doRequestAuth, CancellationToken cancellationToken)
   at System.Net.Http.AuthenticationHelper.SendWithAuthAsync(HttpRequestMessage request, Uri authUri, Boolean async, ICredentials credentials, Boolean preAuthenticate, Boolean isProxyAuth, Boolean doRequestAuth, HttpConnectionPool pool, CancellationToken cancellationToken)
   at System.Net.Http.RedirectHandler.SendAsync(HttpRequestMessage request, Boolean async, CancellationToken cancellationToken)
   at GitHub.Services.Common.RawHttpMessageHandler.SendAsync(HttpRequestMessage request, CancellationToken cancellationToken)
   at GitHub.Services.Common.VssHttpRetryMessageHandler.SendAsync(HttpRequestMessage request, CancellationToken cancellationToken)
   at System.Net.Http.HttpClient.<SendAsync>g__Core|83_0(HttpRequestMessage request, HttpCompletionOption completionOption, CancellationTokenSource cts, Boolean disposeCts, CancellationTokenSource pendingRequestsCts, CancellationToken originalCancellationToken)
   --- End of inner exception stack trace ---
   at System.Net.Http.HttpClient.HandleFailure(Exception e, Boolean telemetryStarted, HttpResponseMessage response, CancellationTokenSource cts, CancellationToken cancellationToken, CancellationTokenSource pendingRequestsCts)
   at System.Net.Http.HttpClient.<SendAsync>g__Core|83_0(HttpRequestMessage request, HttpCompletionOption completionOption, CancellationTokenSource cts, Boolean disposeCts, CancellationTokenSource pendingRequestsCts, CancellationToken originalCancellationToken)
   at Sdk.WebApi.WebApi.RawHttpClientBase.SendAsync(HttpRequestMessage message, HttpCompletionOption completionOption, Object userState, CancellationToken cancellationToken)
   at Sdk.WebApi.WebApi.RawHttpClientBase.SendAsync[T](HttpRequestMessage message, Boolean readErrorBody, Object userState, CancellationToken cancellationToken)
   at Sdk.WebApi.WebApi.RawHttpClientBase.SendAsync[T](HttpMethod method, IEnumerable`1 additionalHeaders, Uri requestUri, HttpContent content, IEnumerable`1 queryParameters, Boolean readErrorBody, Object userState, CancellationToken cancellationToken)
   at GitHub.Actions.RunService.WebApi.BrokerHttpClient.GetRunnerMessageAsync(Nullable`1 sessionId, String runnerVersion, Nullable`1 status, String os, String architecture, Nullable`1 disableUpdate, CancellationToken cancellationToken)
   at GitHub.Runner.Common.BrokerServer.<>c__DisplayClass7_0.<<GetRunnerMessageAsync>b__0>d.MoveNext()
--- End of stack trace from previous location ---
   at GitHub.Runner.Common.RunnerService.RetryRequest[T](Func`1 func, CancellationToken cancellationToken, Int32 maxAttempts, Func`2 shouldRetry)
[2026-09-30 17:39:37Z ERR  BrokerServer] #####################################################
[2026-09-30 17:39:37Z ERR  BrokerServer] System.Threading.Tasks.TaskCanceledException: The operation was canceled.
 ---> System.IO.IOException: Unable to read data from the transport connection: The I/O operation has been aborted because of either a thread exit or an application request..
 ---> System.Net.Sockets.SocketException (995): The I/O operation has been aborted because of either a thread exit or an application request.
   --- End of inner exception stack trace ---
   at System.Net.Sockets.Socket.AwaitableSocketAsyncEventArgs.System.Threading.Tasks.Sources.IValueTaskSource<System.Int32>.GetResult(Int16 token)
   at System.Net.Security.SslStream.EnsureFullTlsFrameAsync[TIOAdapter](CancellationToken cancellationToken, Int32 estimatedSize)
   at System.Runtime.CompilerServices.PoolingAsyncValueTaskMethodBuilder`1.StateMachineBox`1.System.Threading.Tasks.Sources.IValueTaskSource<TResult>.GetResult(Int16 token)
   at System.Net.Security.SslStream.ReadAsyncInternal[TIOAdapter](Memory`1 buffer, CancellationToken cancellationToken)
   at System.Runtime.CompilerServices.PoolingAsyncValueTaskMethodBuilder`1.StateMachineBox`1.System.Threading.Tasks.Sources.IValueTaskSource<TResult>.GetResult(Int16 token)
   at System.Net.Http.HttpConnection.SendAsync(HttpRequestMessage request, Boolean async, CancellationToken cancellationToken)
   --- End of inner exception stack trace ---
   at System.Net.Http.HttpConnection.SendAsync(HttpRequestMessage request, Boolean async, CancellationToken cancellationToken)
   at System.Net.Http.AuthenticationHelper.SendWithNtAuthAsync(HttpRequestMessage request, Uri authUri, Boolean async, ICredentials credentials, Boolean isProxyAuth, HttpConnection connection, HttpConnectionPool connectionPool, CancellationToken cancellationToken)
   at System.Net.Http.HttpConnectionPool.SendWithVersionDetectionAndRetryAsync(HttpRequestMessage request, Boolean async, Boolean doRequestAuth, CancellationToken cancellationToken)
   at System.Net.Http.AuthenticationHelper.SendWithAuthAsync(HttpRequestMessage request, Uri authUri, Boolean async, ICredentials credentials, Boolean preAuthenticate, Boolean isProxyAuth, Boolean doRequestAuth, HttpConnectionPool pool, CancellationToken cancellationToken)
   at System.Net.Http.RedirectHandler.SendAsync(HttpRequestMessage request, Boolean async, CancellationToken cancellationToken)
   at GitHub.Services.Common.RawHttpMessageHandler.SendAsync(HttpRequestMessage request, CancellationToken cancellationToken)
   at GitHub.Services.Common.VssHttpRetryMessageHandler.SendAsync(HttpRequestMessage request, CancellationToken cancellationToken)
   at System.Net.Http.HttpClient.<SendAsync>g__Core|83_0(HttpRequestMessage request, HttpCompletionOption completionOption, CancellationTokenSource cts, Boolean disposeCts, CancellationTokenSource pendingRequestsCts, CancellationToken originalCancellationToken)
[2026-09-30 17:39:37Z ERR  BrokerServer] #####################################################
[2026-09-30 17:39:37Z ERR  BrokerServer] System.IO.IOException: Unable to read data from the transport connection: The I/O operation has been aborted because of either a thread exit or an application request..
 ---> System.Net.Sockets.SocketException (995): The I/O operation has been aborted because of either a thread exit or an application request.
   --- End of inner exception stack trace ---
   at System.Net.Sockets.Socket.AwaitableSocketAsyncEventArgs.System.Threading.Tasks.Sources.IValueTaskSource<System.Int32>.GetResult(Int16 token)
   at System.Net.Security.SslStream.EnsureFullTlsFrameAsync[TIOAdapter](CancellationToken cancellationToken, Int32 estimatedSize)
   at System.Runtime.CompilerServices.PoolingAsyncValueTaskMethodBuilder`1.StateMachineBox`1.System.Threading.Tasks.Sources.IValueTaskSource<TResult>.GetResult(Int16 token)
   at System.Net.Security.SslStream.ReadAsyncInternal[TIOAdapter](Memory`1 buffer, CancellationToken cancellationToken)
   at System.Runtime.CompilerServices.PoolingAsyncValueTaskMethodBuilder`1.StateMachineBox`1.System.Threading.Tasks.Sources.IValueTaskSource<TResult>.GetResult(Int16 token)
   at System.Net.Http.HttpConnection.SendAsync(HttpRequestMessage request, Boolean async, CancellationToken cancellationToken)
[2026-09-30 17:39:37Z ERR  BrokerServer] #####################################################
[2026-09-30 17:39:37Z ERR  BrokerServer] System.Net.Sockets.SocketException (995): The I/O operation has been aborted because of either a thread exit or an application request.
[2026-09-30 17:39:37Z WARN BrokerServer] Back off 12.487 seconds before next retry. 4 attempt left.
[2026-09-30 17:39:37Z INFO BrokerMessageListener] Get messages has been cancelled using local token source. Continue to get messages with new status.
[2026-09-30 17:43:28Z INFO BrokerMessageListener] Acknowledging runner request 'a47dd895-bcf9-5d55-93d0-195efe537dfc'.
[2026-09-30 17:43:28Z INFO ConfigurationStore] HasCredentials()
[2026-09-30 17:43:28Z INFO ConfigurationStore] stored True
[2026-09-30 17:43:28Z INFO CredentialManager] GetCredentialProvider
[2026-09-30 17:43:28Z INFO CredentialManager] Creating type OAuth
[2026-09-30 17:43:28Z INFO CredentialManager] Creating credential type: OAuth
[2026-09-30 17:43:28Z INFO RSAEncryptedFileKeyManager] Loading RSA key parameters from file D:\cicd\actions-runner\.credentials_rsaparams
[2026-09-30 17:43:28Z INFO RSAEncryptedFileKeyManager] Loading RSA key parameters from file D:\cicd\actions-runner\.credentials_rsaparams
[2026-09-30 17:43:28Z INFO RSAEncryptedFileKeyManager] Loading RSA key parameters from file D:\cicd\actions-runner\.credentials_rsaparams
[2026-09-30 17:43:29Z INFO GitHubActionsService] AAD Correlation ID for this token request: Unknown
[2026-09-30 17:43:31Z INFO JobDispatcher] Job request 0 for plan 8c8e304d-a983-8395-b9fb-ae291b89a406 job a47dd895-bcf9-5d55-93d0-195efe537dfc received.
[2026-09-30 17:43:31Z INFO JobDispatcher] Pull OrchestrationId 8c8e304d-a983-8395-b9fb-ae291b89a406.deploy.__default from JWT claims
[2026-09-30 17:43:31Z INFO BrokerMessageListener] Received job status event. JobState: Busy
[2026-09-30 17:43:31Z INFO BrokerMessageListener] _getMessagesTokenSource is already disposed.
[2026-09-30 17:43:31Z INFO JobDispatcher] Job request c2317d44-2ae7-5016-b2e5-1f75c53cfb18 processed succeed.
[2026-09-30 17:43:31Z INFO Terminal] WRITE LINE: 2026-09-30 17:43:31Z: Running job: deploy
[2026-09-30 17:43:31Z INFO JobDispatcher] Start renew job request 0 for job a47dd895-bcf9-5d55-93d0-195efe537dfc.
[2026-09-30 17:43:32Z INFO JobDispatcher] Successfully renew job a47dd895-bcf9-5d55-93d0-195efe537dfc, job is valid till 30-09-2026 17:53:33
[2026-09-30 17:43:32Z INFO HostContext] Well known directory 'Bin': 'D:\cicd\actions-runner\bin'
[2026-09-30 17:43:32Z INFO ProcessInvokerWrapper] Starting process:
[2026-09-30 17:43:32Z INFO ProcessInvokerWrapper]   File name: 'D:\cicd\actions-runner\bin\Runner.Worker.exe'
[2026-09-30 17:43:32Z INFO ProcessInvokerWrapper]   Arguments: 'spawnclient 2700 2160'
[2026-09-30 17:43:32Z INFO ProcessInvokerWrapper]   Working directory: 'D:\cicd\actions-runner\bin'
[2026-09-30 17:43:32Z INFO ProcessInvokerWrapper]   Require exit code zero: 'False'
[2026-09-30 17:43:32Z INFO ProcessInvokerWrapper]   Encoding web name:  ; code page: ''
[2026-09-30 17:43:32Z INFO ProcessInvokerWrapper]   Force kill process on cancellation: 'True'
[2026-09-30 17:43:32Z INFO ProcessInvokerWrapper]   Redirected STDIN: 'False'
[2026-09-30 17:43:32Z INFO ProcessInvokerWrapper]   Persist current code page: 'False'
[2026-09-30 17:43:32Z INFO ProcessInvokerWrapper]   Keep redirected STDIN open: 'False'
[2026-09-30 17:43:32Z INFO ProcessInvokerWrapper]   High priority process: 'True'
[2026-09-30 17:43:32Z INFO ProcessInvokerWrapper] Process started with process id 27708, waiting for process exit.
[2026-09-30 17:43:32Z INFO JobDispatcher] Send job request message to worker for job a47dd895-bcf9-5d55-93d0-195efe537dfc.
[2026-09-30 17:43:32Z INFO ProcessChannel] Sending message of length 26389, with hash 'a38f0f58deb6cf121a1ee2905b7d814ab8888eb6afed15e27a9bb110ff372a46'
[2026-09-30 17:43:34Z INFO JobNotification] Entering JobStarted Notification
[2026-09-30 17:43:34Z INFO JobNotification] Entering StartMonitor
[2026-09-30 17:44:31Z INFO RSAEncryptedFileKeyManager] Loading RSA key parameters from file D:\cicd\actions-runner\.credentials_rsaparams
[2026-09-30 17:44:32Z INFO JobDispatcher] Successfully renew job a47dd895-bcf9-5d55-93d0-195efe537dfc, job is valid till 30-09-2026 17:54:33
[2026-09-30 17:44:32Z INFO GitHubActionsService] AAD Correlation ID for this token request: Unknown
[2026-09-30 17:44:52Z INFO ProcessInvokerWrapper] STDOUT/STDERR stream read finished.
[2026-09-30 17:44:52Z INFO ProcessInvokerWrapper] STDOUT/STDERR stream read finished.
[2026-09-30 17:44:52Z INFO ProcessInvokerWrapper] Finished process 27708 with exit code 102, and elapsed time 00:01:20.1491035.
[2026-09-30 17:44:52Z INFO JobDispatcher] Worker finished for job a47dd895-bcf9-5d55-93d0-195efe537dfc. Code: 102
[2026-09-30 17:44:52Z INFO JobDispatcher] finish job request for job a47dd895-bcf9-5d55-93d0-195efe537dfc with result: Failed
[2026-09-30 17:44:52Z INFO Terminal] WRITE LINE: 2026-09-30 17:44:52Z: Job deploy completed with result: Failed
[2026-09-30 17:44:52Z INFO JobDispatcher] Stop renew job request for job a47dd895-bcf9-5d55-93d0-195efe537dfc.
[2026-09-30 17:44:52Z INFO JobDispatcher] job renew has been cancelled, stop renew job a47dd895-bcf9-5d55-93d0-195efe537dfc.
[2026-09-30 17:44:52Z INFO JobNotification] Entering JobCompleted Notification
[2026-09-30 17:44:52Z INFO JobNotification] Entering EndMonitor
[2026-09-30 17:44:52Z INFO BrokerMessageListener] Received job status event. JobState: Online
[2026-09-30 17:44:52Z WARN GitHubActionsService] GET request to https://broker.actions.githubusercontent.com/message?sessionId=18c808c1-13f7-463e-8f15-cccc2692a9e0&status=Busy&runnerVersion=2.337.0&os=Windows&architecture=X64&disableUpdate=false has been cancelled.
[2026-09-30 17:44:52Z ERR  BrokerServer] Catch exception during request
[2026-09-30 17:44:52Z ERR  BrokerServer] System.Threading.Tasks.TaskCanceledException: The operation was canceled.
 ---> System.Threading.Tasks.TaskCanceledException: The operation was canceled.
 ---> System.IO.IOException: Unable to read data from the transport connection: The I/O operation has been aborted because of either a thread exit or an application request..
 ---> System.Net.Sockets.SocketException (995): The I/O operation has been aborted because of either a thread exit or an application request.
   --- End of inner exception stack trace ---
   at System.Net.Sockets.Socket.AwaitableSocketAsyncEventArgs.System.Threading.Tasks.Sources.IValueTaskSource<System.Int32>.GetResult(Int16 token)
   at System.Net.Security.SslStream.EnsureFullTlsFrameAsync[TIOAdapter](CancellationToken cancellationToken, Int32 estimatedSize)
   at System.Runtime.CompilerServices.PoolingAsyncValueTaskMethodBuilder`1.StateMachineBox`1.System.Threading.Tasks.Sources.IValueTaskSource<TResult>.GetResult(Int16 token)
   at System.Net.Security.SslStream.ReadAsyncInternal[TIOAdapter](Memory`1 buffer, CancellationToken cancellationToken)
   at System.Runtime.CompilerServices.PoolingAsyncValueTaskMethodBuilder`1.StateMachineBox`1.System.Threading.Tasks.Sources.IValueTaskSource<TResult>.GetResult(Int16 token)
   at System.Net.Http.HttpConnection.SendAsync(HttpRequestMessage request, Boolean async, CancellationToken cancellationToken)
   --- End of inner exception stack trace ---
   at System.Net.Http.HttpConnection.SendAsync(HttpRequestMessage request, Boolean async, CancellationToken cancellationToken)
   at System.Net.Http.AuthenticationHelper.SendWithNtAuthAsync(HttpRequestMessage request, Uri authUri, Boolean async, ICredentials credentials, Boolean isProxyAuth, HttpConnection connection, HttpConnectionPool connectionPool, CancellationToken cancellationToken)
   at System.Net.Http.HttpConnectionPool.SendWithVersionDetectionAndRetryAsync(HttpRequestMessage request, Boolean async, Boolean doRequestAuth, CancellationToken cancellationToken)
   at System.Net.Http.AuthenticationHelper.SendWithAuthAsync(HttpRequestMessage request, Uri authUri, Boolean async, ICredentials credentials, Boolean preAuthenticate, Boolean isProxyAuth, Boolean doRequestAuth, HttpConnectionPool pool, CancellationToken cancellationToken)
   at System.Net.Http.RedirectHandler.SendAsync(HttpRequestMessage request, Boolean async, CancellationToken cancellationToken)
   at GitHub.Services.Common.RawHttpMessageHandler.SendAsync(HttpRequestMessage request, CancellationToken cancellationToken)
   at GitHub.Services.Common.VssHttpRetryMessageHandler.SendAsync(HttpRequestMessage request, CancellationToken cancellationToken)
   at System.Net.Http.HttpClient.<SendAsync>g__Core|83_0(HttpRequestMessage request, HttpCompletionOption completionOption, CancellationTokenSource cts, Boolean disposeCts, CancellationTokenSource pendingRequestsCts, CancellationToken originalCancellationToken)
   --- End of inner exception stack trace ---
   at System.Net.Http.HttpClient.HandleFailure(Exception e, Boolean telemetryStarted, HttpResponseMessage response, CancellationTokenSource cts, CancellationToken cancellationToken, CancellationTokenSource pendingRequestsCts)
   at System.Net.Http.HttpClient.<SendAsync>g__Core|83_0(HttpRequestMessage request, HttpCompletionOption completionOption, CancellationTokenSource cts, Boolean disposeCts, CancellationTokenSource pendingRequestsCts, CancellationToken originalCancellationToken)
   at Sdk.WebApi.WebApi.RawHttpClientBase.SendAsync(HttpRequestMessage message, HttpCompletionOption completionOption, Object userState, CancellationToken cancellationToken)
   at Sdk.WebApi.WebApi.RawHttpClientBase.SendAsync[T](HttpRequestMessage message, Boolean readErrorBody, Object userState, CancellationToken cancellationToken)
   at Sdk.WebApi.WebApi.RawHttpClientBase.SendAsync[T](HttpMethod method, IEnumerable`1 additionalHeaders, Uri requestUri, HttpContent content, IEnumerable`1 queryParameters, Boolean readErrorBody, Object userState, CancellationToken cancellationToken)
   at GitHub.Actions.RunService.WebApi.BrokerHttpClient.GetRunnerMessageAsync(Nullable`1 sessionId, String runnerVersion, Nullable`1 status, String os, String architecture, Nullable`1 disableUpdate, CancellationToken cancellationToken)
   at GitHub.Runner.Common.BrokerServer.<>c__DisplayClass7_0.<<GetRunnerMessageAsync>b__0>d.MoveNext()
--- End of stack trace from previous location ---
   at GitHub.Runner.Common.RunnerService.RetryRequest[T](Func`1 func, CancellationToken cancellationToken, Int32 maxAttempts, Func`2 shouldRetry)
[2026-09-30 17:44:52Z ERR  BrokerServer] #####################################################
[2026-09-30 17:44:52Z ERR  BrokerServer] System.Threading.Tasks.TaskCanceledException: The operation was canceled.
 ---> System.IO.IOException: Unable to read data from the transport connection: The I/O operation has been aborted because of either a thread exit or an application request..
 ---> System.Net.Sockets.SocketException (995): The I/O operation has been aborted because of either a thread exit or an application request.
   --- End of inner exception stack trace ---
   at System.Net.Sockets.Socket.AwaitableSocketAsyncEventArgs.System.Threading.Tasks.Sources.IValueTaskSource<System.Int32>.GetResult(Int16 token)
   at System.Net.Security.SslStream.EnsureFullTlsFrameAsync[TIOAdapter](CancellationToken cancellationToken, Int32 estimatedSize)
   at System.Runtime.CompilerServices.PoolingAsyncValueTaskMethodBuilder`1.StateMachineBox`1.System.Threading.Tasks.Sources.IValueTaskSource<TResult>.GetResult(Int16 token)
   at System.Net.Security.SslStream.ReadAsyncInternal[TIOAdapter](Memory`1 buffer, CancellationToken cancellationToken)
   at System.Runtime.CompilerServices.PoolingAsyncValueTaskMethodBuilder`1.StateMachineBox`1.System.Threading.Tasks.Sources.IValueTaskSource<TResult>.GetResult(Int16 token)
   at System.Net.Http.HttpConnection.SendAsync(HttpRequestMessage request, Boolean async, CancellationToken cancellationToken)
   --- End of inner exception stack trace ---
   at System.Net.Http.HttpConnection.SendAsync(HttpRequestMessage request, Boolean async, CancellationToken cancellationToken)
   at System.Net.Http.AuthenticationHelper.SendWithNtAuthAsync(HttpRequestMessage request, Uri authUri, Boolean async, ICredentials credentials, Boolean isProxyAuth, HttpConnection connection, HttpConnectionPool connectionPool, CancellationToken cancellationToken)
   at System.Net.Http.HttpConnectionPool.SendWithVersionDetectionAndRetryAsync(HttpRequestMessage request, Boolean async, Boolean doRequestAuth, CancellationToken cancellationToken)
   at System.Net.Http.AuthenticationHelper.SendWithAuthAsync(HttpRequestMessage request, Uri authUri, Boolean async, ICredentials credentials, Boolean preAuthenticate, Boolean isProxyAuth, Boolean doRequestAuth, HttpConnectionPool pool, CancellationToken cancellationToken)
   at System.Net.Http.RedirectHandler.SendAsync(HttpRequestMessage request, Boolean async, CancellationToken cancellationToken)
   at GitHub.Services.Common.RawHttpMessageHandler.SendAsync(HttpRequestMessage request, CancellationToken cancellationToken)
   at GitHub.Services.Common.VssHttpRetryMessageHandler.SendAsync(HttpRequestMessage request, CancellationToken cancellationToken)
   at System.Net.Http.HttpClient.<SendAsync>g__Core|83_0(HttpRequestMessage request, HttpCompletionOption completionOption, CancellationTokenSource cts, Boolean disposeCts, CancellationTokenSource pendingRequestsCts, CancellationToken originalCancellationToken)
[2026-09-30 17:44:52Z ERR  BrokerServer] #####################################################
[2026-09-30 17:44:52Z ERR  BrokerServer] System.IO.IOException: Unable to read data from the transport connection: The I/O operation has been aborted because of either a thread exit or an application request..
 ---> System.Net.Sockets.SocketException (995): The I/O operation has been aborted because of either a thread exit or an application request.
   --- End of inner exception stack trace ---
   at System.Net.Sockets.Socket.AwaitableSocketAsyncEventArgs.System.Threading.Tasks.Sources.IValueTaskSource<System.Int32>.GetResult(Int16 token)
   at System.Net.Security.SslStream.EnsureFullTlsFrameAsync[TIOAdapter](CancellationToken cancellationToken, Int32 estimatedSize)
   at System.Runtime.CompilerServices.PoolingAsyncValueTaskMethodBuilder`1.StateMachineBox`1.System.Threading.Tasks.Sources.IValueTaskSource<TResult>.GetResult(Int16 token)
   at System.Net.Security.SslStream.ReadAsyncInternal[TIOAdapter](Memory`1 buffer, CancellationToken cancellationToken)
   at System.Runtime.CompilerServices.PoolingAsyncValueTaskMethodBuilder`1.StateMachineBox`1.System.Threading.Tasks.Sources.IValueTaskSource<TResult>.GetResult(Int16 token)
   at System.Net.Http.HttpConnection.SendAsync(HttpRequestMessage request, Boolean async, CancellationToken cancellationToken)
[2026-09-30 17:44:52Z ERR  BrokerServer] #####################################################
[2026-09-30 17:44:52Z ERR  BrokerServer] System.Net.Sockets.SocketException (995): The I/O operation has been aborted because of either a thread exit or an application request.
[2026-09-30 17:44:52Z WARN BrokerServer] Back off 10.668 seconds before next retry. 4 attempt left.
[2026-09-30 17:44:52Z INFO BrokerMessageListener] Get messages has been cancelled using local token source. Continue to get messages with new status.
[2026-09-30 17:49:18Z INFO BrokerMessageListener] Acknowledging runner request '9c6c44bc-0c73-5df4-932d-20385bdea799'.
[2026-09-30 17:49:18Z INFO ConfigurationStore] HasCredentials()
[2026-09-30 17:49:18Z INFO ConfigurationStore] stored True
[2026-09-30 17:49:18Z INFO CredentialManager] GetCredentialProvider
[2026-09-30 17:49:18Z INFO CredentialManager] Creating type OAuth
[2026-09-30 17:49:18Z INFO CredentialManager] Creating credential type: OAuth
[2026-09-30 17:49:18Z INFO RSAEncryptedFileKeyManager] Loading RSA key parameters from file D:\cicd\actions-runner\.credentials_rsaparams
[2026-09-30 17:49:18Z INFO RSAEncryptedFileKeyManager] Loading RSA key parameters from file D:\cicd\actions-runner\.credentials_rsaparams
[2026-09-30 17:49:18Z INFO RSAEncryptedFileKeyManager] Loading RSA key parameters from file D:\cicd\actions-runner\.credentials_rsaparams
[2026-09-30 17:49:19Z INFO GitHubActionsService] AAD Correlation ID for this token request: Unknown
[2026-09-30 17:49:21Z INFO JobDispatcher] Job request 0 for plan 1f664220-81d1-86b6-8d55-1b6c252f70bc job 9c6c44bc-0c73-5df4-932d-20385bdea799 received.
[2026-09-30 17:49:21Z INFO JobDispatcher] Pull OrchestrationId 1f664220-81d1-86b6-8d55-1b6c252f70bc.deploy.__default from JWT claims
[2026-09-30 17:49:21Z INFO BrokerMessageListener] Received job status event. JobState: Busy
[2026-09-30 17:49:21Z INFO BrokerMessageListener] _getMessagesTokenSource is already disposed.
[2026-09-30 17:49:21Z INFO JobDispatcher] Job request a47dd895-bcf9-5d55-93d0-195efe537dfc processed succeed.
[2026-09-30 17:49:21Z INFO Terminal] WRITE LINE: 2026-09-30 17:49:21Z: Running job: deploy
[2026-09-30 17:49:21Z INFO JobDispatcher] Start renew job request 0 for job 9c6c44bc-0c73-5df4-932d-20385bdea799.
[2026-09-30 17:49:22Z INFO JobDispatcher] Successfully renew job 9c6c44bc-0c73-5df4-932d-20385bdea799, job is valid till 30-09-2026 17:59:23
[2026-09-30 17:49:22Z INFO HostContext] Well known directory 'Bin': 'D:\cicd\actions-runner\bin'
[2026-09-30 17:49:22Z INFO ProcessInvokerWrapper] Starting process:
[2026-09-30 17:49:22Z INFO ProcessInvokerWrapper]   File name: 'D:\cicd\actions-runner\bin\Runner.Worker.exe'
[2026-09-30 17:49:22Z INFO ProcessInvokerWrapper]   Arguments: 'spawnclient 2936 2568'
[2026-09-30 17:49:22Z INFO ProcessInvokerWrapper]   Working directory: 'D:\cicd\actions-runner\bin'
[2026-09-30 17:49:22Z INFO ProcessInvokerWrapper]   Require exit code zero: 'False'
[2026-09-30 17:49:22Z INFO ProcessInvokerWrapper]   Encoding web name:  ; code page: ''
[2026-09-30 17:49:22Z INFO ProcessInvokerWrapper]   Force kill process on cancellation: 'True'
[2026-09-30 17:49:22Z INFO ProcessInvokerWrapper]   Redirected STDIN: 'False'
[2026-09-30 17:49:22Z INFO ProcessInvokerWrapper]   Persist current code page: 'False'
[2026-09-30 17:49:22Z INFO ProcessInvokerWrapper]   Keep redirected STDIN open: 'False'
[2026-09-30 17:49:22Z INFO ProcessInvokerWrapper]   High priority process: 'True'
[2026-09-30 17:49:22Z INFO ProcessInvokerWrapper] Process started with process id 6188, waiting for process exit.
[2026-09-30 17:49:22Z INFO JobDispatcher] Send job request message to worker for job 9c6c44bc-0c73-5df4-932d-20385bdea799.
[2026-09-30 17:49:22Z INFO ProcessChannel] Sending message of length 26389, with hash '587ccc179fa1fc6818ce469dc9fb2e3bf956c89cd04db64ea05fdfd0de10e246'
[2026-09-30 17:49:23Z INFO JobNotification] Entering JobStarted Notification
[2026-09-30 17:49:23Z INFO JobNotification] Entering StartMonitor
[2026-09-30 17:50:22Z INFO JobDispatcher] Successfully renew job 9c6c44bc-0c73-5df4-932d-20385bdea799, job is valid till 30-09-2026 18:00:23
[2026-09-30 17:50:32Z INFO ProcessInvokerWrapper] STDOUT/STDERR stream read finished.
[2026-09-30 17:50:32Z INFO ProcessInvokerWrapper] STDOUT/STDERR stream read finished.
[2026-09-30 17:50:32Z INFO ProcessInvokerWrapper] Finished process 6188 with exit code 102, and elapsed time 00:01:09.6021634.
[2026-09-30 17:50:32Z INFO JobDispatcher] Worker finished for job 9c6c44bc-0c73-5df4-932d-20385bdea799. Code: 102
[2026-09-30 17:50:32Z INFO JobDispatcher] finish job request for job 9c6c44bc-0c73-5df4-932d-20385bdea799 with result: Failed
[2026-09-30 17:50:32Z INFO Terminal] WRITE LINE: 2026-09-30 17:50:32Z: Job deploy completed with result: Failed
[2026-09-30 17:50:32Z INFO JobDispatcher] Stop renew job request for job 9c6c44bc-0c73-5df4-932d-20385bdea799.
[2026-09-30 17:50:32Z INFO JobDispatcher] job renew has been cancelled, stop renew job 9c6c44bc-0c73-5df4-932d-20385bdea799.
[2026-09-30 17:50:32Z INFO JobNotification] Entering JobCompleted Notification
[2026-09-30 17:50:32Z INFO JobNotification] Entering EndMonitor
[2026-09-30 17:50:32Z INFO BrokerMessageListener] Received job status event. JobState: Online
[2026-09-30 17:50:32Z WARN GitHubActionsService] GET request to https://broker.actions.githubusercontent.com/message?sessionId=18c808c1-13f7-463e-8f15-cccc2692a9e0&status=Busy&runnerVersion=2.337.0&os=Windows&architecture=X64&disableUpdate=false has been cancelled.
[2026-09-30 17:50:32Z ERR  BrokerServer] Catch exception during request
[2026-09-30 17:50:32Z ERR  BrokerServer] System.Threading.Tasks.TaskCanceledException: The operation was canceled.
 ---> System.Threading.Tasks.TaskCanceledException: The operation was canceled.
 ---> System.IO.IOException: Unable to read data from the transport connection: The I/O operation has been aborted because of either a thread exit or an application request..
 ---> System.Net.Sockets.SocketException (995): The I/O operation has been aborted because of either a thread exit or an application request.
   --- End of inner exception stack trace ---
   at System.Net.Sockets.Socket.AwaitableSocketAsyncEventArgs.System.Threading.Tasks.Sources.IValueTaskSource<System.Int32>.GetResult(Int16 token)
   at System.Net.Security.SslStream.EnsureFullTlsFrameAsync[TIOAdapter](CancellationToken cancellationToken, Int32 estimatedSize)
   at System.Runtime.CompilerServices.PoolingAsyncValueTaskMethodBuilder`1.StateMachineBox`1.System.Threading.Tasks.Sources.IValueTaskSource<TResult>.GetResult(Int16 token)
   at System.Net.Security.SslStream.ReadAsyncInternal[TIOAdapter](Memory`1 buffer, CancellationToken cancellationToken)
   at System.Runtime.CompilerServices.PoolingAsyncValueTaskMethodBuilder`1.StateMachineBox`1.System.Threading.Tasks.Sources.IValueTaskSource<TResult>.GetResult(Int16 token)
   at System.Net.Http.HttpConnection.SendAsync(HttpRequestMessage request, Boolean async, CancellationToken cancellationToken)
   --- End of inner exception stack trace ---
   at System.Net.Http.HttpConnection.SendAsync(HttpRequestMessage request, Boolean async, CancellationToken cancellationToken)
   at System.Net.Http.AuthenticationHelper.SendWithNtAuthAsync(HttpRequestMessage request, Uri authUri, Boolean async, ICredentials credentials, Boolean isProxyAuth, HttpConnection connection, HttpConnectionPool connectionPool, CancellationToken cancellationToken)
   at System.Net.Http.HttpConnectionPool.SendWithVersionDetectionAndRetryAsync(HttpRequestMessage request, Boolean async, Boolean doRequestAuth, CancellationToken cancellationToken)
   at System.Net.Http.AuthenticationHelper.SendWithAuthAsync(HttpRequestMessage request, Uri authUri, Boolean async, ICredentials credentials, Boolean preAuthenticate, Boolean isProxyAuth, Boolean doRequestAuth, HttpConnectionPool pool, CancellationToken cancellationToken)
   at System.Net.Http.RedirectHandler.SendAsync(HttpRequestMessage request, Boolean async, CancellationToken cancellationToken)
   at GitHub.Services.Common.RawHttpMessageHandler.SendAsync(HttpRequestMessage request, CancellationToken cancellationToken)
   at GitHub.Services.Common.VssHttpRetryMessageHandler.SendAsync(HttpRequestMessage request, CancellationToken cancellationToken)
   at System.Net.Http.HttpClient.<SendAsync>g__Core|83_0(HttpRequestMessage request, HttpCompletionOption completionOption, CancellationTokenSource cts, Boolean disposeCts, CancellationTokenSource pendingRequestsCts, CancellationToken originalCancellationToken)
   --- End of inner exception stack trace ---
   at System.Net.Http.HttpClient.HandleFailure(Exception e, Boolean telemetryStarted, HttpResponseMessage response, CancellationTokenSource cts, CancellationToken cancellationToken, CancellationTokenSource pendingRequestsCts)
   at System.Net.Http.HttpClient.<SendAsync>g__Core|83_0(HttpRequestMessage request, HttpCompletionOption completionOption, CancellationTokenSource cts, Boolean disposeCts, CancellationTokenSource pendingRequestsCts, CancellationToken originalCancellationToken)
   at Sdk.WebApi.WebApi.RawHttpClientBase.SendAsync(HttpRequestMessage message, HttpCompletionOption completionOption, Object userState, CancellationToken cancellationToken)
   at Sdk.WebApi.WebApi.RawHttpClientBase.SendAsync[T](HttpRequestMessage message, Boolean readErrorBody, Object userState, CancellationToken cancellationToken)
   at Sdk.WebApi.WebApi.RawHttpClientBase.SendAsync[T](HttpMethod method, IEnumerable`1 additionalHeaders, Uri requestUri, HttpContent content, IEnumerable`1 queryParameters, Boolean readErrorBody, Object userState, CancellationToken cancellationToken)
   at GitHub.Actions.RunService.WebApi.BrokerHttpClient.GetRunnerMessageAsync(Nullable`1 sessionId, String runnerVersion, Nullable`1 status, String os, String architecture, Nullable`1 disableUpdate, CancellationToken cancellationToken)
   at GitHub.Runner.Common.BrokerServer.<>c__DisplayClass7_0.<<GetRunnerMessageAsync>b__0>d.MoveNext()
--- End of stack trace from previous location ---
   at GitHub.Runner.Common.RunnerService.RetryRequest[T](Func`1 func, CancellationToken cancellationToken, Int32 maxAttempts, Func`2 shouldRetry)
[2026-09-30 17:50:32Z ERR  BrokerServer] #####################################################
[2026-09-30 17:50:32Z ERR  BrokerServer] System.Threading.Tasks.TaskCanceledException: The operation was canceled.
 ---> System.IO.IOException: Unable to read data from the transport connection: The I/O operation has been aborted because of either a thread exit or an application request..
 ---> System.Net.Sockets.SocketException (995): The I/O operation has been aborted because of either a thread exit or an application request.
   --- End of inner exception stack trace ---
   at System.Net.Sockets.Socket.AwaitableSocketAsyncEventArgs.System.Threading.Tasks.Sources.IValueTaskSource<System.Int32>.GetResult(Int16 token)
   at System.Net.Security.SslStream.EnsureFullTlsFrameAsync[TIOAdapter](CancellationToken cancellationToken, Int32 estimatedSize)
   at System.Runtime.CompilerServices.PoolingAsyncValueTaskMethodBuilder`1.StateMachineBox`1.System.Threading.Tasks.Sources.IValueTaskSource<TResult>.GetResult(Int16 token)
   at System.Net.Security.SslStream.ReadAsyncInternal[TIOAdapter](Memory`1 buffer, CancellationToken cancellationToken)
   at System.Runtime.CompilerServices.PoolingAsyncValueTaskMethodBuilder`1.StateMachineBox`1.System.Threading.Tasks.Sources.IValueTaskSource<TResult>.GetResult(Int16 token)
   at System.Net.Http.HttpConnection.SendAsync(HttpRequestMessage request, Boolean async, CancellationToken cancellationToken)
   --- End of inner exception stack trace ---
   at System.Net.Http.HttpConnection.SendAsync(HttpRequestMessage request, Boolean async, CancellationToken cancellationToken)
   at System.Net.Http.AuthenticationHelper.SendWithNtAuthAsync(HttpRequestMessage request, Uri authUri, Boolean async, ICredentials credentials, Boolean isProxyAuth, HttpConnection connection, HttpConnectionPool connectionPool, CancellationToken cancellationToken)
   at System.Net.Http.HttpConnectionPool.SendWithVersionDetectionAndRetryAsync(HttpRequestMessage request, Boolean async, Boolean doRequestAuth, CancellationToken cancellationToken)
   at System.Net.Http.AuthenticationHelper.SendWithAuthAsync(HttpRequestMessage request, Uri authUri, Boolean async, ICredentials credentials, Boolean preAuthenticate, Boolean isProxyAuth, Boolean doRequestAuth, HttpConnectionPool pool, CancellationToken cancellationToken)
   at System.Net.Http.RedirectHandler.SendAsync(HttpRequestMessage request, Boolean async, CancellationToken cancellationToken)
   at GitHub.Services.Common.RawHttpMessageHandler.SendAsync(HttpRequestMessage request, CancellationToken cancellationToken)
   at GitHub.Services.Common.VssHttpRetryMessageHandler.SendAsync(HttpRequestMessage request, CancellationToken cancellationToken)
   at System.Net.Http.HttpClient.<SendAsync>g__Core|83_0(HttpRequestMessage request, HttpCompletionOption completionOption, CancellationTokenSource cts, Boolean disposeCts, CancellationTokenSource pendingRequestsCts, CancellationToken originalCancellationToken)
[2026-09-30 17:50:32Z ERR  BrokerServer] #####################################################
[2026-09-30 17:50:32Z ERR  BrokerServer] System.IO.IOException: Unable to read data from the transport connection: The I/O operation has been aborted because of either a thread exit or an application request..
 ---> System.Net.Sockets.SocketException (995): The I/O operation has been aborted because of either a thread exit or an application request.
   --- End of inner exception stack trace ---
   at System.Net.Sockets.Socket.AwaitableSocketAsyncEventArgs.System.Threading.Tasks.Sources.IValueTaskSource<System.Int32>.GetResult(Int16 token)
   at System.Net.Security.SslStream.EnsureFullTlsFrameAsync[TIOAdapter](CancellationToken cancellationToken, Int32 estimatedSize)
   at System.Runtime.CompilerServices.PoolingAsyncValueTaskMethodBuilder`1.StateMachineBox`1.System.Threading.Tasks.Sources.IValueTaskSource<TResult>.GetResult(Int16 token)
   at System.Net.Security.SslStream.ReadAsyncInternal[TIOAdapter](Memory`1 buffer, CancellationToken cancellationToken)
   at System.Runtime.CompilerServices.PoolingAsyncValueTaskMethodBuilder`1.StateMachineBox`1.System.Threading.Tasks.Sources.IValueTaskSource<TResult>.GetResult(Int16 token)
   at System.Net.Http.HttpConnection.SendAsync(HttpRequestMessage request, Boolean async, CancellationToken cancellationToken)
[2026-09-30 17:50:32Z ERR  BrokerServer] #####################################################
[2026-09-30 17:50:32Z ERR  BrokerServer] System.Net.Sockets.SocketException (995): The I/O operation has been aborted because of either a thread exit or an application request.
[2026-09-30 17:50:32Z WARN BrokerServer] Back off 9.134 seconds before next retry. 4 attempt left.
[2026-09-30 17:50:32Z INFO BrokerMessageListener] Get messages has been cancelled using local token source. Continue to get messages with new status.
[2026-09-30 18:09:29Z INFO BrokerMessageListener] Acknowledging runner request '7ff883f0-f969-5c0b-81c5-fb7df1af7096'.
[2026-09-30 18:09:30Z INFO ConfigurationStore] HasCredentials()
[2026-09-30 18:09:30Z INFO ConfigurationStore] stored True
[2026-09-30 18:09:30Z INFO CredentialManager] GetCredentialProvider
[2026-09-30 18:09:30Z INFO CredentialManager] Creating type OAuth
[2026-09-30 18:09:30Z INFO CredentialManager] Creating credential type: OAuth
[2026-09-30 18:09:30Z INFO RSAEncryptedFileKeyManager] Loading RSA key parameters from file D:\cicd\actions-runner\.credentials_rsaparams
[2026-09-30 18:09:30Z INFO RSAEncryptedFileKeyManager] Loading RSA key parameters from file D:\cicd\actions-runner\.credentials_rsaparams
[2026-09-30 18:09:30Z INFO RSAEncryptedFileKeyManager] Loading RSA key parameters from file D:\cicd\actions-runner\.credentials_rsaparams
[2026-09-30 18:09:31Z INFO GitHubActionsService] AAD Correlation ID for this token request: Unknown
[2026-09-30 18:09:32Z INFO JobDispatcher] Job request 0 for plan de5f2709-c065-8489-903b-21c0555f5abf job 7ff883f0-f969-5c0b-81c5-fb7df1af7096 received.
[2026-09-30 18:09:32Z INFO JobDispatcher] Pull OrchestrationId de5f2709-c065-8489-903b-21c0555f5abf.deploy.__default from JWT claims
[2026-09-30 18:09:32Z INFO BrokerMessageListener] Received job status event. JobState: Busy
[2026-09-30 18:09:32Z INFO BrokerMessageListener] _getMessagesTokenSource is already disposed.
[2026-09-30 18:09:32Z INFO JobDispatcher] Job request 9c6c44bc-0c73-5df4-932d-20385bdea799 processed succeed.
[2026-09-30 18:09:32Z INFO Terminal] WRITE LINE: 2026-09-30 18:09:32Z: Running job: deploy
[2026-09-30 18:09:32Z INFO JobDispatcher] Start renew job request 0 for job 7ff883f0-f969-5c0b-81c5-fb7df1af7096.
[2026-09-30 18:09:33Z INFO JobDispatcher] Successfully renew job 7ff883f0-f969-5c0b-81c5-fb7df1af7096, job is valid till 30-09-2026 18:19:34
[2026-09-30 18:09:33Z INFO HostContext] Well known directory 'Bin': 'D:\cicd\actions-runner\bin'
[2026-09-30 18:09:33Z INFO ProcessInvokerWrapper] Starting process:
[2026-09-30 18:09:33Z INFO ProcessInvokerWrapper]   File name: 'D:\cicd\actions-runner\bin\Runner.Worker.exe'
[2026-09-30 18:09:33Z INFO ProcessInvokerWrapper]   Arguments: 'spawnclient 2788 1684'
[2026-09-30 18:09:33Z INFO ProcessInvokerWrapper]   Working directory: 'D:\cicd\actions-runner\bin'
[2026-09-30 18:09:33Z INFO ProcessInvokerWrapper]   Require exit code zero: 'False'
[2026-09-30 18:09:33Z INFO ProcessInvokerWrapper]   Encoding web name:  ; code page: ''
[2026-09-30 18:09:33Z INFO ProcessInvokerWrapper]   Force kill process on cancellation: 'True'
[2026-09-30 18:09:33Z INFO ProcessInvokerWrapper]   Redirected STDIN: 'False'
[2026-09-30 18:09:33Z INFO ProcessInvokerWrapper]   Persist current code page: 'False'
[2026-09-30 18:09:33Z INFO ProcessInvokerWrapper]   Keep redirected STDIN open: 'False'
[2026-09-30 18:09:33Z INFO ProcessInvokerWrapper]   High priority process: 'True'
[2026-09-30 18:09:33Z INFO ProcessInvokerWrapper] Process started with process id 17076, waiting for process exit.
[2026-09-30 18:09:33Z INFO JobDispatcher] Send job request message to worker for job 7ff883f0-f969-5c0b-81c5-fb7df1af7096.
[2026-09-30 18:09:33Z INFO ProcessChannel] Sending message of length 25969, with hash '1a94ada3c1080ec062374f4ba37c226290db260a1765302fa413b95223db624b'
[2026-09-30 18:09:35Z INFO JobNotification] Entering JobStarted Notification
[2026-09-30 18:09:35Z INFO JobNotification] Entering StartMonitor
[2026-09-30 18:10:33Z INFO JobDispatcher] Successfully renew job 7ff883f0-f969-5c0b-81c5-fb7df1af7096, job is valid till 30-09-2026 18:20:34
[2026-09-30 18:10:42Z INFO ProcessInvokerWrapper] STDOUT/STDERR stream read finished.
[2026-09-30 18:10:42Z INFO ProcessInvokerWrapper] STDOUT/STDERR stream read finished.
[2026-09-30 18:10:42Z INFO ProcessInvokerWrapper] Finished process 17076 with exit code 102, and elapsed time 00:01:08.8523487.
[2026-09-30 18:10:42Z INFO JobDispatcher] Worker finished for job 7ff883f0-f969-5c0b-81c5-fb7df1af7096. Code: 102
[2026-09-30 18:10:42Z INFO JobDispatcher] finish job request for job 7ff883f0-f969-5c0b-81c5-fb7df1af7096 with result: Failed
[2026-09-30 18:10:42Z INFO Terminal] WRITE LINE: 2026-09-30 18:10:42Z: Job deploy completed with result: Failed
[2026-09-30 18:10:42Z INFO JobDispatcher] Stop renew job request for job 7ff883f0-f969-5c0b-81c5-fb7df1af7096.
[2026-09-30 18:10:42Z INFO JobDispatcher] job renew has been cancelled, stop renew job 7ff883f0-f969-5c0b-81c5-fb7df1af7096.
[2026-09-30 18:10:42Z INFO JobNotification] Entering JobCompleted Notification
[2026-09-30 18:10:42Z INFO JobNotification] Entering EndMonitor
[2026-09-30 18:10:42Z INFO BrokerMessageListener] Received job status event. JobState: Online
[2026-09-30 18:10:42Z WARN GitHubActionsService] GET request to https://broker.actions.githubusercontent.com/message?sessionId=18c808c1-13f7-463e-8f15-cccc2692a9e0&status=Busy&runnerVersion=2.337.0&os=Windows&architecture=X64&disableUpdate=false has been cancelled.
[2026-09-30 18:10:42Z ERR  BrokerServer] Catch exception during request
[2026-09-30 18:10:42Z ERR  BrokerServer] System.Threading.Tasks.TaskCanceledException: The operation was canceled.
 ---> System.Threading.Tasks.TaskCanceledException: The operation was canceled.
 ---> System.IO.IOException: Unable to read data from the transport connection: The I/O operation has been aborted because of either a thread exit or an application request..
 ---> System.Net.Sockets.SocketException (995): The I/O operation has been aborted because of either a thread exit or an application request.
   --- End of inner exception stack trace ---
   at System.Net.Sockets.Socket.AwaitableSocketAsyncEventArgs.System.Threading.Tasks.Sources.IValueTaskSource<System.Int32>.GetResult(Int16 token)
   at System.Net.Security.SslStream.EnsureFullTlsFrameAsync[TIOAdapter](CancellationToken cancellationToken, Int32 estimatedSize)
   at System.Runtime.CompilerServices.PoolingAsyncValueTaskMethodBuilder`1.StateMachineBox`1.System.Threading.Tasks.Sources.IValueTaskSource<TResult>.GetResult(Int16 token)
   at System.Net.Security.SslStream.ReadAsyncInternal[TIOAdapter](Memory`1 buffer, CancellationToken cancellationToken)
   at System.Runtime.CompilerServices.PoolingAsyncValueTaskMethodBuilder`1.StateMachineBox`1.System.Threading.Tasks.Sources.IValueTaskSource<TResult>.GetResult(Int16 token)
   at System.Net.Http.HttpConnection.SendAsync(HttpRequestMessage request, Boolean async, CancellationToken cancellationToken)
   --- End of inner exception stack trace ---
   at System.Net.Http.HttpConnection.SendAsync(HttpRequestMessage request, Boolean async, CancellationToken cancellationToken)
   at System.Net.Http.AuthenticationHelper.SendWithNtAuthAsync(HttpRequestMessage request, Uri authUri, Boolean async, ICredentials credentials, Boolean isProxyAuth, HttpConnection connection, HttpConnectionPool connectionPool, CancellationToken cancellationToken)
   at System.Net.Http.HttpConnectionPool.SendWithVersionDetectionAndRetryAsync(HttpRequestMessage request, Boolean async, Boolean doRequestAuth, CancellationToken cancellationToken)
   at System.Net.Http.AuthenticationHelper.SendWithAuthAsync(HttpRequestMessage request, Uri authUri, Boolean async, ICredentials credentials, Boolean preAuthenticate, Boolean isProxyAuth, Boolean doRequestAuth, HttpConnectionPool pool, CancellationToken cancellationToken)
   at System.Net.Http.RedirectHandler.SendAsync(HttpRequestMessage request, Boolean async, CancellationToken cancellationToken)
   at GitHub.Services.Common.RawHttpMessageHandler.SendAsync(HttpRequestMessage request, CancellationToken cancellationToken)
   at GitHub.Services.Common.VssHttpRetryMessageHandler.SendAsync(HttpRequestMessage request, CancellationToken cancellationToken)
   at System.Net.Http.HttpClient.<SendAsync>g__Core|83_0(HttpRequestMessage request, HttpCompletionOption completionOption, CancellationTokenSource cts, Boolean disposeCts, CancellationTokenSource pendingRequestsCts, CancellationToken originalCancellationToken)
   --- End of inner exception stack trace ---
   at System.Net.Http.HttpClient.HandleFailure(Exception e, Boolean telemetryStarted, HttpResponseMessage response, CancellationTokenSource cts, CancellationToken cancellationToken, CancellationTokenSource pendingRequestsCts)
   at System.Net.Http.HttpClient.<SendAsync>g__Core|83_0(HttpRequestMessage request, HttpCompletionOption completionOption, CancellationTokenSource cts, Boolean disposeCts, CancellationTokenSource pendingRequestsCts, CancellationToken originalCancellationToken)
   at Sdk.WebApi.WebApi.RawHttpClientBase.SendAsync(HttpRequestMessage message, HttpCompletionOption completionOption, Object userState, CancellationToken cancellationToken)
   at Sdk.WebApi.WebApi.RawHttpClientBase.SendAsync[T](HttpRequestMessage message, Boolean readErrorBody, Object userState, CancellationToken cancellationToken)
   at Sdk.WebApi.WebApi.RawHttpClientBase.SendAsync[T](HttpMethod method, IEnumerable`1 additionalHeaders, Uri requestUri, HttpContent content, IEnumerable`1 queryParameters, Boolean readErrorBody, Object userState, CancellationToken cancellationToken)
   at GitHub.Actions.RunService.WebApi.BrokerHttpClient.GetRunnerMessageAsync(Nullable`1 sessionId, String runnerVersion, Nullable`1 status, String os, String architecture, Nullable`1 disableUpdate, CancellationToken cancellationToken)
   at GitHub.Runner.Common.BrokerServer.<>c__DisplayClass7_0.<<GetRunnerMessageAsync>b__0>d.MoveNext()
--- End of stack trace from previous location ---
   at GitHub.Runner.Common.RunnerService.RetryRequest[T](Func`1 func, CancellationToken cancellationToken, Int32 maxAttempts, Func`2 shouldRetry)
[2026-09-30 18:10:42Z ERR  BrokerServer] #####################################################
[2026-09-30 18:10:42Z ERR  BrokerServer] System.Threading.Tasks.TaskCanceledException: The operation was canceled.
 ---> System.IO.IOException: Unable to read data from the transport connection: The I/O operation has been aborted because of either a thread exit or an application request..
 ---> System.Net.Sockets.SocketException (995): The I/O operation has been aborted because of either a thread exit or an application request.
   --- End of inner exception stack trace ---
   at System.Net.Sockets.Socket.AwaitableSocketAsyncEventArgs.System.Threading.Tasks.Sources.IValueTaskSource<System.Int32>.GetResult(Int16 token)
   at System.Net.Security.SslStream.EnsureFullTlsFrameAsync[TIOAdapter](CancellationToken cancellationToken, Int32 estimatedSize)
   at System.Runtime.CompilerServices.PoolingAsyncValueTaskMethodBuilder`1.StateMachineBox`1.System.Threading.Tasks.Sources.IValueTaskSource<TResult>.GetResult(Int16 token)
   at System.Net.Security.SslStream.ReadAsyncInternal[TIOAdapter](Memory`1 buffer, CancellationToken cancellationToken)
   at System.Runtime.CompilerServices.PoolingAsyncValueTaskMethodBuilder`1.StateMachineBox`1.System.Threading.Tasks.Sources.IValueTaskSource<TResult>.GetResult(Int16 token)
   at System.Net.Http.HttpConnection.SendAsync(HttpRequestMessage request, Boolean async, CancellationToken cancellationToken)
   --- End of inner exception stack trace ---
   at System.Net.Http.HttpConnection.SendAsync(HttpRequestMessage request, Boolean async, CancellationToken cancellationToken)
   at System.Net.Http.AuthenticationHelper.SendWithNtAuthAsync(HttpRequestMessage request, Uri authUri, Boolean async, ICredentials credentials, Boolean isProxyAuth, HttpConnection connection, HttpConnectionPool connectionPool, CancellationToken cancellationToken)
   at System.Net.Http.HttpConnectionPool.SendWithVersionDetectionAndRetryAsync(HttpRequestMessage request, Boolean async, Boolean doRequestAuth, CancellationToken cancellationToken)
   at System.Net.Http.AuthenticationHelper.SendWithAuthAsync(HttpRequestMessage request, Uri authUri, Boolean async, ICredentials credentials, Boolean preAuthenticate, Boolean isProxyAuth, Boolean doRequestAuth, HttpConnectionPool pool, CancellationToken cancellationToken)
   at System.Net.Http.RedirectHandler.SendAsync(HttpRequestMessage request, Boolean async, CancellationToken cancellationToken)
   at GitHub.Services.Common.RawHttpMessageHandler.SendAsync(HttpRequestMessage request, CancellationToken cancellationToken)
   at GitHub.Services.Common.VssHttpRetryMessageHandler.SendAsync(HttpRequestMessage request, CancellationToken cancellationToken)
   at System.Net.Http.HttpClient.<SendAsync>g__Core|83_0(HttpRequestMessage request, HttpCompletionOption completionOption, CancellationTokenSource cts, Boolean disposeCts, CancellationTokenSource pendingRequestsCts, CancellationToken originalCancellationToken)
[2026-09-30 18:10:42Z ERR  BrokerServer] #####################################################
[2026-09-30 18:10:42Z ERR  BrokerServer] System.IO.IOException: Unable to read data from the transport connection: The I/O operation has been aborted because of either a thread exit or an application request..
 ---> System.Net.Sockets.SocketException (995): The I/O operation has been aborted because of either a thread exit or an application request.
   --- End of inner exception stack trace ---
   at System.Net.Sockets.Socket.AwaitableSocketAsyncEventArgs.System.Threading.Tasks.Sources.IValueTaskSource<System.Int32>.GetResult(Int16 token)
   at System.Net.Security.SslStream.EnsureFullTlsFrameAsync[TIOAdapter](CancellationToken cancellationToken, Int32 estimatedSize)
   at System.Runtime.CompilerServices.PoolingAsyncValueTaskMethodBuilder`1.StateMachineBox`1.System.Threading.Tasks.Sources.IValueTaskSource<TResult>.GetResult(Int16 token)
   at System.Net.Security.SslStream.ReadAsyncInternal[TIOAdapter](Memory`1 buffer, CancellationToken cancellationToken)
   at System.Runtime.CompilerServices.PoolingAsyncValueTaskMethodBuilder`1.StateMachineBox`1.System.Threading.Tasks.Sources.IValueTaskSource<TResult>.GetResult(Int16 token)
   at System.Net.Http.HttpConnection.SendAsync(HttpRequestMessage request, Boolean async, CancellationToken cancellationToken)
[2026-09-30 18:10:42Z ERR  BrokerServer] #####################################################
[2026-09-30 18:10:42Z ERR  BrokerServer] System.Net.Sockets.SocketException (995): The I/O operation has been aborted because of either a thread exit or an application request.
[2026-09-30 18:10:42Z WARN BrokerServer] Back off 5.989 seconds before next retry. 4 attempt left.
[2026-09-30 18:10:42Z INFO BrokerMessageListener] Get messages has been cancelled using local token source. Continue to get messages with new status.
[2026-09-30 18:12:27Z INFO BrokerMessageListener] Acknowledging runner request 'a239138e-3c92-568c-983e-dd83995fcb0b'.
[2026-09-30 18:12:27Z INFO ConfigurationStore] HasCredentials()
[2026-09-30 18:12:27Z INFO ConfigurationStore] stored True
[2026-09-30 18:12:27Z INFO CredentialManager] GetCredentialProvider
[2026-09-30 18:12:27Z INFO CredentialManager] Creating type OAuth
[2026-09-30 18:12:27Z INFO CredentialManager] Creating credential type: OAuth
[2026-09-30 18:12:27Z INFO RSAEncryptedFileKeyManager] Loading RSA key parameters from file D:\cicd\actions-runner\.credentials_rsaparams
[2026-09-30 18:12:27Z INFO RSAEncryptedFileKeyManager] Loading RSA key parameters from file D:\cicd\actions-runner\.credentials_rsaparams
[2026-09-30 18:12:27Z INFO RSAEncryptedFileKeyManager] Loading RSA key parameters from file D:\cicd\actions-runner\.credentials_rsaparams
[2026-09-30 18:12:28Z INFO GitHubActionsService] AAD Correlation ID for this token request: Unknown
[2026-09-30 18:12:30Z INFO JobDispatcher] Job request 0 for plan 4e74f648-9d67-8cc0-aac4-c92d7d8aa9cc job a239138e-3c92-568c-983e-dd83995fcb0b received.
[2026-09-30 18:12:30Z INFO JobDispatcher] Pull OrchestrationId 4e74f648-9d67-8cc0-aac4-c92d7d8aa9cc.deploy.__default from JWT claims
[2026-09-30 18:12:30Z INFO BrokerMessageListener] Received job status event. JobState: Busy
[2026-09-30 18:12:30Z INFO BrokerMessageListener] _getMessagesTokenSource is already disposed.
[2026-09-30 18:12:30Z INFO JobDispatcher] Job request 7ff883f0-f969-5c0b-81c5-fb7df1af7096 processed succeed.
[2026-09-30 18:12:30Z INFO Terminal] WRITE LINE: 2026-09-30 18:12:30Z: Running job: deploy
[2026-09-30 18:12:30Z INFO JobDispatcher] Start renew job request 0 for job a239138e-3c92-568c-983e-dd83995fcb0b.
[2026-09-30 18:12:31Z INFO JobDispatcher] Successfully renew job a239138e-3c92-568c-983e-dd83995fcb0b, job is valid till 30-09-2026 18:22:32
[2026-09-30 18:12:31Z INFO HostContext] Well known directory 'Bin': 'D:\cicd\actions-runner\bin'
[2026-09-30 18:12:31Z INFO ProcessInvokerWrapper] Starting process:
[2026-09-30 18:12:31Z INFO ProcessInvokerWrapper]   File name: 'D:\cicd\actions-runner\bin\Runner.Worker.exe'
[2026-09-30 18:12:31Z INFO ProcessInvokerWrapper]   Arguments: 'spawnclient 2892 1208'
[2026-09-30 18:12:31Z INFO ProcessInvokerWrapper]   Working directory: 'D:\cicd\actions-runner\bin'
[2026-09-30 18:12:31Z INFO ProcessInvokerWrapper]   Require exit code zero: 'False'
[2026-09-30 18:12:31Z INFO ProcessInvokerWrapper]   Encoding web name:  ; code page: ''
[2026-09-30 18:12:31Z INFO ProcessInvokerWrapper]   Force kill process on cancellation: 'True'
[2026-09-30 18:12:31Z INFO ProcessInvokerWrapper]   Redirected STDIN: 'False'
[2026-09-30 18:12:31Z INFO ProcessInvokerWrapper]   Persist current code page: 'False'
[2026-09-30 18:12:31Z INFO ProcessInvokerWrapper]   Keep redirected STDIN open: 'False'
[2026-09-30 18:12:31Z INFO ProcessInvokerWrapper]   High priority process: 'True'
[2026-09-30 18:12:31Z INFO ProcessInvokerWrapper] Process started with process id 23984, waiting for process exit.
[2026-09-30 18:12:31Z INFO JobDispatcher] Send job request message to worker for job a239138e-3c92-568c-983e-dd83995fcb0b.
[2026-09-30 18:12:31Z INFO ProcessChannel] Sending message of length 26078, with hash 'c59aa8eb6249d6d90dfa6f711e875d1e8e91b2f0c9219a3e7f26c07c2aee03ad'
[2026-09-30 18:12:32Z INFO JobNotification] Entering JobStarted Notification
[2026-09-30 18:12:32Z INFO JobNotification] Entering StartMonitor
[2026-09-30 18:13:31Z INFO JobDispatcher] Successfully renew job a239138e-3c92-568c-983e-dd83995fcb0b, job is valid till 30-09-2026 18:23:32
[2026-09-30 18:13:49Z INFO ProcessInvokerWrapper] STDOUT/STDERR stream read finished.
[2026-09-30 18:13:49Z INFO ProcessInvokerWrapper] STDOUT/STDERR stream read finished.
[2026-09-30 18:13:49Z INFO ProcessInvokerWrapper] Finished process 23984 with exit code 102, and elapsed time 00:01:18.5874801.
[2026-09-30 18:13:49Z INFO JobDispatcher] Worker finished for job a239138e-3c92-568c-983e-dd83995fcb0b. Code: 102
[2026-09-30 18:13:49Z INFO JobDispatcher] finish job request for job a239138e-3c92-568c-983e-dd83995fcb0b with result: Failed
[2026-09-30 18:13:49Z INFO Terminal] WRITE LINE: 2026-09-30 18:13:49Z: Job deploy completed with result: Failed
[2026-09-30 18:13:49Z INFO JobDispatcher] Stop renew job request for job a239138e-3c92-568c-983e-dd83995fcb0b.
[2026-09-30 18:13:49Z INFO JobDispatcher] job renew has been cancelled, stop renew job a239138e-3c92-568c-983e-dd83995fcb0b.
[2026-09-30 18:13:49Z INFO JobNotification] Entering JobCompleted Notification
[2026-09-30 18:13:49Z INFO JobNotification] Entering EndMonitor
[2026-09-30 18:13:49Z INFO BrokerMessageListener] Received job status event. JobState: Online
[2026-09-30 18:13:49Z WARN GitHubActionsService] GET request to https://broker.actions.githubusercontent.com/message?sessionId=18c808c1-13f7-463e-8f15-cccc2692a9e0&status=Busy&runnerVersion=2.337.0&os=Windows&architecture=X64&disableUpdate=false has been cancelled.
[2026-09-30 18:13:49Z ERR  BrokerServer] Catch exception during request
[2026-09-30 18:13:49Z ERR  BrokerServer] System.Threading.Tasks.TaskCanceledException: The operation was canceled.
 ---> System.Threading.Tasks.TaskCanceledException: The operation was canceled.
 ---> System.IO.IOException: Unable to read data from the transport connection: The I/O operation has been aborted because of either a thread exit or an application request..
 ---> System.Net.Sockets.SocketException (995): The I/O operation has been aborted because of either a thread exit or an application request.
   --- End of inner exception stack trace ---
   at System.Net.Sockets.Socket.AwaitableSocketAsyncEventArgs.System.Threading.Tasks.Sources.IValueTaskSource<System.Int32>.GetResult(Int16 token)
   at System.Net.Security.SslStream.EnsureFullTlsFrameAsync[TIOAdapter](CancellationToken cancellationToken, Int32 estimatedSize)
   at System.Runtime.CompilerServices.PoolingAsyncValueTaskMethodBuilder`1.StateMachineBox`1.System.Threading.Tasks.Sources.IValueTaskSource<TResult>.GetResult(Int16 token)
   at System.Net.Security.SslStream.ReadAsyncInternal[TIOAdapter](Memory`1 buffer, CancellationToken cancellationToken)
   at System.Runtime.CompilerServices.PoolingAsyncValueTaskMethodBuilder`1.StateMachineBox`1.System.Threading.Tasks.Sources.IValueTaskSource<TResult>.GetResult(Int16 token)
   at System.Net.Http.HttpConnection.SendAsync(HttpRequestMessage request, Boolean async, CancellationToken cancellationToken)
   --- End of inner exception stack trace ---
   at System.Net.Http.HttpConnection.SendAsync(HttpRequestMessage request, Boolean async, CancellationToken cancellationToken)
   at System.Net.Http.AuthenticationHelper.SendWithNtAuthAsync(HttpRequestMessage request, Uri authUri, Boolean async, ICredentials credentials, Boolean isProxyAuth, HttpConnection connection, HttpConnectionPool connectionPool, CancellationToken cancellationToken)
   at System.Net.Http.HttpConnectionPool.SendWithVersionDetectionAndRetryAsync(HttpRequestMessage request, Boolean async, Boolean doRequestAuth, CancellationToken cancellationToken)
   at System.Net.Http.AuthenticationHelper.SendWithAuthAsync(HttpRequestMessage request, Uri authUri, Boolean async, ICredentials credentials, Boolean preAuthenticate, Boolean isProxyAuth, Boolean doRequestAuth, HttpConnectionPool pool, CancellationToken cancellationToken)
   at System.Net.Http.RedirectHandler.SendAsync(HttpRequestMessage request, Boolean async, CancellationToken cancellationToken)
   at GitHub.Services.Common.RawHttpMessageHandler.SendAsync(HttpRequestMessage request, CancellationToken cancellationToken)
   at GitHub.Services.Common.VssHttpRetryMessageHandler.SendAsync(HttpRequestMessage request, CancellationToken cancellationToken)
   at System.Net.Http.HttpClient.<SendAsync>g__Core|83_0(HttpRequestMessage request, HttpCompletionOption completionOption, CancellationTokenSource cts, Boolean disposeCts, CancellationTokenSource pendingRequestsCts, CancellationToken originalCancellationToken)
   --- End of inner exception stack trace ---
   at System.Net.Http.HttpClient.HandleFailure(Exception e, Boolean telemetryStarted, HttpResponseMessage response, CancellationTokenSource cts, CancellationToken cancellationToken, CancellationTokenSource pendingRequestsCts)
   at System.Net.Http.HttpClient.<SendAsync>g__Core|83_0(HttpRequestMessage request, HttpCompletionOption completionOption, CancellationTokenSource cts, Boolean disposeCts, CancellationTokenSource pendingRequestsCts, CancellationToken originalCancellationToken)
   at Sdk.WebApi.WebApi.RawHttpClientBase.SendAsync(HttpRequestMessage message, HttpCompletionOption completionOption, Object userState, CancellationToken cancellationToken)
   at Sdk.WebApi.WebApi.RawHttpClientBase.SendAsync[T](HttpRequestMessage message, Boolean readErrorBody, Object userState, CancellationToken cancellationToken)
   at Sdk.WebApi.WebApi.RawHttpClientBase.SendAsync[T](HttpMethod method, IEnumerable`1 additionalHeaders, Uri requestUri, HttpContent content, IEnumerable`1 queryParameters, Boolean readErrorBody, Object userState, CancellationToken cancellationToken)
   at GitHub.Actions.RunService.WebApi.BrokerHttpClient.GetRunnerMessageAsync(Nullable`1 sessionId, String runnerVersion, Nullable`1 status, String os, String architecture, Nullable`1 disableUpdate, CancellationToken cancellationToken)
   at GitHub.Runner.Common.BrokerServer.<>c__DisplayClass7_0.<<GetRunnerMessageAsync>b__0>d.MoveNext()
--- End of stack trace from previous location ---
   at GitHub.Runner.Common.RunnerService.RetryRequest[T](Func`1 func, CancellationToken cancellationToken, Int32 maxAttempts, Func`2 shouldRetry)
[2026-09-30 18:13:49Z ERR  BrokerServer] #####################################################
[2026-09-30 18:13:49Z ERR  BrokerServer] System.Threading.Tasks.TaskCanceledException: The operation was canceled.
 ---> System.IO.IOException: Unable to read data from the transport connection: The I/O operation has been aborted because of either a thread exit or an application request..
 ---> System.Net.Sockets.SocketException (995): The I/O operation has been aborted because of either a thread exit or an application request.
   --- End of inner exception stack trace ---
   at System.Net.Sockets.Socket.AwaitableSocketAsyncEventArgs.System.Threading.Tasks.Sources.IValueTaskSource<System.Int32>.GetResult(Int16 token)
   at System.Net.Security.SslStream.EnsureFullTlsFrameAsync[TIOAdapter](CancellationToken cancellationToken, Int32 estimatedSize)
   at System.Runtime.CompilerServices.PoolingAsyncValueTaskMethodBuilder`1.StateMachineBox`1.System.Threading.Tasks.Sources.IValueTaskSource<TResult>.GetResult(Int16 token)
   at System.Net.Security.SslStream.ReadAsyncInternal[TIOAdapter](Memory`1 buffer, CancellationToken cancellationToken)
   at System.Runtime.CompilerServices.PoolingAsyncValueTaskMethodBuilder`1.StateMachineBox`1.System.Threading.Tasks.Sources.IValueTaskSource<TResult>.GetResult(Int16 token)
   at System.Net.Http.HttpConnection.SendAsync(HttpRequestMessage request, Boolean async, CancellationToken cancellationToken)
   --- End of inner exception stack trace ---
   at System.Net.Http.HttpConnection.SendAsync(HttpRequestMessage request, Boolean async, CancellationToken cancellationToken)
   at System.Net.Http.AuthenticationHelper.SendWithNtAuthAsync(HttpRequestMessage request, Uri authUri, Boolean async, ICredentials credentials, Boolean isProxyAuth, HttpConnection connection, HttpConnectionPool connectionPool, CancellationToken cancellationToken)
   at System.Net.Http.HttpConnectionPool.SendWithVersionDetectionAndRetryAsync(HttpRequestMessage request, Boolean async, Boolean doRequestAuth, CancellationToken cancellationToken)
   at System.Net.Http.AuthenticationHelper.SendWithAuthAsync(HttpRequestMessage request, Uri authUri, Boolean async, ICredentials credentials, Boolean preAuthenticate, Boolean isProxyAuth, Boolean doRequestAuth, HttpConnectionPool pool, CancellationToken cancellationToken)
   at System.Net.Http.RedirectHandler.SendAsync(HttpRequestMessage request, Boolean async, CancellationToken cancellationToken)
   at GitHub.Services.Common.RawHttpMessageHandler.SendAsync(HttpRequestMessage request, CancellationToken cancellationToken)
   at GitHub.Services.Common.VssHttpRetryMessageHandler.SendAsync(HttpRequestMessage request, CancellationToken cancellationToken)
   at System.Net.Http.HttpClient.<SendAsync>g__Core|83_0(HttpRequestMessage request, HttpCompletionOption completionOption, CancellationTokenSource cts, Boolean disposeCts, CancellationTokenSource pendingRequestsCts, CancellationToken originalCancellationToken)
[2026-09-30 18:13:49Z ERR  BrokerServer] #####################################################
[2026-09-30 18:13:49Z ERR  BrokerServer] System.IO.IOException: Unable to read data from the transport connection: The I/O operation has been aborted because of either a thread exit or an application request..
 ---> System.Net.Sockets.SocketException (995): The I/O operation has been aborted because of either a thread exit or an application request.
   --- End of inner exception stack trace ---
   at System.Net.Sockets.Socket.AwaitableSocketAsyncEventArgs.System.Threading.Tasks.Sources.IValueTaskSource<System.Int32>.GetResult(Int16 token)
   at System.Net.Security.SslStream.EnsureFullTlsFrameAsync[TIOAdapter](CancellationToken cancellationToken, Int32 estimatedSize)
   at System.Runtime.CompilerServices.PoolingAsyncValueTaskMethodBuilder`1.StateMachineBox`1.System.Threading.Tasks.Sources.IValueTaskSource<TResult>.GetResult(Int16 token)
   at System.Net.Security.SslStream.ReadAsyncInternal[TIOAdapter](Memory`1 buffer, CancellationToken cancellationToken)
   at System.Runtime.CompilerServices.PoolingAsyncValueTaskMethodBuilder`1.StateMachineBox`1.System.Threading.Tasks.Sources.IValueTaskSource<TResult>.GetResult(Int16 token)
   at System.Net.Http.HttpConnection.SendAsync(HttpRequestMessage request, Boolean async, CancellationToken cancellationToken)
[2026-09-30 18:13:49Z ERR  BrokerServer] #####################################################
[2026-09-30 18:13:49Z ERR  BrokerServer] System.Net.Sockets.SocketException (995): The I/O operation has been aborted because of either a thread exit or an application request.
[2026-09-30 18:13:49Z WARN BrokerServer] Back off 13.184 seconds before next retry. 4 attempt left.
[2026-09-30 18:13:49Z INFO BrokerMessageListener] Get messages has been cancelled using local token source. Continue to get messages with new status.
[2026-09-30 18:19:55Z INFO BrokerMessageListener] Acknowledging runner request '3b157889-b955-5145-bae6-a41709568025'.
[2026-09-30 18:19:56Z INFO ConfigurationStore] HasCredentials()
[2026-09-30 18:19:56Z INFO ConfigurationStore] stored True
[2026-09-30 18:19:56Z INFO CredentialManager] GetCredentialProvider
[2026-09-30 18:19:56Z INFO CredentialManager] Creating type OAuth
[2026-09-30 18:19:56Z INFO CredentialManager] Creating credential type: OAuth
[2026-09-30 18:19:56Z INFO RSAEncryptedFileKeyManager] Loading RSA key parameters from file D:\cicd\actions-runner\.credentials_rsaparams
[2026-09-30 18:19:56Z INFO RSAEncryptedFileKeyManager] Loading RSA key parameters from file D:\cicd\actions-runner\.credentials_rsaparams
[2026-09-30 18:19:56Z INFO RSAEncryptedFileKeyManager] Loading RSA key parameters from file D:\cicd\actions-runner\.credentials_rsaparams
[2026-09-30 18:19:57Z INFO GitHubActionsService] AAD Correlation ID for this token request: Unknown
[2026-09-30 18:19:59Z INFO JobDispatcher] Job request 0 for plan c6657bc5-6b9b-8eb9-b930-f402d28ee843 job 3b157889-b955-5145-bae6-a41709568025 received.
[2026-09-30 18:19:59Z INFO JobDispatcher] Pull OrchestrationId c6657bc5-6b9b-8eb9-b930-f402d28ee843.deploy.__default from JWT claims
[2026-09-30 18:19:59Z INFO BrokerMessageListener] Received job status event. JobState: Busy
[2026-09-30 18:19:59Z INFO BrokerMessageListener] _getMessagesTokenSource is already disposed.
[2026-09-30 18:19:59Z INFO JobDispatcher] Job request a239138e-3c92-568c-983e-dd83995fcb0b processed succeed.
[2026-09-30 18:19:59Z INFO Terminal] WRITE LINE: 2026-09-30 18:19:59Z: Running job: deploy
[2026-09-30 18:19:59Z INFO JobDispatcher] Start renew job request 0 for job 3b157889-b955-5145-bae6-a41709568025.
[2026-09-30 18:20:00Z INFO JobDispatcher] Successfully renew job 3b157889-b955-5145-bae6-a41709568025, job is valid till 30-09-2026 18:30:01
[2026-09-30 18:20:00Z INFO HostContext] Well known directory 'Bin': 'D:\cicd\actions-runner\bin'
[2026-09-30 18:20:00Z INFO ProcessInvokerWrapper] Starting process:
[2026-09-30 18:20:00Z INFO ProcessInvokerWrapper]   File name: 'D:\cicd\actions-runner\bin\Runner.Worker.exe'
[2026-09-30 18:20:00Z INFO ProcessInvokerWrapper]   Arguments: 'spawnclient 2684 1476'
[2026-09-30 18:20:00Z INFO ProcessInvokerWrapper]   Working directory: 'D:\cicd\actions-runner\bin'
[2026-09-30 18:20:00Z INFO ProcessInvokerWrapper]   Require exit code zero: 'False'
[2026-09-30 18:20:00Z INFO ProcessInvokerWrapper]   Encoding web name:  ; code page: ''
[2026-09-30 18:20:00Z INFO ProcessInvokerWrapper]   Force kill process on cancellation: 'True'
[2026-09-30 18:20:00Z INFO ProcessInvokerWrapper]   Redirected STDIN: 'False'
[2026-09-30 18:20:00Z INFO ProcessInvokerWrapper]   Persist current code page: 'False'
[2026-09-30 18:20:00Z INFO ProcessInvokerWrapper]   Keep redirected STDIN open: 'False'
[2026-09-30 18:20:00Z INFO ProcessInvokerWrapper]   High priority process: 'True'
[2026-09-30 18:20:00Z INFO ProcessInvokerWrapper] Process started with process id 15200, waiting for process exit.
[2026-09-30 18:20:00Z INFO JobDispatcher] Send job request message to worker for job 3b157889-b955-5145-bae6-a41709568025.
[2026-09-30 18:20:00Z INFO ProcessChannel] Sending message of length 26673, with hash '596e1703c7b873db72be4f9619b18716c089407043cd7d547461feaca48a7865'
[2026-09-30 18:20:01Z INFO JobNotification] Entering JobStarted Notification
[2026-09-30 18:20:01Z INFO JobNotification] Entering StartMonitor
[2026-09-30 18:21:00Z INFO JobDispatcher] Successfully renew job 3b157889-b955-5145-bae6-a41709568025, job is valid till 30-09-2026 18:31:01
[2026-09-30 18:22:01Z INFO JobDispatcher] Successfully renew job 3b157889-b955-5145-bae6-a41709568025, job is valid till 30-09-2026 18:32:02
[2026-09-30 18:22:43Z INFO ProcessInvokerWrapper] STDOUT/STDERR stream read finished.
[2026-09-30 18:22:43Z INFO ProcessInvokerWrapper] STDOUT/STDERR stream read finished.
[2026-09-30 18:22:43Z INFO ProcessInvokerWrapper] Finished process 15200 with exit code 102, and elapsed time 00:02:43.3557194.
[2026-09-30 18:22:43Z INFO JobDispatcher] Worker finished for job 3b157889-b955-5145-bae6-a41709568025. Code: 102
[2026-09-30 18:22:43Z INFO JobDispatcher] finish job request for job 3b157889-b955-5145-bae6-a41709568025 with result: Failed
[2026-09-30 18:22:43Z INFO Terminal] WRITE LINE: 2026-09-30 18:22:43Z: Job deploy completed with result: Failed
[2026-09-30 18:22:43Z INFO JobDispatcher] Stop renew job request for job 3b157889-b955-5145-bae6-a41709568025.
[2026-09-30 18:22:43Z INFO JobDispatcher] job renew has been cancelled, stop renew job 3b157889-b955-5145-bae6-a41709568025.
[2026-09-30 18:22:43Z INFO JobNotification] Entering JobCompleted Notification
[2026-09-30 18:22:43Z INFO JobNotification] Entering EndMonitor
[2026-09-30 18:22:43Z INFO BrokerMessageListener] Received job status event. JobState: Online
[2026-09-30 18:22:43Z WARN GitHubActionsService] GET request to https://broker.actions.githubusercontent.com/message?sessionId=18c808c1-13f7-463e-8f15-cccc2692a9e0&status=Busy&runnerVersion=2.337.0&os=Windows&architecture=X64&disableUpdate=false has been cancelled.
[2026-09-30 18:22:43Z ERR  BrokerServer] Catch exception during request
[2026-09-30 18:22:43Z ERR  BrokerServer] System.Threading.Tasks.TaskCanceledException: The operation was canceled.
 ---> System.Threading.Tasks.TaskCanceledException: The operation was canceled.
 ---> System.IO.IOException: Unable to read data from the transport connection: The I/O operation has been aborted because of either a thread exit or an application request..
 ---> System.Net.Sockets.SocketException (995): The I/O operation has been aborted because of either a thread exit or an application request.
   --- End of inner exception stack trace ---
   at System.Net.Sockets.Socket.AwaitableSocketAsyncEventArgs.System.Threading.Tasks.Sources.IValueTaskSource<System.Int32>.GetResult(Int16 token)
   at System.Net.Security.SslStream.EnsureFullTlsFrameAsync[TIOAdapter](CancellationToken cancellationToken, Int32 estimatedSize)
   at System.Runtime.CompilerServices.PoolingAsyncValueTaskMethodBuilder`1.StateMachineBox`1.System.Threading.Tasks.Sources.IValueTaskSource<TResult>.GetResult(Int16 token)
   at System.Net.Security.SslStream.ReadAsyncInternal[TIOAdapter](Memory`1 buffer, CancellationToken cancellationToken)
   at System.Runtime.CompilerServices.PoolingAsyncValueTaskMethodBuilder`1.StateMachineBox`1.System.Threading.Tasks.Sources.IValueTaskSource<TResult>.GetResult(Int16 token)
   at System.Net.Http.HttpConnection.SendAsync(HttpRequestMessage request, Boolean async, CancellationToken cancellationToken)
   --- End of inner exception stack trace ---
   at System.Net.Http.HttpConnection.SendAsync(HttpRequestMessage request, Boolean async, CancellationToken cancellationToken)
   at System.Net.Http.AuthenticationHelper.SendWithNtAuthAsync(HttpRequestMessage request, Uri authUri, Boolean async, ICredentials credentials, Boolean isProxyAuth, HttpConnection connection, HttpConnectionPool connectionPool, CancellationToken cancellationToken)
   at System.Net.Http.HttpConnectionPool.SendWithVersionDetectionAndRetryAsync(HttpRequestMessage request, Boolean async, Boolean doRequestAuth, CancellationToken cancellationToken)
   at System.Net.Http.AuthenticationHelper.SendWithAuthAsync(HttpRequestMessage request, Uri authUri, Boolean async, ICredentials credentials, Boolean preAuthenticate, Boolean isProxyAuth, Boolean doRequestAuth, HttpConnectionPool pool, CancellationToken cancellationToken)
   at System.Net.Http.RedirectHandler.SendAsync(HttpRequestMessage request, Boolean async, CancellationToken cancellationToken)
   at GitHub.Services.Common.RawHttpMessageHandler.SendAsync(HttpRequestMessage request, CancellationToken cancellationToken)
   at GitHub.Services.Common.VssHttpRetryMessageHandler.SendAsync(HttpRequestMessage request, CancellationToken cancellationToken)
   at System.Net.Http.HttpClient.<SendAsync>g__Core|83_0(HttpRequestMessage request, HttpCompletionOption completionOption, CancellationTokenSource cts, Boolean disposeCts, CancellationTokenSource pendingRequestsCts, CancellationToken originalCancellationToken)
   --- End of inner exception stack trace ---
   at System.Net.Http.HttpClient.HandleFailure(Exception e, Boolean telemetryStarted, HttpResponseMessage response, CancellationTokenSource cts, CancellationToken cancellationToken, CancellationTokenSource pendingRequestsCts)
   at System.Net.Http.HttpClient.<SendAsync>g__Core|83_0(HttpRequestMessage request, HttpCompletionOption completionOption, CancellationTokenSource cts, Boolean disposeCts, CancellationTokenSource pendingRequestsCts, CancellationToken originalCancellationToken)
   at Sdk.WebApi.WebApi.RawHttpClientBase.SendAsync(HttpRequestMessage message, HttpCompletionOption completionOption, Object userState, CancellationToken cancellationToken)
   at Sdk.WebApi.WebApi.RawHttpClientBase.SendAsync[T](HttpRequestMessage message, Boolean readErrorBody, Object userState, CancellationToken cancellationToken)
   at Sdk.WebApi.WebApi.RawHttpClientBase.SendAsync[T](HttpMethod method, IEnumerable`1 additionalHeaders, Uri requestUri, HttpContent content, IEnumerable`1 queryParameters, Boolean readErrorBody, Object userState, CancellationToken cancellationToken)
   at GitHub.Actions.RunService.WebApi.BrokerHttpClient.GetRunnerMessageAsync(Nullable`1 sessionId, String runnerVersion, Nullable`1 status, String os, String architecture, Nullable`1 disableUpdate, CancellationToken cancellationToken)
   at GitHub.Runner.Common.BrokerServer.<>c__DisplayClass7_0.<<GetRunnerMessageAsync>b__0>d.MoveNext()
--- End of stack trace from previous location ---
   at GitHub.Runner.Common.RunnerService.RetryRequest[T](Func`1 func, CancellationToken cancellationToken, Int32 maxAttempts, Func`2 shouldRetry)
[2026-09-30 18:22:43Z ERR  BrokerServer] #####################################################
[2026-09-30 18:22:43Z ERR  BrokerServer] System.Threading.Tasks.TaskCanceledException: The operation was canceled.
 ---> System.IO.IOException: Unable to read data from the transport connection: The I/O operation has been aborted because of either a thread exit or an application request..
 ---> System.Net.Sockets.SocketException (995): The I/O operation has been aborted because of either a thread exit or an application request.
   --- End of inner exception stack trace ---
   at System.Net.Sockets.Socket.AwaitableSocketAsyncEventArgs.System.Threading.Tasks.Sources.IValueTaskSource<System.Int32>.GetResult(Int16 token)
   at System.Net.Security.SslStream.EnsureFullTlsFrameAsync[TIOAdapter](CancellationToken cancellationToken, Int32 estimatedSize)
   at System.Runtime.CompilerServices.PoolingAsyncValueTaskMethodBuilder`1.StateMachineBox`1.System.Threading.Tasks.Sources.IValueTaskSource<TResult>.GetResult(Int16 token)
   at System.Net.Security.SslStream.ReadAsyncInternal[TIOAdapter](Memory`1 buffer, CancellationToken cancellationToken)
   at System.Runtime.CompilerServices.PoolingAsyncValueTaskMethodBuilder`1.StateMachineBox`1.System.Threading.Tasks.Sources.IValueTaskSource<TResult>.GetResult(Int16 token)
   at System.Net.Http.HttpConnection.SendAsync(HttpRequestMessage request, Boolean async, CancellationToken cancellationToken)
   --- End of inner exception stack trace ---
   at System.Net.Http.HttpConnection.SendAsync(HttpRequestMessage request, Boolean async, CancellationToken cancellationToken)
   at System.Net.Http.AuthenticationHelper.SendWithNtAuthAsync(HttpRequestMessage request, Uri authUri, Boolean async, ICredentials credentials, Boolean isProxyAuth, HttpConnection connection, HttpConnectionPool connectionPool, CancellationToken cancellationToken)
   at System.Net.Http.HttpConnectionPool.SendWithVersionDetectionAndRetryAsync(HttpRequestMessage request, Boolean async, Boolean doRequestAuth, CancellationToken cancellationToken)
   at System.Net.Http.AuthenticationHelper.SendWithAuthAsync(HttpRequestMessage request, Uri authUri, Boolean async, ICredentials credentials, Boolean preAuthenticate, Boolean isProxyAuth, Boolean doRequestAuth, HttpConnectionPool pool, CancellationToken cancellationToken)
   at System.Net.Http.RedirectHandler.SendAsync(HttpRequestMessage request, Boolean async, CancellationToken cancellationToken)
   at GitHub.Services.Common.RawHttpMessageHandler.SendAsync(HttpRequestMessage request, CancellationToken cancellationToken)
   at GitHub.Services.Common.VssHttpRetryMessageHandler.SendAsync(HttpRequestMessage request, CancellationToken cancellationToken)
   at System.Net.Http.HttpClient.<SendAsync>g__Core|83_0(HttpRequestMessage request, HttpCompletionOption completionOption, CancellationTokenSource cts, Boolean disposeCts, CancellationTokenSource pendingRequestsCts, CancellationToken originalCancellationToken)
[2026-09-30 18:22:43Z ERR  BrokerServer] #####################################################
[2026-09-30 18:22:43Z ERR  BrokerServer] System.IO.IOException: Unable to read data from the transport connection: The I/O operation has been aborted because of either a thread exit or an application request..
 ---> System.Net.Sockets.SocketException (995): The I/O operation has been aborted because of either a thread exit or an application request.
   --- End of inner exception stack trace ---
   at System.Net.Sockets.Socket.AwaitableSocketAsyncEventArgs.System.Threading.Tasks.Sources.IValueTaskSource<System.Int32>.GetResult(Int16 token)
   at System.Net.Security.SslStream.EnsureFullTlsFrameAsync[TIOAdapter](CancellationToken cancellationToken, Int32 estimatedSize)
   at System.Runtime.CompilerServices.PoolingAsyncValueTaskMethodBuilder`1.StateMachineBox`1.System.Threading.Tasks.Sources.IValueTaskSource<TResult>.GetResult(Int16 token)
   at System.Net.Security.SslStream.ReadAsyncInternal[TIOAdapter](Memory`1 buffer, CancellationToken cancellationToken)
   at System.Runtime.CompilerServices.PoolingAsyncValueTaskMethodBuilder`1.StateMachineBox`1.System.Threading.Tasks.Sources.IValueTaskSource<TResult>.GetResult(Int16 token)
   at System.Net.Http.HttpConnection.SendAsync(HttpRequestMessage request, Boolean async, CancellationToken cancellationToken)
[2026-09-30 18:22:43Z ERR  BrokerServer] #####################################################
[2026-09-30 18:22:43Z ERR  BrokerServer] System.Net.Sockets.SocketException (995): The I/O operation has been aborted because of either a thread exit or an application request.
[2026-09-30 18:22:43Z WARN BrokerServer] Back off 5.387 seconds before next retry. 4 attempt left.
[2026-09-30 18:22:43Z INFO BrokerMessageListener] Get messages has been cancelled using local token source. Continue to get messages with new status.
[2026-09-30 18:26:43Z INFO BrokerMessageListener] Acknowledging runner request '5aeba3ee-b048-5780-8130-82d7fc9edaa4'.
[2026-09-30 18:26:44Z INFO ConfigurationStore] HasCredentials()
[2026-09-30 18:26:44Z INFO ConfigurationStore] stored True
[2026-09-30 18:26:44Z INFO CredentialManager] GetCredentialProvider
[2026-09-30 18:26:44Z INFO CredentialManager] Creating type OAuth
[2026-09-30 18:26:44Z INFO CredentialManager] Creating credential type: OAuth
[2026-09-30 18:26:44Z INFO RSAEncryptedFileKeyManager] Loading RSA key parameters from file D:\cicd\actions-runner\.credentials_rsaparams
[2026-09-30 18:26:44Z INFO RSAEncryptedFileKeyManager] Loading RSA key parameters from file D:\cicd\actions-runner\.credentials_rsaparams
[2026-09-30 18:26:44Z INFO RSAEncryptedFileKeyManager] Loading RSA key parameters from file D:\cicd\actions-runner\.credentials_rsaparams
[2026-09-30 18:26:45Z INFO GitHubActionsService] AAD Correlation ID for this token request: Unknown
[2026-09-30 18:26:48Z INFO JobDispatcher] Job request 0 for plan cd9bd728-9226-8968-9c05-4289d949f00b job 5aeba3ee-b048-5780-8130-82d7fc9edaa4 received.
[2026-09-30 18:26:48Z INFO JobDispatcher] Pull OrchestrationId cd9bd728-9226-8968-9c05-4289d949f00b.deploy.__default from JWT claims
[2026-09-30 18:26:48Z INFO BrokerMessageListener] Received job status event. JobState: Busy
[2026-09-30 18:26:48Z INFO BrokerMessageListener] _getMessagesTokenSource is already disposed.
[2026-09-30 18:26:48Z INFO JobDispatcher] Job request 3b157889-b955-5145-bae6-a41709568025 processed succeed.
[2026-09-30 18:26:48Z INFO Terminal] WRITE LINE: 2026-09-30 18:26:48Z: Running job: deploy
[2026-09-30 18:26:48Z INFO JobDispatcher] Start renew job request 0 for job 5aeba3ee-b048-5780-8130-82d7fc9edaa4.
[2026-09-30 18:26:50Z INFO JobDispatcher] Successfully renew job 5aeba3ee-b048-5780-8130-82d7fc9edaa4, job is valid till 30-09-2026 18:36:51
[2026-09-30 18:26:50Z INFO HostContext] Well known directory 'Bin': 'D:\cicd\actions-runner\bin'
[2026-09-30 18:26:50Z INFO ProcessInvokerWrapper] Starting process:
[2026-09-30 18:26:50Z INFO ProcessInvokerWrapper]   File name: 'D:\cicd\actions-runner\bin\Runner.Worker.exe'
[2026-09-30 18:26:50Z INFO ProcessInvokerWrapper]   Arguments: 'spawnclient 2924 2632'
[2026-09-30 18:26:50Z INFO ProcessInvokerWrapper]   Working directory: 'D:\cicd\actions-runner\bin'
[2026-09-30 18:26:50Z INFO ProcessInvokerWrapper]   Require exit code zero: 'False'
[2026-09-30 18:26:50Z INFO ProcessInvokerWrapper]   Encoding web name:  ; code page: ''
[2026-09-30 18:26:50Z INFO ProcessInvokerWrapper]   Force kill process on cancellation: 'True'
[2026-09-30 18:26:50Z INFO ProcessInvokerWrapper]   Redirected STDIN: 'False'
[2026-09-30 18:26:50Z INFO ProcessInvokerWrapper]   Persist current code page: 'False'
[2026-09-30 18:26:50Z INFO ProcessInvokerWrapper]   Keep redirected STDIN open: 'False'
[2026-09-30 18:26:50Z INFO ProcessInvokerWrapper]   High priority process: 'True'
[2026-09-30 18:26:50Z INFO ProcessInvokerWrapper] Process started with process id 28112, waiting for process exit.
[2026-09-30 18:26:50Z INFO JobDispatcher] Send job request message to worker for job 5aeba3ee-b048-5780-8130-82d7fc9edaa4.
[2026-09-30 18:26:50Z INFO ProcessChannel] Sending message of length 26782, with hash 'd3ff66900dc56cc1313355b29e5ba132a8b31babe6fef04a6a8da66db0070799'
[2026-09-30 18:26:51Z INFO JobNotification] Entering JobStarted Notification
[2026-09-30 18:26:51Z INFO JobNotification] Entering StartMonitor
[2026-09-30 18:27:50Z INFO JobDispatcher] Successfully renew job 5aeba3ee-b048-5780-8130-82d7fc9edaa4, job is valid till 30-09-2026 18:37:51
[2026-09-30 18:28:50Z INFO JobDispatcher] Successfully renew job 5aeba3ee-b048-5780-8130-82d7fc9edaa4, job is valid till 30-09-2026 18:38:51
[2026-09-30 18:29:51Z INFO JobDispatcher] Successfully renew job 5aeba3ee-b048-5780-8130-82d7fc9edaa4, job is valid till 30-09-2026 18:39:52
[2026-09-30 18:30:51Z INFO JobDispatcher] Successfully renew job 5aeba3ee-b048-5780-8130-82d7fc9edaa4, job is valid till 30-09-2026 18:40:52
[2026-09-30 18:31:49Z INFO ProcessInvokerWrapper] STDOUT/STDERR stream read finished.
[2026-09-30 18:31:49Z INFO ProcessInvokerWrapper] STDOUT/STDERR stream read finished.
[2026-09-30 18:31:49Z INFO ProcessInvokerWrapper] Finished process 28112 with exit code 102, and elapsed time 00:04:59.7676811.
[2026-09-30 18:31:49Z INFO JobDispatcher] Worker finished for job 5aeba3ee-b048-5780-8130-82d7fc9edaa4. Code: 102
[2026-09-30 18:31:49Z INFO JobDispatcher] finish job request for job 5aeba3ee-b048-5780-8130-82d7fc9edaa4 with result: Failed
[2026-09-30 18:31:49Z INFO Terminal] WRITE LINE: 2026-09-30 18:31:49Z: Job deploy completed with result: Failed
[2026-09-30 18:31:49Z INFO JobDispatcher] Stop renew job request for job 5aeba3ee-b048-5780-8130-82d7fc9edaa4.
[2026-09-30 18:31:49Z INFO JobDispatcher] job renew has been cancelled, stop renew job 5aeba3ee-b048-5780-8130-82d7fc9edaa4.
[2026-09-30 18:31:49Z INFO JobNotification] Entering JobCompleted Notification
[2026-09-30 18:31:49Z INFO JobNotification] Entering EndMonitor
[2026-09-30 18:31:49Z INFO BrokerMessageListener] Received job status event. JobState: Online
[2026-09-30 18:31:49Z WARN GitHubActionsService] GET request to https://broker.actions.githubusercontent.com/message?sessionId=18c808c1-13f7-463e-8f15-cccc2692a9e0&status=Busy&runnerVersion=2.337.0&os=Windows&architecture=X64&disableUpdate=false has been cancelled.
[2026-09-30 18:31:49Z ERR  BrokerServer] Catch exception during request
[2026-09-30 18:31:49Z ERR  BrokerServer] System.Threading.Tasks.TaskCanceledException: The operation was canceled.
 ---> System.Threading.Tasks.TaskCanceledException: The operation was canceled.
 ---> System.IO.IOException: Unable to read data from the transport connection: The I/O operation has been aborted because of either a thread exit or an application request..
 ---> System.Net.Sockets.SocketException (995): The I/O operation has been aborted because of either a thread exit or an application request.
   --- End of inner exception stack trace ---
   at System.Net.Sockets.Socket.AwaitableSocketAsyncEventArgs.System.Threading.Tasks.Sources.IValueTaskSource<System.Int32>.GetResult(Int16 token)
   at System.Net.Security.SslStream.EnsureFullTlsFrameAsync[TIOAdapter](CancellationToken cancellationToken, Int32 estimatedSize)
   at System.Runtime.CompilerServices.PoolingAsyncValueTaskMethodBuilder`1.StateMachineBox`1.System.Threading.Tasks.Sources.IValueTaskSource<TResult>.GetResult(Int16 token)
   at System.Net.Security.SslStream.ReadAsyncInternal[TIOAdapter](Memory`1 buffer, CancellationToken cancellationToken)
   at System.Runtime.CompilerServices.PoolingAsyncValueTaskMethodBuilder`1.StateMachineBox`1.System.Threading.Tasks.Sources.IValueTaskSource<TResult>.GetResult(Int16 token)
   at System.Net.Http.HttpConnection.SendAsync(HttpRequestMessage request, Boolean async, CancellationToken cancellationToken)
   --- End of inner exception stack trace ---
   at System.Net.Http.HttpConnection.SendAsync(HttpRequestMessage request, Boolean async, CancellationToken cancellationToken)
   at System.Net.Http.AuthenticationHelper.SendWithNtAuthAsync(HttpRequestMessage request, Uri authUri, Boolean async, ICredentials credentials, Boolean isProxyAuth, HttpConnection connection, HttpConnectionPool connectionPool, CancellationToken cancellationToken)
   at System.Net.Http.HttpConnectionPool.SendWithVersionDetectionAndRetryAsync(HttpRequestMessage request, Boolean async, Boolean doRequestAuth, CancellationToken cancellationToken)
   at System.Net.Http.AuthenticationHelper.SendWithAuthAsync(HttpRequestMessage request, Uri authUri, Boolean async, ICredentials credentials, Boolean preAuthenticate, Boolean isProxyAuth, Boolean doRequestAuth, HttpConnectionPool pool, CancellationToken cancellationToken)
   at System.Net.Http.RedirectHandler.SendAsync(HttpRequestMessage request, Boolean async, CancellationToken cancellationToken)
   at GitHub.Services.Common.RawHttpMessageHandler.SendAsync(HttpRequestMessage request, CancellationToken cancellationToken)
   at GitHub.Services.Common.VssHttpRetryMessageHandler.SendAsync(HttpRequestMessage request, CancellationToken cancellationToken)
   at System.Net.Http.HttpClient.<SendAsync>g__Core|83_0(HttpRequestMessage request, HttpCompletionOption completionOption, CancellationTokenSource cts, Boolean disposeCts, CancellationTokenSource pendingRequestsCts, CancellationToken originalCancellationToken)
   --- End of inner exception stack trace ---
   at System.Net.Http.HttpClient.HandleFailure(Exception e, Boolean telemetryStarted, HttpResponseMessage response, CancellationTokenSource cts, CancellationToken cancellationToken, CancellationTokenSource pendingRequestsCts)
   at System.Net.Http.HttpClient.<SendAsync>g__Core|83_0(HttpRequestMessage request, HttpCompletionOption completionOption, CancellationTokenSource cts, Boolean disposeCts, CancellationTokenSource pendingRequestsCts, CancellationToken originalCancellationToken)
   at Sdk.WebApi.WebApi.RawHttpClientBase.SendAsync(HttpRequestMessage message, HttpCompletionOption completionOption, Object userState, CancellationToken cancellationToken)
   at Sdk.WebApi.WebApi.RawHttpClientBase.SendAsync[T](HttpRequestMessage message, Boolean readErrorBody, Object userState, CancellationToken cancellationToken)
   at Sdk.WebApi.WebApi.RawHttpClientBase.SendAsync[T](HttpMethod method, IEnumerable`1 additionalHeaders, Uri requestUri, HttpContent content, IEnumerable`1 queryParameters, Boolean readErrorBody, Object userState, CancellationToken cancellationToken)
   at GitHub.Actions.RunService.WebApi.BrokerHttpClient.GetRunnerMessageAsync(Nullable`1 sessionId, String runnerVersion, Nullable`1 status, String os, String architecture, Nullable`1 disableUpdate, CancellationToken cancellationToken)
   at GitHub.Runner.Common.BrokerServer.<>c__DisplayClass7_0.<<GetRunnerMessageAsync>b__0>d.MoveNext()
--- End of stack trace from previous location ---
   at GitHub.Runner.Common.RunnerService.RetryRequest[T](Func`1 func, CancellationToken cancellationToken, Int32 maxAttempts, Func`2 shouldRetry)
[2026-09-30 18:31:49Z ERR  BrokerServer] #####################################################
[2026-09-30 18:31:49Z ERR  BrokerServer] System.Threading.Tasks.TaskCanceledException: The operation was canceled.
 ---> System.IO.IOException: Unable to read data from the transport connection: The I/O operation has been aborted because of either a thread exit or an application request..
 ---> System.Net.Sockets.SocketException (995): The I/O operation has been aborted because of either a thread exit or an application request.
   --- End of inner exception stack trace ---
   at System.Net.Sockets.Socket.AwaitableSocketAsyncEventArgs.System.Threading.Tasks.Sources.IValueTaskSource<System.Int32>.GetResult(Int16 token)
   at System.Net.Security.SslStream.EnsureFullTlsFrameAsync[TIOAdapter](CancellationToken cancellationToken, Int32 estimatedSize)
   at System.Runtime.CompilerServices.PoolingAsyncValueTaskMethodBuilder`1.StateMachineBox`1.System.Threading.Tasks.Sources.IValueTaskSource<TResult>.GetResult(Int16 token)
   at System.Net.Security.SslStream.ReadAsyncInternal[TIOAdapter](Memory`1 buffer, CancellationToken cancellationToken)
   at System.Runtime.CompilerServices.PoolingAsyncValueTaskMethodBuilder`1.StateMachineBox`1.System.Threading.Tasks.Sources.IValueTaskSource<TResult>.GetResult(Int16 token)
   at System.Net.Http.HttpConnection.SendAsync(HttpRequestMessage request, Boolean async, CancellationToken cancellationToken)
   --- End of inner exception stack trace ---
   at System.Net.Http.HttpConnection.SendAsync(HttpRequestMessage request, Boolean async, CancellationToken cancellationToken)
   at System.Net.Http.AuthenticationHelper.SendWithNtAuthAsync(HttpRequestMessage request, Uri authUri, Boolean async, ICredentials credentials, Boolean isProxyAuth, HttpConnection connection, HttpConnectionPool connectionPool, CancellationToken cancellationToken)
   at System.Net.Http.HttpConnectionPool.SendWithVersionDetectionAndRetryAsync(HttpRequestMessage request, Boolean async, Boolean doRequestAuth, CancellationToken cancellationToken)
   at System.Net.Http.AuthenticationHelper.SendWithAuthAsync(HttpRequestMessage request, Uri authUri, Boolean async, ICredentials credentials, Boolean preAuthenticate, Boolean isProxyAuth, Boolean doRequestAuth, HttpConnectionPool pool, CancellationToken cancellationToken)
   at System.Net.Http.RedirectHandler.SendAsync(HttpRequestMessage request, Boolean async, CancellationToken cancellationToken)
   at GitHub.Services.Common.RawHttpMessageHandler.SendAsync(HttpRequestMessage request, CancellationToken cancellationToken)
   at GitHub.Services.Common.VssHttpRetryMessageHandler.SendAsync(HttpRequestMessage request, CancellationToken cancellationToken)
   at System.Net.Http.HttpClient.<SendAsync>g__Core|83_0(HttpRequestMessage request, HttpCompletionOption completionOption, CancellationTokenSource cts, Boolean disposeCts, CancellationTokenSource pendingRequestsCts, CancellationToken originalCancellationToken)
[2026-09-30 18:31:49Z ERR  BrokerServer] #####################################################
[2026-09-30 18:31:49Z ERR  BrokerServer] System.IO.IOException: Unable to read data from the transport connection: The I/O operation has been aborted because of either a thread exit or an application request..
 ---> System.Net.Sockets.SocketException (995): The I/O operation has been aborted because of either a thread exit or an application request.
   --- End of inner exception stack trace ---
   at System.Net.Sockets.Socket.AwaitableSocketAsyncEventArgs.System.Threading.Tasks.Sources.IValueTaskSource<System.Int32>.GetResult(Int16 token)
   at System.Net.Security.SslStream.EnsureFullTlsFrameAsync[TIOAdapter](CancellationToken cancellationToken, Int32 estimatedSize)
   at System.Runtime.CompilerServices.PoolingAsyncValueTaskMethodBuilder`1.StateMachineBox`1.System.Threading.Tasks.Sources.IValueTaskSource<TResult>.GetResult(Int16 token)
   at System.Net.Security.SslStream.ReadAsyncInternal[TIOAdapter](Memory`1 buffer, CancellationToken cancellationToken)
   at System.Runtime.CompilerServices.PoolingAsyncValueTaskMethodBuilder`1.StateMachineBox`1.System.Threading.Tasks.Sources.IValueTaskSource<TResult>.GetResult(Int16 token)
   at System.Net.Http.HttpConnection.SendAsync(HttpRequestMessage request, Boolean async, CancellationToken cancellationToken)
[2026-09-30 18:31:49Z ERR  BrokerServer] #####################################################
[2026-09-30 18:31:49Z ERR  BrokerServer] System.Net.Sockets.SocketException (995): The I/O operation has been aborted because of either a thread exit or an application request.
[2026-09-30 18:31:49Z WARN BrokerServer] Back off 10.096 seconds before next retry. 4 attempt left.
[2026-09-30 18:31:49Z INFO BrokerMessageListener] Get messages has been cancelled using local token source. Continue to get messages with new status.
[2026-09-30 18:34:18Z INFO Terminal] WRITE LINE: Exiting...
[2026-09-30 18:34:18Z INFO ConfigurationStore] IsServiceConfigured()
[2026-09-30 18:34:18Z INFO ConfigurationStore] IsServiceConfigured: False
[2026-09-30 18:34:18Z INFO HostContext] Runner will be shutdown for UserCancelled
[2026-09-30 18:34:18Z WARN GitHubActionsService] GET request to https://broker.actions.githubusercontent.com/message?sessionId=18c808c1-13f7-463e-8f15-cccc2692a9e0&status=Online&runnerVersion=2.337.0&os=Windows&architecture=X64&disableUpdate=false has been cancelled.
[2026-09-30 18:34:18Z ERR  BrokerServer] Catch exception during request
[2026-09-30 18:34:18Z ERR  BrokerServer] System.Threading.Tasks.TaskCanceledException: The operation was canceled.
 ---> System.Threading.Tasks.TaskCanceledException: The operation was canceled.
 ---> System.IO.IOException: Unable to read data from the transport connection: The I/O operation has been aborted because of either a thread exit or an application request..
 ---> System.Net.Sockets.SocketException (995): The I/O operation has been aborted because of either a thread exit or an application request.
   --- End of inner exception stack trace ---
   at System.Net.Sockets.Socket.AwaitableSocketAsyncEventArgs.System.Threading.Tasks.Sources.IValueTaskSource<System.Int32>.GetResult(Int16 token)
   at System.Net.Security.SslStream.EnsureFullTlsFrameAsync[TIOAdapter](CancellationToken cancellationToken, Int32 estimatedSize)
   at System.Runtime.CompilerServices.PoolingAsyncValueTaskMethodBuilder`1.StateMachineBox`1.System.Threading.Tasks.Sources.IValueTaskSource<TResult>.GetResult(Int16 token)
   at System.Net.Security.SslStream.ReadAsyncInternal[TIOAdapter](Memory`1 buffer, CancellationToken cancellationToken)
   at System.Runtime.CompilerServices.PoolingAsyncValueTaskMethodBuilder`1.StateMachineBox`1.System.Threading.Tasks.Sources.IValueTaskSource<TResult>.GetResult(Int16 token)
   at System.Net.Http.HttpConnection.SendAsync(HttpRequestMessage request, Boolean async, CancellationToken cancellationToken)
   --- End of inner exception stack trace ---
   at System.Net.Http.HttpConnection.SendAsync(HttpRequestMessage request, Boolean async, CancellationToken cancellationToken)
   at System.Net.Http.AuthenticationHelper.SendWithNtAuthAsync(HttpRequestMessage request, Uri authUri, Boolean async, ICredentials credentials, Boolean isProxyAuth, HttpConnection connection, HttpConnectionPool connectionPool, CancellationToken cancellationToken)
   at System.Net.Http.HttpConnectionPool.SendWithVersionDetectionAndRetryAsync(HttpRequestMessage request, Boolean async, Boolean doRequestAuth, CancellationToken cancellationToken)
   at System.Net.Http.AuthenticationHelper.SendWithAuthAsync(HttpRequestMessage request, Uri authUri, Boolean async, ICredentials credentials, Boolean preAuthenticate, Boolean isProxyAuth, Boolean doRequestAuth, HttpConnectionPool pool, CancellationToken cancellationToken)
   at System.Net.Http.RedirectHandler.SendAsync(HttpRequestMessage request, Boolean async, CancellationToken cancellationToken)
   at GitHub.Services.Common.RawHttpMessageHandler.SendAsync(HttpRequestMessage request, CancellationToken cancellationToken)
   at GitHub.Services.Common.VssHttpRetryMessageHandler.SendAsync(HttpRequestMessage request, CancellationToken cancellationToken)
   at System.Net.Http.HttpClient.<SendAsync>g__Core|83_0(HttpRequestMessage request, HttpCompletionOption completionOption, CancellationTokenSource cts, Boolean disposeCts, CancellationTokenSource pendingRequestsCts, CancellationToken originalCancellationToken)
   --- End of inner exception stack trace ---
   at System.Net.Http.HttpClient.HandleFailure(Exception e, Boolean telemetryStarted, HttpResponseMessage response, CancellationTokenSource cts, CancellationToken cancellationToken, CancellationTokenSource pendingRequestsCts)
   at System.Net.Http.HttpClient.<SendAsync>g__Core|83_0(HttpRequestMessage request, HttpCompletionOption completionOption, CancellationTokenSource cts, Boolean disposeCts, CancellationTokenSource pendingRequestsCts, CancellationToken originalCancellationToken)
   at Sdk.WebApi.WebApi.RawHttpClientBase.SendAsync(HttpRequestMessage message, HttpCompletionOption completionOption, Object userState, CancellationToken cancellationToken)
   at Sdk.WebApi.WebApi.RawHttpClientBase.SendAsync[T](HttpRequestMessage message, Boolean readErrorBody, Object userState, CancellationToken cancellationToken)
   at Sdk.WebApi.WebApi.RawHttpClientBase.SendAsync[T](HttpMethod method, IEnumerable`1 additionalHeaders, Uri requestUri, HttpContent content, IEnumerable`1 queryParameters, Boolean readErrorBody, Object userState, CancellationToken cancellationToken)
   at GitHub.Actions.RunService.WebApi.BrokerHttpClient.GetRunnerMessageAsync(Nullable`1 sessionId, String runnerVersion, Nullable`1 status, String os, String architecture, Nullable`1 disableUpdate, CancellationToken cancellationToken)
   at GitHub.Runner.Common.BrokerServer.<>c__DisplayClass7_0.<<GetRunnerMessageAsync>b__0>d.MoveNext()
--- End of stack trace from previous location ---
   at GitHub.Runner.Common.RunnerService.RetryRequest[T](Func`1 func, CancellationToken cancellationToken, Int32 maxAttempts, Func`2 shouldRetry)
[2026-09-30 18:34:18Z ERR  BrokerServer] #####################################################
[2026-09-30 18:34:18Z ERR  BrokerServer] System.Threading.Tasks.TaskCanceledException: The operation was canceled.
 ---> System.IO.IOException: Unable to read data from the transport connection: The I/O operation has been aborted because of either a thread exit or an application request..
 ---> System.Net.Sockets.SocketException (995): The I/O operation has been aborted because of either a thread exit or an application request.
   --- End of inner exception stack trace ---
   at System.Net.Sockets.Socket.AwaitableSocketAsyncEventArgs.System.Threading.Tasks.Sources.IValueTaskSource<System.Int32>.GetResult(Int16 token)
   at System.Net.Security.SslStream.EnsureFullTlsFrameAsync[TIOAdapter](CancellationToken cancellationToken, Int32 estimatedSize)
   at System.Runtime.CompilerServices.PoolingAsyncValueTaskMethodBuilder`1.StateMachineBox`1.System.Threading.Tasks.Sources.IValueTaskSource<TResult>.GetResult(Int16 token)
   at System.Net.Security.SslStream.ReadAsyncInternal[TIOAdapter](Memory`1 buffer, CancellationToken cancellationToken)
   at System.Runtime.CompilerServices.PoolingAsyncValueTaskMethodBuilder`1.StateMachineBox`1.System.Threading.Tasks.Sources.IValueTaskSource<TResult>.GetResult(Int16 token)
   at System.Net.Http.HttpConnection.SendAsync(HttpRequestMessage request, Boolean async, CancellationToken cancellationToken)
   --- End of inner exception stack trace ---
   at System.Net.Http.HttpConnection.SendAsync(HttpRequestMessage request, Boolean async, CancellationToken cancellationToken)
   at System.Net.Http.AuthenticationHelper.SendWithNtAuthAsync(HttpRequestMessage request, Uri authUri, Boolean async, ICredentials credentials, Boolean isProxyAuth, HttpConnection connection, HttpConnectionPool connectionPool, CancellationToken cancellationToken)
   at System.Net.Http.HttpConnectionPool.SendWithVersionDetectionAndRetryAsync(HttpRequestMessage request, Boolean async, Boolean doRequestAuth, CancellationToken cancellationToken)
   at System.Net.Http.AuthenticationHelper.SendWithAuthAsync(HttpRequestMessage request, Uri authUri, Boolean async, ICredentials credentials, Boolean preAuthenticate, Boolean isProxyAuth, Boolean doRequestAuth, HttpConnectionPool pool, CancellationToken cancellationToken)
   at System.Net.Http.RedirectHandler.SendAsync(HttpRequestMessage request, Boolean async, CancellationToken cancellationToken)
   at GitHub.Services.Common.RawHttpMessageHandler.SendAsync(HttpRequestMessage request, CancellationToken cancellationToken)
   at GitHub.Services.Common.VssHttpRetryMessageHandler.SendAsync(HttpRequestMessage request, CancellationToken cancellationToken)
   at System.Net.Http.HttpClient.<SendAsync>g__Core|83_0(HttpRequestMessage request, HttpCompletionOption completionOption, CancellationTokenSource cts, Boolean disposeCts, CancellationTokenSource pendingRequestsCts, CancellationToken originalCancellationToken)
[2026-09-30 18:34:18Z ERR  BrokerServer] #####################################################
[2026-09-30 18:34:18Z ERR  BrokerServer] System.IO.IOException: Unable to read data from the transport connection: The I/O operation has been aborted because of either a thread exit or an application request..
 ---> System.Net.Sockets.SocketException (995): The I/O operation has been aborted because of either a thread exit or an application request.
   --- End of inner exception stack trace ---
   at System.Net.Sockets.Socket.AwaitableSocketAsyncEventArgs.System.Threading.Tasks.Sources.IValueTaskSource<System.Int32>.GetResult(Int16 token)
   at System.Net.Security.SslStream.EnsureFullTlsFrameAsync[TIOAdapter](CancellationToken cancellationToken, Int32 estimatedSize)
   at System.Runtime.CompilerServices.PoolingAsyncValueTaskMethodBuilder`1.StateMachineBox`1.System.Threading.Tasks.Sources.IValueTaskSource<TResult>.GetResult(Int16 token)
   at System.Net.Security.SslStream.ReadAsyncInternal[TIOAdapter](Memory`1 buffer, CancellationToken cancellationToken)
   at System.Runtime.CompilerServices.PoolingAsyncValueTaskMethodBuilder`1.StateMachineBox`1.System.Threading.Tasks.Sources.IValueTaskSource<TResult>.GetResult(Int16 token)
   at System.Net.Http.HttpConnection.SendAsync(HttpRequestMessage request, Boolean async, CancellationToken cancellationToken)
[2026-09-30 18:34:18Z ERR  BrokerServer] #####################################################
[2026-09-30 18:34:18Z ERR  BrokerServer] System.Net.Sockets.SocketException (995): The I/O operation has been aborted because of either a thread exit or an application request.
[2026-09-30 18:34:18Z WARN BrokerServer] Back off 8.745 seconds before next retry. 4 attempt left.
[2026-09-30 18:34:18Z INFO BrokerMessageListener] Get next message has been cancelled.
[2026-09-30 18:34:18Z INFO JobDispatcher] Shutting down JobDispatcher. Make sure all WorkerDispatcher has finished.
[2026-09-30 18:34:18Z INFO JobDispatcher] Ensure WorkerDispatcher for job 5aeba3ee-b048-5780-8130-82d7fc9edaa4 run to finish, cancel any running job.
[2026-09-30 18:34:18Z INFO JobDispatcher] Job request 5aeba3ee-b048-5780-8130-82d7fc9edaa4 processed succeed.
[2026-09-30 18:34:18Z INFO Runner] Deleting Runner Session...
[2026-09-30 18:34:19Z INFO Listener] Runner execution been cancelled.
