[2026-09-30 17:12:19Z INFO HostContext] No proxy settings were found based on environmental variables (http_proxy/https_proxy/HTTP_PROXY/HTTPS_PROXY)
[2026-09-30 17:12:19Z INFO HostContext] Well known directory 'Bin': 'D:\cicd\actions-runner\bin'
[2026-09-30 17:12:19Z INFO HostContext] Well known directory 'Root': 'D:\cicd\actions-runner'
[2026-09-30 17:12:19Z INFO HostContext] Well known config file 'Credentials': 'D:\cicd\actions-runner\.credentials'
[2026-09-30 17:12:20Z INFO HostContext] Well known directory 'Bin': 'D:\cicd\actions-runner\bin'
[2026-09-30 17:12:20Z INFO HostContext] Well known directory 'Root': 'D:\cicd\actions-runner'
[2026-09-30 17:12:20Z INFO HostContext] Well known config file 'Runner': 'D:\cicd\actions-runner\.runner'
[2026-09-30 17:12:20Z INFO Worker] Version: 2.337.0
[2026-09-30 17:12:20Z INFO Worker] Commit: 397b032cbf865e9c3ddfab89d533ec19325e1273
[2026-09-30 17:12:20Z INFO Worker] Culture: en-IN
[2026-09-30 17:12:20Z INFO Worker] UI Culture: en-US
[2026-09-30 17:12:20Z INFO Worker] Waiting to receive the job message from the channel.
[2026-09-30 17:12:20Z INFO ProcessChannel] Receiving message of length 26279, with hash 'd32a7e58d5a3618912ea2b804fc9849b861f609410c19b7a64c2e92b43499674'
[2026-09-30 17:12:20Z INFO Worker] Message received.
[2026-09-30 17:12:21Z INFO Worker] Job message:
 {
  "fileTable": [
    ".github/workflows/k8s_pipeline.yaml"
  ],
  "mask": [
    {
      "type": "regex",
      "value": "***"
    },
    {
      "type": "regex",
      "value": "***"
    },
    {
      "type": "regex",
      "value": "***"
    },
    {
      "type": "regex",
      "value": "***"
    },
    {
      "type": "regex",
      "value": "***"
    },
    {
      "type": "regex",
      "value": "***"
    },
    {
      "type": "regex",
      "value": "***"
    },
    {
      "type": "regex",
      "value": "***"
    },
    {
      "type": "regex",
      "value": "***"
    },
    {
      "type": "regex",
      "value": "***"
    },
    {
      "type": "regex",
      "value": "***"
    },
    {
      "type": "regex",
      "value": "***"
    },
    {
      "type": "regex",
      "value": "***"
    },
    {
      "type": "regex",
      "value": "***"
    },
    {
      "type": "regex",
      "value": "***"
    },
    {
      "type": "regex",
      "value": "***"
    },
    {
      "type": "regex",
      "value": "***"
    },
    {
      "type": "regex",
      "value": "***"
    },
    {
      "type": "regex",
      "value": "***"
    },
    {
      "type": "regex",
      "value": "***"
    },
    {
      "type": "regex",
      "value": "***"
    },
    {
      "type": "regex",
      "value": "***"
    },
    {
      "type": "regex",
      "value": "***"
    },
    {
      "type": "regex",
      "value": "***"
    }
  ],
  "steps": [
    {
      "type": "action",
      "reference": {
        "type": "repository",
        "name": "actions/checkout",
        "ref": "v4",
        "repositoryType": "GitHub"
      },
      "displayNameToken": {
        "type": 0,
        "file": 1,
        "line": 14,
        "col": 15,
        "lit": "Checkout Code"
      },
      "contextName": "__actions_checkout",
      "condition": "success()",
      "id": "e99464f8-0a1d-4364-a163-7b8b963b76de",
      "name": "__actions_checkout"
    },
    {
      "type": "action",
      "reference": {
        "type": "script"
      },
      "displayNameToken": {
        "type": 0,
        "file": 1,
        "line": 16,
        "col": 15,
        "lit": "Check Workspace"
      },
      "contextName": "__run",
      "inputs": {
        "type": 2,
        "map": [
          {
            "key": "script",
            "value": {
              "type": 0,
              "file": 1,
              "line": 17,
              "col": 14,
              "lit": "Write-Host \"Current directory:\"\nGet-Location\nWrite-Host \"Files in current directory:\"\nGet-ChildItem\nWrite-Host \"Searching for Dockerfile:\"\nGet-ChildItem -Path . -Filter Dockerfile -Recurse\n"
            }
          }
        ]
      },
      "condition": "success()",
      "id": "b6f58ff5-f8ba-4e04-a9db-68899c4f5094",
      "name": "__run"
    },
    {
      "type": "action",
      "reference": {
        "type": "script"
      },
      "displayNameToken": {
        "type": 0,
        "file": 1,
        "line": 24,
        "col": 15,
        "lit": "Check Docker Secrets"
      },
      "contextName": "__run_2",
      "inputs": {
        "type": 2,
        "map": [
          {
            "key": "script",
            "value": {
              "type": 3,
              "file": 1,
              "line": 25,
              "col": 14,
              "expr": "format('if ([string]::IsNullOrEmpty(\"{0}\")) {{\n  Write-Host \"DOCKERHUB_USERNAME is EMPTY\"\n}} else {{\n  Write-Host \"DOCKERHUB_USERNAME is available\"\n}}\nif ([string]::IsNullOrEmpty(\"{1}\")) {{\n  Write-Host \"DOCKERHUB_TOKEN is EMPTY\"\n}} else {{\n  Write-Host \"DOCKERHUB_TOKEN is available\"\n}}\n', secrets.DOCKERHUB_USERNAME, secrets.DOCKERHUB_TOKEN)"
            }
          }
        ]
      },
      "condition": "success()",
      "id": "14317fba-db6b-412f-abe7-055f2faf2d09",
      "name": "__run_2"
    },
    {
      "type": "action",
      "reference": {
        "type": "script"
      },
      "displayNameToken": {
        "type": 0,
        "file": 1,
        "line": 38,
        "col": 15,
        "lit": "Docker Login"
      },
      "contextName": "__run_3",
      "inputs": {
        "type": 2,
        "map": [
          {
            "key": "script",
            "value": {
              "type": 3,
              "file": 1,
              "line": 39,
              "col": 14,
              "expr": "format('echo \"{0}\" | docker login -u \"{1}\" --password-stdin\n', secrets.DOCKERHUB_TOKEN, secrets.DOCKERHUB_USERNAME)"
            }
          }
        ]
      },
      "condition": "success()",
      "id": "4784a9a3-36ca-4973-aba4-da6dfefb1708",
      "name": "__run_3"
    },
    {
      "type": "action",
      "reference": {
        "type": "script"
      },
      "displayNameToken": {
        "type": 0,
        "file": 1,
        "line": 42,
        "col": 15,
        "lit": "Build Docker Image"
      },
      "contextName": "__run_4",
      "inputs": {
        "type": 2,
        "map": [
          {
            "key": "script",
            "value": {
              "type": 3,
              "file": 1,
              "line": 43,
              "col": 14,
              "expr": "format('docker build -t praabhatkumar1991/devops-app:{0} .\n', github.run_number)"
            }
          }
        ]
      },
      "condition": "success()",
      "id": "5aba6655-d7b1-4bf1-96df-f2a6826a6b06",
      "name": "__run_4"
    },
    {
      "type": "action",
      "reference": {
        "type": "script"
      },
      "displayNameToken": {
        "type": 0,
        "file": 1,
        "line": 46,
        "col": 15,
        "lit": "Push Docker Image"
      },
      "contextName": "__run_5",
      "inputs": {
        "type": 2,
        "map": [
          {
            "key": "script",
            "value": {
              "type": 3,
              "file": 1,
              "line": 47,
              "col": 14,
              "expr": "format('docker push praabhatkumar1991/devops-app:{0}\n', github.run_number)"
            }
          }
        ]
      },
      "condition": "success()",
      "id": "4cc8493d-13bd-46cb-a3f4-f1ea0c7f61c5",
      "name": "__run_5"
    },
    {
      "type": "action",
      "reference": {
        "type": "script"
      },
      "displayNameToken": {
        "type": 0,
        "file": 1,
        "line": 50,
        "col": 15,
        "lit": "Deploy to Kubernetes"
      },
      "contextName": "__run_6",
      "inputs": {
        "type": 2,
        "map": [
          {
            "key": "script",
            "value": {
              "type": 3,
              "file": 1,
              "line": 51,
              "col": 14,
              "expr": "format('kubectl set image deployment/devops-app devops-app=praabhatkumar1991/devops-app:{0}\n', github.run_number)"
            }
          }
        ]
      },
      "condition": "success()",
      "id": "c9e30c86-2d35-41e2-8c51-cee1fd7068c4",
      "name": "__run_6"
    },
    {
      "type": "action",
      "reference": {
        "type": "script"
      },
      "displayNameToken": {
        "type": 0,
        "file": 1,
        "line": 54,
        "col": 15,
        "lit": "Wait for Deployment"
      },
      "contextName": "__run_7",
      "inputs": {
        "type": 2,
        "map": [
          {
            "key": "script",
            "value": {
              "type": 0,
              "file": 1,
              "line": 55,
              "col": 14,
              "lit": "kubectl rollout status deployment/devops-app --timeout=120s\n"
            }
          }
        ]
      },
      "condition": "success()",
      "id": "1d6ec94a-f51e-40bc-9a9e-1f3fbf62f63b",
      "name": "__run_7"
    },
    {
      "type": "action",
      "reference": {
        "type": "script"
      },
      "displayNameToken": {
        "type": 0,
        "file": 1,
        "line": 58,
        "col": 15,
        "lit": "Verify Kubernetes Deployment"
      },
      "contextName": "__run_8",
      "inputs": {
        "type": 2,
        "map": [
          {
            "key": "script",
            "value": {
              "type": 0,
              "file": 1,
              "line": 59,
              "col": 14,
              "lit": "echo \"===== Deployment =====\"\nkubectl get deployment devops-app\necho \"===== Pods =====\"\nkubectl get pods -o wide\necho \"===== Services =====\"\nkubectl get svc\n"
            }
          }
        ]
      },
      "condition": "success()",
      "id": "dccaa036-02a6-497e-a937-85769351cee4",
      "name": "__run_8"
    }
  ],
  "variables": {
    "Actions.EnableHttpRedirects": {
      "value": "true"
    },
    "DOCKERHUB_TOKEN": {
      "value": "***",
      "isSecret": true
    },
    "DOCKERHUB_USERNAME": {
      "value": "***",
      "isSecret": true
    },
    "DistributedTask.AddWarningToNode12Action": {
      "value": "true"
    },
    "DistributedTask.AddWarningToNode16Action": {
      "value": "true"
    },
    "DistributedTask.AllowRunnerContainerHooks": {
      "value": "true"
    },
    "DistributedTask.DeprecateStepOutputCommands": {
      "value": "true"
    },
    "DistributedTask.DetailUntarFailure": {
      "value": "true"
    },
    "DistributedTask.EnableCompositeActions": {
      "value": "true"
    },
    "DistributedTask.EnableJobServerQueueTelemetry": {
      "value": "true"
    },
    "DistributedTask.EnhancedAnnotations": {
      "value": "true"
    },
    "DistributedTask.ForceGithubJavascriptActionsToNode16": {
      "value": "true"
    },
    "DistributedTask.ForceGithubJavascriptActionsToNode20": {
      "value": "true"
    },
    "DistributedTask.LogTemplateErrorsAsDebugMessages": {
      "value": "true"
    },
    "DistributedTask.MarkJobAsFailedOnWorkerCrash": {
      "value": "true"
    },
    "DistributedTask.NewActionMetadata": {
      "value": "true"
    },
    "DistributedTask.UploadStepSummary": {
      "value": "true"
    },
    "DistributedTask.UseActionArchiveCache": {
      "value": "true"
    },
    "DistributedTask.UseWhich2": {
      "value": "true"
    },
    "RunService.FixEmbeddedIssues": {
      "value": "true"
    },
    "actions.runner.requirenode24": {
      "value": "true"
    },
    "actions.runner.usenode24bydefault": {
      "value": "true"
    },
    "actions.runner.warnonnode20": {
      "value": "true"
    },
    "actions_add_check_run_id_to_job_context": {
      "value": "true"
    },
    "actions_batch_action_resolution": {
      "value": "false"
    },
    "actions_cache_mode": {
      "value": "write"
    },
    "actions_container_action_runner_temp": {
      "value": "true"
    },
    "actions_display_helpful_actions_download_errors": {
      "value": "true"
    },
    "actions_runner_allow_artifacts_file": {
      "value": "false"
    },
    "actions_runner_compare_workflow_parser": {
      "value": "false"
    },
    "actions_runner_deprecate_linux_arm32": {
      "value": "true"
    },
    "actions_runner_emit_composite_markers": {
      "value": "true"
    },
    "actions_runner_kill_linux_arm32": {
      "value": "false"
    },
    "actions_runner_node20_removal_date": {
      "value": "September 23rd, 2026"
    },
    "actions_runner_node24_default_date": {
      "value": "June 16th, 2026"
    },
    "actions_self_repository": {
      "value": "true"
    },
    "actions_service_container_command": {
      "value": "true"
    },
    "actions_set_orchestration_id_env_for_actions": {
      "value": "true"
    },
    "actions_skip_retry_complete_job_upon_known_errors": {
      "value": "true"
    },
    "actions_snapshot_preflight_hosted_runner_check": {
      "value": "false"
    },
    "actions_snapshot_preflight_image_gen_pool_check": {
      "value": "false"
    },
    "actions_use_bearer_token_for_codeload": {
      "value": "false"
    },
    "actions_uses_cache_service_v2": {
      "value": "true"
    },
    "github_token": {
      "value": "***",
      "isSecret": true
    },
    "system.from_run_service": {
      "value": "true"
    },
    "system.github.job": {
      "value": "deploy"
    },
    "system.github.launch_endpoint": {
      "value": "https://launch.actions.githubusercontent.com"
    },
    "system.github.results_endpoint": {
      "value": "https://results-receiver.actions.githubusercontent.com/"
    },
    "system.github.results_upload_with_sdk": {
      "value": "true"
    },
    "system.github.token": {
      "value": "***",
      "isSecret": true
    },
    "system.github.token.permissions": {
      "value": "{\"Contents\":\"read\",\"Metadata\":\"read\",\"Packages\":\"read\"}"
    },
    "system.orchestrationId": {
      "value": "871c641b-47dc-83c7-8d1c-41a24b6bc44a.deploy.__default"
    },
    "system.phaseDisplayName": {
      "value": "deploy"
    },
    "system.runner.lowdiskspacethreshold": {
      "value": "100"
    },
    "system.runnerEnvironment": {
      "value": "self-hosted"
    },
    "system.runnerGroupName": {
      "value": "Default"
    }
  },
  "messageType": "RunnerJobRequest",
  "plan": {
    "scopeIdentifier": "00000000-0000-0000-0000-000000000000",
    "planType": "actions",
    "version": 0,
    "planId": "871c641b-47dc-83c7-8d1c-41a24b6bc44a",
    "planGroup": null,
    "artifactUri": null,
    "artifactLocation": null,
    "definition": null,
    "owner": null
  },
  "timeline": {
    "id": "871c641b-47dc-83c7-8d1c-41a24b6bc44a",
    "changeId": 0,
    "location": null
  },
  "jobId": "f4f30b2f-86e5-55a0-952f-4557c1f2b91a",
  "jobDisplayName": "deploy",
  "jobName": "__default",
  "requestId": 0,
  "lockedUntil": "0001-01-01T00:00:00",
  "resources": {
    "endpoints": [
      {
        "data": {
          "ServerId": "",
          "ServerName": "",
          "CacheServerUrl": "https://artifactcache.actions.githubusercontent.com/vNJajpvbF6IjDhJJK2oJL6aFAilgYF0ASuY1lz9oWwnetORATd/",
          "FeedStreamUrl": "wss://results-receiver.actions.githubusercontent.com/_ws/ingest.sock",
          "ResultsServiceUrl": "https://results-receiver.actions.githubusercontent.com/",
          "PipelinesServiceUrl": "https://pipelinesghubeus4.actions.githubusercontent.com/vNJajpvbF6IjDhJJK2oJL6aFAilgYF0ASuY1lz9oWwnetORATd/",
          "GenerateIdTokenUrl": "",
          "ConnectivityChecks": "[\"https://broker.actions.githubusercontent.com/health\",\"https://token.actions.githubusercontent.com/ready\",\"https://run.actions.githubusercontent.com/health\"]",
          "ConnectivityAndDNSChecks": ""
        },
        "name": "SystemVssConnection",
        "url": "https://run-actions-1-azure-eastus.actions.githubusercontent.com/36/",
        "authorization": {
          "parameters": {
            "AccessToken": "***"
          },
          "scheme": "OAuth"
        },
        "isShared": false,
        "isReady": true
      }
    ]
  },
  "contextData": {
    "github": {
      "t": 2,
      "d": [
        {
          "k": "ref",
          "v": "refs/heads/main"
        },
        {
          "k": "sha",
          "v": "6c4f1da5692520dbc04fe7839ddbf0c04839bfb4"
        },
        {
          "k": "repository",
          "v": "***-ops/my-repo"
        },
        {
          "k": "repository_owner",
          "v": "***-ops"
        },
        {
          "k": "repository_owner_id",
          "v": "328057542"
        },
        {
          "k": "repositoryUrl",
          "v": "git://github.com/***-ops/my-repo.git"
        },
        {
          "k": "run_id",
          "v": "36749707769"
        },
        {
          "k": "run_number",
          "v": "6"
        },
        {
          "k": "retention_days",
          "v": "90"
        },
        {
          "k": "run_attempt",
          "v": "1"
        },
        {
          "k": "artifact_cache_size_limit",
          "v": "10"
        },
        {
          "k": "repository_visibility",
          "v": "public"
        },
        {
          "k": "actor_id",
          "v": "328057542"
        },
        {
          "k": "actor",
          "v": "***-ops"
        },
        {
          "k": "workflow",
          "v": "Local CI-CD Pipeline"
        },
        {
          "k": "head_ref",
          "v": ""
        },
        {
          "k": "base_ref",
          "v": ""
        },
        {
          "k": "event_name",
          "v": "push"
        },
        {
          "k": "server_url",
          "v": "https://github.com"
        },
        {
          "k": "api_url",
          "v": "https://api.github.com"
        },
        {
          "k": "graphql_url",
          "v": "https://api.github.com/graphql"
        },
        {
          "k": "ref_name",
          "v": "main"
        },
        {
          "k": "ref_protected",
          "v": false
        },
        {
          "k": "ref_type",
          "v": "branch"
        },
        {
          "k": "secret_source",
          "v": "Actions"
        },
        {
          "k": "event",
          "v": {
            "t": 2,
            "d": [
              {
                "k": "after",
                "v": "6c4f1da5692520dbc04fe7839ddbf0c04839bfb4"
              },
              {
                "k": "base_ref",
                "v": null
              },
              {
                "k": "before",
                "v": "d8d19bb1e6cb84702506e9fe24216bb773a1fd0e"
              },
              {
                "k": "commits",
                "v": {
                  "t": 1,
                  "a": [
                    {
                      "t": 2,
                      "d": [
                        {
                          "k": "author",
                          "v": {
                            "t": 2,
                            "d": [
                              {
                                "k": "email",
                                "v": "***@gmail.com"
                              },
                              {
                                "k": "name",
                                "v": "***-ops"
                              },
                              {
                                "k": "username",
                                "v": "***-ops"
                              }
                            ]
                          }
                        },
                        {
                          "k": "committer",
                          "v": {
                            "t": 2,
                            "d": [
                              {
                                "k": "email",
                                "v": "noreply@github.com"
                              },
                              {
                                "k": "name",
                                "v": "GitHub"
                              },
                              {
                                "k": "username",
                                "v": "web-flow"
                              }
                            ]
                          }
                        },
                        {
                          "k": "distinct",
                          "v": true
                        },
                        {
                          "k": "id",
                          "v": "6c4f1da5692520dbc04fe7839ddbf0c04839bfb4"
                        },
                        {
                          "k": "message",
                          "v": "Add files via upload"
                        },
                        {
                          "k": "timestamp",
                          "v": "2026-09-30T22:42:11+05:30"
                        },
                        {
                          "k": "tree_id",
                          "v": "53cb9176c2e18e82277c53fc8ff2faaf7515ebb7"
                        },
                        {
                          "k": "url",
                          "v": "https://github.com/***-ops/my-repo/commit/6c4f1da5692520dbc04fe7839ddbf0c04839bfb4"
                        }
                      ]
                    }
                  ]
                }
              },
              {
                "k": "compare",
                "v": "https://github.com/***-ops/my-repo/compare/d8d19bb1e6cb...6c4f1da56925"
              },
              {
                "k": "created",
                "v": false
              },
              {
                "k": "deleted",
                "v": false
              },
              {
                "k": "forced",
                "v": false
              },
              {
                "k": "head_commit",
                "v": {
                  "t": 2,
                  "d": [
                    {
                      "k": "author",
                      "v": {
                        "t": 2,
                        "d": [
                          {
                            "k": "email",
                            "v": "***@gmail.com"
                          },
                          {
                            "k": "name",
                            "v": "***-ops"
                          },
                          {
                            "k": "username",
                            "v": "***-ops"
                          }
                        ]
                      }
                    },
                    {
                      "k": "committer",
                      "v": {
                        "t": 2,
                        "d": [
                          {
                            "k": "email",
                            "v": "noreply@github.com"
                          },
                          {
                            "k": "name",
                            "v": "GitHub"
                          },
                          {
                            "k": "username",
                            "v": "web-flow"
                          }
                        ]
                      }
                    },
                    {
                      "k": "distinct",
                      "v": true
                    },
                    {
                      "k": "id",
                      "v": "6c4f1da5692520dbc04fe7839ddbf0c04839bfb4"
                    },
                    {
                      "k": "message",
                      "v": "Add files via upload"
                    },
                    {
                      "k": "timestamp",
                      "v": "2026-09-30T22:42:11+05:30"
                    },
                    {
                      "k": "tree_id",
                      "v": "53cb9176c2e18e82277c53fc8ff2faaf7515ebb7"
                    },
                    {
                      "k": "url",
                      "v": "https://github.com/***-ops/my-repo/commit/6c4f1da5692520dbc04fe7839ddbf0c04839bfb4"
                    }
                  ]
                }
              },
              {
                "k": "pusher",
                "v": {
                  "t": 2,
                  "d": [
                    {
                      "k": "email",
                      "v": "***@gmail.com"
                    },
                    {
                      "k": "name",
                      "v": "***-ops"
                    }
                  ]
                }
              },
              {
                "k": "ref",
                "v": "refs/heads/main"
              },
              {
                "k": "repository",
                "v": {
                  "t": 2,
                  "d": [
                    {
                      "k": "allow_forking",
                      "v": true
                    },
                    {
                      "k": "archive_url",
                      "v": "https://api.github.com/repos/***-ops/my-repo/{archive_format}{/ref}"
                    },
                    {
                      "k": "archived",
                      "v": false
                    },
                    {
                      "k": "assignees_url",
                      "v": "https://api.github.com/repos/***-ops/my-repo/assignees{/user}"
                    },
                    {
                      "k": "blobs_url",
                      "v": "https://api.github.com/repos/***-ops/my-repo/git/blobs{/sha}"
                    },
                    {
                      "k": "branches_url",
                      "v": "https://api.github.com/repos/***-ops/my-repo/branches{/branch}"
                    },
                    {
                      "k": "clone_url",
                      "v": "https://github.com/***-ops/my-repo.git"
                    },
                    {
                      "k": "collaborators_url",
                      "v": "https://api.github.com/repos/***-ops/my-repo/collaborators{/collaborator}"
                    },
                    {
                      "k": "comments_url",
                      "v": "https://api.github.com/repos/***-ops/my-repo/comments{/number}"
                    },
                    {
                      "k": "commits_url",
                      "v": "https://api.github.com/repos/***-ops/my-repo/commits{/sha}"
                    },
                    {
                      "k": "compare_url",
                      "v": "https://api.github.com/repos/***-ops/my-repo/compare/{base}...{head}"
                    },
                    {
                      "k": "contents_url",
                      "v": "https://api.github.com/repos/***-ops/my-repo/contents/{+path}"
                    },
                    {
                      "k": "contributors_url",
                      "v": "https://api.github.com/repos/***-ops/my-repo/contributors"
                    },
                    {
                      "k": "created_at",
                      "v": 1789143027.0
                    },
                    {
                      "k": "default_branch",
                      "v": "main"
                    },
                    {
                      "k": "deployments_url",
                      "v": "https://api.github.com/repos/***-ops/my-repo/deployments"
                    },
                    {
                      "k": "description",
                      "v": "my repository "
                    },
                    {
                      "k": "disabled",
                      "v": false
                    },
                    {
                      "k": "downloads_url",
                      "v": "https://api.github.com/repos/***-ops/my-repo/downloads"
                    },
                    {
                      "k": "events_url",
                      "v": "https://api.github.com/repos/***-ops/my-repo/events"
                    },
                    {
                      "k": "fork",
                      "v": false
                    },
                    {
                      "k": "forks",
                      "v": 0.0
                    },
                    {
                      "k": "forks_count",
                      "v": 0.0
                    },
                    {
                      "k": "forks_url",
                      "v": "https://api.github.com/repos/***-ops/my-repo/forks"
                    },
                    {
                      "k": "full_name",
                      "v": "***-ops/my-repo"
                    },
                    {
                      "k": "git_commits_url",
                      "v": "https://api.github.com/repos/***-ops/my-repo/git/commits{/sha}"
                    },
                    {
                      "k": "git_refs_url",
                      "v": "https://api.github.com/repos/***-ops/my-repo/git/refs{/sha}"
                    },
                    {
                      "k": "git_tags_url",
                      "v": "https://api.github.com/repos/***-ops/my-repo/git/tags{/sha}"
                    },
                    {
                      "k": "git_url",
                      "v": "git://github.com/***-ops/my-repo.git"
                    },
                    {
                      "k": "has_discussions",
                      "v": false
                    },
                    {
                      "k": "has_downloads",
                      "v": true
                    },
                    {
                      "k": "has_issues",
                      "v": true
                    },
                    {
                      "k": "has_pages",
                      "v": false
                    },
                    {
                      "k": "has_projects",
                      "v": true
                    },
                    {
                      "k": "has_pull_requests",
                      "v": true
                    },
                    {
                      "k": "has_wiki",
                      "v": true
                    },
                    {
                      "k": "homepage",
                      "v": null
                    },
                    {
                      "k": "hooks_url",
                      "v": "https://api.github.com/repos/***-ops/my-repo/hooks"
                    },
                    {
                      "k": "html_url",
                      "v": "https://github.com/***-ops/my-repo"
                    },
                    {
                      "k": "id",
                      "v": 1366412515.0
                    },
                    {
                      "k": "is_template",
                      "v": false
                    },
                    {
                      "k": "issue_comment_url",
                      "v": "https://api.github.com/repos/***-ops/my-repo/issues/comments{/number}"
                    },
                    {
                      "k": "issue_events_url",
                      "v": "https://api.github.com/repos/***-ops/my-repo/issues/events{/number}"
                    },
                    {
                      "k": "issues_url",
                      "v": "https://api.github.com/repos/***-ops/my-repo/issues{/number}"
                    },
                    {
                      "k": "keys_url",
                      "v": "https://api.github.com/repos/***-ops/my-repo/keys{/key_id}"
                    },
                    {
                      "k": "labels_url",
                      "v": "https://api.github.com/repos/***-ops/my-repo/labels{/name}"
                    },
                    {
                      "k": "language",
                      "v": "JavaScript"
                    },
                    {
                      "k": "languages_url",
                      "v": "https://api.github.com/repos/***-ops/my-repo/languages"
                    },
                    {
                      "k": "license",
                      "v": null
                    },
                    {
                      "k": "master_branch",
                      "v": "main"
                    },
                    {
                      "k": "merges_url",
                      "v": "https://api.github.com/repos/***-ops/my-repo/merges"
                    },
                    {
                      "k": "milestones_url",
                      "v": "https://api.github.com/repos/***-ops/my-repo/milestones{/number}"
                    },
                    {
                      "k": "mirror_url",
                      "v": null
                    },
                    {
                      "k": "name",
                      "v": "my-repo"
                    },
                    {
                      "k": "node_id",
                      "v": "R_kgDOUXHM4w"
                    },
                    {
                      "k": "notifications_url",
                      "v": "https://api.github.com/repos/***-ops/my-repo/notifications{?since,all,participating}"
                    },
                    {
                      "k": "open_issues",
                      "v": 0.0
                    },
                    {
                      "k": "open_issues_count",
                      "v": 0.0
                    },
                    {
                      "k": "owner",
                      "v": {
                        "t": 2,
                        "d": [
                          {
                            "k": "avatar_url",
                            "v": "https://avatars.githubusercontent.com/u/328057542?v=4"
                          },
                          {
                            "k": "email",
                            "v": "***@gmail.com"
                          },
                          {
                            "k": "events_url",
                            "v": "https://api.github.com/users/***-ops/events{/privacy}"
                          },
                          {
                            "k": "followers_url",
                            "v": "https://api.github.com/users/***-ops/followers"
                          },
                          {
                            "k": "following_url",
                            "v": "https://api.github.com/users/***-ops/following{/other_user}"
                          },
                          {
                            "k": "gists_url",
                            "v": "https://api.github.com/users/***-ops/gists{/gist_id}"
                          },
                          {
                            "k": "gravatar_id",
                            "v": ""
                          },
                          {
                            "k": "html_url",
                            "v": "https://github.com/***-ops"
                          },
                          {
                            "k": "id",
                            "v": 328057542.0
                          },
                          {
                            "k": "login",
                            "v": "***-ops"
                          },
                          {
                            "k": "name",
                            "v": "***-ops"
                          },
                          {
                            "k": "node_id",
                            "v": "U_kgDOE43Cxg"
                          },
                          {
                            "k": "organizations_url",
                            "v": "https://api.github.com/users/***-ops/orgs"
                          },
                          {
                            "k": "received_events_url",
                            "v": "https://api.github.com/users/***-ops/received_events"
                          },
                          {
                            "k": "repos_url",
                            "v": "https://api.github.com/users/***-ops/repos"
                          },
                          {
                            "k": "site_admin",
                            "v": false
                          },
                          {
                            "k": "starred_url",
                            "v": "https://api.github.com/users/***-ops/starred{/owner}{/repo}"
                          },
                          {
                            "k": "subscriptions_url",
                            "v": "https://api.github.com/users/***-ops/subscriptions"
                          },
                          {
                            "k": "type",
                            "v": "User"
                          },
                          {
                            "k": "url",
                            "v": "https://api.github.com/users/***-ops"
                          },
                          {
                            "k": "user_view_type",
                            "v": "public"
                          }
                        ]
                      }
                    },
                    {
                      "k": "private",
                      "v": false
                    },
                    {
                      "k": "pull_request_creation_policy",
                      "v": "all"
                    },
                    {
                      "k": "pulls_url",
                      "v": "https://api.github.com/repos/***-ops/my-repo/pulls{/number}"
                    },
                    {
                      "k": "pushed_at",
                      "v": 1790788331.0
                    },
                    {
                      "k": "releases_url",
                      "v": "https://api.github.com/repos/***-ops/my-repo/releases{/id}"
                    },
                    {
                      "k": "size",
                      "v": 11.0
                    },
                    {
                      "k": "ssh_url",
                      "v": "git@github.com:***-ops/my-repo.git"
                    },
                    {
                      "k": "stargazers",
                      "v": 0.0
                    },
                    {
                      "k": "stargazers_count",
                      "v": 0.0
                    },
                    {
                      "k": "stargazers_url",
                      "v": "https://api.github.com/repos/***-ops/my-repo/stargazers"
                    },
                    {
                      "k": "statuses_url",
                      "v": "https://api.github.com/repos/***-ops/my-repo/statuses/{sha}"
                    },
                    {
                      "k": "subscribers_url",
                      "v": "https://api.github.com/repos/***-ops/my-repo/subscribers"
                    },
                    {
                      "k": "subscription_url",
                      "v": "https://api.github.com/repos/***-ops/my-repo/subscription"
                    },
                    {
                      "k": "svn_url",
                      "v": "https://github.com/***-ops/my-repo"
                    },
                    {
                      "k": "tags_url",
                      "v": "https://api.github.com/repos/***-ops/my-repo/tags"
                    },
                    {
                      "k": "teams_url",
                      "v": "https://api.github.com/repos/***-ops/my-repo/teams"
                    },
                    {
                      "k": "topics",
                      "v": {
                        "t": 1
                      }
                    },
                    {
                      "k": "trees_url",
                      "v": "https://api.github.com/repos/***-ops/my-repo/git/trees{/sha}"
                    },
                    {
                      "k": "updated_at",
                      "v": "2026-09-30T17:07:36Z"
                    },
                    {
                      "k": "url",
                      "v": "https://api.github.com/repos/***-ops/my-repo"
                    },
                    {
                      "k": "visibility",
                      "v": "public"
                    },
                    {
                      "k": "watchers",
                      "v": 0.0
                    },
                    {
                      "k": "watchers_count",
                      "v": 0.0
                    },
                    {
                      "k": "web_commit_signoff_required",
                      "v": false
                    }
                  ]
                }
              },
              {
                "k": "sender",
                "v": {
                  "t": 2,
                  "d": [
                    {
                      "k": "avatar_url",
                      "v": "https://avatars.githubusercontent.com/u/328057542?v=4"
                    },
                    {
                      "k": "events_url",
                      "v": "https://api.github.com/users/***-ops/events{/privacy}"
                    },
                    {
                      "k": "followers_url",
                      "v": "https://api.github.com/users/***-ops/followers"
                    },
                    {
                      "k": "following_url",
                      "v": "https://api.github.com/users/***-ops/following{/other_user}"
                    },
                    {
                      "k": "gists_url",
                      "v": "https://api.github.com/users/***-ops/gists{/gist_id}"
                    },
                    {
                      "k": "gravatar_id",
                      "v": ""
                    },
                    {
                      "k": "html_url",
                      "v": "https://github.com/***-ops"
                    },
                    {
                      "k": "id",
                      "v": 328057542.0
                    },
                    {
                      "k": "login",
                      "v": "***-ops"
                    },
                    {
                      "k": "node_id",
                      "v": "U_kgDOE43Cxg"
                    },
                    {
                      "k": "organizations_url",
                      "v": "https://api.github.com/users/***-ops/orgs"
                    },
                    {
                      "k": "received_events_url",
                      "v": "https://api.github.com/users/***-ops/received_events"
                    },
                    {
                      "k": "repos_url",
                      "v": "https://api.github.com/users/***-ops/repos"
                    },
                    {
                      "k": "site_admin",
                      "v": false
                    },
                    {
                      "k": "starred_url",
                      "v": "https://api.github.com/users/***-ops/starred{/owner}{/repo}"
                    },
                    {
                      "k": "subscriptions_url",
                      "v": "https://api.github.com/users/***-ops/subscriptions"
                    },
                    {
                      "k": "type",
                      "v": "User"
                    },
                    {
                      "k": "url",
                      "v": "https://api.github.com/users/***-ops"
                    },
                    {
                      "k": "user_view_type",
                      "v": "public"
                    }
                  ]
                }
              }
            ]
          }
        },
        {
          "k": "workflow_ref",
          "v": "***-ops/my-repo/.github/workflows/k8s_pipeline.yaml@refs/heads/main"
        },
        {
          "k": "workflow_sha",
          "v": "6c4f1da5692520dbc04fe7839ddbf0c04839bfb4"
        },
        {
          "k": "repository_id",
          "v": "1366412515"
        },
        {
          "k": "triggering_actor",
          "v": "***-ops"
        }
      ]
    },
    "inputs": {
      "t": 2
    },
    "job": {
      "t": 2,
      "d": [
        {
          "k": "check_run_id",
          "v": 110004875055.0
        },
        {
          "k": "workflow_ref",
          "v": "***-ops/my-repo/.github/workflows/k8s_pipeline.yaml@refs/heads/main"
        },
        {
          "k": "workflow_sha",
          "v": "6c4f1da5692520dbc04fe7839ddbf0c04839bfb4"
        },
        {
          "k": "workflow_repository",
          "v": "***-ops/my-repo"
        },
        {
          "k": "workflow_file_path",
          "v": ".github/workflows/k8s_pipeline.yaml"
        }
      ]
    },
    "matrix": null,
    "needs": {
      "t": 2
    },
    "strategy": {
      "t": 2,
      "d": [
        {
          "k": "fail-fast",
          "v": true
        },
        {
          "k": "job-index",
          "v": 0.0
        },
        {
          "k": "job-total",
          "v": 1.0
        },
        {
          "k": "max-parallel",
          "v": 1.0
        }
      ]
    },
    "vars": {
      "t": 2
    }
  },
  "billingOwnerId": "U_kgDOE43Cxg"
}
[2026-09-30 17:12:21Z INFO JobRunner] Job ID f4f30b2f-86e5-55a0-952f-4557c1f2b91a
[2026-09-30 17:12:21Z INFO ConfigurationStore] currentAssemblyLocation: D:\cicd\actions-runner\bin\Runner.Worker.dll
[2026-09-30 17:12:21Z INFO HostContext] Well known directory 'Bin': 'D:\cicd\actions-runner\bin'
[2026-09-30 17:12:21Z INFO ConfigurationStore] binPath: D:\cicd\actions-runner\bin
[2026-09-30 17:12:21Z INFO HostContext] Well known directory 'Bin': 'D:\cicd\actions-runner\bin'
[2026-09-30 17:12:21Z INFO HostContext] Well known directory 'Root': 'D:\cicd\actions-runner'
[2026-09-30 17:12:21Z INFO ConfigurationStore] RootFolder: D:\cicd\actions-runner
[2026-09-30 17:12:21Z INFO HostContext] Well known directory 'Bin': 'D:\cicd\actions-runner\bin'
[2026-09-30 17:12:21Z INFO HostContext] Well known directory 'Root': 'D:\cicd\actions-runner'
[2026-09-30 17:12:21Z INFO HostContext] Well known config file 'Runner': 'D:\cicd\actions-runner\.runner'
[2026-09-30 17:12:21Z INFO ConfigurationStore] ConfigFilePath: D:\cicd\actions-runner\.runner
[2026-09-30 17:12:21Z INFO HostContext] Well known directory 'Bin': 'D:\cicd\actions-runner\bin'
[2026-09-30 17:12:21Z INFO HostContext] Well known directory 'Root': 'D:\cicd\actions-runner'
[2026-09-30 17:12:21Z INFO HostContext] Well known config file 'MigratedRunner': 'D:\cicd\actions-runner\.runner_migrated'
[2026-09-30 17:12:21Z INFO ConfigurationStore] MigratedConfigFilePath: D:\cicd\actions-runner\.runner_migrated
[2026-09-30 17:12:21Z INFO HostContext] Well known directory 'Bin': 'D:\cicd\actions-runner\bin'
[2026-09-30 17:12:21Z INFO HostContext] Well known directory 'Root': 'D:\cicd\actions-runner'
[2026-09-30 17:12:21Z INFO HostContext] Well known config file 'Credentials': 'D:\cicd\actions-runner\.credentials'
[2026-09-30 17:12:21Z INFO ConfigurationStore] CredFilePath: D:\cicd\actions-runner\.credentials
[2026-09-30 17:12:21Z INFO HostContext] Well known directory 'Bin': 'D:\cicd\actions-runner\bin'
[2026-09-30 17:12:21Z INFO HostContext] Well known directory 'Root': 'D:\cicd\actions-runner'
[2026-09-30 17:12:21Z INFO HostContext] Well known config file 'MigratedCredentials': 'D:\cicd\actions-runner\.credentials_migrated'
[2026-09-30 17:12:21Z INFO ConfigurationStore] MigratedCredFilePath: D:\cicd\actions-runner\.credentials_migrated
[2026-09-30 17:12:21Z INFO HostContext] Well known directory 'Bin': 'D:\cicd\actions-runner\bin'
[2026-09-30 17:12:21Z INFO HostContext] Well known directory 'Root': 'D:\cicd\actions-runner'
[2026-09-30 17:12:21Z INFO HostContext] Well known config file 'Service': 'D:\cicd\actions-runner\.service'
[2026-09-30 17:12:21Z INFO ConfigurationStore] ServiceConfigFilePath: D:\cicd\actions-runner\.service
[2026-09-30 17:12:21Z INFO ConfigurationStore] Read setting file: 398 chars
[2026-09-30 17:12:21Z INFO JobRunner] Initializing launch client
[2026-09-30 17:12:21Z INFO JobServerQueue] Initializing results client
[2026-09-30 17:12:21Z INFO ResultServer] Creating websocket client ...wss://results-receiver.actions.githubusercontent.com/_ws/ingest.sock
[2026-09-30 17:12:21Z INFO ResultServer] Attempting to start websocket client with delay 00:00:00.
[2026-09-30 17:12:21Z INFO JobServerQueue] Start process web console line queue.
[2026-09-30 17:12:21Z INFO JobServerQueue] Start process file upload queue.
[2026-09-30 17:12:21Z INFO JobServerQueue] Start results file upload queue.
[2026-09-30 17:12:21Z INFO JobServerQueue] Starting results-based upload queue...
[2026-09-30 17:12:21Z INFO JobServerQueue] Start process timeline update queue.
[2026-09-30 17:12:21Z INFO ExecutionContext] Initializing Job context
[2026-09-30 17:12:21Z INFO ExecutionContext] Initialize GitHub context
[2026-09-30 17:12:21Z INFO ExecutionContext] Initialize Env context
[2026-09-30 17:12:21Z INFO HostContext] Well known directory 'Bin': 'D:\cicd\actions-runner\bin'
[2026-09-30 17:12:21Z INFO HostContext] Well known directory 'Root': 'D:\cicd\actions-runner'
[2026-09-30 17:12:21Z INFO HostContext] Well known directory 'Diag': 'D:\cicd\actions-runner\_diag'
[2026-09-30 17:12:21Z INFO HostContext] Well known directory 'Bin': 'D:\cicd\actions-runner\bin'
[2026-09-30 17:12:21Z INFO HostContext] Well known directory 'Root': 'D:\cicd\actions-runner'
[2026-09-30 17:12:21Z INFO HostContext] Well known directory 'Diag': 'D:\cicd\actions-runner\_diag'
[2026-09-30 17:12:21Z INFO JobRunner] Starting the job execution context.
[2026-09-30 17:12:21Z INFO HostContext] Well known directory 'Bin': 'D:\cicd\actions-runner\bin'
[2026-09-30 17:12:21Z INFO HostContext] Well known directory 'Root': 'D:\cicd\actions-runner'
[2026-09-30 17:12:21Z INFO HostContext] Well known directory 'Work': 'D:\cicd\actions-runner\_work'
[2026-09-30 17:12:21Z INFO JobRunner] Validating directory permissions for: 'D:\cicd\actions-runner\_work'
[2026-09-30 17:12:21Z INFO HostContext] Well known directory 'Bin': 'D:\cicd\actions-runner\bin'
[2026-09-30 17:12:21Z INFO HostContext] Well known directory 'Root': 'D:\cicd\actions-runner'
[2026-09-30 17:12:21Z INFO HostContext] Well known directory 'Work': 'D:\cicd\actions-runner\_work'
[2026-09-30 17:12:21Z INFO HostContext] Well known directory 'Tools': 'D:\cicd\actions-runner\_work\_tool'
[2026-09-30 17:12:21Z INFO HostContext] Well known directory 'Bin': 'D:\cicd\actions-runner\bin'
[2026-09-30 17:12:21Z INFO HostContext] Well known directory 'Root': 'D:\cicd\actions-runner'
[2026-09-30 17:12:21Z INFO HostContext] Well known directory 'Work': 'D:\cicd\actions-runner\_work'
[2026-09-30 17:12:21Z INFO HostContext] Well known directory 'Temp': 'D:\cicd\actions-runner\_work\_temp'
[2026-09-30 17:12:21Z INFO JobRunner] Getting job extension.
[2026-09-30 17:12:21Z INFO JobRunner] Initialize job. Getting all job steps.
[2026-09-30 17:12:21Z INFO HostContext] Well known directory 'Bin': 'D:\cicd\actions-runner\bin'
[2026-09-30 17:12:21Z INFO HostContext] Well known directory 'Root': 'D:\cicd\actions-runner'
[2026-09-30 17:12:21Z INFO HostContext] Well known directory 'Diag': 'D:\cicd\actions-runner\_diag'
[2026-09-30 17:12:21Z INFO HostContext] Well known directory 'Bin': 'D:\cicd\actions-runner\bin'
[2026-09-30 17:12:21Z INFO HostContext] Well known directory 'Root': 'D:\cicd\actions-runner'
[2026-09-30 17:12:21Z INFO HostContext] Well known directory 'Diag': 'D:\cicd\actions-runner\_diag'
[2026-09-30 17:12:21Z INFO HostContext] Well known directory 'Bin': 'D:\cicd\actions-runner\bin'
[2026-09-30 17:12:21Z INFO HostContext] Well known directory 'Root': 'D:\cicd\actions-runner'
[2026-09-30 17:12:21Z INFO HostContext] Well known config file 'Credentials': 'D:\cicd\actions-runner\.credentials'
[2026-09-30 17:12:21Z INFO HostContext] Well known directory 'Bin': 'D:\cicd\actions-runner\bin'
[2026-09-30 17:12:21Z INFO HostContext] Well known directory 'Root': 'D:\cicd\actions-runner'
[2026-09-30 17:12:21Z INFO HostContext] Well known config file 'SetupInfo': 'D:\cicd\actions-runner\.setup_info'
[2026-09-30 17:12:21Z INFO HostContext] Well known directory 'Bin': 'D:\cicd\actions-runner\bin'
[2026-09-30 17:12:21Z INFO HostContext] Well known directory 'Root': 'D:\cicd\actions-runner'
[2026-09-30 17:12:21Z INFO HostContext] Well known directory 'Work': 'D:\cicd\actions-runner\_work'
[2026-09-30 17:12:21Z INFO PipelineDirectoryManager] Loading tracking config if exists: D:\cicd\actions-runner\_work\_PipelineMapping\***-ops/my-repo\PipelineFolder.json
[2026-09-30 17:12:21Z INFO PipelineDirectoryManager] Updating job run properties.
[2026-09-30 17:12:21Z INFO HostContext] Well known directory 'Bin': 'D:\cicd\actions-runner\bin'
[2026-09-30 17:12:21Z INFO HostContext] Well known directory 'Root': 'D:\cicd\actions-runner'
[2026-09-30 17:12:21Z INFO HostContext] Well known directory 'Work': 'D:\cicd\actions-runner\_work'
[2026-09-30 17:12:21Z INFO HostContext] Well known directory 'Bin': 'D:\cicd\actions-runner\bin'
[2026-09-30 17:12:21Z INFO HostContext] Well known directory 'Root': 'D:\cicd\actions-runner'
[2026-09-30 17:12:21Z INFO HostContext] Well known directory 'Work': 'D:\cicd\actions-runner\_work'
[2026-09-30 17:12:21Z INFO HostContext] Well known directory 'Bin': 'D:\cicd\actions-runner\bin'
[2026-09-30 17:12:21Z INFO HostContext] Well known directory 'Root': 'D:\cicd\actions-runner'
[2026-09-30 17:12:21Z INFO HostContext] Well known directory 'Work': 'D:\cicd\actions-runner\_work'
[2026-09-30 17:12:21Z INFO JobExtension] Downloading actions
[2026-09-30 17:12:21Z INFO HostContext] Well known directory 'Bin': 'D:\cicd\actions-runner\bin'
[2026-09-30 17:12:21Z INFO HostContext] Well known directory 'Root': 'D:\cicd\actions-runner'
[2026-09-30 17:12:21Z INFO HostContext] Well known directory 'Work': 'D:\cicd\actions-runner\_work'
[2026-09-30 17:12:21Z INFO HostContext] Well known directory 'Actions': 'D:\cicd\actions-runner\_work\_actions'
[2026-09-30 17:12:22Z INFO Worker] Listening for cancel message from the channel.
[2026-09-30 17:12:22Z INFO Worker] Waiting for the job to complete or for a cancel message from the channel.
[2026-09-30 17:12:22Z INFO ResultServer] Successfully started websocket client.
[2026-09-30 17:12:22Z INFO JobServerQueue] Try to append 1 batches web console lines for record '7162ae0c-44f4-43cc-8ed1-c80c416caefb', success rate: 1/1.
[2026-09-30 17:12:23Z INFO JobServerQueue] Try to append 1 batches web console lines for record '7162ae0c-44f4-43cc-8ed1-c80c416caefb', success rate: 1/1.
[2026-09-30 17:12:23Z INFO JobServerQueue] Job timeline record has been updated for the first time.
[2026-09-30 17:12:23Z INFO HostContext] Well known directory 'Bin': 'D:\cicd\actions-runner\bin'
[2026-09-30 17:12:23Z INFO HostContext] Well known directory 'Root': 'D:\cicd\actions-runner'
[2026-09-30 17:12:23Z INFO HostContext] Well known directory 'Work': 'D:\cicd\actions-runner\_work'
[2026-09-30 17:12:23Z INFO HostContext] Well known directory 'Actions': 'D:\cicd\actions-runner\_work\_actions'
[2026-09-30 17:12:23Z INFO HostContext] Well known directory 'Bin': 'D:\cicd\actions-runner\bin'
[2026-09-30 17:12:23Z INFO HostContext] Well known directory 'Root': 'D:\cicd\actions-runner'
[2026-09-30 17:12:23Z INFO HostContext] Well known directory 'Work': 'D:\cicd\actions-runner\_work'
[2026-09-30 17:12:23Z INFO HostContext] Well known directory 'Actions': 'D:\cicd\actions-runner\_work\_actions'
[2026-09-30 17:12:23Z INFO ActionManager] Save archive 'https://codeload.github.com/actions/checkout/zip/11d5960a326750d5838078e36cf38b85af677262' into D:\cicd\actions-runner\_work\_actions\_temp_41ec45b2-09d8-4a31-ac37-db6e840e7b22\0d72e5ee-73b0-4a3d-9037-d9c8e1579d78.zip.
[2026-09-30 17:12:23Z INFO ActionManager] Using Basic token for action archive download.
[2026-09-30 17:12:23Z INFO JobServerQueue] Try to append 1 batches web console lines for record '7162ae0c-44f4-43cc-8ed1-c80c416caefb', success rate: 1/1.
[2026-09-30 17:12:23Z INFO ActionManager] Request URL: https://codeload.github.com/actions/checkout/zip/11d5960a326750d5838078e36cf38b85af677262 X-GitHub-Request-Id: D4BF:1CC0CF:39E3A:22D298:6ABD42F8 Http Status: OK
[2026-09-30 17:12:24Z INFO ActionManager] Finished getting action repository.
[2026-09-30 17:12:24Z INFO HostContext] Well known directory 'Bin': 'D:\cicd\actions-runner\bin'
[2026-09-30 17:12:24Z INFO HostContext] Well known directory 'Root': 'D:\cicd\actions-runner'
[2026-09-30 17:12:24Z INFO HostContext] Well known directory 'Work': 'D:\cicd\actions-runner\_work'
[2026-09-30 17:12:24Z INFO HostContext] Well known directory 'Actions': 'D:\cicd\actions-runner\_work\_actions'
[2026-09-30 17:12:24Z INFO ActionManifestManagerLegacy] Load schema file with definitions: [
  "null",
  "boolean",
  "number",
  "string",
  "sequence",
  "mapping",
  "any",
  "action-root",
  "inputs",
  "input",
  "outputs",
  "output-definition",
  "runs",
  "container-runs",
  "container-runs-args",
  "container-runs-env",
  "node-runs",
  "plugin-runs",
  "composite-runs",
  "composite-steps",
  "composite-step",
  "run-step",
  "uses-step",
  "container-runs-context",
  "output-value",
  "input-default-context",
  "non-empty-string",
  "string-steps-context",
  "boolean-steps-context",
  "step-env",
  "step-if",
  "step-with"
]
[2026-09-30 17:12:24Z INFO ActionManifestManager] Load schema file with definitions: [
  "null",
  "boolean",
  "number",
  "string",
  "sequence",
  "mapping",
  "any",
  "action-root",
  "inputs",
  "input",
  "outputs",
  "output-definition",
  "runs",
  "container-runs",
  "container-runs-args",
  "container-runs-env",
  "node-runs",
  "plugin-runs",
  "composite-runs",
  "composite-steps",
  "composite-step",
  "run-step",
  "uses-step",
  "container-runs-context",
  "output-value",
  "input-default-context",
  "non-empty-string",
  "string-steps-context",
  "boolean-steps-context",
  "step-env",
  "step-if",
  "step-with"
]
[2026-09-30 17:12:24Z INFO HostContext] Well known directory 'Bin': 'D:\cicd\actions-runner\bin'
[2026-09-30 17:12:24Z INFO HostContext] Well known directory 'Root': 'D:\cicd\actions-runner'
[2026-09-30 17:12:24Z INFO HostContext] Well known directory 'Work': 'D:\cicd\actions-runner\_work'
[2026-09-30 17:12:24Z INFO HostContext] Well known directory 'Actions': 'D:\cicd\actions-runner\_work\_actions'
[2026-09-30 17:12:25Z INFO ActionManifestManagerLegacy] Loaded action.yml file: {
  "name": "Checkout",
  "description": "Checkout a Git repository at a particular version",
  "inputs": {
    "type": 2,
    "map": [
      {
        "key": {
          "type": 0,
          "file": 2,
          "line": 4,
          "col": 3,
          "lit": "repository"
        },
        "value": {
          "type": 3,
          "file": 2,
          "line": 6,
          "col": 14,
          "expr": "github.repository"
        }
      },
      {
        "key": {
          "type": 0,
          "file": 2,
          "line": 7,
          "col": 3,
          "lit": "ref"
        },
        "value": ""
      },
      {
        "key": {
          "type": 0,
          "file": 2,
          "line": 12,
          "col": 3,
          "lit": "token"
        },
        "value": {
          "type": 3,
          "file": 2,
          "line": 24,
          "col": 14,
          "expr": "github.token"
        }
      },
      {
        "key": {
          "type": 0,
          "file": 2,
          "line": 25,
          "col": 3,
          "lit": "ssh-key"
        },
        "value": ""
      },
      {
        "key": {
          "type": 0,
          "file": 2,
          "line": 37,
          "col": 3,
          "lit": "ssh-known-hosts"
        },
        "value": ""
      },
      {
        "key": {
          "type": 0,
          "file": 2,
          "line": 42,
          "col": 3,
          "lit": "ssh-strict"
        },
        "value": {
          "type": 0,
          "file": 2,
          "line": 47,
          "col": 14,
          "lit": "true"
        }
      },
      {
        "key": {
          "type": 0,
          "file": 2,
          "line": 48,
          "col": 3,
          "lit": "ssh-user"
        },
        "value": {
          "type": 0,
          "file": 2,
          "line": 51,
          "col": 14,
          "lit": "git"
        }
      },
      {
        "key": {
          "type": 0,
          "file": 2,
          "line": 52,
          "col": 3,
          "lit": "persist-credentials"
        },
        "value": {
          "type": 0,
          "file": 2,
          "line": 54,
          "col": 14,
          "lit": "true"
        }
      },
      {
        "key": {
          "type": 0,
          "file": 2,
          "line": 55,
          "col": 3,
          "lit": "path"
        },
        "value": ""
      },
      {
        "key": {
          "type": 0,
          "file": 2,
          "line": 57,
          "col": 3,
          "lit": "clean"
        },
        "value": {
          "type": 0,
          "file": 2,
          "line": 59,
          "col": 14,
          "lit": "true"
        }
      },
      {
        "key": {
          "type": 0,
          "file": 2,
          "line": 60,
          "col": 3,
          "lit": "filter"
        },
        "value": {
          "type": 0,
          "file": 2,
          "line": 64,
          "col": 14,
          "lit": ""
        }
      },
      {
        "key": {
          "type": 0,
          "file": 2,
          "line": 65,
          "col": 3,
          "lit": "sparse-checkout"
        },
        "value": {
          "type": 0,
          "file": 2,
          "line": 69,
          "col": 14,
          "lit": ""
        }
      },
      {
        "key": {
          "type": 0,
          "file": 2,
          "line": 70,
          "col": 3,
          "lit": "sparse-checkout-cone-mode"
        },
        "value": {
          "type": 0,
          "file": 2,
          "line": 73,
          "col": 14,
          "lit": "true"
        }
      },
      {
        "key": {
          "type": 0,
          "file": 2,
          "line": 74,
          "col": 3,
          "lit": "fetch-depth"
        },
        "value": {
          "type": 0,
          "file": 2,
          "line": 76,
          "col": 14,
          "lit": "1"
        }
      },
      {
        "key": {
          "type": 0,
          "file": 2,
          "line": 77,
          "col": 3,
          "lit": "fetch-tags"
        },
        "value": {
          "type": 0,
          "file": 2,
          "line": 79,
          "col": 14,
          "lit": "false"
        }
      },
      {
        "key": {
          "type": 0,
          "file": 2,
          "line": 80,
          "col": 3,
          "lit": "show-progress"
        },
        "value": {
          "type": 0,
          "file": 2,
          "line": 82,
          "col": 14,
          "lit": "true"
        }
      },
      {
        "key": {
          "type": 0,
          "file": 2,
          "line": 83,
          "col": 3,
          "lit": "lfs"
        },
        "value": {
          "type": 0,
          "file": 2,
          "line": 85,
          "col": 14,
          "lit": "false"
        }
      },
      {
        "key": {
          "type": 0,
          "file": 2,
          "line": 86,
          "col": 3,
          "lit": "submodules"
        },
        "value": {
          "type": 0,
          "file": 2,
          "line": 94,
          "col": 14,
          "lit": "false"
        }
      },
      {
        "key": {
          "type": 0,
          "file": 2,
          "line": 95,
          "col": 3,
          "lit": "set-safe-directory"
        },
        "value": {
          "type": 0,
          "file": 2,
          "line": 97,
          "col": 14,
          "lit": "true"
        }
      },
      {
        "key": {
          "type": 0,
          "file": 2,
          "line": 98,
          "col": 3,
          "lit": "github-server-url"
        },
        "value": ""
      },
      {
        "key": {
          "type": 0,
          "file": 2,
          "line": 101,
          "col": 3,
          "lit": "allow-unsafe-pr-checkout"
        },
        "value": {
          "type": 0,
          "file": 2,
          "line": 109,
          "col": 14,
          "lit": "false"
        }
      }
    ]
  },
  "execution": {
    "executionType": "nodeJS",
    "hasPre": false,
    "hasPost": true,
    "script": "dist/index.js",
    "pre": null,
    "post": "dist/index.js",
    "nodeVersion": "node20",
    "cleanupCondition": "always()",
    "initCondition": "always()"
  },
  "deprecated": null
}
[2026-09-30 17:12:25Z INFO ActionManager] Action node.js file: dist/index.js, no more preparation.
[2026-09-30 17:12:25Z INFO HostContext] Well known directory 'Bin': 'D:\cicd\actions-runner\bin'
[2026-09-30 17:12:25Z INFO HostContext] Well known directory 'Root': 'D:\cicd\actions-runner'
[2026-09-30 17:12:25Z INFO HostContext] Well known directory 'Work': 'D:\cicd\actions-runner\_work'
[2026-09-30 17:12:25Z INFO HostContext] Well known directory 'Actions': 'D:\cicd\actions-runner\_work\_actions'
[2026-09-30 17:12:25Z INFO ActionManager] Load action that reference repository from 'D:\cicd\actions-runner\_work\_actions\actions\checkout\v4'
[2026-09-30 17:12:25Z INFO HostContext] Well known directory 'Bin': 'D:\cicd\actions-runner\bin'
[2026-09-30 17:12:25Z INFO HostContext] Well known directory 'Root': 'D:\cicd\actions-runner'
[2026-09-30 17:12:25Z INFO HostContext] Well known directory 'Work': 'D:\cicd\actions-runner\_work'
[2026-09-30 17:12:25Z INFO HostContext] Well known directory 'Actions': 'D:\cicd\actions-runner\_work\_actions'
[2026-09-30 17:12:25Z INFO ActionManifestManagerLegacy] Loaded action.yml file: {
  "name": "Checkout",
  "description": "Checkout a Git repository at a particular version",
  "inputs": {
    "type": 2,
    "map": [
      {
        "key": {
          "type": 0,
          "file": 2,
          "line": 4,
          "col": 3,
          "lit": "repository"
        },
        "value": {
          "type": 3,
          "file": 2,
          "line": 6,
          "col": 14,
          "expr": "github.repository"
        }
      },
      {
        "key": {
          "type": 0,
          "file": 2,
          "line": 7,
          "col": 3,
          "lit": "ref"
        },
        "value": ""
      },
      {
        "key": {
          "type": 0,
          "file": 2,
          "line": 12,
          "col": 3,
          "lit": "token"
        },
        "value": {
          "type": 3,
          "file": 2,
          "line": 24,
          "col": 14,
          "expr": "github.token"
        }
      },
      {
        "key": {
          "type": 0,
          "file": 2,
          "line": 25,
          "col": 3,
          "lit": "ssh-key"
        },
        "value": ""
      },
      {
        "key": {
          "type": 0,
          "file": 2,
          "line": 37,
          "col": 3,
          "lit": "ssh-known-hosts"
        },
        "value": ""
      },
      {
        "key": {
          "type": 0,
          "file": 2,
          "line": 42,
          "col": 3,
          "lit": "ssh-strict"
        },
        "value": {
          "type": 0,
          "file": 2,
          "line": 47,
          "col": 14,
          "lit": "true"
        }
      },
      {
        "key": {
          "type": 0,
          "file": 2,
          "line": 48,
          "col": 3,
          "lit": "ssh-user"
        },
        "value": {
          "type": 0,
          "file": 2,
          "line": 51,
          "col": 14,
          "lit": "git"
        }
      },
      {
        "key": {
          "type": 0,
          "file": 2,
          "line": 52,
          "col": 3,
          "lit": "persist-credentials"
        },
        "value": {
          "type": 0,
          "file": 2,
          "line": 54,
          "col": 14,
          "lit": "true"
        }
      },
      {
        "key": {
          "type": 0,
          "file": 2,
          "line": 55,
          "col": 3,
          "lit": "path"
        },
        "value": ""
      },
      {
        "key": {
          "type": 0,
          "file": 2,
          "line": 57,
          "col": 3,
          "lit": "clean"
        },
        "value": {
          "type": 0,
          "file": 2,
          "line": 59,
          "col": 14,
          "lit": "true"
        }
      },
      {
        "key": {
          "type": 0,
          "file": 2,
          "line": 60,
          "col": 3,
          "lit": "filter"
        },
        "value": {
          "type": 0,
          "file": 2,
          "line": 64,
          "col": 14,
          "lit": ""
        }
      },
      {
        "key": {
          "type": 0,
          "file": 2,
          "line": 65,
          "col": 3,
          "lit": "sparse-checkout"
        },
        "value": {
          "type": 0,
          "file": 2,
          "line": 69,
          "col": 14,
          "lit": ""
        }
      },
      {
        "key": {
          "type": 0,
          "file": 2,
          "line": 70,
          "col": 3,
          "lit": "sparse-checkout-cone-mode"
        },
        "value": {
          "type": 0,
          "file": 2,
          "line": 73,
          "col": 14,
          "lit": "true"
        }
      },
      {
        "key": {
          "type": 0,
          "file": 2,
          "line": 74,
          "col": 3,
          "lit": "fetch-depth"
        },
        "value": {
          "type": 0,
          "file": 2,
          "line": 76,
          "col": 14,
          "lit": "1"
        }
      },
      {
        "key": {
          "type": 0,
          "file": 2,
          "line": 77,
          "col": 3,
          "lit": "fetch-tags"
        },
        "value": {
          "type": 0,
          "file": 2,
          "line": 79,
          "col": 14,
          "lit": "false"
        }
      },
      {
        "key": {
          "type": 0,
          "file": 2,
          "line": 80,
          "col": 3,
          "lit": "show-progress"
        },
        "value": {
          "type": 0,
          "file": 2,
          "line": 82,
          "col": 14,
          "lit": "true"
        }
      },
      {
        "key": {
          "type": 0,
          "file": 2,
          "line": 83,
          "col": 3,
          "lit": "lfs"
        },
        "value": {
          "type": 0,
          "file": 2,
          "line": 85,
          "col": 14,
          "lit": "false"
        }
      },
      {
        "key": {
          "type": 0,
          "file": 2,
          "line": 86,
          "col": 3,
          "lit": "submodules"
        },
        "value": {
          "type": 0,
          "file": 2,
          "line": 94,
          "col": 14,
          "lit": "false"
        }
      },
      {
        "key": {
          "type": 0,
          "file": 2,
          "line": 95,
          "col": 3,
          "lit": "set-safe-directory"
        },
        "value": {
          "type": 0,
          "file": 2,
          "line": 97,
          "col": 14,
          "lit": "true"
        }
      },
      {
        "key": {
          "type": 0,
          "file": 2,
          "line": 98,
          "col": 3,
          "lit": "github-server-url"
        },
        "value": ""
      },
      {
        "key": {
          "type": 0,
          "file": 2,
          "line": 101,
          "col": 3,
          "lit": "allow-unsafe-pr-checkout"
        },
        "value": {
          "type": 0,
          "file": 2,
          "line": 109,
          "col": 14,
          "lit": "false"
        }
      }
    ]
  },
  "execution": {
    "executionType": "nodeJS",
    "hasPre": false,
    "hasPost": true,
    "script": "dist/index.js",
    "pre": null,
    "post": "dist/index.js",
    "nodeVersion": "node20",
    "cleanupCondition": "always()",
    "initCondition": "always()"
  },
  "deprecated": null
}
[2026-09-30 17:12:25Z INFO ActionManager] Action pre node.js file: N/A.
[2026-09-30 17:12:25Z INFO ActionManager] Action node.js file: dist/index.js.
[2026-09-30 17:12:25Z INFO ActionManager] Action post node.js file: dist/index.js.
[2026-09-30 17:12:25Z INFO JobExtension] Adding .
[2026-09-30 17:12:25Z INFO JobExtension] Adding .
[2026-09-30 17:12:25Z INFO JobExtension] Adding .
[2026-09-30 17:12:25Z INFO JobExtension] Adding .
[2026-09-30 17:12:25Z INFO JobExtension] Adding .
[2026-09-30 17:12:25Z INFO JobExtension] Adding .
[2026-09-30 17:12:25Z INFO JobExtension] Adding .
[2026-09-30 17:12:25Z INFO JobExtension] Adding .
[2026-09-30 17:12:25Z INFO JobExtension] Adding .
[2026-09-30 17:12:25Z INFO HostContext] Well known directory 'Bin': 'D:\cicd\actions-runner\bin'
[2026-09-30 17:12:25Z INFO HostContext] Well known directory 'Root': 'D:\cicd\actions-runner'
[2026-09-30 17:12:25Z INFO HostContext] Well known directory 'Diag': 'D:\cicd\actions-runner\_diag'
[2026-09-30 17:12:25Z INFO HostContext] Well known directory 'Bin': 'D:\cicd\actions-runner\bin'
[2026-09-30 17:12:25Z INFO HostContext] Well known directory 'Root': 'D:\cicd\actions-runner'
[2026-09-30 17:12:25Z INFO HostContext] Well known directory 'Diag': 'D:\cicd\actions-runner\_diag'
[2026-09-30 17:12:25Z INFO HostContext] Well known directory 'Bin': 'D:\cicd\actions-runner\bin'
[2026-09-30 17:12:25Z INFO HostContext] Well known directory 'Root': 'D:\cicd\actions-runner'
[2026-09-30 17:12:25Z INFO HostContext] Well known directory 'Diag': 'D:\cicd\actions-runner\_diag'
[2026-09-30 17:12:25Z INFO HostContext] Well known directory 'Bin': 'D:\cicd\actions-runner\bin'
[2026-09-30 17:12:25Z INFO HostContext] Well known directory 'Root': 'D:\cicd\actions-runner'
[2026-09-30 17:12:25Z INFO HostContext] Well known directory 'Diag': 'D:\cicd\actions-runner\_diag'
[2026-09-30 17:12:25Z INFO HostContext] Well known directory 'Bin': 'D:\cicd\actions-runner\bin'
[2026-09-30 17:12:25Z INFO HostContext] Well known directory 'Root': 'D:\cicd\actions-runner'
[2026-09-30 17:12:25Z INFO HostContext] Well known directory 'Diag': 'D:\cicd\actions-runner\_diag'
[2026-09-30 17:12:25Z INFO HostContext] Well known directory 'Bin': 'D:\cicd\actions-runner\bin'
[2026-09-30 17:12:25Z INFO HostContext] Well known directory 'Root': 'D:\cicd\actions-runner'
[2026-09-30 17:12:25Z INFO HostContext] Well known directory 'Diag': 'D:\cicd\actions-runner\_diag'
[2026-09-30 17:12:25Z INFO HostContext] Well known directory 'Bin': 'D:\cicd\actions-runner\bin'
[2026-09-30 17:12:25Z INFO HostContext] Well known directory 'Root': 'D:\cicd\actions-runner'
[2026-09-30 17:12:25Z INFO HostContext] Well known directory 'Diag': 'D:\cicd\actions-runner\_diag'
[2026-09-30 17:12:25Z INFO HostContext] Well known directory 'Bin': 'D:\cicd\actions-runner\bin'
[2026-09-30 17:12:25Z INFO HostContext] Well known directory 'Root': 'D:\cicd\actions-runner'
[2026-09-30 17:12:25Z INFO HostContext] Well known directory 'Diag': 'D:\cicd\actions-runner\_diag'
[2026-09-30 17:12:25Z INFO HostContext] Well known directory 'Bin': 'D:\cicd\actions-runner\bin'
[2026-09-30 17:12:25Z INFO HostContext] Well known directory 'Root': 'D:\cicd\actions-runner'
[2026-09-30 17:12:25Z INFO HostContext] Well known directory 'Diag': 'D:\cicd\actions-runner\_diag'
[2026-09-30 17:12:25Z INFO HostContext] Well known directory 'Bin': 'D:\cicd\actions-runner\bin'
[2026-09-30 17:12:25Z INFO HostContext] Well known directory 'Root': 'D:\cicd\actions-runner'
[2026-09-30 17:12:25Z INFO HostContext] Well known directory 'Diag': 'D:\cicd\actions-runner\_diag'
[2026-09-30 17:12:25Z INFO HostContext] Well known directory 'Bin': 'D:\cicd\actions-runner\bin'
[2026-09-30 17:12:25Z INFO HostContext] Well known directory 'Root': 'D:\cicd\actions-runner'
[2026-09-30 17:12:25Z INFO HostContext] Well known directory 'Diag': 'D:\cicd\actions-runner\_diag'
[2026-09-30 17:12:25Z INFO HostContext] Well known directory 'Bin': 'D:\cicd\actions-runner\bin'
[2026-09-30 17:12:25Z INFO HostContext] Well known directory 'Root': 'D:\cicd\actions-runner'
[2026-09-30 17:12:25Z INFO HostContext] Well known directory 'Diag': 'D:\cicd\actions-runner\_diag'
[2026-09-30 17:12:25Z INFO HostContext] Well known directory 'Bin': 'D:\cicd\actions-runner\bin'
[2026-09-30 17:12:25Z INFO HostContext] Well known directory 'Root': 'D:\cicd\actions-runner'
[2026-09-30 17:12:25Z INFO HostContext] Well known directory 'Diag': 'D:\cicd\actions-runner\_diag'
[2026-09-30 17:12:25Z INFO HostContext] Well known directory 'Bin': 'D:\cicd\actions-runner\bin'
[2026-09-30 17:12:25Z INFO HostContext] Well known directory 'Root': 'D:\cicd\actions-runner'
[2026-09-30 17:12:25Z INFO HostContext] Well known directory 'Diag': 'D:\cicd\actions-runner\_diag'
[2026-09-30 17:12:25Z INFO HostContext] Well known directory 'Bin': 'D:\cicd\actions-runner\bin'
[2026-09-30 17:12:25Z INFO HostContext] Well known directory 'Root': 'D:\cicd\actions-runner'
[2026-09-30 17:12:25Z INFO HostContext] Well known directory 'Diag': 'D:\cicd\actions-runner\_diag'
[2026-09-30 17:12:25Z INFO HostContext] Well known directory 'Bin': 'D:\cicd\actions-runner\bin'
[2026-09-30 17:12:25Z INFO HostContext] Well known directory 'Root': 'D:\cicd\actions-runner'
[2026-09-30 17:12:25Z INFO HostContext] Well known directory 'Diag': 'D:\cicd\actions-runner\_diag'
[2026-09-30 17:12:25Z INFO HostContext] Well known directory 'Bin': 'D:\cicd\actions-runner\bin'
[2026-09-30 17:12:25Z INFO HostContext] Well known directory 'Root': 'D:\cicd\actions-runner'
[2026-09-30 17:12:25Z INFO HostContext] Well known directory 'Diag': 'D:\cicd\actions-runner\_diag'
[2026-09-30 17:12:25Z INFO HostContext] Well known directory 'Bin': 'D:\cicd\actions-runner\bin'
[2026-09-30 17:12:25Z INFO HostContext] Well known directory 'Root': 'D:\cicd\actions-runner'
[2026-09-30 17:12:25Z INFO HostContext] Well known directory 'Diag': 'D:\cicd\actions-runner\_diag'
[2026-09-30 17:12:25Z INFO JobExtension] Total accessible running process: 366.
[2026-09-30 17:12:25Z INFO HostContext] Well known directory 'Bin': 'D:\cicd\actions-runner\bin'
[2026-09-30 17:12:25Z INFO HostContext] Well known directory 'Root': 'D:\cicd\actions-runner'
[2026-09-30 17:12:25Z INFO HostContext] Well known directory 'Work': 'D:\cicd\actions-runner\_work'
[2026-09-30 17:12:25Z INFO JobExtension] Start checking server connectivity.
[2026-09-30 17:12:25Z INFO JobExtension] Check server connectivity for https://broker.actions.githubusercontent.com/health.
[2026-09-30 17:12:25Z INFO JobExtension] Check server connectivity for https://token.actions.githubusercontent.com/ready.
[2026-09-30 17:12:25Z INFO JobExtension] Check server connectivity for https://run.actions.githubusercontent.com/health.
[2026-09-30 17:12:25Z INFO JobExtension] Start checking service connectivity in background.
[2026-09-30 17:12:25Z INFO ExecutionContext] Publish step telemetry for current step {
  "action": "setup_job",
  "type": "runner",
  "stage": "Pre",
  "stepId": "7162ae0c-44f4-43cc-8ed1-c80c416caefb",
  "result": "succeeded",
  "errorMessages": [],
  "executionTimeInSeconds": 4,
  "startTime": "2026-09-30T17:12:21.7074023Z",
  "finishTime": "2026-09-30T17:12:25.4070045Z"
}.
[2026-09-30 17:12:25Z INFO JobRunner] Total job steps: 9.
[2026-09-30 17:12:25Z INFO JobRunner] Run all job steps.
[2026-09-30 17:12:25Z INFO DapDebugger] DapDebugger initialized
[2026-09-30 17:12:25Z INFO StepsRunner] Processing step: DisplayName='Checkout Code'
[2026-09-30 17:12:25Z INFO StepsRunner] Evaluating: success()
[2026-09-30 17:12:25Z INFO StepsRunner] Result: true
[2026-09-30 17:12:25Z INFO StepsRunner] Starting the step.
[2026-09-30 17:12:25Z INFO HostContext] Well known directory 'Bin': 'D:\cicd\actions-runner\bin'
[2026-09-30 17:12:25Z INFO HostContext] Well known directory 'Root': 'D:\cicd\actions-runner'
[2026-09-30 17:12:25Z INFO HostContext] Well known directory 'Work': 'D:\cicd\actions-runner\_work'
[2026-09-30 17:12:25Z INFO StepsRunner] Which2: 'chcp'
[2026-09-30 17:12:25Z INFO StepsRunner] Location: 'C:\WINDOWS\system32\chcp.COM'
[2026-09-30 17:12:25Z INFO ProcessInvokerWrapper] Starting process:
[2026-09-30 17:12:25Z INFO ProcessInvokerWrapper]   File name: 'C:\WINDOWS\system32\chcp.COM'
[2026-09-30 17:12:25Z INFO ProcessInvokerWrapper]   Arguments: '65001'
[2026-09-30 17:12:25Z INFO ProcessInvokerWrapper]   Working directory: 'D:\cicd\actions-runner\_work'
[2026-09-30 17:12:25Z INFO ProcessInvokerWrapper]   Require exit code zero: 'False'
[2026-09-30 17:12:25Z INFO ProcessInvokerWrapper]   Encoding web name:  ; code page: ''
[2026-09-30 17:12:25Z INFO ProcessInvokerWrapper]   Force kill process on cancellation: 'False'
[2026-09-30 17:12:25Z INFO ProcessInvokerWrapper]   Redirected STDIN: 'False'
[2026-09-30 17:12:25Z INFO ProcessInvokerWrapper]   Persist current code page: 'True'
[2026-09-30 17:12:25Z INFO ProcessInvokerWrapper]   Keep redirected STDIN open: 'False'
[2026-09-30 17:12:25Z INFO ProcessInvokerWrapper]   High priority process: 'False'
[2026-09-30 17:12:25Z INFO ProcessInvokerWrapper] Process started with process id 21608, waiting for process exit.
[2026-09-30 17:12:25Z INFO ProcessInvokerWrapper] STDOUT/STDERR stream read finished.
[2026-09-30 17:12:25Z INFO ProcessInvokerWrapper] STDOUT/STDERR stream read finished.
[2026-09-30 17:12:25Z INFO ProcessInvokerWrapper] Finished process 21608 with exit code 0, and elapsed time 00:00:00.0497418.
[2026-09-30 17:12:25Z INFO StepsRunner] Successfully returned to code page 65001 (UTF8)
[2026-09-30 17:12:25Z INFO HostContext] Well known directory 'Bin': 'D:\cicd\actions-runner\bin'
[2026-09-30 17:12:25Z INFO HostContext] Well known directory 'Root': 'D:\cicd\actions-runner'
[2026-09-30 17:12:25Z INFO HostContext] Well known directory 'Work': 'D:\cicd\actions-runner\_work'
[2026-09-30 17:12:25Z INFO HostContext] Well known directory 'Actions': 'D:\cicd\actions-runner\_work\_actions'
[2026-09-30 17:12:25Z INFO ActionManager] Load action that reference repository from 'D:\cicd\actions-runner\_work\_actions\actions\checkout\v4'
[2026-09-30 17:12:25Z INFO HostContext] Well known directory 'Bin': 'D:\cicd\actions-runner\bin'
[2026-09-30 17:12:25Z INFO HostContext] Well known directory 'Root': 'D:\cicd\actions-runner'
[2026-09-30 17:12:25Z INFO HostContext] Well known directory 'Work': 'D:\cicd\actions-runner\_work'
[2026-09-30 17:12:25Z INFO HostContext] Well known directory 'Actions': 'D:\cicd\actions-runner\_work\_actions'
[2026-09-30 17:12:25Z INFO JobServerQueue] Try to append 1 batches web console lines for record '7162ae0c-44f4-43cc-8ed1-c80c416caefb', success rate: 1/1.
[2026-09-30 17:12:25Z INFO ActionManifestManagerLegacy] Loaded action.yml file: {
  "name": "Checkout",
  "description": "Checkout a Git repository at a particular version",
  "inputs": {
    "type": 2,
    "map": [
      {
        "key": {
          "type": 0,
          "file": 2,
          "line": 4,
          "col": 3,
          "lit": "repository"
        },
        "value": {
          "type": 3,
          "file": 2,
          "line": 6,
          "col": 14,
          "expr": "github.repository"
        }
      },
      {
        "key": {
          "type": 0,
          "file": 2,
          "line": 7,
          "col": 3,
          "lit": "ref"
        },
        "value": ""
      },
      {
        "key": {
          "type": 0,
          "file": 2,
          "line": 12,
          "col": 3,
          "lit": "token"
        },
        "value": {
          "type": 3,
          "file": 2,
          "line": 24,
          "col": 14,
          "expr": "github.token"
        }
      },
      {
        "key": {
          "type": 0,
          "file": 2,
          "line": 25,
          "col": 3,
          "lit": "ssh-key"
        },
        "value": ""
      },
      {
        "key": {
          "type": 0,
          "file": 2,
          "line": 37,
          "col": 3,
          "lit": "ssh-known-hosts"
        },
        "value": ""
      },
      {
        "key": {
          "type": 0,
          "file": 2,
          "line": 42,
          "col": 3,
          "lit": "ssh-strict"
        },
        "value": {
          "type": 0,
          "file": 2,
          "line": 47,
          "col": 14,
          "lit": "true"
        }
      },
      {
        "key": {
          "type": 0,
          "file": 2,
          "line": 48,
          "col": 3,
          "lit": "ssh-user"
        },
        "value": {
          "type": 0,
          "file": 2,
          "line": 51,
          "col": 14,
          "lit": "git"
        }
      },
      {
        "key": {
          "type": 0,
          "file": 2,
          "line": 52,
          "col": 3,
          "lit": "persist-credentials"
        },
        "value": {
          "type": 0,
          "file": 2,
          "line": 54,
          "col": 14,
          "lit": "true"
        }
      },
      {
        "key": {
          "type": 0,
          "file": 2,
          "line": 55,
          "col": 3,
          "lit": "path"
        },
        "value": ""
      },
      {
        "key": {
          "type": 0,
          "file": 2,
          "line": 57,
          "col": 3,
          "lit": "clean"
        },
        "value": {
          "type": 0,
          "file": 2,
          "line": 59,
          "col": 14,
          "lit": "true"
        }
      },
      {
        "key": {
          "type": 0,
          "file": 2,
          "line": 60,
          "col": 3,
          "lit": "filter"
        },
        "value": {
          "type": 0,
          "file": 2,
          "line": 64,
          "col": 14,
          "lit": ""
        }
      },
      {
        "key": {
          "type": 0,
          "file": 2,
          "line": 65,
          "col": 3,
          "lit": "sparse-checkout"
        },
        "value": {
          "type": 0,
          "file": 2,
          "line": 69,
          "col": 14,
          "lit": ""
        }
      },
      {
        "key": {
          "type": 0,
          "file": 2,
          "line": 70,
          "col": 3,
          "lit": "sparse-checkout-cone-mode"
        },
        "value": {
          "type": 0,
          "file": 2,
          "line": 73,
          "col": 14,
          "lit": "true"
        }
      },
      {
        "key": {
          "type": 0,
          "file": 2,
          "line": 74,
          "col": 3,
          "lit": "fetch-depth"
        },
        "value": {
          "type": 0,
          "file": 2,
          "line": 76,
          "col": 14,
          "lit": "1"
        }
      },
      {
        "key": {
          "type": 0,
          "file": 2,
          "line": 77,
          "col": 3,
          "lit": "fetch-tags"
        },
        "value": {
          "type": 0,
          "file": 2,
          "line": 79,
          "col": 14,
          "lit": "false"
        }
      },
      {
        "key": {
          "type": 0,
          "file": 2,
          "line": 80,
          "col": 3,
          "lit": "show-progress"
        },
        "value": {
          "type": 0,
          "file": 2,
          "line": 82,
          "col": 14,
          "lit": "true"
        }
      },
      {
        "key": {
          "type": 0,
          "file": 2,
          "line": 83,
          "col": 3,
          "lit": "lfs"
        },
        "value": {
          "type": 0,
          "file": 2,
          "line": 85,
          "col": 14,
          "lit": "false"
        }
      },
      {
        "key": {
          "type": 0,
          "file": 2,
          "line": 86,
          "col": 3,
          "lit": "submodules"
        },
        "value": {
          "type": 0,
          "file": 2,
          "line": 94,
          "col": 14,
          "lit": "false"
        }
      },
      {
        "key": {
          "type": 0,
          "file": 2,
          "line": 95,
          "col": 3,
          "lit": "set-safe-directory"
        },
        "value": {
          "type": 0,
          "file": 2,
          "line": 97,
          "col": 14,
          "lit": "true"
        }
      },
      {
        "key": {
          "type": 0,
          "file": 2,
          "line": 98,
          "col": 3,
          "lit": "github-server-url"
        },
        "value": ""
      },
      {
        "key": {
          "type": 0,
          "file": 2,
          "line": 101,
          "col": 3,
          "lit": "allow-unsafe-pr-checkout"
        },
        "value": {
          "type": 0,
          "file": 2,
          "line": 109,
          "col": 14,
          "lit": "false"
        }
      }
    ]
  },
  "execution": {
    "executionType": "nodeJS",
    "hasPre": false,
    "hasPost": true,
    "script": "dist/index.js",
    "pre": null,
    "post": "dist/index.js",
    "nodeVersion": "node20",
    "cleanupCondition": "always()",
    "initCondition": "always()"
  },
  "deprecated": null
}
[2026-09-30 17:12:25Z INFO ActionManager] Action pre node.js file: N/A.
[2026-09-30 17:12:25Z INFO ActionManager] Action node.js file: dist/index.js.
[2026-09-30 17:12:25Z INFO ActionManager] Action post node.js file: dist/index.js.
[2026-09-30 17:12:25Z INFO ExecutionContext] Reserve record order 11 to 20 for post job actions.
[2026-09-30 17:12:25Z INFO HostContext] Well known directory 'Bin': 'D:\cicd\actions-runner\bin'
[2026-09-30 17:12:25Z INFO HostContext] Well known directory 'Root': 'D:\cicd\actions-runner'
[2026-09-30 17:12:25Z INFO HostContext] Well known directory 'Diag': 'D:\cicd\actions-runner\_diag'
[2026-09-30 17:12:25Z INFO HostContext] Well known directory 'Bin': 'D:\cicd\actions-runner\bin'
[2026-09-30 17:12:25Z INFO HostContext] Well known directory 'Root': 'D:\cicd\actions-runner'
[2026-09-30 17:12:25Z INFO HostContext] Well known directory 'Diag': 'D:\cicd\actions-runner\_diag'
[2026-09-30 17:12:25Z INFO HostContext] Well known directory 'Bin': 'D:\cicd\actions-runner\bin'
[2026-09-30 17:12:25Z INFO HostContext] Well known directory 'Root': 'D:\cicd\actions-runner'
[2026-09-30 17:12:25Z INFO HostContext] Well known directory 'Work': 'D:\cicd\actions-runner\_work'
[2026-09-30 17:12:25Z INFO HostContext] Well known directory 'Temp': 'D:\cicd\actions-runner\_work\_temp'
[2026-09-30 17:12:25Z INFO ExecutionContext] Write event payload to D:\cicd\actions-runner\_work\_temp\_github_workflow\event.json
[2026-09-30 17:12:25Z INFO HostContext] Well known directory 'Bin': 'D:\cicd\actions-runner\bin'
[2026-09-30 17:12:25Z INFO HostContext] Well known directory 'Root': 'D:\cicd\actions-runner'
[2026-09-30 17:12:25Z INFO HostContext] Well known directory 'Work': 'D:\cicd\actions-runner\_work'
[2026-09-30 17:12:25Z INFO HostContext] Well known directory 'Temp': 'D:\cicd\actions-runner\_work\_temp'
[2026-09-30 17:12:25Z INFO ExtensionManager] Getting extensions for interface: 'GitHub.Runner.Worker.IFileCommandExtension'
[2026-09-30 17:12:25Z INFO ExtensionManager] Creating instance: GitHub.Runner.Worker.AddPathFileCommand, Runner.Worker
[2026-09-30 17:12:25Z INFO ExtensionManager] Creating instance: GitHub.Runner.Worker.SetEnvFileCommand, Runner.Worker
[2026-09-30 17:12:25Z INFO ExtensionManager] Creating instance: GitHub.Runner.Worker.CreateStepSummaryCommand, Runner.Worker
[2026-09-30 17:12:25Z INFO ExtensionManager] Creating instance: GitHub.Runner.Worker.SaveStateFileCommand, Runner.Worker
[2026-09-30 17:12:25Z INFO ExtensionManager] Creating instance: GitHub.Runner.Worker.SetOutputFileCommand, Runner.Worker
[2026-09-30 17:12:25Z INFO ExtensionManager] Creating instance: GitHub.Runner.Worker.CreateArtifactsFileCommand, Runner.Worker
[2026-09-30 17:12:25Z INFO ExtensionManager] Creating instance: GitHub.Runner.Worker.ArtifactsListFileCommand, Runner.Worker
[2026-09-30 17:12:25Z INFO JobServerQueue] Got a step log file to send to results service.
[2026-09-30 17:12:25Z INFO JobServerQueue] Starting upload of step log file to results service ResultsLog, D:\cicd\actions-runner\_diag\blocks\871c641b-47dc-83c7-8d1c-41a24b6bc44a_7162ae0c-44f4-43cc-8ed1-c80c416caefb.1
[2026-09-30 17:12:25Z INFO ActionManifestManagerLegacy] Input 'repository': default value evaluate result: {
  "type": 0,
  "file": 2,
  "line": 6,
  "col": 14,
  "lit": "***-ops/my-repo"
}
[2026-09-30 17:12:25Z INFO ActionManifestManagerLegacy] Input 'ref': default value evaluate result: ""
[2026-09-30 17:12:25Z INFO JobServerQueue] Try to upload 1 log files or attachments, success rate: 1/1.
[2026-09-30 17:12:25Z INFO ActionManifestManagerLegacy] Input 'token': default value evaluate result: {
  "type": 0,
  "file": 2,
  "line": 24,
  "col": 14,
  "lit": "***"
}
[2026-09-30 17:12:25Z INFO ActionManifestManagerLegacy] Input 'ssh-key': default value evaluate result: ""
[2026-09-30 17:12:25Z INFO ActionManifestManagerLegacy] Input 'ssh-known-hosts': default value evaluate result: ""
[2026-09-30 17:12:25Z INFO ActionManifestManagerLegacy] Input 'ssh-strict': default value evaluate result: {
  "type": 0,
  "file": 2,
  "line": 47,
  "col": 14,
  "lit": "true"
}
[2026-09-30 17:12:25Z INFO ActionManifestManagerLegacy] Input 'ssh-user': default value evaluate result: {
  "type": 0,
  "file": 2,
  "line": 51,
  "col": 14,
  "lit": "git"
}
[2026-09-30 17:12:25Z INFO ActionManifestManagerLegacy] Input 'persist-credentials': default value evaluate result: {
  "type": 0,
  "file": 2,
  "line": 54,
  "col": 14,
  "lit": "true"
}
[2026-09-30 17:12:25Z INFO ActionManifestManagerLegacy] Input 'path': default value evaluate result: ""
[2026-09-30 17:12:25Z INFO ActionManifestManagerLegacy] Input 'clean': default value evaluate result: {
  "type": 0,
  "file": 2,
  "line": 59,
  "col": 14,
  "lit": "true"
}
[2026-09-30 17:12:25Z INFO ActionManifestManagerLegacy] Input 'filter': default value evaluate result: {
  "type": 0,
  "file": 2,
  "line": 64,
  "col": 14,
  "lit": ""
}
[2026-09-30 17:12:25Z INFO ActionManifestManagerLegacy] Input 'sparse-checkout': default value evaluate result: {
  "type": 0,
  "file": 2,
  "line": 69,
  "col": 14,
  "lit": ""
}
[2026-09-30 17:12:25Z INFO ActionManifestManagerLegacy] Input 'sparse-checkout-cone-mode': default value evaluate result: {
  "type": 0,
  "file": 2,
  "line": 73,
  "col": 14,
  "lit": "true"
}
[2026-09-30 17:12:25Z INFO ActionManifestManagerLegacy] Input 'fetch-depth': default value evaluate result: {
  "type": 0,
  "file": 2,
  "line": 76,
  "col": 14,
  "lit": "1"
}
[2026-09-30 17:12:25Z INFO ActionManifestManagerLegacy] Input 'fetch-tags': default value evaluate result: {
  "type": 0,
  "file": 2,
  "line": 79,
  "col": 14,
  "lit": "false"
}
[2026-09-30 17:12:25Z INFO ActionManifestManagerLegacy] Input 'show-progress': default value evaluate result: {
  "type": 0,
  "file": 2,
  "line": 82,
  "col": 14,
  "lit": "true"
}
[2026-09-30 17:12:25Z INFO ActionManifestManagerLegacy] Input 'lfs': default value evaluate result: {
  "type": 0,
  "file": 2,
  "line": 85,
  "col": 14,
  "lit": "false"
}
[2026-09-30 17:12:25Z INFO ActionManifestManagerLegacy] Input 'submodules': default value evaluate result: {
  "type": 0,
  "file": 2,
  "line": 94,
  "col": 14,
  "lit": "false"
}
[2026-09-30 17:12:25Z INFO ActionManifestManagerLegacy] Input 'set-safe-directory': default value evaluate result: {
  "type": 0,
  "file": 2,
  "line": 97,
  "col": 14,
  "lit": "true"
}
[2026-09-30 17:12:25Z INFO ActionManifestManagerLegacy] Input 'github-server-url': default value evaluate result: ""
[2026-09-30 17:12:25Z INFO ActionManifestManagerLegacy] Input 'allow-unsafe-pr-checkout': default value evaluate result: {
  "type": 0,
  "file": 2,
  "line": 109,
  "col": 14,
  "lit": "false"
}
[2026-09-30 17:12:25Z INFO ExtensionManager] Getting extensions for interface: 'GitHub.Runner.Worker.IActionCommandExtension'
[2026-09-30 17:12:25Z INFO ExtensionManager] Creating instance: GitHub.Runner.Worker.InternalPluginSetRepoPathCommandExtension, Runner.Worker
[2026-09-30 17:12:25Z INFO ExtensionManager] Creating instance: GitHub.Runner.Worker.SetEnvCommandExtension, Runner.Worker
[2026-09-30 17:12:25Z INFO ExtensionManager] Creating instance: GitHub.Runner.Worker.SetOutputCommandExtension, Runner.Worker
[2026-09-30 17:12:25Z INFO ExtensionManager] Creating instance: GitHub.Runner.Worker.SaveStateCommandExtension, Runner.Worker
[2026-09-30 17:12:25Z INFO ExtensionManager] Creating instance: GitHub.Runner.Worker.AddPathCommandExtension, Runner.Worker
[2026-09-30 17:12:25Z INFO ExtensionManager] Creating instance: GitHub.Runner.Worker.AddMaskCommandExtension, Runner.Worker
[2026-09-30 17:12:25Z INFO ExtensionManager] Creating instance: GitHub.Runner.Worker.AddMatcherCommandExtension, Runner.Worker
[2026-09-30 17:12:25Z INFO ExtensionManager] Creating instance: GitHub.Runner.Worker.RemoveMatcherCommandExtension, Runner.Worker
[2026-09-30 17:12:25Z INFO ExtensionManager] Creating instance: GitHub.Runner.Worker.WarningCommandExtension, Runner.Worker
[2026-09-30 17:12:25Z INFO ExtensionManager] Creating instance: GitHub.Runner.Worker.ErrorCommandExtension, Runner.Worker
[2026-09-30 17:12:25Z INFO ExtensionManager] Creating instance: GitHub.Runner.Worker.NoticeCommandExtension, Runner.Worker
[2026-09-30 17:12:25Z INFO ExtensionManager] Creating instance: GitHub.Runner.Worker.DebugCommandExtension, Runner.Worker
[2026-09-30 17:12:25Z INFO ExtensionManager] Creating instance: GitHub.Runner.Worker.GroupCommandExtension, Runner.Worker
[2026-09-30 17:12:25Z INFO ExtensionManager] Creating instance: GitHub.Runner.Worker.EndGroupCommandExtension, Runner.Worker
[2026-09-30 17:12:25Z INFO ExtensionManager] Creating instance: GitHub.Runner.Worker.EchoCommandExtension, Runner.Worker
[2026-09-30 17:12:25Z INFO ActionCommandManager] Register action command extension for command internal-set-repo-path
[2026-09-30 17:12:25Z INFO ActionCommandManager] Register action command extension for command set-env
[2026-09-30 17:12:25Z INFO ActionCommandManager] Register action command extension for command set-output
[2026-09-30 17:12:25Z INFO ActionCommandManager] Register action command extension for command save-state
[2026-09-30 17:12:25Z INFO ActionCommandManager] Register action command extension for command add-path
[2026-09-30 17:12:25Z INFO ActionCommandManager] Register action command extension for command add-mask
[2026-09-30 17:12:25Z INFO ActionCommandManager] Register action command extension for command add-matcher
[2026-09-30 17:12:25Z INFO ActionCommandManager] Register action command extension for command remove-matcher
[2026-09-30 17:12:25Z INFO ActionCommandManager] Register action command extension for command warning
[2026-09-30 17:12:25Z INFO ActionCommandManager] Register action command extension for command error
[2026-09-30 17:12:25Z INFO ActionCommandManager] Register action command extension for command notice
[2026-09-30 17:12:25Z INFO ActionCommandManager] Register action command extension for command debug
[2026-09-30 17:12:25Z INFO ActionCommandManager] Register action command extension for command group
[2026-09-30 17:12:25Z INFO ActionCommandManager] Register action command extension for command endgroup
[2026-09-30 17:12:25Z INFO ActionCommandManager] Register action command extension for command echo
[2026-09-30 17:12:25Z INFO HostContext] Well known directory 'Bin': 'D:\cicd\actions-runner\bin'
[2026-09-30 17:12:25Z INFO HostContext] Well known directory 'Root': 'D:\cicd\actions-runner'
[2026-09-30 17:12:25Z INFO HostContext] Well known directory 'Externals': 'D:\cicd\actions-runner\externals'
[2026-09-30 17:12:25Z INFO ProcessInvokerWrapper] Starting process:
[2026-09-30 17:12:25Z INFO ProcessInvokerWrapper]   File name: 'D:\cicd\actions-runner\externals\node24\bin\node.exe'
[2026-09-30 17:12:25Z INFO ProcessInvokerWrapper]   Arguments: '"D:\cicd\actions-runner\_work\_actions\actions\checkout\v4\dist/index.js"'
[2026-09-30 17:12:25Z INFO ProcessInvokerWrapper]   Working directory: 'D:\cicd\actions-runner\_work\my-repo\my-repo'
[2026-09-30 17:12:25Z INFO ProcessInvokerWrapper]   Require exit code zero: 'False'
[2026-09-30 17:12:25Z INFO ProcessInvokerWrapper]   Encoding web name: utf-8 ; code page: '65001'
[2026-09-30 17:12:25Z INFO ProcessInvokerWrapper]   Force kill process on cancellation: 'False'
[2026-09-30 17:12:25Z INFO ProcessInvokerWrapper]   Redirected STDIN: 'False'
[2026-09-30 17:12:25Z INFO ProcessInvokerWrapper]   Persist current code page: 'True'
[2026-09-30 17:12:25Z INFO ProcessInvokerWrapper]   Keep redirected STDIN open: 'False'
[2026-09-30 17:12:25Z INFO ProcessInvokerWrapper]   High priority process: 'False'
[2026-09-30 17:12:25Z INFO ProcessInvokerWrapper] Process started with process id 8592, waiting for process exit.
[2026-09-30 17:12:25Z INFO JobServerQueue] Try to append 1 batches web console lines for record 'e99464f8-0a1d-4364-a163-7b8b963b76de', success rate: 1/1.
[2026-09-30 17:12:27Z INFO JobServerQueue] Try to append 1 batches web console lines for record 'e99464f8-0a1d-4364-a163-7b8b963b76de', success rate: 1/1.
[2026-09-30 17:12:27Z INFO JobServerQueue] Tried to upload 1 file(s) to results, success rate: 1/1.
[2026-09-30 17:12:28Z INFO AddMaskCommandExtension] Add new secret mask with length of 524
[2026-09-30 17:12:28Z INFO JobServerQueue] Try to append 1 batches web console lines for record 'e99464f8-0a1d-4364-a163-7b8b963b76de', success rate: 1/1.
[2026-09-30 17:12:28Z INFO JobServerQueue] Try to append 1 batches web console lines for record 'e99464f8-0a1d-4364-a163-7b8b963b76de', success rate: 1/1.
[2026-09-30 17:12:28Z INFO JobServerQueue] Try to append 1 batches web console lines for record 'e99464f8-0a1d-4364-a163-7b8b963b76de', success rate: 1/1.
[2026-09-30 17:12:28Z INFO JobServerQueue] Try to append 1 batches web console lines for record 'e99464f8-0a1d-4364-a163-7b8b963b76de', success rate: 1/1.
[2026-09-30 17:12:29Z INFO JobServerQueue] Try to append 1 batches web console lines for record 'e99464f8-0a1d-4364-a163-7b8b963b76de', success rate: 1/1.
[2026-09-30 17:12:32Z INFO JobServerQueue] Try to append 1 batches web console lines for record 'e99464f8-0a1d-4364-a163-7b8b963b76de', success rate: 1/1.
[2026-09-30 17:12:33Z INFO JobServerQueue] Try to append 1 batches web console lines for record 'e99464f8-0a1d-4364-a163-7b8b963b76de', success rate: 1/1.
[2026-09-30 17:12:33Z INFO JobServerQueue] Try to append 1 batches web console lines for record 'e99464f8-0a1d-4364-a163-7b8b963b76de', success rate: 1/1.
[2026-09-30 17:12:33Z INFO JobServerQueue] Try to append 1 batches web console lines for record 'e99464f8-0a1d-4364-a163-7b8b963b76de', success rate: 1/1.
[2026-09-30 17:12:33Z INFO JobServerQueue] Try to append 1 batches web console lines for record 'e99464f8-0a1d-4364-a163-7b8b963b76de', success rate: 1/1.
[2026-09-30 17:12:35Z INFO HostContext] Well known directory 'Bin': 'D:\cicd\actions-runner\bin'
[2026-09-30 17:12:35Z INFO HostContext] Well known directory 'Root': 'D:\cicd\actions-runner'
[2026-09-30 17:12:35Z INFO HostContext] Well known directory 'Work': 'D:\cicd\actions-runner\_work'
[2026-09-30 17:12:35Z INFO JobServerQueue] Try to append 1 batches web console lines for record 'e99464f8-0a1d-4364-a163-7b8b963b76de', success rate: 1/1.
[2026-09-30 17:12:36Z INFO JobServerQueue] Try to append 1 batches web console lines for record 'e99464f8-0a1d-4364-a163-7b8b963b76de', success rate: 1/1.
[2026-09-30 17:12:38Z INFO JobServerQueue] Try to append 1 batches web console lines for record 'e99464f8-0a1d-4364-a163-7b8b963b76de', success rate: 1/1.
[2026-09-30 17:12:38Z INFO JobServerQueue] Try to append 1 batches web console lines for record 'e99464f8-0a1d-4364-a163-7b8b963b76de', success rate: 1/1.
[2026-09-30 17:12:41Z INFO JobServerQueue] Try to append 1 batches web console lines for record 'e99464f8-0a1d-4364-a163-7b8b963b76de', success rate: 1/1.
[2026-09-30 17:12:41Z INFO JobServerQueue] Try to append 1 batches web console lines for record 'e99464f8-0a1d-4364-a163-7b8b963b76de', success rate: 1/1.
[2026-09-30 17:12:43Z INFO JobServerQueue] Try to append 1 batches web console lines for record 'e99464f8-0a1d-4364-a163-7b8b963b76de', success rate: 1/1.
[2026-09-30 17:12:43Z INFO JobServerQueue] Try to append 1 batches web console lines for record 'e99464f8-0a1d-4364-a163-7b8b963b76de', success rate: 1/1.
[2026-09-30 17:12:44Z INFO JobServerQueue] Try to append 1 batches web console lines for record 'e99464f8-0a1d-4364-a163-7b8b963b76de', success rate: 1/1.
[2026-09-30 17:12:44Z INFO ProcessInvokerWrapper] STDOUT/STDERR stream read finished.
[2026-09-30 17:12:44Z INFO ProcessInvokerWrapper] STDOUT/STDERR stream read finished.
[2026-09-30 17:12:44Z INFO ProcessInvokerWrapper] Finished process 8592 with exit code 0, and elapsed time 00:00:18.5750763.
[2026-09-30 17:12:44Z INFO CreateStepSummaryCommand] Step Summary file (D:\cicd\actions-runner\_work\_temp\_runner_file_commands\step_summary_75fa99be-3a6c-4b2b-a5b2-8a94a47b1be2) is empty; skipping attachment upload
[2026-09-30 17:12:44Z INFO StepsRunner] Step result: 
[2026-09-30 17:12:44Z INFO ExecutionContext] Publish step telemetry for current step {
  "action": "actions/checkout",
  "ref": "v4",
  "type": "node24",
  "stage": "Main",
  "stepId": "e99464f8-0a1d-4364-a163-7b8b963b76de",
  "stepContextName": "__actions_checkout",
  "hasPreStep": false,
  "hasPostStep": true,
  "result": "succeeded",
  "errorMessages": [],
  "executionTimeInSeconds": 19,
  "startTime": "2026-09-30T17:12:25.4543549Z",
  "finishTime": "2026-09-30T17:12:44.3296751Z"
}.
[2026-09-30 17:12:44Z INFO StepsRunner] No need for updating job result with current step result 'Succeeded'.
[2026-09-30 17:12:44Z INFO StepsRunner] Current state: job state = ''
[2026-09-30 17:12:44Z INFO StepsRunner] Processing step: DisplayName='Check Workspace'
[2026-09-30 17:12:44Z INFO StepsRunner] Evaluating: success()
[2026-09-30 17:12:44Z INFO StepsRunner] Result: true
[2026-09-30 17:12:44Z INFO StepsRunner] Starting the step.
[2026-09-30 17:12:44Z INFO HostContext] Well known directory 'Bin': 'D:\cicd\actions-runner\bin'
[2026-09-30 17:12:44Z INFO HostContext] Well known directory 'Root': 'D:\cicd\actions-runner'
[2026-09-30 17:12:44Z INFO HostContext] Well known directory 'Work': 'D:\cicd\actions-runner\_work'
[2026-09-30 17:12:44Z INFO StepsRunner] Which2: 'chcp'
[2026-09-30 17:12:44Z INFO StepsRunner] Location: 'C:\WINDOWS\system32\chcp.COM'
[2026-09-30 17:12:44Z INFO ProcessInvokerWrapper] Starting process:
[2026-09-30 17:12:44Z INFO ProcessInvokerWrapper]   File name: 'C:\WINDOWS\system32\chcp.COM'
[2026-09-30 17:12:44Z INFO ProcessInvokerWrapper]   Arguments: '65001'
[2026-09-30 17:12:44Z INFO ProcessInvokerWrapper]   Working directory: 'D:\cicd\actions-runner\_work'
[2026-09-30 17:12:44Z INFO ProcessInvokerWrapper]   Require exit code zero: 'False'
[2026-09-30 17:12:44Z INFO ProcessInvokerWrapper]   Encoding web name:  ; code page: ''
[2026-09-30 17:12:44Z INFO ProcessInvokerWrapper]   Force kill process on cancellation: 'False'
[2026-09-30 17:12:44Z INFO ProcessInvokerWrapper]   Redirected STDIN: 'False'
[2026-09-30 17:12:44Z INFO ProcessInvokerWrapper]   Persist current code page: 'True'
[2026-09-30 17:12:44Z INFO ProcessInvokerWrapper]   Keep redirected STDIN open: 'False'
[2026-09-30 17:12:44Z INFO ProcessInvokerWrapper]   High priority process: 'False'
[2026-09-30 17:12:44Z INFO ProcessInvokerWrapper] Process started with process id 28392, waiting for process exit.
[2026-09-30 17:12:44Z INFO ProcessInvokerWrapper] STDOUT/STDERR stream read finished.
[2026-09-30 17:12:44Z INFO ProcessInvokerWrapper] STDOUT/STDERR stream read finished.
[2026-09-30 17:12:44Z INFO ProcessInvokerWrapper] Finished process 28392 with exit code 0, and elapsed time 00:00:00.0347949.
[2026-09-30 17:12:44Z INFO StepsRunner] Successfully returned to code page 65001 (UTF8)
[2026-09-30 17:12:44Z INFO HostContext] Well known directory 'Bin': 'D:\cicd\actions-runner\bin'
[2026-09-30 17:12:44Z INFO HostContext] Well known directory 'Root': 'D:\cicd\actions-runner'
[2026-09-30 17:12:44Z INFO HostContext] Well known directory 'Work': 'D:\cicd\actions-runner\_work'
[2026-09-30 17:12:44Z INFO HostContext] Well known directory 'Temp': 'D:\cicd\actions-runner\_work\_temp'
[2026-09-30 17:12:44Z INFO ExecutionContext] Write event payload to D:\cicd\actions-runner\_work\_temp\_github_workflow\event.json
[2026-09-30 17:12:44Z INFO HostContext] Well known directory 'Bin': 'D:\cicd\actions-runner\bin'
[2026-09-30 17:12:44Z INFO HostContext] Well known directory 'Root': 'D:\cicd\actions-runner'
[2026-09-30 17:12:44Z INFO HostContext] Well known directory 'Work': 'D:\cicd\actions-runner\_work'
[2026-09-30 17:12:44Z INFO HostContext] Well known directory 'Temp': 'D:\cicd\actions-runner\_work\_temp'
[2026-09-30 17:12:44Z INFO ExtensionManager] Getting extensions for interface: 'GitHub.Runner.Worker.IFileCommandExtension'
[2026-09-30 17:12:44Z INFO ExtensionManager] Getting extensions for interface: 'GitHub.Runner.Worker.IActionCommandExtension'
[2026-09-30 17:12:44Z INFO ActionCommandManager] Register action command extension for command internal-set-repo-path
[2026-09-30 17:12:44Z INFO ActionCommandManager] Register action command extension for command set-env
[2026-09-30 17:12:44Z INFO ActionCommandManager] Register action command extension for command set-output
[2026-09-30 17:12:44Z INFO ActionCommandManager] Register action command extension for command save-state
[2026-09-30 17:12:44Z INFO ActionCommandManager] Register action command extension for command add-path
[2026-09-30 17:12:44Z INFO ActionCommandManager] Register action command extension for command add-mask
[2026-09-30 17:12:44Z INFO ActionCommandManager] Register action command extension for command add-matcher
[2026-09-30 17:12:44Z INFO ActionCommandManager] Register action command extension for command remove-matcher
[2026-09-30 17:12:44Z INFO ActionCommandManager] Register action command extension for command warning
[2026-09-30 17:12:44Z INFO ActionCommandManager] Register action command extension for command error
[2026-09-30 17:12:44Z INFO ActionCommandManager] Register action command extension for command notice
[2026-09-30 17:12:44Z INFO ActionCommandManager] Register action command extension for command debug
[2026-09-30 17:12:44Z INFO ActionCommandManager] Register action command extension for command group
[2026-09-30 17:12:44Z INFO ActionCommandManager] Register action command extension for command endgroup
[2026-09-30 17:12:44Z INFO ActionCommandManager] Register action command extension for command echo
[2026-09-30 17:12:44Z INFO ScriptHandler] Which2: 'pwsh'
[2026-09-30 17:12:44Z INFO ScriptHandler] Location: 'C:\Program Files\PowerShell\7\pwsh.EXE'
[2026-09-30 17:12:44Z INFO HostContext] Well known directory 'Bin': 'D:\cicd\actions-runner\bin'
[2026-09-30 17:12:44Z INFO HostContext] Well known directory 'Root': 'D:\cicd\actions-runner'
[2026-09-30 17:12:44Z INFO HostContext] Well known directory 'Work': 'D:\cicd\actions-runner\_work'
[2026-09-30 17:12:44Z INFO HostContext] Well known directory 'Temp': 'D:\cicd\actions-runner\_work\_temp'
[2026-09-30 17:12:44Z INFO ScriptHandler] Which2: 'pwsh'
[2026-09-30 17:12:44Z INFO ScriptHandler] Location: 'C:\Program Files\PowerShell\7\pwsh.EXE'
[2026-09-30 17:12:44Z INFO ProcessInvokerWrapper] Starting process:
[2026-09-30 17:12:44Z INFO ProcessInvokerWrapper]   File name: 'C:\Program Files\PowerShell\7\pwsh.EXE'
[2026-09-30 17:12:44Z INFO ProcessInvokerWrapper]   Arguments: '-command ". 'D:\cicd\actions-runner\_work\_temp\601666d3-38e3-42de-9350-48e433996e14.ps1'"'
[2026-09-30 17:12:44Z INFO ProcessInvokerWrapper]   Working directory: 'D:\cicd\actions-runner\_work\my-repo\my-repo'
[2026-09-30 17:12:44Z INFO ProcessInvokerWrapper]   Require exit code zero: 'False'
[2026-09-30 17:12:44Z INFO ProcessInvokerWrapper]   Encoding web name:  ; code page: ''
[2026-09-30 17:12:44Z INFO ProcessInvokerWrapper]   Force kill process on cancellation: 'False'
[2026-09-30 17:12:44Z INFO ProcessInvokerWrapper]   Redirected STDIN: 'False'
[2026-09-30 17:12:44Z INFO ProcessInvokerWrapper]   Persist current code page: 'True'
[2026-09-30 17:12:44Z INFO ProcessInvokerWrapper]   Keep redirected STDIN open: 'False'
[2026-09-30 17:12:44Z INFO ProcessInvokerWrapper]   High priority process: 'False'
[2026-09-30 17:12:44Z INFO JobServerQueue] Try to append 1 batches web console lines for record 'e99464f8-0a1d-4364-a163-7b8b963b76de', success rate: 1/1.
[2026-09-30 17:12:44Z INFO JobServerQueue] Try to append 1 batches web console lines for record 'b6f58ff5-f8ba-4e04-a9db-68899c4f5094', success rate: 1/1.
[2026-09-30 17:12:44Z INFO ProcessInvokerWrapper] Process started with process id 28188, waiting for process exit.
[2026-09-30 17:12:44Z INFO JobServerQueue] Try to upload 1 log files or attachments, success rate: 1/1.
[2026-09-30 17:12:44Z INFO JobServerQueue] Got a step log file to send to results service.
[2026-09-30 17:12:44Z INFO JobServerQueue] Starting upload of step log file to results service ResultsLog, D:\cicd\actions-runner\_diag\blocks\871c641b-47dc-83c7-8d1c-41a24b6bc44a_e99464f8-0a1d-4364-a163-7b8b963b76de.1
[2026-09-30 17:12:45Z INFO HostContext] Well known directory 'Bin': 'D:\cicd\actions-runner\bin'
[2026-09-30 17:12:45Z INFO HostContext] Well known directory 'Root': 'D:\cicd\actions-runner'
[2026-09-30 17:12:45Z INFO HostContext] Well known directory 'Work': 'D:\cicd\actions-runner\_work'
[2026-09-30 17:12:45Z INFO JobServerQueue] Try to append 1 batches web console lines for record 'b6f58ff5-f8ba-4e04-a9db-68899c4f5094', success rate: 1/1.
[2026-09-30 17:12:45Z INFO ProcessInvokerWrapper] STDOUT/STDERR stream read finished.
[2026-09-30 17:12:45Z INFO ProcessInvokerWrapper] STDOUT/STDERR stream read finished.
[2026-09-30 17:12:45Z INFO ProcessInvokerWrapper] Finished process 28188 with exit code 0, and elapsed time 00:00:01.2782100.
[2026-09-30 17:12:45Z INFO CreateStepSummaryCommand] Step Summary file (D:\cicd\actions-runner\_work\_temp\_runner_file_commands\step_summary_3d6cf31b-692f-4a96-a2d2-fdf072689957) is empty; skipping attachment upload
[2026-09-30 17:12:45Z INFO StepsRunner] Step result: 
[2026-09-30 17:12:45Z INFO ExecutionContext] Publish step telemetry for current step {
  "action": "pwsh",
  "type": "run",
  "stage": "Main",
  "stepId": "b6f58ff5-f8ba-4e04-a9db-68899c4f5094",
  "stepContextName": "__run",
  "result": "succeeded",
  "errorMessages": [],
  "executionTimeInSeconds": 2,
  "startTime": "2026-09-30T17:12:44.3327884Z",
  "finishTime": "2026-09-30T17:12:45.6824125Z"
}.
[2026-09-30 17:12:45Z INFO StepsRunner] No need for updating job result with current step result 'Succeeded'.
[2026-09-30 17:12:45Z INFO StepsRunner] Current state: job state = ''
[2026-09-30 17:12:45Z INFO StepsRunner] Processing step: DisplayName='Check Docker Secrets'
[2026-09-30 17:12:45Z INFO StepsRunner] Evaluating: success()
[2026-09-30 17:12:45Z INFO StepsRunner] Result: true
[2026-09-30 17:12:45Z INFO StepsRunner] Starting the step.
[2026-09-30 17:12:45Z INFO HostContext] Well known directory 'Bin': 'D:\cicd\actions-runner\bin'
[2026-09-30 17:12:45Z INFO HostContext] Well known directory 'Root': 'D:\cicd\actions-runner'
[2026-09-30 17:12:45Z INFO HostContext] Well known directory 'Work': 'D:\cicd\actions-runner\_work'
[2026-09-30 17:12:45Z INFO StepsRunner] Which2: 'chcp'
[2026-09-30 17:12:45Z INFO StepsRunner] Location: 'C:\WINDOWS\system32\chcp.COM'
[2026-09-30 17:12:45Z INFO ProcessInvokerWrapper] Starting process:
[2026-09-30 17:12:45Z INFO ProcessInvokerWrapper]   File name: 'C:\WINDOWS\system32\chcp.COM'
[2026-09-30 17:12:45Z INFO ProcessInvokerWrapper]   Arguments: '65001'
[2026-09-30 17:12:45Z INFO ProcessInvokerWrapper]   Working directory: 'D:\cicd\actions-runner\_work'
[2026-09-30 17:12:45Z INFO ProcessInvokerWrapper]   Require exit code zero: 'False'
[2026-09-30 17:12:45Z INFO ProcessInvokerWrapper]   Encoding web name:  ; code page: ''
[2026-09-30 17:12:45Z INFO ProcessInvokerWrapper]   Force kill process on cancellation: 'False'
[2026-09-30 17:12:45Z INFO ProcessInvokerWrapper]   Redirected STDIN: 'False'
[2026-09-30 17:12:45Z INFO ProcessInvokerWrapper]   Persist current code page: 'True'
[2026-09-30 17:12:45Z INFO ProcessInvokerWrapper]   Keep redirected STDIN open: 'False'
[2026-09-30 17:12:45Z INFO ProcessInvokerWrapper]   High priority process: 'False'
[2026-09-30 17:12:45Z INFO ProcessInvokerWrapper] Process started with process id 2876, waiting for process exit.
[2026-09-30 17:12:45Z INFO ProcessInvokerWrapper] STDOUT/STDERR stream read finished.
[2026-09-30 17:12:45Z INFO ProcessInvokerWrapper] STDOUT/STDERR stream read finished.
[2026-09-30 17:12:45Z INFO ProcessInvokerWrapper] Finished process 2876 with exit code 0, and elapsed time 00:00:00.0294135.
[2026-09-30 17:12:45Z INFO StepsRunner] Successfully returned to code page 65001 (UTF8)
[2026-09-30 17:12:45Z INFO HostContext] Well known directory 'Bin': 'D:\cicd\actions-runner\bin'
[2026-09-30 17:12:45Z INFO HostContext] Well known directory 'Root': 'D:\cicd\actions-runner'
[2026-09-30 17:12:45Z INFO HostContext] Well known directory 'Work': 'D:\cicd\actions-runner\_work'
[2026-09-30 17:12:45Z INFO HostContext] Well known directory 'Temp': 'D:\cicd\actions-runner\_work\_temp'
[2026-09-30 17:12:45Z INFO ExecutionContext] Write event payload to D:\cicd\actions-runner\_work\_temp\_github_workflow\event.json
[2026-09-30 17:12:45Z INFO HostContext] Well known directory 'Bin': 'D:\cicd\actions-runner\bin'
[2026-09-30 17:12:45Z INFO HostContext] Well known directory 'Root': 'D:\cicd\actions-runner'
[2026-09-30 17:12:45Z INFO HostContext] Well known directory 'Work': 'D:\cicd\actions-runner\_work'
[2026-09-30 17:12:45Z INFO HostContext] Well known directory 'Temp': 'D:\cicd\actions-runner\_work\_temp'
[2026-09-30 17:12:45Z INFO ExtensionManager] Getting extensions for interface: 'GitHub.Runner.Worker.IFileCommandExtension'
[2026-09-30 17:12:45Z INFO JobServerQueue] Try to upload 1 log files or attachments, success rate: 1/1.
[2026-09-30 17:12:45Z INFO ExtensionManager] Getting extensions for interface: 'GitHub.Runner.Worker.IActionCommandExtension'
[2026-09-30 17:12:45Z INFO ActionCommandManager] Register action command extension for command internal-set-repo-path
[2026-09-30 17:12:45Z INFO ActionCommandManager] Register action command extension for command set-env
[2026-09-30 17:12:45Z INFO ActionCommandManager] Register action command extension for command set-output
[2026-09-30 17:12:45Z INFO ActionCommandManager] Register action command extension for command save-state
[2026-09-30 17:12:45Z INFO ActionCommandManager] Register action command extension for command add-path
[2026-09-30 17:12:45Z INFO ActionCommandManager] Register action command extension for command add-mask
[2026-09-30 17:12:45Z INFO ActionCommandManager] Register action command extension for command add-matcher
[2026-09-30 17:12:45Z INFO ActionCommandManager] Register action command extension for command remove-matcher
[2026-09-30 17:12:45Z INFO ActionCommandManager] Register action command extension for command warning
[2026-09-30 17:12:45Z INFO ActionCommandManager] Register action command extension for command error
[2026-09-30 17:12:45Z INFO ActionCommandManager] Register action command extension for command notice
[2026-09-30 17:12:45Z INFO ActionCommandManager] Register action command extension for command debug
[2026-09-30 17:12:45Z INFO ActionCommandManager] Register action command extension for command group
[2026-09-30 17:12:45Z INFO ActionCommandManager] Register action command extension for command endgroup
[2026-09-30 17:12:45Z INFO ActionCommandManager] Register action command extension for command echo
[2026-09-30 17:12:45Z INFO ScriptHandler] Which2: 'pwsh'
[2026-09-30 17:12:45Z INFO JobServerQueue] Try to append 1 batches web console lines for record 'b6f58ff5-f8ba-4e04-a9db-68899c4f5094', success rate: 1/1.
[2026-09-30 17:12:45Z INFO ScriptHandler] Location: 'C:\Program Files\PowerShell\7\pwsh.EXE'
[2026-09-30 17:12:45Z INFO JobServerQueue] Try to append 1 batches web console lines for record '14317fba-db6b-412f-abe7-055f2faf2d09', success rate: 1/1.
[2026-09-30 17:12:45Z INFO HostContext] Well known directory 'Bin': 'D:\cicd\actions-runner\bin'
[2026-09-30 17:12:45Z INFO HostContext] Well known directory 'Root': 'D:\cicd\actions-runner'
[2026-09-30 17:12:45Z INFO HostContext] Well known directory 'Work': 'D:\cicd\actions-runner\_work'
[2026-09-30 17:12:45Z INFO HostContext] Well known directory 'Temp': 'D:\cicd\actions-runner\_work\_temp'
[2026-09-30 17:12:45Z INFO ScriptHandler] Which2: 'pwsh'
[2026-09-30 17:12:45Z INFO ScriptHandler] Location: 'C:\Program Files\PowerShell\7\pwsh.EXE'
[2026-09-30 17:12:45Z INFO ProcessInvokerWrapper] Starting process:
[2026-09-30 17:12:45Z INFO ProcessInvokerWrapper]   File name: 'C:\Program Files\PowerShell\7\pwsh.EXE'
[2026-09-30 17:12:45Z INFO ProcessInvokerWrapper]   Arguments: '-command ". 'D:\cicd\actions-runner\_work\_temp\95e72821-1581-49ae-8a85-9616317c9bf0.ps1'"'
[2026-09-30 17:12:45Z INFO ProcessInvokerWrapper]   Working directory: 'D:\cicd\actions-runner\_work\my-repo\my-repo'
[2026-09-30 17:12:45Z INFO ProcessInvokerWrapper]   Require exit code zero: 'False'
[2026-09-30 17:12:45Z INFO ProcessInvokerWrapper]   Encoding web name:  ; code page: ''
[2026-09-30 17:12:45Z INFO ProcessInvokerWrapper]   Force kill process on cancellation: 'False'
[2026-09-30 17:12:45Z INFO ProcessInvokerWrapper]   Redirected STDIN: 'False'
[2026-09-30 17:12:45Z INFO ProcessInvokerWrapper]   Persist current code page: 'True'
[2026-09-30 17:12:45Z INFO ProcessInvokerWrapper]   Keep redirected STDIN open: 'False'
[2026-09-30 17:12:45Z INFO ProcessInvokerWrapper]   High priority process: 'False'
[2026-09-30 17:12:45Z INFO ProcessInvokerWrapper] Process started with process id 13976, waiting for process exit.
[2026-09-30 17:12:45Z INFO JobServerQueue] Tried to upload 1 file(s) to results, success rate: 1/1.
[2026-09-30 17:12:45Z INFO JobServerQueue] Try to append 1 batches web console lines for record '14317fba-db6b-412f-abe7-055f2faf2d09', success rate: 1/1.
[2026-09-30 17:12:46Z INFO ProcessInvokerWrapper] STDOUT/STDERR stream read finished.
[2026-09-30 17:12:46Z INFO ProcessInvokerWrapper] STDOUT/STDERR stream read finished.
[2026-09-30 17:12:46Z INFO ProcessInvokerWrapper] Finished process 13976 with exit code 0, and elapsed time 00:00:00.9903375.
[2026-09-30 17:12:46Z INFO JobServerQueue] Try to append 1 batches web console lines for record '14317fba-db6b-412f-abe7-055f2faf2d09', success rate: 1/1.
[2026-09-30 17:12:46Z INFO CreateStepSummaryCommand] Step Summary file (D:\cicd\actions-runner\_work\_temp\_runner_file_commands\step_summary_a607305b-0535-4466-a9b2-bce974a4c43e) is empty; skipping attachment upload
[2026-09-30 17:12:46Z INFO StepsRunner] Step result: 
[2026-09-30 17:12:46Z INFO ExecutionContext] Publish step telemetry for current step {
  "action": "pwsh",
  "type": "run",
  "stage": "Main",
  "stepId": "14317fba-db6b-412f-abe7-055f2faf2d09",
  "stepContextName": "__run_2",
  "result": "succeeded",
  "errorMessages": [],
  "executionTimeInSeconds": 2,
  "startTime": "2026-09-30T17:12:45.6834695Z",
  "finishTime": "2026-09-30T17:12:46.741068Z"
}.
[2026-09-30 17:12:46Z INFO StepsRunner] No need for updating job result with current step result 'Succeeded'.
[2026-09-30 17:12:46Z INFO StepsRunner] Current state: job state = ''
[2026-09-30 17:12:46Z INFO StepsRunner] Processing step: DisplayName='Docker Login'
[2026-09-30 17:12:46Z INFO StepsRunner] Evaluating: success()
[2026-09-30 17:12:46Z INFO StepsRunner] Result: true
[2026-09-30 17:12:46Z INFO StepsRunner] Starting the step.
[2026-09-30 17:12:46Z INFO HostContext] Well known directory 'Bin': 'D:\cicd\actions-runner\bin'
[2026-09-30 17:12:46Z INFO HostContext] Well known directory 'Root': 'D:\cicd\actions-runner'
[2026-09-30 17:12:46Z INFO HostContext] Well known directory 'Work': 'D:\cicd\actions-runner\_work'
[2026-09-30 17:12:46Z INFO StepsRunner] Which2: 'chcp'
[2026-09-30 17:12:46Z INFO StepsRunner] Location: 'C:\WINDOWS\system32\chcp.COM'
[2026-09-30 17:12:46Z INFO ProcessInvokerWrapper] Starting process:
[2026-09-30 17:12:46Z INFO ProcessInvokerWrapper]   File name: 'C:\WINDOWS\system32\chcp.COM'
[2026-09-30 17:12:46Z INFO ProcessInvokerWrapper]   Arguments: '65001'
[2026-09-30 17:12:46Z INFO ProcessInvokerWrapper]   Working directory: 'D:\cicd\actions-runner\_work'
[2026-09-30 17:12:46Z INFO ProcessInvokerWrapper]   Require exit code zero: 'False'
[2026-09-30 17:12:46Z INFO ProcessInvokerWrapper]   Encoding web name:  ; code page: ''
[2026-09-30 17:12:46Z INFO ProcessInvokerWrapper]   Force kill process on cancellation: 'False'
[2026-09-30 17:12:46Z INFO ProcessInvokerWrapper]   Redirected STDIN: 'False'
[2026-09-30 17:12:46Z INFO ProcessInvokerWrapper]   Persist current code page: 'True'
[2026-09-30 17:12:46Z INFO ProcessInvokerWrapper]   Keep redirected STDIN open: 'False'
[2026-09-30 17:12:46Z INFO ProcessInvokerWrapper]   High priority process: 'False'
[2026-09-30 17:12:46Z INFO ProcessInvokerWrapper] Process started with process id 5068, waiting for process exit.
[2026-09-30 17:12:46Z INFO ProcessInvokerWrapper] STDOUT/STDERR stream read finished.
[2026-09-30 17:12:46Z INFO ProcessInvokerWrapper] STDOUT/STDERR stream read finished.
[2026-09-30 17:12:46Z INFO ProcessInvokerWrapper] Finished process 5068 with exit code 0, and elapsed time 00:00:00.0351557.
[2026-09-30 17:12:46Z INFO StepsRunner] Successfully returned to code page 65001 (UTF8)
[2026-09-30 17:12:46Z INFO HostContext] Well known directory 'Bin': 'D:\cicd\actions-runner\bin'
[2026-09-30 17:12:46Z INFO HostContext] Well known directory 'Root': 'D:\cicd\actions-runner'
[2026-09-30 17:12:46Z INFO HostContext] Well known directory 'Work': 'D:\cicd\actions-runner\_work'
[2026-09-30 17:12:46Z INFO HostContext] Well known directory 'Temp': 'D:\cicd\actions-runner\_work\_temp'
[2026-09-30 17:12:46Z INFO ExecutionContext] Write event payload to D:\cicd\actions-runner\_work\_temp\_github_workflow\event.json
[2026-09-30 17:12:46Z INFO HostContext] Well known directory 'Bin': 'D:\cicd\actions-runner\bin'
[2026-09-30 17:12:46Z INFO HostContext] Well known directory 'Root': 'D:\cicd\actions-runner'
[2026-09-30 17:12:46Z INFO HostContext] Well known directory 'Work': 'D:\cicd\actions-runner\_work'
[2026-09-30 17:12:46Z INFO HostContext] Well known directory 'Temp': 'D:\cicd\actions-runner\_work\_temp'
[2026-09-30 17:12:46Z INFO ExtensionManager] Getting extensions for interface: 'GitHub.Runner.Worker.IFileCommandExtension'
[2026-09-30 17:12:46Z INFO ExtensionManager] Getting extensions for interface: 'GitHub.Runner.Worker.IActionCommandExtension'
[2026-09-30 17:12:46Z INFO ActionCommandManager] Register action command extension for command internal-set-repo-path
[2026-09-30 17:12:46Z INFO ActionCommandManager] Register action command extension for command set-env
[2026-09-30 17:12:46Z INFO ActionCommandManager] Register action command extension for command set-output
[2026-09-30 17:12:46Z INFO ActionCommandManager] Register action command extension for command save-state
[2026-09-30 17:12:46Z INFO ActionCommandManager] Register action command extension for command add-path
[2026-09-30 17:12:46Z INFO ActionCommandManager] Register action command extension for command add-mask
[2026-09-30 17:12:46Z INFO ActionCommandManager] Register action command extension for command add-matcher
[2026-09-30 17:12:46Z INFO ActionCommandManager] Register action command extension for command remove-matcher
[2026-09-30 17:12:46Z INFO ActionCommandManager] Register action command extension for command warning
[2026-09-30 17:12:46Z INFO ActionCommandManager] Register action command extension for command error
[2026-09-30 17:12:46Z INFO ActionCommandManager] Register action command extension for command notice
[2026-09-30 17:12:46Z INFO ActionCommandManager] Register action command extension for command debug
[2026-09-30 17:12:46Z INFO ActionCommandManager] Register action command extension for command group
[2026-09-30 17:12:46Z INFO ActionCommandManager] Register action command extension for command endgroup
[2026-09-30 17:12:46Z INFO ActionCommandManager] Register action command extension for command echo
[2026-09-30 17:12:46Z INFO ScriptHandler] Which2: 'pwsh'
[2026-09-30 17:12:46Z INFO ScriptHandler] Location: 'C:\Program Files\PowerShell\7\pwsh.EXE'
[2026-09-30 17:12:46Z INFO HostContext] Well known directory 'Bin': 'D:\cicd\actions-runner\bin'
[2026-09-30 17:12:46Z INFO HostContext] Well known directory 'Root': 'D:\cicd\actions-runner'
[2026-09-30 17:12:46Z INFO HostContext] Well known directory 'Work': 'D:\cicd\actions-runner\_work'
[2026-09-30 17:12:46Z INFO HostContext] Well known directory 'Temp': 'D:\cicd\actions-runner\_work\_temp'
[2026-09-30 17:12:46Z INFO ScriptHandler] Which2: 'pwsh'
[2026-09-30 17:12:46Z INFO ScriptHandler] Location: 'C:\Program Files\PowerShell\7\pwsh.EXE'
[2026-09-30 17:12:46Z INFO ProcessInvokerWrapper] Starting process:
[2026-09-30 17:12:46Z INFO ProcessInvokerWrapper]   File name: 'C:\Program Files\PowerShell\7\pwsh.EXE'
[2026-09-30 17:12:46Z INFO ProcessInvokerWrapper]   Arguments: '-command ". 'D:\cicd\actions-runner\_work\_temp\1d745651-0b02-4c55-a611-1046b91febe3.ps1'"'
[2026-09-30 17:12:46Z INFO ProcessInvokerWrapper]   Working directory: 'D:\cicd\actions-runner\_work\my-repo\my-repo'
[2026-09-30 17:12:46Z INFO ProcessInvokerWrapper]   Require exit code zero: 'False'
[2026-09-30 17:12:46Z INFO ProcessInvokerWrapper]   Encoding web name:  ; code page: ''
[2026-09-30 17:12:46Z INFO ProcessInvokerWrapper]   Force kill process on cancellation: 'False'
[2026-09-30 17:12:46Z INFO ProcessInvokerWrapper]   Redirected STDIN: 'False'
[2026-09-30 17:12:46Z INFO ProcessInvokerWrapper]   Persist current code page: 'True'
[2026-09-30 17:12:46Z INFO ProcessInvokerWrapper]   Keep redirected STDIN open: 'False'
[2026-09-30 17:12:46Z INFO ProcessInvokerWrapper]   High priority process: 'False'
[2026-09-30 17:12:46Z INFO JobServerQueue] Got a step log file to send to results service.
[2026-09-30 17:12:46Z INFO JobServerQueue] Starting upload of step log file to results service ResultsLog, D:\cicd\actions-runner\_diag\blocks\871c641b-47dc-83c7-8d1c-41a24b6bc44a_b6f58ff5-f8ba-4e04-a9db-68899c4f5094.1
[2026-09-30 17:12:46Z INFO ProcessInvokerWrapper] Process started with process id 15728, waiting for process exit.
[2026-09-30 17:12:47Z INFO JobServerQueue] Try to append 1 batches web console lines for record '4784a9a3-36ca-4973-aba4-da6dfefb1708', success rate: 1/1.
[2026-09-30 17:12:47Z INFO JobServerQueue] Try to upload 1 log files or attachments, success rate: 1/1.
[2026-09-30 17:12:47Z INFO JobServerQueue] Got a step log file to send to results service.
[2026-09-30 17:12:47Z INFO JobServerQueue] Starting upload of step log file to results service ResultsLog, D:\cicd\actions-runner\_diag\blocks\871c641b-47dc-83c7-8d1c-41a24b6bc44a_14317fba-db6b-412f-abe7-055f2faf2d09.1
[2026-09-30 17:12:48Z INFO JobServerQueue] Tried to upload 2 file(s) to results, success rate: 2/2.
[2026-09-30 17:12:50Z INFO JobServerQueue] Try to append 1 batches web console lines for record '4784a9a3-36ca-4973-aba4-da6dfefb1708', success rate: 1/1.
[2026-09-30 17:12:50Z INFO ProcessInvokerWrapper] STDOUT/STDERR stream read finished.
[2026-09-30 17:12:50Z INFO ProcessInvokerWrapper] STDOUT/STDERR stream read finished.
[2026-09-30 17:12:50Z INFO ProcessInvokerWrapper] Finished process 15728 with exit code 0, and elapsed time 00:00:03.8421522.
[2026-09-30 17:12:50Z INFO CreateStepSummaryCommand] Step Summary file (D:\cicd\actions-runner\_work\_temp\_runner_file_commands\step_summary_526d47aa-6c34-4b1d-bdff-f3d08f978dcb) is empty; skipping attachment upload
[2026-09-30 17:12:50Z INFO StepsRunner] Step result: 
[2026-09-30 17:12:50Z INFO ExecutionContext] Publish step telemetry for current step {
  "action": "pwsh",
  "type": "run",
  "stage": "Main",
  "stepId": "4784a9a3-36ca-4973-aba4-da6dfefb1708",
  "stepContextName": "__run_3",
  "result": "succeeded",
  "errorMessages": [],
  "executionTimeInSeconds": 4,
  "startTime": "2026-09-30T17:12:46.7427422Z",
  "finishTime": "2026-09-30T17:12:50.6415161Z"
}.
[2026-09-30 17:12:50Z INFO StepsRunner] No need for updating job result with current step result 'Succeeded'.
[2026-09-30 17:12:50Z INFO StepsRunner] Current state: job state = ''
[2026-09-30 17:12:50Z INFO StepsRunner] Processing step: DisplayName='Build Docker Image'
[2026-09-30 17:12:50Z INFO StepsRunner] Evaluating: success()
[2026-09-30 17:12:50Z INFO StepsRunner] Result: true
[2026-09-30 17:12:50Z INFO StepsRunner] Starting the step.
[2026-09-30 17:12:50Z INFO HostContext] Well known directory 'Bin': 'D:\cicd\actions-runner\bin'
[2026-09-30 17:12:50Z INFO HostContext] Well known directory 'Root': 'D:\cicd\actions-runner'
[2026-09-30 17:12:50Z INFO HostContext] Well known directory 'Work': 'D:\cicd\actions-runner\_work'
[2026-09-30 17:12:50Z INFO StepsRunner] Which2: 'chcp'
[2026-09-30 17:12:50Z INFO StepsRunner] Location: 'C:\WINDOWS\system32\chcp.COM'
[2026-09-30 17:12:50Z INFO ProcessInvokerWrapper] Starting process:
[2026-09-30 17:12:50Z INFO ProcessInvokerWrapper]   File name: 'C:\WINDOWS\system32\chcp.COM'
[2026-09-30 17:12:50Z INFO ProcessInvokerWrapper]   Arguments: '65001'
[2026-09-30 17:12:50Z INFO ProcessInvokerWrapper]   Working directory: 'D:\cicd\actions-runner\_work'
[2026-09-30 17:12:50Z INFO ProcessInvokerWrapper]   Require exit code zero: 'False'
[2026-09-30 17:12:50Z INFO ProcessInvokerWrapper]   Encoding web name:  ; code page: ''
[2026-09-30 17:12:50Z INFO ProcessInvokerWrapper]   Force kill process on cancellation: 'False'
[2026-09-30 17:12:50Z INFO ProcessInvokerWrapper]   Redirected STDIN: 'False'
[2026-09-30 17:12:50Z INFO ProcessInvokerWrapper]   Persist current code page: 'True'
[2026-09-30 17:12:50Z INFO ProcessInvokerWrapper]   Keep redirected STDIN open: 'False'
[2026-09-30 17:12:50Z INFO ProcessInvokerWrapper]   High priority process: 'False'
[2026-09-30 17:12:50Z INFO ProcessInvokerWrapper] Process started with process id 4520, waiting for process exit.
[2026-09-30 17:12:50Z INFO ProcessInvokerWrapper] STDOUT/STDERR stream read finished.
[2026-09-30 17:12:50Z INFO ProcessInvokerWrapper] STDOUT/STDERR stream read finished.
[2026-09-30 17:12:50Z INFO ProcessInvokerWrapper] Finished process 4520 with exit code 0, and elapsed time 00:00:00.0425684.
[2026-09-30 17:12:50Z INFO StepsRunner] Successfully returned to code page 65001 (UTF8)
[2026-09-30 17:12:50Z INFO HostContext] Well known directory 'Bin': 'D:\cicd\actions-runner\bin'
[2026-09-30 17:12:50Z INFO HostContext] Well known directory 'Root': 'D:\cicd\actions-runner'
[2026-09-30 17:12:50Z INFO HostContext] Well known directory 'Work': 'D:\cicd\actions-runner\_work'
[2026-09-30 17:12:50Z INFO HostContext] Well known directory 'Temp': 'D:\cicd\actions-runner\_work\_temp'
[2026-09-30 17:12:50Z INFO ExecutionContext] Write event payload to D:\cicd\actions-runner\_work\_temp\_github_workflow\event.json
[2026-09-30 17:12:50Z INFO HostContext] Well known directory 'Bin': 'D:\cicd\actions-runner\bin'
[2026-09-30 17:12:50Z INFO HostContext] Well known directory 'Root': 'D:\cicd\actions-runner'
[2026-09-30 17:12:50Z INFO HostContext] Well known directory 'Work': 'D:\cicd\actions-runner\_work'
[2026-09-30 17:12:50Z INFO HostContext] Well known directory 'Temp': 'D:\cicd\actions-runner\_work\_temp'
[2026-09-30 17:12:50Z INFO ExtensionManager] Getting extensions for interface: 'GitHub.Runner.Worker.IFileCommandExtension'
[2026-09-30 17:12:50Z INFO ExtensionManager] Getting extensions for interface: 'GitHub.Runner.Worker.IActionCommandExtension'
[2026-09-30 17:12:50Z INFO ActionCommandManager] Register action command extension for command internal-set-repo-path
[2026-09-30 17:12:50Z INFO ActionCommandManager] Register action command extension for command set-env
[2026-09-30 17:12:50Z INFO ActionCommandManager] Register action command extension for command set-output
[2026-09-30 17:12:50Z INFO ActionCommandManager] Register action command extension for command save-state
[2026-09-30 17:12:50Z INFO ActionCommandManager] Register action command extension for command add-path
[2026-09-30 17:12:50Z INFO ActionCommandManager] Register action command extension for command add-mask
[2026-09-30 17:12:50Z INFO ActionCommandManager] Register action command extension for command add-matcher
[2026-09-30 17:12:50Z INFO ActionCommandManager] Register action command extension for command remove-matcher
[2026-09-30 17:12:50Z INFO ActionCommandManager] Register action command extension for command warning
[2026-09-30 17:12:50Z INFO ActionCommandManager] Register action command extension for command error
[2026-09-30 17:12:50Z INFO ActionCommandManager] Register action command extension for command notice
[2026-09-30 17:12:50Z INFO ActionCommandManager] Register action command extension for command debug
[2026-09-30 17:12:50Z INFO ActionCommandManager] Register action command extension for command group
[2026-09-30 17:12:50Z INFO ActionCommandManager] Register action command extension for command endgroup
[2026-09-30 17:12:50Z INFO ActionCommandManager] Register action command extension for command echo
[2026-09-30 17:12:50Z INFO ScriptHandler] Which2: 'pwsh'
[2026-09-30 17:12:50Z INFO ScriptHandler] Location: 'C:\Program Files\PowerShell\7\pwsh.EXE'
[2026-09-30 17:12:50Z INFO HostContext] Well known directory 'Bin': 'D:\cicd\actions-runner\bin'
[2026-09-30 17:12:50Z INFO HostContext] Well known directory 'Root': 'D:\cicd\actions-runner'
[2026-09-30 17:12:50Z INFO HostContext] Well known directory 'Work': 'D:\cicd\actions-runner\_work'
[2026-09-30 17:12:50Z INFO HostContext] Well known directory 'Temp': 'D:\cicd\actions-runner\_work\_temp'
[2026-09-30 17:12:50Z INFO ScriptHandler] Which2: 'pwsh'
[2026-09-30 17:12:50Z INFO ScriptHandler] Location: 'C:\Program Files\PowerShell\7\pwsh.EXE'
[2026-09-30 17:12:50Z INFO ProcessInvokerWrapper] Starting process:
[2026-09-30 17:12:50Z INFO ProcessInvokerWrapper]   File name: 'C:\Program Files\PowerShell\7\pwsh.EXE'
[2026-09-30 17:12:50Z INFO ProcessInvokerWrapper]   Arguments: '-command ". 'D:\cicd\actions-runner\_work\_temp\e18d8549-5e5e-4e37-82ee-220289ed98ca.ps1'"'
[2026-09-30 17:12:50Z INFO ProcessInvokerWrapper]   Working directory: 'D:\cicd\actions-runner\_work\my-repo\my-repo'
[2026-09-30 17:12:50Z INFO ProcessInvokerWrapper]   Require exit code zero: 'False'
[2026-09-30 17:12:50Z INFO ProcessInvokerWrapper]   Encoding web name:  ; code page: ''
[2026-09-30 17:12:50Z INFO ProcessInvokerWrapper]   Force kill process on cancellation: 'False'
[2026-09-30 17:12:50Z INFO ProcessInvokerWrapper]   Redirected STDIN: 'False'
[2026-09-30 17:12:50Z INFO ProcessInvokerWrapper]   Persist current code page: 'True'
[2026-09-30 17:12:50Z INFO ProcessInvokerWrapper]   Keep redirected STDIN open: 'False'
[2026-09-30 17:12:50Z INFO ProcessInvokerWrapper]   High priority process: 'False'
[2026-09-30 17:12:50Z INFO JobServerQueue] Try to upload 1 log files or attachments, success rate: 1/1.
[2026-09-30 17:12:50Z INFO JobServerQueue] Got a step log file to send to results service.
[2026-09-30 17:12:50Z INFO JobServerQueue] Starting upload of step log file to results service ResultsLog, D:\cicd\actions-runner\_diag\blocks\871c641b-47dc-83c7-8d1c-41a24b6bc44a_4784a9a3-36ca-4973-aba4-da6dfefb1708.1
[2026-09-30 17:12:50Z INFO JobServerQueue] Try to append 1 batches web console lines for record '5aba6655-d7b1-4bf1-96df-f2a6826a6b06', success rate: 1/1.
[2026-09-30 17:12:50Z INFO ProcessInvokerWrapper] Process started with process id 14668, waiting for process exit.
[2026-09-30 17:12:51Z INFO JobServerQueue] Tried to upload 1 file(s) to results, success rate: 1/1.
[2026-09-30 17:12:53Z INFO JobServerQueue] Try to append 1 batches web console lines for record '5aba6655-d7b1-4bf1-96df-f2a6826a6b06', success rate: 1/1.
[2026-09-30 17:12:53Z INFO JobServerQueue] Try to append 1 batches web console lines for record '5aba6655-d7b1-4bf1-96df-f2a6826a6b06', success rate: 1/1.
[2026-09-30 17:12:53Z INFO ProcessInvokerWrapper] STDOUT/STDERR stream read finished.
[2026-09-30 17:12:53Z INFO ProcessInvokerWrapper] STDOUT/STDERR stream read finished.
[2026-09-30 17:12:53Z INFO ProcessInvokerWrapper] Finished process 14668 with exit code 1, and elapsed time 00:00:02.9778345.
[2026-09-30 17:12:53Z INFO CreateStepSummaryCommand] Step Summary file (D:\cicd\actions-runner\_work\_temp\_runner_file_commands\step_summary_8d8094b3-e8cd-48bc-ac01-45de0328565c) is empty; skipping attachment upload
[2026-09-30 17:12:53Z INFO StepsRunner] Step result: Failed
[2026-09-30 17:12:53Z INFO ExecutionContext] Publish step telemetry for current step {
  "action": "pwsh",
  "type": "run",
  "stage": "Main",
  "stepId": "5aba6655-d7b1-4bf1-96df-f2a6826a6b06",
  "stepContextName": "__run_4",
  "result": "failed",
  "errorMessages": [
    "Process completed with exit code 1."
  ],
  "executionTimeInSeconds": 4,
  "startTime": "2026-09-30T17:12:50.643829Z",
  "finishTime": "2026-09-30T17:12:53.7261631Z"
}.
[2026-09-30 17:12:53Z INFO StepsRunner] Update job result with current step result 'Failed'.
[2026-09-30 17:12:53Z INFO StepsRunner] Current state: job state = 'Failed'
[2026-09-30 17:12:53Z INFO StepsRunner] Processing step: DisplayName='Push Docker Image'
[2026-09-30 17:12:53Z INFO StepsRunner] Evaluating: success()
[2026-09-30 17:12:53Z INFO StepsRunner] Result: false
[2026-09-30 17:12:53Z INFO StepsRunner] Skipping step due to condition evaluation.
[2026-09-30 17:12:53Z INFO StepsRunner] No need for updating job result with current step result 'Skipped'.
[2026-09-30 17:12:53Z INFO StepsRunner] Current state: job state = 'Failed'
[2026-09-30 17:12:53Z INFO StepsRunner] Processing step: DisplayName='Deploy to Kubernetes'
[2026-09-30 17:12:53Z INFO StepsRunner] Evaluating: success()
[2026-09-30 17:12:53Z INFO StepsRunner] Result: false
[2026-09-30 17:12:53Z INFO StepsRunner] Skipping step due to condition evaluation.
[2026-09-30 17:12:53Z INFO StepsRunner] No need for updating job result with current step result 'Skipped'.
[2026-09-30 17:12:53Z INFO StepsRunner] Current state: job state = 'Failed'
[2026-09-30 17:12:53Z INFO StepsRunner] Processing step: DisplayName='Wait for Deployment'
[2026-09-30 17:12:53Z INFO StepsRunner] Evaluating: success()
[2026-09-30 17:12:53Z INFO StepsRunner] Result: false
[2026-09-30 17:12:53Z INFO StepsRunner] Skipping step due to condition evaluation.
[2026-09-30 17:12:53Z INFO StepsRunner] No need for updating job result with current step result 'Skipped'.
[2026-09-30 17:12:53Z INFO StepsRunner] Current state: job state = 'Failed'
[2026-09-30 17:12:53Z INFO StepsRunner] Processing step: DisplayName='Verify Kubernetes Deployment'
[2026-09-30 17:12:53Z INFO StepsRunner] Evaluating: success()
[2026-09-30 17:12:53Z INFO StepsRunner] Result: false
[2026-09-30 17:12:53Z INFO StepsRunner] Skipping step due to condition evaluation.
[2026-09-30 17:12:53Z INFO StepsRunner] No need for updating job result with current step result 'Skipped'.
[2026-09-30 17:12:53Z INFO StepsRunner] Current state: job state = 'Failed'
[2026-09-30 17:12:53Z INFO JobServerQueue] Try to upload 1 log files or attachments, success rate: 1/1.
[2026-09-30 17:12:53Z INFO StepsRunner] Processing step: DisplayName='Post Checkout Code'
[2026-09-30 17:12:53Z INFO StepsRunner] Evaluating: always()
[2026-09-30 17:12:53Z INFO StepsRunner] Result: true
[2026-09-30 17:12:53Z INFO StepsRunner] Starting the step.
[2026-09-30 17:12:53Z INFO HostContext] Well known directory 'Bin': 'D:\cicd\actions-runner\bin'
[2026-09-30 17:12:53Z INFO HostContext] Well known directory 'Root': 'D:\cicd\actions-runner'
[2026-09-30 17:12:53Z INFO HostContext] Well known directory 'Work': 'D:\cicd\actions-runner\_work'
[2026-09-30 17:12:53Z INFO StepsRunner] Which2: 'chcp'
[2026-09-30 17:12:53Z INFO StepsRunner] Location: 'C:\WINDOWS\system32\chcp.COM'
[2026-09-30 17:12:53Z INFO ProcessInvokerWrapper] Starting process:
[2026-09-30 17:12:53Z INFO ProcessInvokerWrapper]   File name: 'C:\WINDOWS\system32\chcp.COM'
[2026-09-30 17:12:53Z INFO ProcessInvokerWrapper]   Arguments: '65001'
[2026-09-30 17:12:53Z INFO ProcessInvokerWrapper]   Working directory: 'D:\cicd\actions-runner\_work'
[2026-09-30 17:12:53Z INFO ProcessInvokerWrapper]   Require exit code zero: 'False'
[2026-09-30 17:12:53Z INFO ProcessInvokerWrapper]   Encoding web name:  ; code page: ''
[2026-09-30 17:12:53Z INFO ProcessInvokerWrapper]   Force kill process on cancellation: 'False'
[2026-09-30 17:12:53Z INFO ProcessInvokerWrapper]   Redirected STDIN: 'False'
[2026-09-30 17:12:53Z INFO ProcessInvokerWrapper]   Persist current code page: 'True'
[2026-09-30 17:12:53Z INFO ProcessInvokerWrapper]   Keep redirected STDIN open: 'False'
[2026-09-30 17:12:53Z INFO ProcessInvokerWrapper]   High priority process: 'False'
[2026-09-30 17:12:53Z INFO ProcessInvokerWrapper] Process started with process id 21084, waiting for process exit.
[2026-09-30 17:12:53Z INFO JobServerQueue] Try to append 1 batches web console lines for record '5aba6655-d7b1-4bf1-96df-f2a6826a6b06', success rate: 1/1.
[2026-09-30 17:12:53Z INFO ProcessInvokerWrapper] STDOUT/STDERR stream read finished.
[2026-09-30 17:12:53Z INFO ProcessInvokerWrapper] STDOUT/STDERR stream read finished.
[2026-09-30 17:12:53Z INFO ProcessInvokerWrapper] Finished process 21084 with exit code 0, and elapsed time 00:00:00.0267348.
[2026-09-30 17:12:53Z INFO StepsRunner] Successfully returned to code page 65001 (UTF8)
[2026-09-30 17:12:53Z INFO HostContext] Well known directory 'Bin': 'D:\cicd\actions-runner\bin'
[2026-09-30 17:12:53Z INFO HostContext] Well known directory 'Root': 'D:\cicd\actions-runner'
[2026-09-30 17:12:53Z INFO HostContext] Well known directory 'Work': 'D:\cicd\actions-runner\_work'
[2026-09-30 17:12:53Z INFO HostContext] Well known directory 'Actions': 'D:\cicd\actions-runner\_work\_actions'
[2026-09-30 17:12:53Z INFO ActionManager] Load action that reference repository from 'D:\cicd\actions-runner\_work\_actions\actions\checkout\v4'
[2026-09-30 17:12:53Z INFO HostContext] Well known directory 'Bin': 'D:\cicd\actions-runner\bin'
[2026-09-30 17:12:53Z INFO HostContext] Well known directory 'Root': 'D:\cicd\actions-runner'
[2026-09-30 17:12:53Z INFO HostContext] Well known directory 'Work': 'D:\cicd\actions-runner\_work'
[2026-09-30 17:12:53Z INFO HostContext] Well known directory 'Actions': 'D:\cicd\actions-runner\_work\_actions'
[2026-09-30 17:12:53Z INFO ActionManifestManagerLegacy] Loaded action.yml file: {
  "name": "Checkout",
  "description": "Checkout a Git repository at a particular version",
  "inputs": {
    "type": 2,
    "map": [
      {
        "key": {
          "type": 0,
          "file": 2,
          "line": 4,
          "col": 3,
          "lit": "repository"
        },
        "value": {
          "type": 3,
          "file": 2,
          "line": 6,
          "col": 14,
          "expr": "github.repository"
        }
      },
      {
        "key": {
          "type": 0,
          "file": 2,
          "line": 7,
          "col": 3,
          "lit": "ref"
        },
        "value": ""
      },
      {
        "key": {
          "type": 0,
          "file": 2,
          "line": 12,
          "col": 3,
          "lit": "token"
        },
        "value": {
          "type": 3,
          "file": 2,
          "line": 24,
          "col": 14,
          "expr": "github.token"
        }
      },
      {
        "key": {
          "type": 0,
          "file": 2,
          "line": 25,
          "col": 3,
          "lit": "ssh-key"
        },
        "value": ""
      },
      {
        "key": {
          "type": 0,
          "file": 2,
          "line": 37,
          "col": 3,
          "lit": "ssh-known-hosts"
        },
        "value": ""
      },
      {
        "key": {
          "type": 0,
          "file": 2,
          "line": 42,
          "col": 3,
          "lit": "ssh-strict"
        },
        "value": {
          "type": 0,
          "file": 2,
          "line": 47,
          "col": 14,
          "lit": "true"
        }
      },
      {
        "key": {
          "type": 0,
          "file": 2,
          "line": 48,
          "col": 3,
          "lit": "ssh-user"
        },
        "value": {
          "type": 0,
          "file": 2,
          "line": 51,
          "col": 14,
          "lit": "git"
        }
      },
      {
        "key": {
          "type": 0,
          "file": 2,
          "line": 52,
          "col": 3,
          "lit": "persist-credentials"
        },
        "value": {
          "type": 0,
          "file": 2,
          "line": 54,
          "col": 14,
          "lit": "true"
        }
      },
      {
        "key": {
          "type": 0,
          "file": 2,
          "line": 55,
          "col": 3,
          "lit": "path"
        },
        "value": ""
      },
      {
        "key": {
          "type": 0,
          "file": 2,
          "line": 57,
          "col": 3,
          "lit": "clean"
        },
        "value": {
          "type": 0,
          "file": 2,
          "line": 59,
          "col": 14,
          "lit": "true"
        }
      },
      {
        "key": {
          "type": 0,
          "file": 2,
          "line": 60,
          "col": 3,
          "lit": "filter"
        },
        "value": {
          "type": 0,
          "file": 2,
          "line": 64,
          "col": 14,
          "lit": ""
        }
      },
      {
        "key": {
          "type": 0,
          "file": 2,
          "line": 65,
          "col": 3,
          "lit": "sparse-checkout"
        },
        "value": {
          "type": 0,
          "file": 2,
          "line": 69,
          "col": 14,
          "lit": ""
        }
      },
      {
        "key": {
          "type": 0,
          "file": 2,
          "line": 70,
          "col": 3,
          "lit": "sparse-checkout-cone-mode"
        },
        "value": {
          "type": 0,
          "file": 2,
          "line": 73,
          "col": 14,
          "lit": "true"
        }
      },
      {
        "key": {
          "type": 0,
          "file": 2,
          "line": 74,
          "col": 3,
          "lit": "fetch-depth"
        },
        "value": {
          "type": 0,
          "file": 2,
          "line": 76,
          "col": 14,
          "lit": "1"
        }
      },
      {
        "key": {
          "type": 0,
          "file": 2,
          "line": 77,
          "col": 3,
          "lit": "fetch-tags"
        },
        "value": {
          "type": 0,
          "file": 2,
          "line": 79,
          "col": 14,
          "lit": "false"
        }
      },
      {
        "key": {
          "type": 0,
          "file": 2,
          "line": 80,
          "col": 3,
          "lit": "show-progress"
        },
        "value": {
          "type": 0,
          "file": 2,
          "line": 82,
          "col": 14,
          "lit": "true"
        }
      },
      {
        "key": {
          "type": 0,
          "file": 2,
          "line": 83,
          "col": 3,
          "lit": "lfs"
        },
        "value": {
          "type": 0,
          "file": 2,
          "line": 85,
          "col": 14,
          "lit": "false"
        }
      },
      {
        "key": {
          "type": 0,
          "file": 2,
          "line": 86,
          "col": 3,
          "lit": "submodules"
        },
        "value": {
          "type": 0,
          "file": 2,
          "line": 94,
          "col": 14,
          "lit": "false"
        }
      },
      {
        "key": {
          "type": 0,
          "file": 2,
          "line": 95,
          "col": 3,
          "lit": "set-safe-directory"
        },
        "value": {
          "type": 0,
          "file": 2,
          "line": 97,
          "col": 14,
          "lit": "true"
        }
      },
      {
        "key": {
          "type": 0,
          "file": 2,
          "line": 98,
          "col": 3,
          "lit": "github-server-url"
        },
        "value": ""
      },
      {
        "key": {
          "type": 0,
          "file": 2,
          "line": 101,
          "col": 3,
          "lit": "allow-unsafe-pr-checkout"
        },
        "value": {
          "type": 0,
          "file": 2,
          "line": 109,
          "col": 14,
          "lit": "false"
        }
      }
    ]
  },
  "execution": {
    "executionType": "nodeJS",
    "hasPre": false,
    "hasPost": true,
    "script": "dist/index.js",
    "pre": null,
    "post": "dist/index.js",
    "nodeVersion": "node20",
    "cleanupCondition": "always()",
    "initCondition": "always()"
  },
  "deprecated": null
}
[2026-09-30 17:12:53Z INFO ActionManager] Action pre node.js file: N/A.
[2026-09-30 17:12:53Z INFO ActionManager] Action node.js file: dist/index.js.
[2026-09-30 17:12:53Z INFO ActionManager] Action post node.js file: dist/index.js.
[2026-09-30 17:12:53Z INFO HostContext] Well known directory 'Bin': 'D:\cicd\actions-runner\bin'
[2026-09-30 17:12:53Z INFO HostContext] Well known directory 'Root': 'D:\cicd\actions-runner'
[2026-09-30 17:12:53Z INFO HostContext] Well known directory 'Work': 'D:\cicd\actions-runner\_work'
[2026-09-30 17:12:53Z INFO HostContext] Well known directory 'Temp': 'D:\cicd\actions-runner\_work\_temp'
[2026-09-30 17:12:53Z INFO ExecutionContext] Write event payload to D:\cicd\actions-runner\_work\_temp\_github_workflow\event.json
[2026-09-30 17:12:53Z INFO HostContext] Well known directory 'Bin': 'D:\cicd\actions-runner\bin'
[2026-09-30 17:12:53Z INFO HostContext] Well known directory 'Root': 'D:\cicd\actions-runner'
[2026-09-30 17:12:53Z INFO HostContext] Well known directory 'Work': 'D:\cicd\actions-runner\_work'
[2026-09-30 17:12:53Z INFO HostContext] Well known directory 'Temp': 'D:\cicd\actions-runner\_work\_temp'
[2026-09-30 17:12:53Z INFO ExtensionManager] Getting extensions for interface: 'GitHub.Runner.Worker.IFileCommandExtension'
[2026-09-30 17:12:53Z INFO ActionManifestManagerLegacy] Input 'repository': default value evaluate result: {
  "type": 0,
  "file": 2,
  "line": 6,
  "col": 14,
  "lit": "***-ops/my-repo"
}
[2026-09-30 17:12:53Z INFO ActionManifestManagerLegacy] Input 'ref': default value evaluate result: ""
[2026-09-30 17:12:53Z INFO ActionManifestManagerLegacy] Input 'token': default value evaluate result: {
  "type": 0,
  "file": 2,
  "line": 24,
  "col": 14,
  "lit": "***"
}
[2026-09-30 17:12:53Z INFO ActionManifestManagerLegacy] Input 'ssh-key': default value evaluate result: ""
[2026-09-30 17:12:53Z INFO ActionManifestManagerLegacy] Input 'ssh-known-hosts': default value evaluate result: ""
[2026-09-30 17:12:53Z INFO ActionManifestManagerLegacy] Input 'ssh-strict': default value evaluate result: {
  "type": 0,
  "file": 2,
  "line": 47,
  "col": 14,
  "lit": "true"
}
[2026-09-30 17:12:53Z INFO ActionManifestManagerLegacy] Input 'ssh-user': default value evaluate result: {
  "type": 0,
  "file": 2,
  "line": 51,
  "col": 14,
  "lit": "git"
}
[2026-09-30 17:12:53Z INFO ActionManifestManagerLegacy] Input 'persist-credentials': default value evaluate result: {
  "type": 0,
  "file": 2,
  "line": 54,
  "col": 14,
  "lit": "true"
}
[2026-09-30 17:12:53Z INFO ActionManifestManagerLegacy] Input 'path': default value evaluate result: ""
[2026-09-30 17:12:53Z INFO ActionManifestManagerLegacy] Input 'clean': default value evaluate result: {
  "type": 0,
  "file": 2,
  "line": 59,
  "col": 14,
  "lit": "true"
}
[2026-09-30 17:12:53Z INFO ActionManifestManagerLegacy] Input 'filter': default value evaluate result: {
  "type": 0,
  "file": 2,
  "line": 64,
  "col": 14,
  "lit": ""
}
[2026-09-30 17:12:53Z INFO ActionManifestManagerLegacy] Input 'sparse-checkout': default value evaluate result: {
  "type": 0,
  "file": 2,
  "line": 69,
  "col": 14,
  "lit": ""
}
[2026-09-30 17:12:53Z INFO ActionManifestManagerLegacy] Input 'sparse-checkout-cone-mode': default value evaluate result: {
  "type": 0,
  "file": 2,
  "line": 73,
  "col": 14,
  "lit": "true"
}
[2026-09-30 17:12:53Z INFO ActionManifestManagerLegacy] Input 'fetch-depth': default value evaluate result: {
  "type": 0,
  "file": 2,
  "line": 76,
  "col": 14,
  "lit": "1"
}
[2026-09-30 17:12:53Z INFO ActionManifestManagerLegacy] Input 'fetch-tags': default value evaluate result: {
  "type": 0,
  "file": 2,
  "line": 79,
  "col": 14,
  "lit": "false"
}
[2026-09-30 17:12:53Z INFO ActionManifestManagerLegacy] Input 'show-progress': default value evaluate result: {
  "type": 0,
  "file": 2,
  "line": 82,
  "col": 14,
  "lit": "true"
}
[2026-09-30 17:12:53Z INFO ActionManifestManagerLegacy] Input 'lfs': default value evaluate result: {
  "type": 0,
  "file": 2,
  "line": 85,
  "col": 14,
  "lit": "false"
}
[2026-09-30 17:12:53Z INFO ActionManifestManagerLegacy] Input 'submodules': default value evaluate result: {
  "type": 0,
  "file": 2,
  "line": 94,
  "col": 14,
  "lit": "false"
}
[2026-09-30 17:12:53Z INFO ActionManifestManagerLegacy] Input 'set-safe-directory': default value evaluate result: {
  "type": 0,
  "file": 2,
  "line": 97,
  "col": 14,
  "lit": "true"
}
[2026-09-30 17:12:53Z INFO ActionManifestManagerLegacy] Input 'github-server-url': default value evaluate result: ""
[2026-09-30 17:12:53Z INFO ActionManifestManagerLegacy] Input 'allow-unsafe-pr-checkout': default value evaluate result: {
  "type": 0,
  "file": 2,
  "line": 109,
  "col": 14,
  "lit": "false"
}
[2026-09-30 17:12:53Z INFO ExtensionManager] Getting extensions for interface: 'GitHub.Runner.Worker.IActionCommandExtension'
[2026-09-30 17:12:53Z INFO ActionCommandManager] Register action command extension for command internal-set-repo-path
[2026-09-30 17:12:53Z INFO ActionCommandManager] Register action command extension for command set-env
[2026-09-30 17:12:53Z INFO ActionCommandManager] Register action command extension for command set-output
[2026-09-30 17:12:53Z INFO ActionCommandManager] Register action command extension for command save-state
[2026-09-30 17:12:53Z INFO ActionCommandManager] Register action command extension for command add-path
[2026-09-30 17:12:53Z INFO ActionCommandManager] Register action command extension for command add-mask
[2026-09-30 17:12:53Z INFO ActionCommandManager] Register action command extension for command add-matcher
[2026-09-30 17:12:53Z INFO ActionCommandManager] Register action command extension for command remove-matcher
[2026-09-30 17:12:53Z INFO ActionCommandManager] Register action command extension for command warning
[2026-09-30 17:12:53Z INFO ActionCommandManager] Register action command extension for command error
[2026-09-30 17:12:53Z INFO ActionCommandManager] Register action command extension for command notice
[2026-09-30 17:12:53Z INFO ActionCommandManager] Register action command extension for command debug
[2026-09-30 17:12:53Z INFO ActionCommandManager] Register action command extension for command group
[2026-09-30 17:12:53Z INFO ActionCommandManager] Register action command extension for command endgroup
[2026-09-30 17:12:53Z INFO ActionCommandManager] Register action command extension for command echo
[2026-09-30 17:12:53Z INFO HostContext] Well known directory 'Bin': 'D:\cicd\actions-runner\bin'
[2026-09-30 17:12:53Z INFO HostContext] Well known directory 'Root': 'D:\cicd\actions-runner'
[2026-09-30 17:12:53Z INFO HostContext] Well known directory 'Externals': 'D:\cicd\actions-runner\externals'
[2026-09-30 17:12:53Z INFO ProcessInvokerWrapper] Starting process:
[2026-09-30 17:12:53Z INFO ProcessInvokerWrapper]   File name: 'D:\cicd\actions-runner\externals\node24\bin\node.exe'
[2026-09-30 17:12:53Z INFO ProcessInvokerWrapper]   Arguments: '"D:\cicd\actions-runner\_work\_actions\actions\checkout\v4\dist/index.js"'
[2026-09-30 17:12:53Z INFO ProcessInvokerWrapper]   Working directory: 'D:\cicd\actions-runner\_work\my-repo\my-repo'
[2026-09-30 17:12:53Z INFO ProcessInvokerWrapper]   Require exit code zero: 'False'
[2026-09-30 17:12:53Z INFO ProcessInvokerWrapper]   Encoding web name: utf-8 ; code page: '65001'
[2026-09-30 17:12:53Z INFO ProcessInvokerWrapper]   Force kill process on cancellation: 'False'
[2026-09-30 17:12:53Z INFO ProcessInvokerWrapper]   Redirected STDIN: 'False'
[2026-09-30 17:12:53Z INFO ProcessInvokerWrapper]   Persist current code page: 'True'
[2026-09-30 17:12:53Z INFO ProcessInvokerWrapper]   Keep redirected STDIN open: 'False'
[2026-09-30 17:12:53Z INFO ProcessInvokerWrapper]   High priority process: 'False'
[2026-09-30 17:12:53Z INFO ProcessInvokerWrapper] Process started with process id 20764, waiting for process exit.
[2026-09-30 17:12:54Z INFO JobServerQueue] Try to append 1 batches web console lines for record '3cc7bf9c-e729-45c5-90ed-123a121aa2e5', success rate: 1/1.
[2026-09-30 17:12:54Z INFO JobServerQueue] Try to append 1 batches web console lines for record '3cc7bf9c-e729-45c5-90ed-123a121aa2e5', success rate: 1/1.
[2026-09-30 17:12:54Z INFO AddMaskCommandExtension] Add new secret mask with length of 32
[2026-09-30 17:12:54Z INFO JobServerQueue] Try to append 1 batches web console lines for record '3cc7bf9c-e729-45c5-90ed-123a121aa2e5', success rate: 1/1.
[2026-09-30 17:12:54Z INFO JobServerQueue] Got a step log file to send to results service.
[2026-09-30 17:12:54Z INFO JobServerQueue] Starting upload of step log file to results service ResultsLog, D:\cicd\actions-runner\_diag\blocks\871c641b-47dc-83c7-8d1c-41a24b6bc44a_5aba6655-d7b1-4bf1-96df-f2a6826a6b06.1
[2026-09-30 17:12:54Z INFO JobServerQueue] Try to append 1 batches web console lines for record '3cc7bf9c-e729-45c5-90ed-123a121aa2e5', success rate: 1/1.
[2026-09-30 17:12:55Z INFO JobServerQueue] Try to append 1 batches web console lines for record '3cc7bf9c-e729-45c5-90ed-123a121aa2e5', success rate: 1/1.
[2026-09-30 17:12:55Z INFO HostContext] Well known directory 'Bin': 'D:\cicd\actions-runner\bin'
[2026-09-30 17:12:55Z INFO HostContext] Well known directory 'Root': 'D:\cicd\actions-runner'
[2026-09-30 17:12:55Z INFO HostContext] Well known directory 'Work': 'D:\cicd\actions-runner\_work'
[2026-09-30 17:12:55Z INFO JobServerQueue] Tried to upload 1 file(s) to results, success rate: 1/1.
[2026-09-30 17:12:58Z INFO JobServerQueue] Try to append 1 batches web console lines for record '3cc7bf9c-e729-45c5-90ed-123a121aa2e5', success rate: 1/1.
[2026-09-30 17:12:58Z INFO JobServerQueue] Try to append 1 batches web console lines for record '3cc7bf9c-e729-45c5-90ed-123a121aa2e5', success rate: 1/1.
[2026-09-30 17:13:01Z INFO JobServerQueue] Try to append 1 batches web console lines for record '3cc7bf9c-e729-45c5-90ed-123a121aa2e5', success rate: 1/1.
[2026-09-30 17:13:01Z INFO JobServerQueue] Try to append 1 batches web console lines for record '3cc7bf9c-e729-45c5-90ed-123a121aa2e5', success rate: 1/1.
[2026-09-30 17:13:04Z INFO ProcessInvokerWrapper] STDOUT/STDERR stream read finished.
[2026-09-30 17:13:04Z INFO ProcessInvokerWrapper] STDOUT/STDERR stream read finished.
[2026-09-30 17:13:04Z INFO ProcessInvokerWrapper] Finished process 20764 with exit code 0, and elapsed time 00:00:10.2788978.
[2026-09-30 17:13:04Z INFO CreateStepSummaryCommand] Step Summary file (D:\cicd\actions-runner\_work\_temp\_runner_file_commands\step_summary_fc95537a-cb86-4f27-9095-6ab35972baa6) is empty; skipping attachment upload
[2026-09-30 17:13:04Z INFO StepsRunner] Step result: 
[2026-09-30 17:13:04Z INFO ExecutionContext] Publish step telemetry for current step {
  "action": "actions/checkout",
  "ref": "v4",
  "type": "node24",
  "stage": "Post",
  "stepId": "3cc7bf9c-e729-45c5-90ed-123a121aa2e5",
  "result": "succeeded",
  "errorMessages": [],
  "executionTimeInSeconds": 11,
  "startTime": "2026-09-30T17:12:53.771903Z",
  "finishTime": "2026-09-30T17:13:04.1094168Z"
}.
[2026-09-30 17:13:04Z INFO StepsRunner] No need for updating job result with current step result 'Succeeded'.
[2026-09-30 17:13:04Z INFO StepsRunner] Current state: job state = 'Failed'
[2026-09-30 17:13:04Z INFO JobRunner] Finalize job.
[2026-09-30 17:13:04Z INFO HostContext] Well known directory 'Bin': 'D:\cicd\actions-runner\bin'
[2026-09-30 17:13:04Z INFO HostContext] Well known directory 'Root': 'D:\cicd\actions-runner'
[2026-09-30 17:13:04Z INFO HostContext] Well known directory 'Diag': 'D:\cicd\actions-runner\_diag'
[2026-09-30 17:13:04Z INFO HostContext] Well known directory 'Bin': 'D:\cicd\actions-runner\bin'
[2026-09-30 17:13:04Z INFO HostContext] Well known directory 'Root': 'D:\cicd\actions-runner'
[2026-09-30 17:13:04Z INFO HostContext] Well known directory 'Diag': 'D:\cicd\actions-runner\_diag'
[2026-09-30 17:13:04Z INFO JobExtension] Initialize Env context
[2026-09-30 17:13:04Z INFO JobExtension] Initialize steps context
[2026-09-30 17:13:04Z INFO JobExtension] Total accessible running process: 365.
[2026-09-30 17:13:04Z INFO JobExtension] Wait for all connectivity checks to finish.
[2026-09-30 17:13:04Z INFO JobExtension] Connectivity check result: {
  "endpointUrl": "https://broker.actions.githubusercontent.com/health",
  "endpointIPs": null,
  "startTime": "2026-09-30T17:12:25.393306Z",
  "statusCode": "http_OK",
  "requestId": "D4C1:35016B:3CF95C4:3E75B21:6ABD42FA",
  "httpRequestDurationInMs": 1260,
  "dnsResolutionDurationInMs": 0,
  "dnsError": null
}
[2026-09-30 17:13:04Z INFO JobExtension] Connectivity check result: {
  "endpointUrl": "https://token.actions.githubusercontent.com/ready",
  "endpointIPs": null,
  "startTime": "2026-09-30T17:12:25.4005985Z",
  "statusCode": "http_NoContent",
  "requestId": "D4C2:EEFB7:134C97:152FBD:6ABD42FB",
  "httpRequestDurationInMs": 1532,
  "dnsResolutionDurationInMs": 0,
  "dnsError": null
}
[2026-09-30 17:13:04Z INFO JobExtension] Connectivity check result: {
  "endpointUrl": "https://run.actions.githubusercontent.com/health",
  "endpointIPs": null,
  "startTime": "2026-09-30T17:12:25.4010569Z",
  "statusCode": "http_OK",
  "requestId": "D4C3:3E904C:39D66B2:3B533A3:6ABD42FB",
  "httpRequestDurationInMs": 1499,
  "dnsResolutionDurationInMs": 0,
  "dnsError": null
}
[2026-09-30 17:13:04Z INFO ExecutionContext] Publish step telemetry for current step {
  "action": "complete_job",
  "type": "runner",
  "stage": "Post",
  "stepId": "71b42504-01cf-4388-b905-a4226c58a617",
  "result": "succeeded",
  "errorMessages": [
    "Node.js 20 is deprecated. The following actions target Node.js 20 but are being forced to run on Node.js 24: actions/checkout@v4. For more information see: https://github.blog/changelog/2025-09-19-deprecation-of-node-20-on-github-actions-runners/"
  ],
  "executionTimeInSeconds": 1,
  "startTime": "2026-09-30T17:13:04.1485244Z",
  "finishTime": "2026-09-30T17:13:04.192235Z"
}.
[2026-09-30 17:13:04Z INFO JobRunner] Job result after all job steps finish: Failed
[2026-09-30 17:13:04Z INFO JobRunner] Completing the job execution context.
[2026-09-30 17:13:04Z INFO JobServerQueue] Try to append 1 batches web console lines for record '71b42504-01cf-4388-b905-a4226c58a617', success rate: 1/1.
[2026-09-30 17:13:04Z INFO JobRunner] Shutting down the job server queue.
[2026-09-30 17:13:04Z INFO JobServerQueue] Fire signal to shutdown all queues.
[2026-09-30 17:13:04Z INFO JobServerQueue] All queue process task stopped.
[2026-09-30 17:13:04Z INFO JobServerQueue] Web console line queue drained.
[2026-09-30 17:13:04Z INFO JobServerQueue] Uploading 3 files in one shot.
[2026-09-30 17:13:04Z INFO JobServerQueue] Try to upload 3 log files or attachments, success rate: 3/3.
[2026-09-30 17:13:04Z INFO JobServerQueue] File upload queue drained.
[2026-09-30 17:13:04Z INFO JobServerQueue] Starting results-based upload queue...
[2026-09-30 17:13:04Z INFO JobServerQueue] Uploading 3 file(s) in one shot through results service.
[2026-09-30 17:13:04Z INFO JobServerQueue] Got a step log file to send to results service.
[2026-09-30 17:13:04Z INFO JobServerQueue] Starting upload of step log file to results service ResultsLog, D:\cicd\actions-runner\_diag\blocks\871c641b-47dc-83c7-8d1c-41a24b6bc44a_3cc7bf9c-e729-45c5-90ed-123a121aa2e5.1
[2026-09-30 17:13:05Z INFO JobServerQueue] Got a step log file to send to results service.
[2026-09-30 17:13:05Z INFO JobServerQueue] Starting upload of step log file to results service ResultsLog, D:\cicd\actions-runner\_diag\blocks\871c641b-47dc-83c7-8d1c-41a24b6bc44a_71b42504-01cf-4388-b905-a4226c58a617.1
[2026-09-30 17:13:06Z INFO JobServerQueue] Got a job log file to send to results service.
[2026-09-30 17:13:06Z INFO JobServerQueue] Starting upload of job log file to results service ResultsLog, D:\cicd\actions-runner\_diag\blocks\871c641b-47dc-83c7-8d1c-41a24b6bc44a_f4f30b2f-86e5-55a0-952f-4557c1f2b91a.1
[2026-09-30 17:13:07Z INFO JobServerQueue] Tried to upload 3 file(s) to results, success rate: 3/3.
[2026-09-30 17:13:07Z INFO JobServerQueue] Results upload queue drained.
[2026-09-30 17:13:07Z INFO JobServerQueue] Timeline update queue drained.
[2026-09-30 17:13:07Z INFO JobServerQueue] Disposing job server ...
[2026-09-30 17:13:07Z INFO JobServerQueue] Disposing results server ...
[2026-09-30 17:13:07Z INFO JobServerQueue] All queue process tasks have been stopped, and all queues are drained.
[2026-09-30 17:13:07Z INFO TempDirectoryManager] Cleaning runner temp folder: D:\cicd\actions-runner\_work\_temp
[2026-09-30 17:13:07Z INFO HostContext] Well known directory 'Bin': 'D:\cicd\actions-runner\bin'
[2026-09-30 17:13:07Z INFO HostContext] Well known directory 'Root': 'D:\cicd\actions-runner'
[2026-09-30 17:13:07Z INFO HostContext] Well known directory 'Diag': 'D:\cicd\actions-runner\_diag'
[2026-09-30 17:13:07Z INFO HostContext] Well known config file 'Telemetry': 'D:\cicd\actions-runner\_diag\.telemetry'
[2026-09-30 17:13:07Z INFO JobRunner] Raising job completed against run service
[2026-09-30 17:13:09Z INFO Worker] Job completed.
