[2026-09-27 17:03:06Z INFO HostContext] No proxy settings were found based on environmental variables (http_proxy/https_proxy/HTTP_PROXY/HTTPS_PROXY)
[2026-09-27 17:03:06Z INFO HostContext] Well known directory 'Bin': 'D:\cicd\actions-runner\bin'
[2026-09-27 17:03:06Z INFO HostContext] Well known directory 'Root': 'D:\cicd\actions-runner'
[2026-09-27 17:03:06Z INFO HostContext] Well known config file 'Credentials': 'D:\cicd\actions-runner\.credentials'
[2026-09-27 17:03:06Z INFO HostContext] Well known directory 'Bin': 'D:\cicd\actions-runner\bin'
[2026-09-27 17:03:06Z INFO HostContext] Well known directory 'Root': 'D:\cicd\actions-runner'
[2026-09-27 17:03:06Z INFO HostContext] Well known config file 'Runner': 'D:\cicd\actions-runner\.runner'
[2026-09-27 17:03:06Z INFO Worker] Version: 2.337.0
[2026-09-27 17:03:06Z INFO Worker] Commit: 397b032cbf865e9c3ddfab89d533ec19325e1273
[2026-09-27 17:03:06Z INFO Worker] Culture: en-IN
[2026-09-27 17:03:06Z INFO Worker] UI Culture: en-US
[2026-09-27 17:03:06Z INFO Worker] Waiting to receive the job message from the channel.
[2026-09-27 17:03:06Z INFO ProcessChannel] Receiving message of length 23302, with hash 'fcc7c0a5e3a0a7b3d64cf6e61d612c5b33ecdf5e8b095945291f2fb154cfbc63'
[2026-09-27 17:03:06Z INFO Worker] Message received.
[2026-09-27 17:03:06Z INFO Worker] Job message:
 {
  "fileTable": [
    ".github/workflows/pipeline.yaml"
  ],
  "mask": [
    {
      "type": "regex",
      "value": "***"
    },
    {
      "type": "regex",
      "value": "***"
    },
    {
      "type": "regex",
      "value": "***"
    },
    {
      "type": "regex",
      "value": "***"
    },
    {
      "type": "regex",
      "value": "***"
    },
    {
      "type": "regex",
      "value": "***"
    },
    {
      "type": "regex",
      "value": "***"
    },
    {
      "type": "regex",
      "value": "***"
    },
    {
      "type": "regex",
      "value": "***"
    },
    {
      "type": "regex",
      "value": "***"
    },
    {
      "type": "regex",
      "value": "***"
    },
    {
      "type": "regex",
      "value": "***"
    },
    {
      "type": "regex",
      "value": "***"
    },
    {
      "type": "regex",
      "value": "***"
    },
    {
      "type": "regex",
      "value": "***"
    },
    {
      "type": "regex",
      "value": "***"
    },
    {
      "type": "regex",
      "value": "***"
    },
    {
      "type": "regex",
      "value": "***"
    },
    {
      "type": "regex",
      "value": "***"
    },
    {
      "type": "regex",
      "value": "***"
    },
    {
      "type": "regex",
      "value": "***"
    },
    {
      "type": "regex",
      "value": "***"
    },
    {
      "type": "regex",
      "value": "***"
    },
    {
      "type": "regex",
      "value": "***"
    }
  ],
  "steps": [
    {
      "type": "action",
      "reference": {
        "type": "repository",
        "name": "actions/checkout",
        "ref": "v4",
        "repositoryType": "GitHub"
      },
      "displayNameToken": {
        "type": 0,
        "file": 1,
        "line": 17,
        "col": 15,
        "lit": "Checkout Code"
      },
      "contextName": "__actions_checkout",
      "condition": "success()",
      "id": "a0b1ce1b-91c2-4ff7-85be-62c4a6b1d195",
      "name": "__actions_checkout"
    },
    {
      "type": "action",
      "reference": {
        "type": "script"
      },
      "displayNameToken": {
        "type": 0,
        "file": 1,
        "line": 21,
        "col": 15,
        "lit": "Build"
      },
      "contextName": "__run",
      "inputs": {
        "type": 2,
        "map": [
          {
            "key": "script",
            "value": {
              "type": 0,
              "file": 1,
              "line": 23,
              "col": 14,
              "lit": "echo \"Build success\""
            }
          }
        ]
      },
      "condition": "success()",
      "id": "cdf1f037-2b0d-4d1f-846c-bad4f97560e6",
      "name": "__run"
    },
    {
      "type": "action",
      "reference": {
        "type": "script"
      },
      "displayNameToken": {
        "type": 0,
        "file": 1,
        "line": 25,
        "col": 15,
        "lit": "Test"
      },
      "contextName": "__run_2",
      "inputs": {
        "type": 2,
        "map": [
          {
            "key": "script",
            "value": {
              "type": 0,
              "file": 1,
              "line": 27,
              "col": 14,
              "lit": "echo \"Tests passed\""
            }
          }
        ]
      },
      "condition": "success()",
      "id": "4bbd7465-0fc7-4d5f-9ed3-cab2152d5fe0",
      "name": "__run_2"
    },
    {
      "type": "action",
      "reference": {
        "type": "script"
      },
      "displayNameToken": {
        "type": 0,
        "file": 1,
        "line": 30,
        "col": 15,
        "lit": "Deploy (CD)"
      },
      "contextName": "__run_3",
      "inputs": {
        "type": 2,
        "map": [
          {
            "key": "script",
            "value": {
              "type": 0,
              "file": 1,
              "line": 32,
              "col": 14,
              "lit": "echo \"deployment successful\""
            }
          },
          {
            "key": "shell",
            "value": {
              "type": 0,
              "file": 1,
              "line": 31,
              "col": 16,
              "lit": "powershell"
            }
          }
        ]
      },
      "condition": "success()",
      "id": "274de37a-f97f-41af-8d69-1b3f4bd74733",
      "name": "__run_3"
    }
  ],
  "variables": {
    "Actions.EnableHttpRedirects": {
      "value": "true"
    },
    "DistributedTask.AddWarningToNode12Action": {
      "value": "true"
    },
    "DistributedTask.AddWarningToNode16Action": {
      "value": "true"
    },
    "DistributedTask.AllowRunnerContainerHooks": {
      "value": "true"
    },
    "DistributedTask.DeprecateStepOutputCommands": {
      "value": "true"
    },
    "DistributedTask.DetailUntarFailure": {
      "value": "true"
    },
    "DistributedTask.EnableCompositeActions": {
      "value": "true"
    },
    "DistributedTask.EnableJobServerQueueTelemetry": {
      "value": "true"
    },
    "DistributedTask.EnhancedAnnotations": {
      "value": "true"
    },
    "DistributedTask.ForceGithubJavascriptActionsToNode16": {
      "value": "true"
    },
    "DistributedTask.ForceGithubJavascriptActionsToNode20": {
      "value": "true"
    },
    "DistributedTask.LogTemplateErrorsAsDebugMessages": {
      "value": "true"
    },
    "DistributedTask.MarkJobAsFailedOnWorkerCrash": {
      "value": "true"
    },
    "DistributedTask.NewActionMetadata": {
      "value": "true"
    },
    "DistributedTask.UploadStepSummary": {
      "value": "true"
    },
    "DistributedTask.UseActionArchiveCache": {
      "value": "true"
    },
    "DistributedTask.UseWhich2": {
      "value": "true"
    },
    "RunService.FixEmbeddedIssues": {
      "value": "true"
    },
    "actions.runner.requirenode24": {
      "value": "true"
    },
    "actions.runner.usenode24bydefault": {
      "value": "true"
    },
    "actions.runner.warnonnode20": {
      "value": "true"
    },
    "actions_add_check_run_id_to_job_context": {
      "value": "true"
    },
    "actions_batch_action_resolution": {
      "value": "false"
    },
    "actions_cache_mode": {
      "value": "write"
    },
    "actions_container_action_runner_temp": {
      "value": "true"
    },
    "actions_display_helpful_actions_download_errors": {
      "value": "true"
    },
    "actions_runner_allow_artifacts_file": {
      "value": "false"
    },
    "actions_runner_compare_workflow_parser": {
      "value": "false"
    },
    "actions_runner_deprecate_linux_arm32": {
      "value": "true"
    },
    "actions_runner_emit_composite_markers": {
      "value": "true"
    },
    "actions_runner_kill_linux_arm32": {
      "value": "false"
    },
    "actions_runner_node20_removal_date": {
      "value": "September 23rd, 2026"
    },
    "actions_runner_node24_default_date": {
      "value": "June 16th, 2026"
    },
    "actions_self_repository": {
      "value": "true"
    },
    "actions_service_container_command": {
      "value": "true"
    },
    "actions_set_orchestration_id_env_for_actions": {
      "value": "true"
    },
    "actions_skip_retry_complete_job_upon_known_errors": {
      "value": "true"
    },
    "actions_snapshot_preflight_hosted_runner_check": {
      "value": "false"
    },
    "actions_snapshot_preflight_image_gen_pool_check": {
      "value": "false"
    },
    "actions_use_bearer_token_for_codeload": {
      "value": "false"
    },
    "actions_uses_cache_service_v2": {
      "value": "true"
    },
    "github_token": {
      "value": "***",
      "isSecret": true
    },
    "system.from_run_service": {
      "value": "true"
    },
    "system.github.job": {
      "value": "ci-cd"
    },
    "system.github.launch_endpoint": {
      "value": "https://launch.actions.githubusercontent.com"
    },
    "system.github.results_endpoint": {
      "value": "https://results-receiver.actions.githubusercontent.com/"
    },
    "system.github.results_upload_with_sdk": {
      "value": "true"
    },
    "system.github.token": {
      "value": "***",
      "isSecret": true
    },
    "system.github.token.permissions": {
      "value": "{\"Contents\":\"read\",\"Metadata\":\"read\",\"Packages\":\"read\"}"
    },
    "system.orchestrationId": {
      "value": "ea461970-0295-4d14-9d17-5065a6ef1537.ci-cd.__default"
    },
    "system.phaseDisplayName": {
      "value": "ci-cd"
    },
    "system.runner.lowdiskspacethreshold": {
      "value": "100"
    },
    "system.runnerEnvironment": {
      "value": "self-hosted"
    },
    "system.runnerGroupName": {
      "value": "Default"
    }
  },
  "messageType": "RunnerJobRequest",
  "plan": {
    "scopeIdentifier": "00000000-0000-0000-0000-000000000000",
    "planType": "actions",
    "version": 0,
    "planId": "ea461970-0295-4d14-9d17-5065a6ef1537",
    "planGroup": null,
    "artifactUri": null,
    "artifactLocation": null,
    "definition": null,
    "owner": null
  },
  "timeline": {
    "id": "ea461970-0295-4d14-9d17-5065a6ef1537",
    "changeId": 0,
    "location": null
  },
  "jobId": "4136c1a4-4530-537a-b8ba-452663500062",
  "jobDisplayName": "ci-cd",
  "jobName": "__default",
  "requestId": 0,
  "lockedUntil": "0001-01-01T00:00:00",
  "resources": {
    "endpoints": [
      {
        "data": {
          "ServerId": "",
          "ServerName": "",
          "CacheServerUrl": "https://artifactcache.actions.githubusercontent.com/vNJajpvbF6IjDhJJK2oJL6aFAilgYF0ASuY1lz9oWwnetORATd/",
          "FeedStreamUrl": "wss://results-receiver.actions.githubusercontent.com/_ws/ingest.sock",
          "ResultsServiceUrl": "https://results-receiver.actions.githubusercontent.com/",
          "PipelinesServiceUrl": "https://pipelinesghubeus4.actions.githubusercontent.com/vNJajpvbF6IjDhJJK2oJL6aFAilgYF0ASuY1lz9oWwnetORATd/",
          "GenerateIdTokenUrl": "",
          "ConnectivityChecks": "[\"https://broker.actions.githubusercontent.com/health\",\"https://token.actions.githubusercontent.com/ready\",\"https://run.actions.githubusercontent.com/health\"]",
          "ConnectivityAndDNSChecks": ""
        },
        "name": "SystemVssConnection",
        "url": "https://run-actions-1-azure-eastus.actions.githubusercontent.com/130/",
        "authorization": {
          "parameters": {
            "AccessToken": "***"
          },
          "scheme": "OAuth"
        },
        "isShared": false,
        "isReady": true
      }
    ]
  },
  "contextData": {
    "github": {
      "t": 2,
      "d": [
        {
          "k": "ref",
          "v": "refs/heads/main"
        },
        {
          "k": "sha",
          "v": "08d9577d470c2465723800771a2c7e007675d900"
        },
        {
          "k": "repository",
          "v": "vikranttiwari988-ops/my-repo"
        },
        {
          "k": "repository_owner",
          "v": "vikranttiwari988-ops"
        },
        {
          "k": "repository_owner_id",
          "v": "328057542"
        },
        {
          "k": "repositoryUrl",
          "v": "git://github.com/vikranttiwari988-ops/my-repo.git"
        },
        {
          "k": "run_id",
          "v": "36335477313"
        },
        {
          "k": "run_number",
          "v": "1"
        },
        {
          "k": "retention_days",
          "v": "90"
        },
        {
          "k": "run_attempt",
          "v": "1"
        },
        {
          "k": "artifact_cache_size_limit",
          "v": "10"
        },
        {
          "k": "repository_visibility",
          "v": "public"
        },
        {
          "k": "actor_id",
          "v": "328057542"
        },
        {
          "k": "actor",
          "v": "vikranttiwari988-ops"
        },
        {
          "k": "workflow",
          "v": "CI-CD Pipeline"
        },
        {
          "k": "head_ref",
          "v": ""
        },
        {
          "k": "base_ref",
          "v": ""
        },
        {
          "k": "event_name",
          "v": "push"
        },
        {
          "k": "server_url",
          "v": "https://github.com"
        },
        {
          "k": "api_url",
          "v": "https://api.github.com"
        },
        {
          "k": "graphql_url",
          "v": "https://api.github.com/graphql"
        },
        {
          "k": "ref_name",
          "v": "main"
        },
        {
          "k": "ref_protected",
          "v": false
        },
        {
          "k": "ref_type",
          "v": "branch"
        },
        {
          "k": "secret_source",
          "v": "Actions"
        },
        {
          "k": "event",
          "v": {
            "t": 2,
            "d": [
              {
                "k": "after",
                "v": "08d9577d470c2465723800771a2c7e007675d900"
              },
              {
                "k": "base_ref",
                "v": null
              },
              {
                "k": "before",
                "v": "8c06d0032acf82ddcb096455bc233081e85f2ec9"
              },
              {
                "k": "commits",
                "v": {
                  "t": 1,
                  "a": [
                    {
                      "t": 2,
                      "d": [
                        {
                          "k": "author",
                          "v": {
                            "t": 2,
                            "d": [
                              {
                                "k": "email",
                                "v": "vikranttiwari988@gmail.com"
                              },
                              {
                                "k": "name",
                                "v": "vikranttiwari988-ops"
                              },
                              {
                                "k": "username",
                                "v": "vikranttiwari988-ops"
                              }
                            ]
                          }
                        },
                        {
                          "k": "committer",
                          "v": {
                            "t": 2,
                            "d": [
                              {
                                "k": "email",
                                "v": "noreply@github.com"
                              },
                              {
                                "k": "name",
                                "v": "GitHub"
                              },
                              {
                                "k": "username",
                                "v": "web-flow"
                              }
                            ]
                          }
                        },
                        {
                          "k": "distinct",
                          "v": true
                        },
                        {
                          "k": "id",
                          "v": "08d9577d470c2465723800771a2c7e007675d900"
                        },
                        {
                          "k": "message",
                          "v": "Create pipeline.yaml"
                        },
                        {
                          "k": "timestamp",
                          "v": "2026-09-27T22:32:56+05:30"
                        },
                        {
                          "k": "tree_id",
                          "v": "b36e2784b430f24e1f7035c6f14ff6165af35942"
                        },
                        {
                          "k": "url",
                          "v": "https://github.com/vikranttiwari988-ops/my-repo/commit/08d9577d470c2465723800771a2c7e007675d900"
                        }
                      ]
                    }
                  ]
                }
              },
              {
                "k": "compare",
                "v": "https://github.com/vikranttiwari988-ops/my-repo/compare/8c06d0032acf...08d9577d470c"
              },
              {
                "k": "created",
                "v": false
              },
              {
                "k": "deleted",
                "v": false
              },
              {
                "k": "forced",
                "v": false
              },
              {
                "k": "head_commit",
                "v": {
                  "t": 2,
                  "d": [
                    {
                      "k": "author",
                      "v": {
                        "t": 2,
                        "d": [
                          {
                            "k": "email",
                            "v": "vikranttiwari988@gmail.com"
                          },
                          {
                            "k": "name",
                            "v": "vikranttiwari988-ops"
                          },
                          {
                            "k": "username",
                            "v": "vikranttiwari988-ops"
                          }
                        ]
                      }
                    },
                    {
                      "k": "committer",
                      "v": {
                        "t": 2,
                        "d": [
                          {
                            "k": "email",
                            "v": "noreply@github.com"
                          },
                          {
                            "k": "name",
                            "v": "GitHub"
                          },
                          {
                            "k": "username",
                            "v": "web-flow"
                          }
                        ]
                      }
                    },
                    {
                      "k": "distinct",
                      "v": true
                    },
                    {
                      "k": "id",
                      "v": "08d9577d470c2465723800771a2c7e007675d900"
                    },
                    {
                      "k": "message",
                      "v": "Create pipeline.yaml"
                    },
                    {
                      "k": "timestamp",
                      "v": "2026-09-27T22:32:56+05:30"
                    },
                    {
                      "k": "tree_id",
                      "v": "b36e2784b430f24e1f7035c6f14ff6165af35942"
                    },
                    {
                      "k": "url",
                      "v": "https://github.com/vikranttiwari988-ops/my-repo/commit/08d9577d470c2465723800771a2c7e007675d900"
                    }
                  ]
                }
              },
              {
                "k": "pusher",
                "v": {
                  "t": 2,
                  "d": [
                    {
                      "k": "email",
                      "v": "vikranttiwari988@gmail.com"
                    },
                    {
                      "k": "name",
                      "v": "vikranttiwari988-ops"
                    }
                  ]
                }
              },
              {
                "k": "ref",
                "v": "refs/heads/main"
              },
              {
                "k": "repository",
                "v": {
                  "t": 2,
                  "d": [
                    {
                      "k": "allow_forking",
                      "v": true
                    },
                    {
                      "k": "archive_url",
                      "v": "https://api.github.com/repos/vikranttiwari988-ops/my-repo/{archive_format}{/ref}"
                    },
                    {
                      "k": "archived",
                      "v": false
                    },
                    {
                      "k": "assignees_url",
                      "v": "https://api.github.com/repos/vikranttiwari988-ops/my-repo/assignees{/user}"
                    },
                    {
                      "k": "blobs_url",
                      "v": "https://api.github.com/repos/vikranttiwari988-ops/my-repo/git/blobs{/sha}"
                    },
                    {
                      "k": "branches_url",
                      "v": "https://api.github.com/repos/vikranttiwari988-ops/my-repo/branches{/branch}"
                    },
                    {
                      "k": "clone_url",
                      "v": "https://github.com/vikranttiwari988-ops/my-repo.git"
                    },
                    {
                      "k": "collaborators_url",
                      "v": "https://api.github.com/repos/vikranttiwari988-ops/my-repo/collaborators{/collaborator}"
                    },
                    {
                      "k": "comments_url",
                      "v": "https://api.github.com/repos/vikranttiwari988-ops/my-repo/comments{/number}"
                    },
                    {
                      "k": "commits_url",
                      "v": "https://api.github.com/repos/vikranttiwari988-ops/my-repo/commits{/sha}"
                    },
                    {
                      "k": "compare_url",
                      "v": "https://api.github.com/repos/vikranttiwari988-ops/my-repo/compare/{base}...{head}"
                    },
                    {
                      "k": "contents_url",
                      "v": "https://api.github.com/repos/vikranttiwari988-ops/my-repo/contents/{+path}"
                    },
                    {
                      "k": "contributors_url",
                      "v": "https://api.github.com/repos/vikranttiwari988-ops/my-repo/contributors"
                    },
                    {
                      "k": "created_at",
                      "v": 1789143027.0
                    },
                    {
                      "k": "default_branch",
                      "v": "main"
                    },
                    {
                      "k": "deployments_url",
                      "v": "https://api.github.com/repos/vikranttiwari988-ops/my-repo/deployments"
                    },
                    {
                      "k": "description",
                      "v": "my repository "
                    },
                    {
                      "k": "disabled",
                      "v": false
                    },
                    {
                      "k": "downloads_url",
                      "v": "https://api.github.com/repos/vikranttiwari988-ops/my-repo/downloads"
                    },
                    {
                      "k": "events_url",
                      "v": "https://api.github.com/repos/vikranttiwari988-ops/my-repo/events"
                    },
                    {
                      "k": "fork",
                      "v": false
                    },
                    {
                      "k": "forks",
                      "v": 0.0
                    },
                    {
                      "k": "forks_count",
                      "v": 0.0
                    },
                    {
                      "k": "forks_url",
                      "v": "https://api.github.com/repos/vikranttiwari988-ops/my-repo/forks"
                    },
                    {
                      "k": "full_name",
                      "v": "vikranttiwari988-ops/my-repo"
                    },
                    {
                      "k": "git_commits_url",
                      "v": "https://api.github.com/repos/vikranttiwari988-ops/my-repo/git/commits{/sha}"
                    },
                    {
                      "k": "git_refs_url",
                      "v": "https://api.github.com/repos/vikranttiwari988-ops/my-repo/git/refs{/sha}"
                    },
                    {
                      "k": "git_tags_url",
                      "v": "https://api.github.com/repos/vikranttiwari988-ops/my-repo/git/tags{/sha}"
                    },
                    {
                      "k": "git_url",
                      "v": "git://github.com/vikranttiwari988-ops/my-repo.git"
                    },
                    {
                      "k": "has_discussions",
                      "v": false
                    },
                    {
                      "k": "has_downloads",
                      "v": true
                    },
                    {
                      "k": "has_issues",
                      "v": true
                    },
                    {
                      "k": "has_pages",
                      "v": false
                    },
                    {
                      "k": "has_projects",
                      "v": true
                    },
                    {
                      "k": "has_pull_requests",
                      "v": true
                    },
                    {
                      "k": "has_wiki",
                      "v": true
                    },
                    {
                      "k": "homepage",
                      "v": null
                    },
                    {
                      "k": "hooks_url",
                      "v": "https://api.github.com/repos/vikranttiwari988-ops/my-repo/hooks"
                    },
                    {
                      "k": "html_url",
                      "v": "https://github.com/vikranttiwari988-ops/my-repo"
                    },
                    {
                      "k": "id",
                      "v": 1366412515.0
                    },
                    {
                      "k": "is_template",
                      "v": false
                    },
                    {
                      "k": "issue_comment_url",
                      "v": "https://api.github.com/repos/vikranttiwari988-ops/my-repo/issues/comments{/number}"
                    },
                    {
                      "k": "issue_events_url",
                      "v": "https://api.github.com/repos/vikranttiwari988-ops/my-repo/issues/events{/number}"
                    },
                    {
                      "k": "issues_url",
                      "v": "https://api.github.com/repos/vikranttiwari988-ops/my-repo/issues{/number}"
                    },
                    {
                      "k": "keys_url",
                      "v": "https://api.github.com/repos/vikranttiwari988-ops/my-repo/keys{/key_id}"
                    },
                    {
                      "k": "labels_url",
                      "v": "https://api.github.com/repos/vikranttiwari988-ops/my-repo/labels{/name}"
                    },
                    {
                      "k": "language",
                      "v": "Shell"
                    },
                    {
                      "k": "languages_url",
                      "v": "https://api.github.com/repos/vikranttiwari988-ops/my-repo/languages"
                    },
                    {
                      "k": "license",
                      "v": null
                    },
                    {
                      "k": "master_branch",
                      "v": "main"
                    },
                    {
                      "k": "merges_url",
                      "v": "https://api.github.com/repos/vikranttiwari988-ops/my-repo/merges"
                    },
                    {
                      "k": "milestones_url",
                      "v": "https://api.github.com/repos/vikranttiwari988-ops/my-repo/milestones{/number}"
                    },
                    {
                      "k": "mirror_url",
                      "v": null
                    },
                    {
                      "k": "name",
                      "v": "my-repo"
                    },
                    {
                      "k": "node_id",
                      "v": "R_kgDOUXHM4w"
                    },
                    {
                      "k": "notifications_url",
                      "v": "https://api.github.com/repos/vikranttiwari988-ops/my-repo/notifications{?since,all,participating}"
                    },
                    {
                      "k": "open_issues",
                      "v": 0.0
                    },
                    {
                      "k": "open_issues_count",
                      "v": 0.0
                    },
                    {
                      "k": "owner",
                      "v": {
                        "t": 2,
                        "d": [
                          {
                            "k": "avatar_url",
                            "v": "https://avatars.githubusercontent.com/u/328057542?v=4"
                          },
                          {
                            "k": "email",
                            "v": "vikranttiwari988@gmail.com"
                          },
                          {
                            "k": "events_url",
                            "v": "https://api.github.com/users/vikranttiwari988-ops/events{/privacy}"
                          },
                          {
                            "k": "followers_url",
                            "v": "https://api.github.com/users/vikranttiwari988-ops/followers"
                          },
                          {
                            "k": "following_url",
                            "v": "https://api.github.com/users/vikranttiwari988-ops/following{/other_user}"
                          },
                          {
                            "k": "gists_url",
                            "v": "https://api.github.com/users/vikranttiwari988-ops/gists{/gist_id}"
                          },
                          {
                            "k": "gravatar_id",
                            "v": ""
                          },
                          {
                            "k": "html_url",
                            "v": "https://github.com/vikranttiwari988-ops"
                          },
                          {
                            "k": "id",
                            "v": 328057542.0
                          },
                          {
                            "k": "login",
                            "v": "vikranttiwari988-ops"
                          },
                          {
                            "k": "name",
                            "v": "vikranttiwari988-ops"
                          },
                          {
                            "k": "node_id",
                            "v": "U_kgDOE43Cxg"
                          },
                          {
                            "k": "organizations_url",
                            "v": "https://api.github.com/users/vikranttiwari988-ops/orgs"
                          },
                          {
                            "k": "received_events_url",
                            "v": "https://api.github.com/users/vikranttiwari988-ops/received_events"
                          },
                          {
                            "k": "repos_url",
                            "v": "https://api.github.com/users/vikranttiwari988-ops/repos"
                          },
                          {
                            "k": "site_admin",
                            "v": false
                          },
                          {
                            "k": "starred_url",
                            "v": "https://api.github.com/users/vikranttiwari988-ops/starred{/owner}{/repo}"
                          },
                          {
                            "k": "subscriptions_url",
                            "v": "https://api.github.com/users/vikranttiwari988-ops/subscriptions"
                          },
                          {
                            "k": "type",
                            "v": "User"
                          },
                          {
                            "k": "url",
                            "v": "https://api.github.com/users/vikranttiwari988-ops"
                          },
                          {
                            "k": "user_view_type",
                            "v": "public"
                          }
                        ]
                      }
                    },
                    {
                      "k": "private",
                      "v": false
                    },
                    {
                      "k": "pull_request_creation_policy",
                      "v": "all"
                    },
                    {
                      "k": "pulls_url",
                      "v": "https://api.github.com/repos/vikranttiwari988-ops/my-repo/pulls{/number}"
                    },
                    {
                      "k": "pushed_at",
                      "v": 1790528576.0
                    },
                    {
                      "k": "releases_url",
                      "v": "https://api.github.com/repos/vikranttiwari988-ops/my-repo/releases{/id}"
                    },
                    {
                      "k": "size",
                      "v": 0.0
                    },
                    {
                      "k": "ssh_url",
                      "v": "git@github.com:vikranttiwari988-ops/my-repo.git"
                    },
                    {
                      "k": "stargazers",
                      "v": 0.0
                    },
                    {
                      "k": "stargazers_count",
                      "v": 0.0
                    },
                    {
                      "k": "stargazers_url",
                      "v": "https://api.github.com/repos/vikranttiwari988-ops/my-repo/stargazers"
                    },
                    {
                      "k": "statuses_url",
                      "v": "https://api.github.com/repos/vikranttiwari988-ops/my-repo/statuses/{sha}"
                    },
                    {
                      "k": "subscribers_url",
                      "v": "https://api.github.com/repos/vikranttiwari988-ops/my-repo/subscribers"
                    },
                    {
                      "k": "subscription_url",
                      "v": "https://api.github.com/repos/vikranttiwari988-ops/my-repo/subscription"
                    },
                    {
                      "k": "svn_url",
                      "v": "https://github.com/vikranttiwari988-ops/my-repo"
                    },
                    {
                      "k": "tags_url",
                      "v": "https://api.github.com/repos/vikranttiwari988-ops/my-repo/tags"
                    },
                    {
                      "k": "teams_url",
                      "v": "https://api.github.com/repos/vikranttiwari988-ops/my-repo/teams"
                    },
                    {
                      "k": "topics",
                      "v": {
                        "t": 1
                      }
                    },
                    {
                      "k": "trees_url",
                      "v": "https://api.github.com/repos/vikranttiwari988-ops/my-repo/git/trees{/sha}"
                    },
                    {
                      "k": "updated_at",
                      "v": "2026-09-27T16:51:18Z"
                    },
                    {
                      "k": "url",
                      "v": "https://api.github.com/repos/vikranttiwari988-ops/my-repo"
                    },
                    {
                      "k": "visibility",
                      "v": "public"
                    },
                    {
                      "k": "watchers",
                      "v": 0.0
                    },
                    {
                      "k": "watchers_count",
                      "v": 0.0
                    },
                    {
                      "k": "web_commit_signoff_required",
                      "v": false
                    }
                  ]
                }
              },
              {
                "k": "sender",
                "v": {
                  "t": 2,
                  "d": [
                    {
                      "k": "avatar_url",
                      "v": "https://avatars.githubusercontent.com/u/328057542?v=4"
                    },
                    {
                      "k": "events_url",
                      "v": "https://api.github.com/users/vikranttiwari988-ops/events{/privacy}"
                    },
                    {
                      "k": "followers_url",
                      "v": "https://api.github.com/users/vikranttiwari988-ops/followers"
                    },
                    {
                      "k": "following_url",
                      "v": "https://api.github.com/users/vikranttiwari988-ops/following{/other_user}"
                    },
                    {
                      "k": "gists_url",
                      "v": "https://api.github.com/users/vikranttiwari988-ops/gists{/gist_id}"
                    },
                    {
                      "k": "gravatar_id",
                      "v": ""
                    },
                    {
                      "k": "html_url",
                      "v": "https://github.com/vikranttiwari988-ops"
                    },
                    {
                      "k": "id",
                      "v": 328057542.0
                    },
                    {
                      "k": "login",
                      "v": "vikranttiwari988-ops"
                    },
                    {
                      "k": "node_id",
                      "v": "U_kgDOE43Cxg"
                    },
                    {
                      "k": "organizations_url",
                      "v": "https://api.github.com/users/vikranttiwari988-ops/orgs"
                    },
                    {
                      "k": "received_events_url",
                      "v": "https://api.github.com/users/vikranttiwari988-ops/received_events"
                    },
                    {
                      "k": "repos_url",
                      "v": "https://api.github.com/users/vikranttiwari988-ops/repos"
                    },
                    {
                      "k": "site_admin",
                      "v": false
                    },
                    {
                      "k": "starred_url",
                      "v": "https://api.github.com/users/vikranttiwari988-ops/starred{/owner}{/repo}"
                    },
                    {
                      "k": "subscriptions_url",
                      "v": "https://api.github.com/users/vikranttiwari988-ops/subscriptions"
                    },
                    {
                      "k": "type",
                      "v": "User"
                    },
                    {
                      "k": "url",
                      "v": "https://api.github.com/users/vikranttiwari988-ops"
                    },
                    {
                      "k": "user_view_type",
                      "v": "public"
                    }
                  ]
                }
              }
            ]
          }
        },
        {
          "k": "workflow_ref",
          "v": "vikranttiwari988-ops/my-repo/.github/workflows/pipeline.yaml@refs/heads/main"
        },
        {
          "k": "workflow_sha",
          "v": "08d9577d470c2465723800771a2c7e007675d900"
        },
        {
          "k": "repository_id",
          "v": "1366412515"
        },
        {
          "k": "triggering_actor",
          "v": "vikranttiwari988-ops"
        }
      ]
    },
    "inputs": {
      "t": 2
    },
    "job": {
      "t": 2,
      "d": [
        {
          "k": "check_run_id",
          "v": 108665381053.0
        },
        {
          "k": "workflow_ref",
          "v": "vikranttiwari988-ops/my-repo/.github/workflows/pipeline.yaml@refs/heads/main"
        },
        {
          "k": "workflow_sha",
          "v": "08d9577d470c2465723800771a2c7e007675d900"
        },
        {
          "k": "workflow_repository",
          "v": "vikranttiwari988-ops/my-repo"
        },
        {
          "k": "workflow_file_path",
          "v": ".github/workflows/pipeline.yaml"
        }
      ]
    },
    "matrix": null,
    "needs": {
      "t": 2
    },
    "strategy": {
      "t": 2,
      "d": [
        {
          "k": "fail-fast",
          "v": true
        },
        {
          "k": "job-index",
          "v": 0.0
        },
        {
          "k": "job-total",
          "v": 1.0
        },
        {
          "k": "max-parallel",
          "v": 1.0
        }
      ]
    },
    "vars": {
      "t": 2
    }
  },
  "billingOwnerId": "U_kgDOE43Cxg"
}
[2026-09-27 17:03:06Z INFO JobRunner] Job ID 4136c1a4-4530-537a-b8ba-452663500062
[2026-09-27 17:03:06Z INFO ConfigurationStore] currentAssemblyLocation: D:\cicd\actions-runner\bin\Runner.Worker.dll
[2026-09-27 17:03:06Z INFO HostContext] Well known directory 'Bin': 'D:\cicd\actions-runner\bin'
[2026-09-27 17:03:06Z INFO ConfigurationStore] binPath: D:\cicd\actions-runner\bin
[2026-09-27 17:03:06Z INFO HostContext] Well known directory 'Bin': 'D:\cicd\actions-runner\bin'
[2026-09-27 17:03:06Z INFO HostContext] Well known directory 'Root': 'D:\cicd\actions-runner'
[2026-09-27 17:03:06Z INFO ConfigurationStore] RootFolder: D:\cicd\actions-runner
[2026-09-27 17:03:06Z INFO HostContext] Well known directory 'Bin': 'D:\cicd\actions-runner\bin'
[2026-09-27 17:03:06Z INFO HostContext] Well known directory 'Root': 'D:\cicd\actions-runner'
[2026-09-27 17:03:06Z INFO HostContext] Well known config file 'Runner': 'D:\cicd\actions-runner\.runner'
[2026-09-27 17:03:06Z INFO ConfigurationStore] ConfigFilePath: D:\cicd\actions-runner\.runner
[2026-09-27 17:03:06Z INFO HostContext] Well known directory 'Bin': 'D:\cicd\actions-runner\bin'
[2026-09-27 17:03:06Z INFO HostContext] Well known directory 'Root': 'D:\cicd\actions-runner'
[2026-09-27 17:03:06Z INFO HostContext] Well known config file 'MigratedRunner': 'D:\cicd\actions-runner\.runner_migrated'
[2026-09-27 17:03:06Z INFO ConfigurationStore] MigratedConfigFilePath: D:\cicd\actions-runner\.runner_migrated
[2026-09-27 17:03:06Z INFO HostContext] Well known directory 'Bin': 'D:\cicd\actions-runner\bin'
[2026-09-27 17:03:06Z INFO HostContext] Well known directory 'Root': 'D:\cicd\actions-runner'
[2026-09-27 17:03:06Z INFO HostContext] Well known config file 'Credentials': 'D:\cicd\actions-runner\.credentials'
[2026-09-27 17:03:06Z INFO ConfigurationStore] CredFilePath: D:\cicd\actions-runner\.credentials
[2026-09-27 17:03:06Z INFO HostContext] Well known directory 'Bin': 'D:\cicd\actions-runner\bin'
[2026-09-27 17:03:06Z INFO HostContext] Well known directory 'Root': 'D:\cicd\actions-runner'
[2026-09-27 17:03:06Z INFO HostContext] Well known config file 'MigratedCredentials': 'D:\cicd\actions-runner\.credentials_migrated'
[2026-09-27 17:03:06Z INFO ConfigurationStore] MigratedCredFilePath: D:\cicd\actions-runner\.credentials_migrated
[2026-09-27 17:03:06Z INFO HostContext] Well known directory 'Bin': 'D:\cicd\actions-runner\bin'
[2026-09-27 17:03:06Z INFO HostContext] Well known directory 'Root': 'D:\cicd\actions-runner'
[2026-09-27 17:03:06Z INFO HostContext] Well known config file 'Service': 'D:\cicd\actions-runner\.service'
[2026-09-27 17:03:06Z INFO ConfigurationStore] ServiceConfigFilePath: D:\cicd\actions-runner\.service
[2026-09-27 17:03:06Z INFO ConfigurationStore] Read setting file: 398 chars
[2026-09-27 17:03:06Z INFO JobRunner] Initializing launch client
[2026-09-27 17:03:06Z INFO JobServerQueue] Initializing results client
[2026-09-27 17:03:06Z INFO ResultServer] Creating websocket client ...wss://results-receiver.actions.githubusercontent.com/_ws/ingest.sock
[2026-09-27 17:03:06Z INFO ResultServer] Attempting to start websocket client with delay 00:00:00.
[2026-09-27 17:03:06Z INFO JobServerQueue] Start process web console line queue.
[2026-09-27 17:03:06Z INFO JobServerQueue] Start process file upload queue.
[2026-09-27 17:03:06Z INFO JobServerQueue] Start results file upload queue.
[2026-09-27 17:03:06Z INFO JobServerQueue] Starting results-based upload queue...
[2026-09-27 17:03:06Z INFO JobServerQueue] Start process timeline update queue.
[2026-09-27 17:03:06Z INFO ExecutionContext] Initializing Job context
[2026-09-27 17:03:06Z INFO ExecutionContext] Initialize GitHub context
[2026-09-27 17:03:06Z INFO ExecutionContext] Initialize Env context
[2026-09-27 17:03:06Z INFO HostContext] Well known directory 'Bin': 'D:\cicd\actions-runner\bin'
[2026-09-27 17:03:06Z INFO HostContext] Well known directory 'Root': 'D:\cicd\actions-runner'
[2026-09-27 17:03:06Z INFO HostContext] Well known directory 'Diag': 'D:\cicd\actions-runner\_diag'
[2026-09-27 17:03:06Z INFO HostContext] Well known directory 'Bin': 'D:\cicd\actions-runner\bin'
[2026-09-27 17:03:06Z INFO HostContext] Well known directory 'Root': 'D:\cicd\actions-runner'
[2026-09-27 17:03:06Z INFO HostContext] Well known directory 'Diag': 'D:\cicd\actions-runner\_diag'
[2026-09-27 17:03:06Z INFO JobRunner] Starting the job execution context.
[2026-09-27 17:03:06Z INFO HostContext] Well known directory 'Bin': 'D:\cicd\actions-runner\bin'
[2026-09-27 17:03:06Z INFO HostContext] Well known directory 'Root': 'D:\cicd\actions-runner'
[2026-09-27 17:03:06Z INFO HostContext] Well known directory 'Work': 'D:\cicd\actions-runner\_work'
[2026-09-27 17:03:06Z INFO JobRunner] Validating directory permissions for: 'D:\cicd\actions-runner\_work'
[2026-09-27 17:03:06Z INFO HostContext] Well known directory 'Bin': 'D:\cicd\actions-runner\bin'
[2026-09-27 17:03:06Z INFO HostContext] Well known directory 'Root': 'D:\cicd\actions-runner'
[2026-09-27 17:03:06Z INFO HostContext] Well known directory 'Work': 'D:\cicd\actions-runner\_work'
[2026-09-27 17:03:06Z INFO HostContext] Well known directory 'Tools': 'D:\cicd\actions-runner\_work\_tool'
[2026-09-27 17:03:06Z INFO HostContext] Well known directory 'Bin': 'D:\cicd\actions-runner\bin'
[2026-09-27 17:03:06Z INFO HostContext] Well known directory 'Root': 'D:\cicd\actions-runner'
[2026-09-27 17:03:06Z INFO HostContext] Well known directory 'Work': 'D:\cicd\actions-runner\_work'
[2026-09-27 17:03:06Z INFO HostContext] Well known directory 'Temp': 'D:\cicd\actions-runner\_work\_temp'
[2026-09-27 17:03:07Z INFO JobRunner] Getting job extension.
[2026-09-27 17:03:07Z INFO JobRunner] Initialize job. Getting all job steps.
[2026-09-27 17:03:07Z INFO HostContext] Well known directory 'Bin': 'D:\cicd\actions-runner\bin'
[2026-09-27 17:03:07Z INFO HostContext] Well known directory 'Root': 'D:\cicd\actions-runner'
[2026-09-27 17:03:07Z INFO HostContext] Well known directory 'Diag': 'D:\cicd\actions-runner\_diag'
[2026-09-27 17:03:07Z INFO HostContext] Well known directory 'Bin': 'D:\cicd\actions-runner\bin'
[2026-09-27 17:03:07Z INFO HostContext] Well known directory 'Root': 'D:\cicd\actions-runner'
[2026-09-27 17:03:07Z INFO HostContext] Well known directory 'Diag': 'D:\cicd\actions-runner\_diag'
[2026-09-27 17:03:07Z INFO HostContext] Well known directory 'Bin': 'D:\cicd\actions-runner\bin'
[2026-09-27 17:03:07Z INFO HostContext] Well known directory 'Root': 'D:\cicd\actions-runner'
[2026-09-27 17:03:07Z INFO HostContext] Well known config file 'Credentials': 'D:\cicd\actions-runner\.credentials'
[2026-09-27 17:03:07Z INFO HostContext] Well known directory 'Bin': 'D:\cicd\actions-runner\bin'
[2026-09-27 17:03:07Z INFO HostContext] Well known directory 'Root': 'D:\cicd\actions-runner'
[2026-09-27 17:03:07Z INFO HostContext] Well known config file 'SetupInfo': 'D:\cicd\actions-runner\.setup_info'
[2026-09-27 17:03:07Z INFO HostContext] Well known directory 'Bin': 'D:\cicd\actions-runner\bin'
[2026-09-27 17:03:07Z INFO HostContext] Well known directory 'Root': 'D:\cicd\actions-runner'
[2026-09-27 17:03:07Z INFO HostContext] Well known directory 'Work': 'D:\cicd\actions-runner\_work'
[2026-09-27 17:03:07Z INFO PipelineDirectoryManager] Loading tracking config if exists: D:\cicd\actions-runner\_work\_PipelineMapping\vikranttiwari988-ops/my-repo\PipelineFolder.json
[2026-09-27 17:03:07Z INFO PipelineDirectoryManager] Creating a new tracking config file.
[2026-09-27 17:03:07Z INFO HostContext] Well known directory 'Bin': 'D:\cicd\actions-runner\bin'
[2026-09-27 17:03:07Z INFO HostContext] Well known directory 'Root': 'D:\cicd\actions-runner'
[2026-09-27 17:03:07Z INFO HostContext] Well known directory 'Work': 'D:\cicd\actions-runner\_work'
[2026-09-27 17:03:07Z INFO PipelineDirectoryManager] Creating pipeline directory.
[2026-09-27 17:03:07Z INFO HostContext] Well known directory 'Bin': 'D:\cicd\actions-runner\bin'
[2026-09-27 17:03:07Z INFO HostContext] Well known directory 'Root': 'D:\cicd\actions-runner'
[2026-09-27 17:03:07Z INFO HostContext] Well known directory 'Work': 'D:\cicd\actions-runner\_work'
[2026-09-27 17:03:07Z INFO PipelineDirectoryManager] Creating workspace directory.
[2026-09-27 17:03:07Z INFO HostContext] Well known directory 'Bin': 'D:\cicd\actions-runner\bin'
[2026-09-27 17:03:07Z INFO HostContext] Well known directory 'Root': 'D:\cicd\actions-runner'
[2026-09-27 17:03:07Z INFO HostContext] Well known directory 'Work': 'D:\cicd\actions-runner\_work'
[2026-09-27 17:03:07Z INFO JobExtension] Downloading actions
[2026-09-27 17:03:07Z INFO HostContext] Well known directory 'Bin': 'D:\cicd\actions-runner\bin'
[2026-09-27 17:03:07Z INFO HostContext] Well known directory 'Root': 'D:\cicd\actions-runner'
[2026-09-27 17:03:07Z INFO HostContext] Well known directory 'Work': 'D:\cicd\actions-runner\_work'
[2026-09-27 17:03:07Z INFO HostContext] Well known directory 'Actions': 'D:\cicd\actions-runner\_work\_actions'
[2026-09-27 17:03:07Z INFO Worker] Listening for cancel message from the channel.
[2026-09-27 17:03:07Z INFO Worker] Waiting for the job to complete or for a cancel message from the channel.
[2026-09-27 17:03:08Z INFO ResultServer] Successfully started websocket client.
[2026-09-27 17:03:08Z INFO JobServerQueue] Try to append 1 batches web console lines for record '7e025c8e-d813-4575-865c-9e8f02999280', success rate: 1/1.
[2026-09-27 17:03:08Z INFO JobServerQueue] Try to append 1 batches web console lines for record '7e025c8e-d813-4575-865c-9e8f02999280', success rate: 1/1.
[2026-09-27 17:03:08Z INFO JobServerQueue] Job timeline record has been updated for the first time.
[2026-09-27 17:03:08Z INFO HostContext] Well known directory 'Bin': 'D:\cicd\actions-runner\bin'
[2026-09-27 17:03:08Z INFO HostContext] Well known directory 'Root': 'D:\cicd\actions-runner'
[2026-09-27 17:03:08Z INFO HostContext] Well known directory 'Work': 'D:\cicd\actions-runner\_work'
[2026-09-27 17:03:08Z INFO HostContext] Well known directory 'Actions': 'D:\cicd\actions-runner\_work\_actions'
[2026-09-27 17:03:08Z INFO HostContext] Well known directory 'Bin': 'D:\cicd\actions-runner\bin'
[2026-09-27 17:03:08Z INFO HostContext] Well known directory 'Root': 'D:\cicd\actions-runner'
[2026-09-27 17:03:08Z INFO HostContext] Well known directory 'Work': 'D:\cicd\actions-runner\_work'
[2026-09-27 17:03:08Z INFO HostContext] Well known directory 'Actions': 'D:\cicd\actions-runner\_work\_actions'
[2026-09-27 17:03:08Z INFO ActionManager] Save archive 'https://codeload.github.com/actions/checkout/zip/11d5960a326750d5838078e36cf38b85af677262' into D:\cicd\actions-runner\_work\_actions\_temp_49581e50-164c-4fc9-805d-58fa923bf615\9f42daed-b705-4348-8ade-b2bf97b21763.zip.
[2026-09-27 17:03:08Z INFO ActionManager] Using Basic token for action archive download.
[2026-09-27 17:03:08Z INFO JobServerQueue] Try to append 1 batches web console lines for record '7e025c8e-d813-4575-865c-9e8f02999280', success rate: 1/1.
[2026-09-27 17:03:09Z INFO ActionManager] Request URL: https://codeload.github.com/actions/checkout/zip/11d5960a326750d5838078e36cf38b85af677262 X-GitHub-Request-Id: F644:35FEE1:474D2:4C0AD0:6AB94C4D Http Status: OK
[2026-09-27 17:03:13Z INFO ActionManager] Finished getting action repository.
[2026-09-27 17:03:13Z INFO HostContext] Well known directory 'Bin': 'D:\cicd\actions-runner\bin'
[2026-09-27 17:03:13Z INFO HostContext] Well known directory 'Root': 'D:\cicd\actions-runner'
[2026-09-27 17:03:13Z INFO HostContext] Well known directory 'Work': 'D:\cicd\actions-runner\_work'
[2026-09-27 17:03:13Z INFO HostContext] Well known directory 'Actions': 'D:\cicd\actions-runner\_work\_actions'
[2026-09-27 17:03:13Z INFO ActionManifestManagerLegacy] Load schema file with definitions: [
  "null",
  "boolean",
  "number",
  "string",
  "sequence",
  "mapping",
  "any",
  "action-root",
  "inputs",
  "input",
  "outputs",
  "output-definition",
  "runs",
  "container-runs",
  "container-runs-args",
  "container-runs-env",
  "node-runs",
  "plugin-runs",
  "composite-runs",
  "composite-steps",
  "composite-step",
  "run-step",
  "uses-step",
  "container-runs-context",
  "output-value",
  "input-default-context",
  "non-empty-string",
  "string-steps-context",
  "boolean-steps-context",
  "step-env",
  "step-if",
  "step-with"
]
[2026-09-27 17:03:13Z INFO ActionManifestManager] Load schema file with definitions: [
  "null",
  "boolean",
  "number",
  "string",
  "sequence",
  "mapping",
  "any",
  "action-root",
  "inputs",
  "input",
  "outputs",
  "output-definition",
  "runs",
  "container-runs",
  "container-runs-args",
  "container-runs-env",
  "node-runs",
  "plugin-runs",
  "composite-runs",
  "composite-steps",
  "composite-step",
  "run-step",
  "uses-step",
  "container-runs-context",
  "output-value",
  "input-default-context",
  "non-empty-string",
  "string-steps-context",
  "boolean-steps-context",
  "step-env",
  "step-if",
  "step-with"
]
[2026-09-27 17:03:13Z INFO HostContext] Well known directory 'Bin': 'D:\cicd\actions-runner\bin'
[2026-09-27 17:03:13Z INFO HostContext] Well known directory 'Root': 'D:\cicd\actions-runner'
[2026-09-27 17:03:13Z INFO HostContext] Well known directory 'Work': 'D:\cicd\actions-runner\_work'
[2026-09-27 17:03:13Z INFO HostContext] Well known directory 'Actions': 'D:\cicd\actions-runner\_work\_actions'
[2026-09-27 17:03:13Z INFO ActionManifestManagerLegacy] Loaded action.yml file: {
  "name": "Checkout",
  "description": "Checkout a Git repository at a particular version",
  "inputs": {
    "type": 2,
    "map": [
      {
        "key": {
          "type": 0,
          "file": 2,
          "line": 4,
          "col": 3,
          "lit": "repository"
        },
        "value": {
          "type": 3,
          "file": 2,
          "line": 6,
          "col": 14,
          "expr": "github.repository"
        }
      },
      {
        "key": {
          "type": 0,
          "file": 2,
          "line": 7,
          "col": 3,
          "lit": "ref"
        },
        "value": ""
      },
      {
        "key": {
          "type": 0,
          "file": 2,
          "line": 12,
          "col": 3,
          "lit": "token"
        },
        "value": {
          "type": 3,
          "file": 2,
          "line": 24,
          "col": 14,
          "expr": "github.token"
        }
      },
      {
        "key": {
          "type": 0,
          "file": 2,
          "line": 25,
          "col": 3,
          "lit": "ssh-key"
        },
        "value": ""
      },
      {
        "key": {
          "type": 0,
          "file": 2,
          "line": 37,
          "col": 3,
          "lit": "ssh-known-hosts"
        },
        "value": ""
      },
      {
        "key": {
          "type": 0,
          "file": 2,
          "line": 42,
          "col": 3,
          "lit": "ssh-strict"
        },
        "value": {
          "type": 0,
          "file": 2,
          "line": 47,
          "col": 14,
          "lit": "true"
        }
      },
      {
        "key": {
          "type": 0,
          "file": 2,
          "line": 48,
          "col": 3,
          "lit": "ssh-user"
        },
        "value": {
          "type": 0,
          "file": 2,
          "line": 51,
          "col": 14,
          "lit": "git"
        }
      },
      {
        "key": {
          "type": 0,
          "file": 2,
          "line": 52,
          "col": 3,
          "lit": "persist-credentials"
        },
        "value": {
          "type": 0,
          "file": 2,
          "line": 54,
          "col": 14,
          "lit": "true"
        }
      },
      {
        "key": {
          "type": 0,
          "file": 2,
          "line": 55,
          "col": 3,
          "lit": "path"
        },
        "value": ""
      },
      {
        "key": {
          "type": 0,
          "file": 2,
          "line": 57,
          "col": 3,
          "lit": "clean"
        },
        "value": {
          "type": 0,
          "file": 2,
          "line": 59,
          "col": 14,
          "lit": "true"
        }
      },
      {
        "key": {
          "type": 0,
          "file": 2,
          "line": 60,
          "col": 3,
          "lit": "filter"
        },
        "value": {
          "type": 0,
          "file": 2,
          "line": 64,
          "col": 14,
          "lit": ""
        }
      },
      {
        "key": {
          "type": 0,
          "file": 2,
          "line": 65,
          "col": 3,
          "lit": "sparse-checkout"
        },
        "value": {
          "type": 0,
          "file": 2,
          "line": 69,
          "col": 14,
          "lit": ""
        }
      },
      {
        "key": {
          "type": 0,
          "file": 2,
          "line": 70,
          "col": 3,
          "lit": "sparse-checkout-cone-mode"
        },
        "value": {
          "type": 0,
          "file": 2,
          "line": 73,
          "col": 14,
          "lit": "true"
        }
      },
      {
        "key": {
          "type": 0,
          "file": 2,
          "line": 74,
          "col": 3,
          "lit": "fetch-depth"
        },
        "value": {
          "type": 0,
          "file": 2,
          "line": 76,
          "col": 14,
          "lit": "1"
        }
      },
      {
        "key": {
          "type": 0,
          "file": 2,
          "line": 77,
          "col": 3,
          "lit": "fetch-tags"
        },
        "value": {
          "type": 0,
          "file": 2,
          "line": 79,
          "col": 14,
          "lit": "false"
        }
      },
      {
        "key": {
          "type": 0,
          "file": 2,
          "line": 80,
          "col": 3,
          "lit": "show-progress"
        },
        "value": {
          "type": 0,
          "file": 2,
          "line": 82,
          "col": 14,
          "lit": "true"
        }
      },
      {
        "key": {
          "type": 0,
          "file": 2,
          "line": 83,
          "col": 3,
          "lit": "lfs"
        },
        "value": {
          "type": 0,
          "file": 2,
          "line": 85,
          "col": 14,
          "lit": "false"
        }
      },
      {
        "key": {
          "type": 0,
          "file": 2,
          "line": 86,
          "col": 3,
          "lit": "submodules"
        },
        "value": {
          "type": 0,
          "file": 2,
          "line": 94,
          "col": 14,
          "lit": "false"
        }
      },
      {
        "key": {
          "type": 0,
          "file": 2,
          "line": 95,
          "col": 3,
          "lit": "set-safe-directory"
        },
        "value": {
          "type": 0,
          "file": 2,
          "line": 97,
          "col": 14,
          "lit": "true"
        }
      },
      {
        "key": {
          "type": 0,
          "file": 2,
          "line": 98,
          "col": 3,
          "lit": "github-server-url"
        },
        "value": ""
      },
      {
        "key": {
          "type": 0,
          "file": 2,
          "line": 101,
          "col": 3,
          "lit": "allow-unsafe-pr-checkout"
        },
        "value": {
          "type": 0,
          "file": 2,
          "line": 109,
          "col": 14,
          "lit": "false"
        }
      }
    ]
  },
  "execution": {
    "executionType": "nodeJS",
    "hasPre": false,
    "hasPost": true,
    "script": "dist/index.js",
    "pre": null,
    "post": "dist/index.js",
    "nodeVersion": "node20",
    "cleanupCondition": "always()",
    "initCondition": "always()"
  },
  "deprecated": null
}
[2026-09-27 17:03:13Z INFO ActionManager] Action node.js file: dist/index.js, no more preparation.
[2026-09-27 17:03:13Z INFO HostContext] Well known directory 'Bin': 'D:\cicd\actions-runner\bin'
[2026-09-27 17:03:13Z INFO HostContext] Well known directory 'Root': 'D:\cicd\actions-runner'
[2026-09-27 17:03:13Z INFO HostContext] Well known directory 'Work': 'D:\cicd\actions-runner\_work'
[2026-09-27 17:03:13Z INFO HostContext] Well known directory 'Actions': 'D:\cicd\actions-runner\_work\_actions'
[2026-09-27 17:03:13Z INFO ActionManager] Load action that reference repository from 'D:\cicd\actions-runner\_work\_actions\actions\checkout\v4'
[2026-09-27 17:03:13Z INFO HostContext] Well known directory 'Bin': 'D:\cicd\actions-runner\bin'
[2026-09-27 17:03:13Z INFO HostContext] Well known directory 'Root': 'D:\cicd\actions-runner'
[2026-09-27 17:03:13Z INFO HostContext] Well known directory 'Work': 'D:\cicd\actions-runner\_work'
[2026-09-27 17:03:13Z INFO HostContext] Well known directory 'Actions': 'D:\cicd\actions-runner\_work\_actions'
[2026-09-27 17:03:13Z INFO ActionManifestManagerLegacy] Loaded action.yml file: {
  "name": "Checkout",
  "description": "Checkout a Git repository at a particular version",
  "inputs": {
    "type": 2,
    "map": [
      {
        "key": {
          "type": 0,
          "file": 2,
          "line": 4,
          "col": 3,
          "lit": "repository"
        },
        "value": {
          "type": 3,
          "file": 2,
          "line": 6,
          "col": 14,
          "expr": "github.repository"
        }
      },
      {
        "key": {
          "type": 0,
          "file": 2,
          "line": 7,
          "col": 3,
          "lit": "ref"
        },
        "value": ""
      },
      {
        "key": {
          "type": 0,
          "file": 2,
          "line": 12,
          "col": 3,
          "lit": "token"
        },
        "value": {
          "type": 3,
          "file": 2,
          "line": 24,
          "col": 14,
          "expr": "github.token"
        }
      },
      {
        "key": {
          "type": 0,
          "file": 2,
          "line": 25,
          "col": 3,
          "lit": "ssh-key"
        },
        "value": ""
      },
      {
        "key": {
          "type": 0,
          "file": 2,
          "line": 37,
          "col": 3,
          "lit": "ssh-known-hosts"
        },
        "value": ""
      },
      {
        "key": {
          "type": 0,
          "file": 2,
          "line": 42,
          "col": 3,
          "lit": "ssh-strict"
        },
        "value": {
          "type": 0,
          "file": 2,
          "line": 47,
          "col": 14,
          "lit": "true"
        }
      },
      {
        "key": {
          "type": 0,
          "file": 2,
          "line": 48,
          "col": 3,
          "lit": "ssh-user"
        },
        "value": {
          "type": 0,
          "file": 2,
          "line": 51,
          "col": 14,
          "lit": "git"
        }
      },
      {
        "key": {
          "type": 0,
          "file": 2,
          "line": 52,
          "col": 3,
          "lit": "persist-credentials"
        },
        "value": {
          "type": 0,
          "file": 2,
          "line": 54,
          "col": 14,
          "lit": "true"
        }
      },
      {
        "key": {
          "type": 0,
          "file": 2,
          "line": 55,
          "col": 3,
          "lit": "path"
        },
        "value": ""
      },
      {
        "key": {
          "type": 0,
          "file": 2,
          "line": 57,
          "col": 3,
          "lit": "clean"
        },
        "value": {
          "type": 0,
          "file": 2,
          "line": 59,
          "col": 14,
          "lit": "true"
        }
      },
      {
        "key": {
          "type": 0,
          "file": 2,
          "line": 60,
          "col": 3,
          "lit": "filter"
        },
        "value": {
          "type": 0,
          "file": 2,
          "line": 64,
          "col": 14,
          "lit": ""
        }
      },
      {
        "key": {
          "type": 0,
          "file": 2,
          "line": 65,
          "col": 3,
          "lit": "sparse-checkout"
        },
        "value": {
          "type": 0,
          "file": 2,
          "line": 69,
          "col": 14,
          "lit": ""
        }
      },
      {
        "key": {
          "type": 0,
          "file": 2,
          "line": 70,
          "col": 3,
          "lit": "sparse-checkout-cone-mode"
        },
        "value": {
          "type": 0,
          "file": 2,
          "line": 73,
          "col": 14,
          "lit": "true"
        }
      },
      {
        "key": {
          "type": 0,
          "file": 2,
          "line": 74,
          "col": 3,
          "lit": "fetch-depth"
        },
        "value": {
          "type": 0,
          "file": 2,
          "line": 76,
          "col": 14,
          "lit": "1"
        }
      },
      {
        "key": {
          "type": 0,
          "file": 2,
          "line": 77,
          "col": 3,
          "lit": "fetch-tags"
        },
        "value": {
          "type": 0,
          "file": 2,
          "line": 79,
          "col": 14,
          "lit": "false"
        }
      },
      {
        "key": {
          "type": 0,
          "file": 2,
          "line": 80,
          "col": 3,
          "lit": "show-progress"
        },
        "value": {
          "type": 0,
          "file": 2,
          "line": 82,
          "col": 14,
          "lit": "true"
        }
      },
      {
        "key": {
          "type": 0,
          "file": 2,
          "line": 83,
          "col": 3,
          "lit": "lfs"
        },
        "value": {
          "type": 0,
          "file": 2,
          "line": 85,
          "col": 14,
          "lit": "false"
        }
      },
      {
        "key": {
          "type": 0,
          "file": 2,
          "line": 86,
          "col": 3,
          "lit": "submodules"
        },
        "value": {
          "type": 0,
          "file": 2,
          "line": 94,
          "col": 14,
          "lit": "false"
        }
      },
      {
        "key": {
          "type": 0,
          "file": 2,
          "line": 95,
          "col": 3,
          "lit": "set-safe-directory"
        },
        "value": {
          "type": 0,
          "file": 2,
          "line": 97,
          "col": 14,
          "lit": "true"
        }
      },
      {
        "key": {
          "type": 0,
          "file": 2,
          "line": 98,
          "col": 3,
          "lit": "github-server-url"
        },
        "value": ""
      },
      {
        "key": {
          "type": 0,
          "file": 2,
          "line": 101,
          "col": 3,
          "lit": "allow-unsafe-pr-checkout"
        },
        "value": {
          "type": 0,
          "file": 2,
          "line": 109,
          "col": 14,
          "lit": "false"
        }
      }
    ]
  },
  "execution": {
    "executionType": "nodeJS",
    "hasPre": false,
    "hasPost": true,
    "script": "dist/index.js",
    "pre": null,
    "post": "dist/index.js",
    "nodeVersion": "node20",
    "cleanupCondition": "always()",
    "initCondition": "always()"
  },
  "deprecated": null
}
[2026-09-27 17:03:13Z INFO ActionManager] Action pre node.js file: N/A.
[2026-09-27 17:03:13Z INFO ActionManager] Action node.js file: dist/index.js.
[2026-09-27 17:03:13Z INFO ActionManager] Action post node.js file: dist/index.js.
[2026-09-27 17:03:13Z INFO JobExtension] Adding .
[2026-09-27 17:03:13Z INFO JobExtension] Adding .
[2026-09-27 17:03:13Z INFO JobExtension] Adding .
[2026-09-27 17:03:13Z INFO JobExtension] Adding .
[2026-09-27 17:03:13Z INFO HostContext] Well known directory 'Bin': 'D:\cicd\actions-runner\bin'
[2026-09-27 17:03:13Z INFO HostContext] Well known directory 'Root': 'D:\cicd\actions-runner'
[2026-09-27 17:03:13Z INFO HostContext] Well known directory 'Diag': 'D:\cicd\actions-runner\_diag'
[2026-09-27 17:03:13Z INFO HostContext] Well known directory 'Bin': 'D:\cicd\actions-runner\bin'
[2026-09-27 17:03:13Z INFO HostContext] Well known directory 'Root': 'D:\cicd\actions-runner'
[2026-09-27 17:03:13Z INFO HostContext] Well known directory 'Diag': 'D:\cicd\actions-runner\_diag'
[2026-09-27 17:03:13Z INFO HostContext] Well known directory 'Bin': 'D:\cicd\actions-runner\bin'
[2026-09-27 17:03:13Z INFO HostContext] Well known directory 'Root': 'D:\cicd\actions-runner'
[2026-09-27 17:03:13Z INFO HostContext] Well known directory 'Diag': 'D:\cicd\actions-runner\_diag'
[2026-09-27 17:03:13Z INFO HostContext] Well known directory 'Bin': 'D:\cicd\actions-runner\bin'
[2026-09-27 17:03:13Z INFO HostContext] Well known directory 'Root': 'D:\cicd\actions-runner'
[2026-09-27 17:03:13Z INFO HostContext] Well known directory 'Diag': 'D:\cicd\actions-runner\_diag'
[2026-09-27 17:03:13Z INFO HostContext] Well known directory 'Bin': 'D:\cicd\actions-runner\bin'
[2026-09-27 17:03:13Z INFO HostContext] Well known directory 'Root': 'D:\cicd\actions-runner'
[2026-09-27 17:03:13Z INFO HostContext] Well known directory 'Diag': 'D:\cicd\actions-runner\_diag'
[2026-09-27 17:03:13Z INFO HostContext] Well known directory 'Bin': 'D:\cicd\actions-runner\bin'
[2026-09-27 17:03:13Z INFO HostContext] Well known directory 'Root': 'D:\cicd\actions-runner'
[2026-09-27 17:03:13Z INFO HostContext] Well known directory 'Diag': 'D:\cicd\actions-runner\_diag'
[2026-09-27 17:03:13Z INFO HostContext] Well known directory 'Bin': 'D:\cicd\actions-runner\bin'
[2026-09-27 17:03:13Z INFO HostContext] Well known directory 'Root': 'D:\cicd\actions-runner'
[2026-09-27 17:03:13Z INFO HostContext] Well known directory 'Diag': 'D:\cicd\actions-runner\_diag'
[2026-09-27 17:03:13Z INFO HostContext] Well known directory 'Bin': 'D:\cicd\actions-runner\bin'
[2026-09-27 17:03:13Z INFO HostContext] Well known directory 'Root': 'D:\cicd\actions-runner'
[2026-09-27 17:03:13Z INFO HostContext] Well known directory 'Diag': 'D:\cicd\actions-runner\_diag'
[2026-09-27 17:03:13Z INFO JobExtension] Total accessible running process: 349.
[2026-09-27 17:03:13Z INFO HostContext] Well known directory 'Bin': 'D:\cicd\actions-runner\bin'
[2026-09-27 17:03:13Z INFO HostContext] Well known directory 'Root': 'D:\cicd\actions-runner'
[2026-09-27 17:03:13Z INFO HostContext] Well known directory 'Work': 'D:\cicd\actions-runner\_work'
[2026-09-27 17:03:13Z INFO JobExtension] Start checking server connectivity.
[2026-09-27 17:03:13Z INFO JobExtension] Check server connectivity for https://broker.actions.githubusercontent.com/health.
[2026-09-27 17:03:13Z INFO JobExtension] Check server connectivity for https://token.actions.githubusercontent.com/ready.
[2026-09-27 17:03:13Z INFO JobExtension] Check server connectivity for https://run.actions.githubusercontent.com/health.
[2026-09-27 17:03:13Z INFO JobExtension] Start checking service connectivity in background.
[2026-09-27 17:03:13Z INFO ExecutionContext] Publish step telemetry for current step {
  "action": "setup_job",
  "type": "runner",
  "stage": "Pre",
  "stepId": "7e025c8e-d813-4575-865c-9e8f02999280",
  "result": "succeeded",
  "errorMessages": [],
  "executionTimeInSeconds": 7,
  "startTime": "2026-09-27T17:03:07.0684337Z",
  "finishTime": "2026-09-27T17:03:13.6427049Z"
}.
[2026-09-27 17:03:13Z INFO JobServerQueue] Try to append 1 batches web console lines for record '7e025c8e-d813-4575-865c-9e8f02999280', success rate: 1/1.
[2026-09-27 17:03:13Z INFO JobRunner] Total job steps: 4.
[2026-09-27 17:03:13Z INFO JobRunner] Run all job steps.
[2026-09-27 17:03:13Z INFO DapDebugger] DapDebugger initialized
[2026-09-27 17:03:13Z INFO StepsRunner] Processing step: DisplayName='Checkout Code'
[2026-09-27 17:03:13Z INFO StepsRunner] Evaluating: success()
[2026-09-27 17:03:13Z INFO StepsRunner] Result: true
[2026-09-27 17:03:13Z INFO StepsRunner] Starting the step.
[2026-09-27 17:03:13Z INFO HostContext] Well known directory 'Bin': 'D:\cicd\actions-runner\bin'
[2026-09-27 17:03:13Z INFO HostContext] Well known directory 'Root': 'D:\cicd\actions-runner'
[2026-09-27 17:03:13Z INFO HostContext] Well known directory 'Work': 'D:\cicd\actions-runner\_work'
[2026-09-27 17:03:13Z INFO StepsRunner] Which2: 'chcp'
[2026-09-27 17:03:13Z INFO StepsRunner] Location: 'C:\WINDOWS\system32\chcp.COM'
[2026-09-27 17:03:13Z INFO ProcessInvokerWrapper] Starting process:
[2026-09-27 17:03:13Z INFO ProcessInvokerWrapper]   File name: 'C:\WINDOWS\system32\chcp.COM'
[2026-09-27 17:03:13Z INFO ProcessInvokerWrapper]   Arguments: '65001'
[2026-09-27 17:03:13Z INFO ProcessInvokerWrapper]   Working directory: 'D:\cicd\actions-runner\_work'
[2026-09-27 17:03:13Z INFO ProcessInvokerWrapper]   Require exit code zero: 'False'
[2026-09-27 17:03:13Z INFO ProcessInvokerWrapper]   Encoding web name:  ; code page: ''
[2026-09-27 17:03:13Z INFO ProcessInvokerWrapper]   Force kill process on cancellation: 'False'
[2026-09-27 17:03:13Z INFO ProcessInvokerWrapper]   Redirected STDIN: 'False'
[2026-09-27 17:03:13Z INFO ProcessInvokerWrapper]   Persist current code page: 'True'
[2026-09-27 17:03:13Z INFO ProcessInvokerWrapper]   Keep redirected STDIN open: 'False'
[2026-09-27 17:03:13Z INFO ProcessInvokerWrapper]   High priority process: 'False'
[2026-09-27 17:03:13Z INFO ProcessInvokerWrapper] Process started with process id 19132, waiting for process exit.
[2026-09-27 17:03:13Z INFO ProcessInvokerWrapper] STDOUT/STDERR stream read finished.
[2026-09-27 17:03:13Z INFO ProcessInvokerWrapper] STDOUT/STDERR stream read finished.
[2026-09-27 17:03:13Z INFO ProcessInvokerWrapper] Finished process 19132 with exit code 0, and elapsed time 00:00:00.0533024.
[2026-09-27 17:03:13Z INFO StepsRunner] Successfully returned to code page 65001 (UTF8)
[2026-09-27 17:03:13Z INFO HostContext] Well known directory 'Bin': 'D:\cicd\actions-runner\bin'
[2026-09-27 17:03:13Z INFO HostContext] Well known directory 'Root': 'D:\cicd\actions-runner'
[2026-09-27 17:03:13Z INFO HostContext] Well known directory 'Work': 'D:\cicd\actions-runner\_work'
[2026-09-27 17:03:13Z INFO HostContext] Well known directory 'Actions': 'D:\cicd\actions-runner\_work\_actions'
[2026-09-27 17:03:13Z INFO ActionManager] Load action that reference repository from 'D:\cicd\actions-runner\_work\_actions\actions\checkout\v4'
[2026-09-27 17:03:13Z INFO HostContext] Well known directory 'Bin': 'D:\cicd\actions-runner\bin'
[2026-09-27 17:03:13Z INFO HostContext] Well known directory 'Root': 'D:\cicd\actions-runner'
[2026-09-27 17:03:13Z INFO HostContext] Well known directory 'Work': 'D:\cicd\actions-runner\_work'
[2026-09-27 17:03:13Z INFO HostContext] Well known directory 'Actions': 'D:\cicd\actions-runner\_work\_actions'
[2026-09-27 17:03:13Z INFO ActionManifestManagerLegacy] Loaded action.yml file: {
  "name": "Checkout",
  "description": "Checkout a Git repository at a particular version",
  "inputs": {
    "type": 2,
    "map": [
      {
        "key": {
          "type": 0,
          "file": 2,
          "line": 4,
          "col": 3,
          "lit": "repository"
        },
        "value": {
          "type": 3,
          "file": 2,
          "line": 6,
          "col": 14,
          "expr": "github.repository"
        }
      },
      {
        "key": {
          "type": 0,
          "file": 2,
          "line": 7,
          "col": 3,
          "lit": "ref"
        },
        "value": ""
      },
      {
        "key": {
          "type": 0,
          "file": 2,
          "line": 12,
          "col": 3,
          "lit": "token"
        },
        "value": {
          "type": 3,
          "file": 2,
          "line": 24,
          "col": 14,
          "expr": "github.token"
        }
      },
      {
        "key": {
          "type": 0,
          "file": 2,
          "line": 25,
          "col": 3,
          "lit": "ssh-key"
        },
        "value": ""
      },
      {
        "key": {
          "type": 0,
          "file": 2,
          "line": 37,
          "col": 3,
          "lit": "ssh-known-hosts"
        },
        "value": ""
      },
      {
        "key": {
          "type": 0,
          "file": 2,
          "line": 42,
          "col": 3,
          "lit": "ssh-strict"
        },
        "value": {
          "type": 0,
          "file": 2,
          "line": 47,
          "col": 14,
          "lit": "true"
        }
      },
      {
        "key": {
          "type": 0,
          "file": 2,
          "line": 48,
          "col": 3,
          "lit": "ssh-user"
        },
        "value": {
          "type": 0,
          "file": 2,
          "line": 51,
          "col": 14,
          "lit": "git"
        }
      },
      {
        "key": {
          "type": 0,
          "file": 2,
          "line": 52,
          "col": 3,
          "lit": "persist-credentials"
        },
        "value": {
          "type": 0,
          "file": 2,
          "line": 54,
          "col": 14,
          "lit": "true"
        }
      },
      {
        "key": {
          "type": 0,
          "file": 2,
          "line": 55,
          "col": 3,
          "lit": "path"
        },
        "value": ""
      },
      {
        "key": {
          "type": 0,
          "file": 2,
          "line": 57,
          "col": 3,
          "lit": "clean"
        },
        "value": {
          "type": 0,
          "file": 2,
          "line": 59,
          "col": 14,
          "lit": "true"
        }
      },
      {
        "key": {
          "type": 0,
          "file": 2,
          "line": 60,
          "col": 3,
          "lit": "filter"
        },
        "value": {
          "type": 0,
          "file": 2,
          "line": 64,
          "col": 14,
          "lit": ""
        }
      },
      {
        "key": {
          "type": 0,
          "file": 2,
          "line": 65,
          "col": 3,
          "lit": "sparse-checkout"
        },
        "value": {
          "type": 0,
          "file": 2,
          "line": 69,
          "col": 14,
          "lit": ""
        }
      },
      {
        "key": {
          "type": 0,
          "file": 2,
          "line": 70,
          "col": 3,
          "lit": "sparse-checkout-cone-mode"
        },
        "value": {
          "type": 0,
          "file": 2,
          "line": 73,
          "col": 14,
          "lit": "true"
        }
      },
      {
        "key": {
          "type": 0,
          "file": 2,
          "line": 74,
          "col": 3,
          "lit": "fetch-depth"
        },
        "value": {
          "type": 0,
          "file": 2,
          "line": 76,
          "col": 14,
          "lit": "1"
        }
      },
      {
        "key": {
          "type": 0,
          "file": 2,
          "line": 77,
          "col": 3,
          "lit": "fetch-tags"
        },
        "value": {
          "type": 0,
          "file": 2,
          "line": 79,
          "col": 14,
          "lit": "false"
        }
      },
      {
        "key": {
          "type": 0,
          "file": 2,
          "line": 80,
          "col": 3,
          "lit": "show-progress"
        },
        "value": {
          "type": 0,
          "file": 2,
          "line": 82,
          "col": 14,
          "lit": "true"
        }
      },
      {
        "key": {
          "type": 0,
          "file": 2,
          "line": 83,
          "col": 3,
          "lit": "lfs"
        },
        "value": {
          "type": 0,
          "file": 2,
          "line": 85,
          "col": 14,
          "lit": "false"
        }
      },
      {
        "key": {
          "type": 0,
          "file": 2,
          "line": 86,
          "col": 3,
          "lit": "submodules"
        },
        "value": {
          "type": 0,
          "file": 2,
          "line": 94,
          "col": 14,
          "lit": "false"
        }
      },
      {
        "key": {
          "type": 0,
          "file": 2,
          "line": 95,
          "col": 3,
          "lit": "set-safe-directory"
        },
        "value": {
          "type": 0,
          "file": 2,
          "line": 97,
          "col": 14,
          "lit": "true"
        }
      },
      {
        "key": {
          "type": 0,
          "file": 2,
          "line": 98,
          "col": 3,
          "lit": "github-server-url"
        },
        "value": ""
      },
      {
        "key": {
          "type": 0,
          "file": 2,
          "line": 101,
          "col": 3,
          "lit": "allow-unsafe-pr-checkout"
        },
        "value": {
          "type": 0,
          "file": 2,
          "line": 109,
          "col": 14,
          "lit": "false"
        }
      }
    ]
  },
  "execution": {
    "executionType": "nodeJS",
    "hasPre": false,
    "hasPost": true,
    "script": "dist/index.js",
    "pre": null,
    "post": "dist/index.js",
    "nodeVersion": "node20",
    "cleanupCondition": "always()",
    "initCondition": "always()"
  },
  "deprecated": null
}
[2026-09-27 17:03:13Z INFO ActionManager] Action pre node.js file: N/A.
[2026-09-27 17:03:13Z INFO ActionManager] Action node.js file: dist/index.js.
[2026-09-27 17:03:13Z INFO ActionManager] Action post node.js file: dist/index.js.
[2026-09-27 17:03:13Z INFO ExecutionContext] Reserve record order 6 to 10 for post job actions.
[2026-09-27 17:03:13Z INFO HostContext] Well known directory 'Bin': 'D:\cicd\actions-runner\bin'
[2026-09-27 17:03:13Z INFO HostContext] Well known directory 'Root': 'D:\cicd\actions-runner'
[2026-09-27 17:03:13Z INFO HostContext] Well known directory 'Diag': 'D:\cicd\actions-runner\_diag'
[2026-09-27 17:03:13Z INFO HostContext] Well known directory 'Bin': 'D:\cicd\actions-runner\bin'
[2026-09-27 17:03:13Z INFO HostContext] Well known directory 'Root': 'D:\cicd\actions-runner'
[2026-09-27 17:03:13Z INFO HostContext] Well known directory 'Diag': 'D:\cicd\actions-runner\_diag'
[2026-09-27 17:03:13Z INFO HostContext] Well known directory 'Bin': 'D:\cicd\actions-runner\bin'
[2026-09-27 17:03:13Z INFO HostContext] Well known directory 'Root': 'D:\cicd\actions-runner'
[2026-09-27 17:03:13Z INFO HostContext] Well known directory 'Work': 'D:\cicd\actions-runner\_work'
[2026-09-27 17:03:13Z INFO HostContext] Well known directory 'Temp': 'D:\cicd\actions-runner\_work\_temp'
[2026-09-27 17:03:13Z INFO ExecutionContext] Write event payload to D:\cicd\actions-runner\_work\_temp\_github_workflow\event.json
[2026-09-27 17:03:13Z INFO HostContext] Well known directory 'Bin': 'D:\cicd\actions-runner\bin'
[2026-09-27 17:03:13Z INFO HostContext] Well known directory 'Root': 'D:\cicd\actions-runner'
[2026-09-27 17:03:13Z INFO HostContext] Well known directory 'Work': 'D:\cicd\actions-runner\_work'
[2026-09-27 17:03:13Z INFO HostContext] Well known directory 'Temp': 'D:\cicd\actions-runner\_work\_temp'
[2026-09-27 17:03:13Z INFO ExtensionManager] Getting extensions for interface: 'GitHub.Runner.Worker.IFileCommandExtension'
[2026-09-27 17:03:13Z INFO ExtensionManager] Creating instance: GitHub.Runner.Worker.AddPathFileCommand, Runner.Worker
[2026-09-27 17:03:13Z INFO ExtensionManager] Creating instance: GitHub.Runner.Worker.SetEnvFileCommand, Runner.Worker
[2026-09-27 17:03:13Z INFO ExtensionManager] Creating instance: GitHub.Runner.Worker.CreateStepSummaryCommand, Runner.Worker
[2026-09-27 17:03:13Z INFO ExtensionManager] Creating instance: GitHub.Runner.Worker.SaveStateFileCommand, Runner.Worker
[2026-09-27 17:03:13Z INFO ExtensionManager] Creating instance: GitHub.Runner.Worker.SetOutputFileCommand, Runner.Worker
[2026-09-27 17:03:13Z INFO ExtensionManager] Creating instance: GitHub.Runner.Worker.CreateArtifactsFileCommand, Runner.Worker
[2026-09-27 17:03:13Z INFO ExtensionManager] Creating instance: GitHub.Runner.Worker.ArtifactsListFileCommand, Runner.Worker
[2026-09-27 17:03:13Z INFO ActionManifestManagerLegacy] Input 'repository': default value evaluate result: {
  "type": 0,
  "file": 2,
  "line": 6,
  "col": 14,
  "lit": "vikranttiwari988-ops/my-repo"
}
[2026-09-27 17:03:13Z INFO ActionManifestManagerLegacy] Input 'ref': default value evaluate result: ""
[2026-09-27 17:03:13Z INFO ActionManifestManagerLegacy] Input 'token': default value evaluate result: {
  "type": 0,
  "file": 2,
  "line": 24,
  "col": 14,
  "lit": "***"
}
[2026-09-27 17:03:13Z INFO ActionManifestManagerLegacy] Input 'ssh-key': default value evaluate result: ""
[2026-09-27 17:03:13Z INFO ActionManifestManagerLegacy] Input 'ssh-known-hosts': default value evaluate result: ""
[2026-09-27 17:03:13Z INFO ActionManifestManagerLegacy] Input 'ssh-strict': default value evaluate result: {
  "type": 0,
  "file": 2,
  "line": 47,
  "col": 14,
  "lit": "true"
}
[2026-09-27 17:03:13Z INFO ActionManifestManagerLegacy] Input 'ssh-user': default value evaluate result: {
  "type": 0,
  "file": 2,
  "line": 51,
  "col": 14,
  "lit": "git"
}
[2026-09-27 17:03:13Z INFO ActionManifestManagerLegacy] Input 'persist-credentials': default value evaluate result: {
  "type": 0,
  "file": 2,
  "line": 54,
  "col": 14,
  "lit": "true"
}
[2026-09-27 17:03:13Z INFO ActionManifestManagerLegacy] Input 'path': default value evaluate result: ""
[2026-09-27 17:03:13Z INFO ActionManifestManagerLegacy] Input 'clean': default value evaluate result: {
  "type": 0,
  "file": 2,
  "line": 59,
  "col": 14,
  "lit": "true"
}
[2026-09-27 17:03:13Z INFO ActionManifestManagerLegacy] Input 'filter': default value evaluate result: {
  "type": 0,
  "file": 2,
  "line": 64,
  "col": 14,
  "lit": ""
}
[2026-09-27 17:03:13Z INFO ActionManifestManagerLegacy] Input 'sparse-checkout': default value evaluate result: {
  "type": 0,
  "file": 2,
  "line": 69,
  "col": 14,
  "lit": ""
}
[2026-09-27 17:03:13Z INFO ActionManifestManagerLegacy] Input 'sparse-checkout-cone-mode': default value evaluate result: {
  "type": 0,
  "file": 2,
  "line": 73,
  "col": 14,
  "lit": "true"
}
[2026-09-27 17:03:13Z INFO ActionManifestManagerLegacy] Input 'fetch-depth': default value evaluate result: {
  "type": 0,
  "file": 2,
  "line": 76,
  "col": 14,
  "lit": "1"
}
[2026-09-27 17:03:13Z INFO ActionManifestManagerLegacy] Input 'fetch-tags': default value evaluate result: {
  "type": 0,
  "file": 2,
  "line": 79,
  "col": 14,
  "lit": "false"
}
[2026-09-27 17:03:13Z INFO ActionManifestManagerLegacy] Input 'show-progress': default value evaluate result: {
  "type": 0,
  "file": 2,
  "line": 82,
  "col": 14,
  "lit": "true"
}
[2026-09-27 17:03:13Z INFO ActionManifestManagerLegacy] Input 'lfs': default value evaluate result: {
  "type": 0,
  "file": 2,
  "line": 85,
  "col": 14,
  "lit": "false"
}
[2026-09-27 17:03:13Z INFO ActionManifestManagerLegacy] Input 'submodules': default value evaluate result: {
  "type": 0,
  "file": 2,
  "line": 94,
  "col": 14,
  "lit": "false"
}
[2026-09-27 17:03:13Z INFO ActionManifestManagerLegacy] Input 'set-safe-directory': default value evaluate result: {
  "type": 0,
  "file": 2,
  "line": 97,
  "col": 14,
  "lit": "true"
}
[2026-09-27 17:03:13Z INFO ActionManifestManagerLegacy] Input 'github-server-url': default value evaluate result: ""
[2026-09-27 17:03:13Z INFO ActionManifestManagerLegacy] Input 'allow-unsafe-pr-checkout': default value evaluate result: {
  "type": 0,
  "file": 2,
  "line": 109,
  "col": 14,
  "lit": "false"
}
[2026-09-27 17:03:13Z INFO ExtensionManager] Getting extensions for interface: 'GitHub.Runner.Worker.IActionCommandExtension'
[2026-09-27 17:03:13Z INFO ExtensionManager] Creating instance: GitHub.Runner.Worker.InternalPluginSetRepoPathCommandExtension, Runner.Worker
[2026-09-27 17:03:13Z INFO ExtensionManager] Creating instance: GitHub.Runner.Worker.SetEnvCommandExtension, Runner.Worker
[2026-09-27 17:03:13Z INFO ExtensionManager] Creating instance: GitHub.Runner.Worker.SetOutputCommandExtension, Runner.Worker
[2026-09-27 17:03:13Z INFO ExtensionManager] Creating instance: GitHub.Runner.Worker.SaveStateCommandExtension, Runner.Worker
[2026-09-27 17:03:13Z INFO ExtensionManager] Creating instance: GitHub.Runner.Worker.AddPathCommandExtension, Runner.Worker
[2026-09-27 17:03:13Z INFO ExtensionManager] Creating instance: GitHub.Runner.Worker.AddMaskCommandExtension, Runner.Worker
[2026-09-27 17:03:13Z INFO ExtensionManager] Creating instance: GitHub.Runner.Worker.AddMatcherCommandExtension, Runner.Worker
[2026-09-27 17:03:13Z INFO ExtensionManager] Creating instance: GitHub.Runner.Worker.RemoveMatcherCommandExtension, Runner.Worker
[2026-09-27 17:03:13Z INFO ExtensionManager] Creating instance: GitHub.Runner.Worker.WarningCommandExtension, Runner.Worker
[2026-09-27 17:03:13Z INFO ExtensionManager] Creating instance: GitHub.Runner.Worker.ErrorCommandExtension, Runner.Worker
[2026-09-27 17:03:13Z INFO ExtensionManager] Creating instance: GitHub.Runner.Worker.NoticeCommandExtension, Runner.Worker
[2026-09-27 17:03:13Z INFO ExtensionManager] Creating instance: GitHub.Runner.Worker.DebugCommandExtension, Runner.Worker
[2026-09-27 17:03:13Z INFO ExtensionManager] Creating instance: GitHub.Runner.Worker.GroupCommandExtension, Runner.Worker
[2026-09-27 17:03:13Z INFO ExtensionManager] Creating instance: GitHub.Runner.Worker.EndGroupCommandExtension, Runner.Worker
[2026-09-27 17:03:13Z INFO ExtensionManager] Creating instance: GitHub.Runner.Worker.EchoCommandExtension, Runner.Worker
[2026-09-27 17:03:13Z INFO ActionCommandManager] Register action command extension for command internal-set-repo-path
[2026-09-27 17:03:13Z INFO ActionCommandManager] Register action command extension for command set-env
[2026-09-27 17:03:13Z INFO ActionCommandManager] Register action command extension for command set-output
[2026-09-27 17:03:13Z INFO ActionCommandManager] Register action command extension for command save-state
[2026-09-27 17:03:13Z INFO ActionCommandManager] Register action command extension for command add-path
[2026-09-27 17:03:13Z INFO ActionCommandManager] Register action command extension for command add-mask
[2026-09-27 17:03:13Z INFO ActionCommandManager] Register action command extension for command add-matcher
[2026-09-27 17:03:13Z INFO ActionCommandManager] Register action command extension for command remove-matcher
[2026-09-27 17:03:13Z INFO ActionCommandManager] Register action command extension for command warning
[2026-09-27 17:03:13Z INFO ActionCommandManager] Register action command extension for command error
[2026-09-27 17:03:13Z INFO ActionCommandManager] Register action command extension for command notice
[2026-09-27 17:03:13Z INFO ActionCommandManager] Register action command extension for command debug
[2026-09-27 17:03:13Z INFO ActionCommandManager] Register action command extension for command group
[2026-09-27 17:03:13Z INFO ActionCommandManager] Register action command extension for command endgroup
[2026-09-27 17:03:13Z INFO ActionCommandManager] Register action command extension for command echo
[2026-09-27 17:03:13Z INFO HostContext] Well known directory 'Bin': 'D:\cicd\actions-runner\bin'
[2026-09-27 17:03:13Z INFO HostContext] Well known directory 'Root': 'D:\cicd\actions-runner'
[2026-09-27 17:03:13Z INFO HostContext] Well known directory 'Externals': 'D:\cicd\actions-runner\externals'
[2026-09-27 17:03:13Z INFO ProcessInvokerWrapper] Starting process:
[2026-09-27 17:03:13Z INFO ProcessInvokerWrapper]   File name: 'D:\cicd\actions-runner\externals\node24\bin\node.exe'
[2026-09-27 17:03:13Z INFO ProcessInvokerWrapper]   Arguments: '"D:\cicd\actions-runner\_work\_actions\actions\checkout\v4\dist/index.js"'
[2026-09-27 17:03:13Z INFO ProcessInvokerWrapper]   Working directory: 'D:\cicd\actions-runner\_work\my-repo\my-repo'
[2026-09-27 17:03:13Z INFO ProcessInvokerWrapper]   Require exit code zero: 'False'
[2026-09-27 17:03:13Z INFO ProcessInvokerWrapper]   Encoding web name: utf-8 ; code page: '65001'
[2026-09-27 17:03:13Z INFO ProcessInvokerWrapper]   Force kill process on cancellation: 'False'
[2026-09-27 17:03:13Z INFO ProcessInvokerWrapper]   Redirected STDIN: 'False'
[2026-09-27 17:03:13Z INFO ProcessInvokerWrapper]   Persist current code page: 'True'
[2026-09-27 17:03:13Z INFO ProcessInvokerWrapper]   Keep redirected STDIN open: 'False'
[2026-09-27 17:03:13Z INFO ProcessInvokerWrapper]   High priority process: 'False'
[2026-09-27 17:03:14Z INFO JobServerQueue] Try to append 1 batches web console lines for record 'a0b1ce1b-91c2-4ff7-85be-62c4a6b1d195', success rate: 1/1.
[2026-09-27 17:03:14Z INFO JobServerQueue] Got a step log file to send to results service.
[2026-09-27 17:03:14Z INFO JobServerQueue] Starting upload of step log file to results service ResultsLog, D:\cicd\actions-runner\_diag\blocks\ea461970-0295-4d14-9d17-5065a6ef1537_7e025c8e-d813-4575-865c-9e8f02999280.1
[2026-09-27 17:03:14Z INFO JobServerQueue] Try to upload 1 log files or attachments, success rate: 1/1.
[2026-09-27 17:03:15Z INFO ProcessInvokerWrapper] Process started with process id 25000, waiting for process exit.
[2026-09-27 17:03:16Z INFO JobServerQueue] Tried to upload 1 file(s) to results, success rate: 1/1.
[2026-09-27 17:03:17Z INFO JobServerQueue] Try to append 1 batches web console lines for record 'a0b1ce1b-91c2-4ff7-85be-62c4a6b1d195', success rate: 1/1.
[2026-09-27 17:03:17Z INFO AddMaskCommandExtension] Add new secret mask with length of 524
[2026-09-27 17:03:17Z INFO JobServerQueue] Try to append 1 batches web console lines for record 'a0b1ce1b-91c2-4ff7-85be-62c4a6b1d195', success rate: 1/1.
[2026-09-27 17:03:17Z INFO JobServerQueue] Try to append 1 batches web console lines for record 'a0b1ce1b-91c2-4ff7-85be-62c4a6b1d195', success rate: 1/1.
[2026-09-27 17:03:18Z INFO JobServerQueue] Try to append 1 batches web console lines for record 'a0b1ce1b-91c2-4ff7-85be-62c4a6b1d195', success rate: 1/1.
[2026-09-27 17:03:18Z INFO JobServerQueue] Try to append 1 batches web console lines for record 'a0b1ce1b-91c2-4ff7-85be-62c4a6b1d195', success rate: 1/1.
[2026-09-27 17:03:22Z INFO JobServerQueue] Try to append 1 batches web console lines for record 'a0b1ce1b-91c2-4ff7-85be-62c4a6b1d195', success rate: 1/1.
[2026-09-27 17:03:22Z INFO JobServerQueue] Try to append 1 batches web console lines for record 'a0b1ce1b-91c2-4ff7-85be-62c4a6b1d195', success rate: 1/1.
[2026-09-27 17:03:23Z INFO HostContext] Well known directory 'Bin': 'D:\cicd\actions-runner\bin'
[2026-09-27 17:03:23Z INFO HostContext] Well known directory 'Root': 'D:\cicd\actions-runner'
[2026-09-27 17:03:23Z INFO HostContext] Well known directory 'Work': 'D:\cicd\actions-runner\_work'
[2026-09-27 17:03:24Z INFO JobServerQueue] Try to append 1 batches web console lines for record 'a0b1ce1b-91c2-4ff7-85be-62c4a6b1d195', success rate: 1/1.
[2026-09-27 17:03:27Z INFO JobServerQueue] Try to append 1 batches web console lines for record 'a0b1ce1b-91c2-4ff7-85be-62c4a6b1d195', success rate: 1/1.
[2026-09-27 17:03:28Z INFO JobServerQueue] Try to append 1 batches web console lines for record 'a0b1ce1b-91c2-4ff7-85be-62c4a6b1d195', success rate: 1/1.
[2026-09-27 17:03:29Z INFO JobServerQueue] Try to append 1 batches web console lines for record 'a0b1ce1b-91c2-4ff7-85be-62c4a6b1d195', success rate: 1/1.
[2026-09-27 17:03:29Z INFO JobServerQueue] Try to append 1 batches web console lines for record 'a0b1ce1b-91c2-4ff7-85be-62c4a6b1d195', success rate: 1/1.
[2026-09-27 17:03:29Z INFO ProcessInvokerWrapper] STDOUT/STDERR stream read finished.
[2026-09-27 17:03:29Z INFO ProcessInvokerWrapper] STDOUT/STDERR stream read finished.
[2026-09-27 17:03:29Z INFO ProcessInvokerWrapper] Finished process 25000 with exit code 0, and elapsed time 00:00:15.6860626.
[2026-09-27 17:03:29Z INFO CreateStepSummaryCommand] Step Summary file (D:\cicd\actions-runner\_work\_temp\_runner_file_commands\step_summary_33f3b4f8-7de6-4f37-944b-93a3543f78a4) is empty; skipping attachment upload
[2026-09-27 17:03:29Z INFO StepsRunner] Step result: 
[2026-09-27 17:03:29Z INFO ExecutionContext] Publish step telemetry for current step {
  "action": "actions/checkout",
  "ref": "v4",
  "type": "node24",
  "stage": "Main",
  "stepId": "a0b1ce1b-91c2-4ff7-85be-62c4a6b1d195",
  "stepContextName": "__actions_checkout",
  "hasPreStep": false,
  "hasPostStep": true,
  "result": "succeeded",
  "errorMessages": [],
  "executionTimeInSeconds": 16,
  "startTime": "2026-09-27T17:03:13.7077937Z",
  "finishTime": "2026-09-27T17:03:29.6838587Z"
}.
[2026-09-27 17:03:29Z INFO StepsRunner] No need for updating job result with current step result 'Succeeded'.
[2026-09-27 17:03:29Z INFO StepsRunner] Current state: job state = ''
[2026-09-27 17:03:29Z INFO StepsRunner] Processing step: DisplayName='Build'
[2026-09-27 17:03:29Z INFO StepsRunner] Evaluating: success()
[2026-09-27 17:03:29Z INFO StepsRunner] Result: true
[2026-09-27 17:03:29Z INFO StepsRunner] Starting the step.
[2026-09-27 17:03:29Z INFO HostContext] Well known directory 'Bin': 'D:\cicd\actions-runner\bin'
[2026-09-27 17:03:29Z INFO HostContext] Well known directory 'Root': 'D:\cicd\actions-runner'
[2026-09-27 17:03:29Z INFO HostContext] Well known directory 'Work': 'D:\cicd\actions-runner\_work'
[2026-09-27 17:03:29Z INFO StepsRunner] Which2: 'chcp'
[2026-09-27 17:03:29Z INFO StepsRunner] Location: 'C:\WINDOWS\system32\chcp.COM'
[2026-09-27 17:03:29Z INFO ProcessInvokerWrapper] Starting process:
[2026-09-27 17:03:29Z INFO ProcessInvokerWrapper]   File name: 'C:\WINDOWS\system32\chcp.COM'
[2026-09-27 17:03:29Z INFO ProcessInvokerWrapper]   Arguments: '65001'
[2026-09-27 17:03:29Z INFO ProcessInvokerWrapper]   Working directory: 'D:\cicd\actions-runner\_work'
[2026-09-27 17:03:29Z INFO ProcessInvokerWrapper]   Require exit code zero: 'False'
[2026-09-27 17:03:29Z INFO ProcessInvokerWrapper]   Encoding web name:  ; code page: ''
[2026-09-27 17:03:29Z INFO ProcessInvokerWrapper]   Force kill process on cancellation: 'False'
[2026-09-27 17:03:29Z INFO ProcessInvokerWrapper]   Redirected STDIN: 'False'
[2026-09-27 17:03:29Z INFO ProcessInvokerWrapper]   Persist current code page: 'True'
[2026-09-27 17:03:29Z INFO ProcessInvokerWrapper]   Keep redirected STDIN open: 'False'
[2026-09-27 17:03:29Z INFO ProcessInvokerWrapper]   High priority process: 'False'
[2026-09-27 17:03:29Z INFO ProcessInvokerWrapper] Process started with process id 23356, waiting for process exit.
[2026-09-27 17:03:29Z INFO JobServerQueue] Try to append 1 batches web console lines for record 'a0b1ce1b-91c2-4ff7-85be-62c4a6b1d195', success rate: 1/1.
[2026-09-27 17:03:29Z INFO ProcessInvokerWrapper] STDOUT/STDERR stream read finished.
[2026-09-27 17:03:29Z INFO ProcessInvokerWrapper] STDOUT/STDERR stream read finished.
[2026-09-27 17:03:29Z INFO ProcessInvokerWrapper] Finished process 23356 with exit code 0, and elapsed time 00:00:00.0366210.
[2026-09-27 17:03:29Z INFO StepsRunner] Successfully returned to code page 65001 (UTF8)
[2026-09-27 17:03:29Z INFO HostContext] Well known directory 'Bin': 'D:\cicd\actions-runner\bin'
[2026-09-27 17:03:29Z INFO HostContext] Well known directory 'Root': 'D:\cicd\actions-runner'
[2026-09-27 17:03:29Z INFO HostContext] Well known directory 'Work': 'D:\cicd\actions-runner\_work'
[2026-09-27 17:03:29Z INFO HostContext] Well known directory 'Temp': 'D:\cicd\actions-runner\_work\_temp'
[2026-09-27 17:03:29Z INFO ExecutionContext] Write event payload to D:\cicd\actions-runner\_work\_temp\_github_workflow\event.json
[2026-09-27 17:03:29Z INFO HostContext] Well known directory 'Bin': 'D:\cicd\actions-runner\bin'
[2026-09-27 17:03:29Z INFO HostContext] Well known directory 'Root': 'D:\cicd\actions-runner'
[2026-09-27 17:03:29Z INFO HostContext] Well known directory 'Work': 'D:\cicd\actions-runner\_work'
[2026-09-27 17:03:29Z INFO HostContext] Well known directory 'Temp': 'D:\cicd\actions-runner\_work\_temp'
[2026-09-27 17:03:29Z INFO ExtensionManager] Getting extensions for interface: 'GitHub.Runner.Worker.IFileCommandExtension'
[2026-09-27 17:03:29Z INFO ExtensionManager] Getting extensions for interface: 'GitHub.Runner.Worker.IActionCommandExtension'
[2026-09-27 17:03:29Z INFO ActionCommandManager] Register action command extension for command internal-set-repo-path
[2026-09-27 17:03:29Z INFO ActionCommandManager] Register action command extension for command set-env
[2026-09-27 17:03:29Z INFO ActionCommandManager] Register action command extension for command set-output
[2026-09-27 17:03:29Z INFO ActionCommandManager] Register action command extension for command save-state
[2026-09-27 17:03:29Z INFO ActionCommandManager] Register action command extension for command add-path
[2026-09-27 17:03:29Z INFO ActionCommandManager] Register action command extension for command add-mask
[2026-09-27 17:03:29Z INFO ActionCommandManager] Register action command extension for command add-matcher
[2026-09-27 17:03:29Z INFO ActionCommandManager] Register action command extension for command remove-matcher
[2026-09-27 17:03:29Z INFO ActionCommandManager] Register action command extension for command warning
[2026-09-27 17:03:29Z INFO ActionCommandManager] Register action command extension for command error
[2026-09-27 17:03:29Z INFO ActionCommandManager] Register action command extension for command notice
[2026-09-27 17:03:29Z INFO ActionCommandManager] Register action command extension for command debug
[2026-09-27 17:03:29Z INFO ActionCommandManager] Register action command extension for command group
[2026-09-27 17:03:29Z INFO ActionCommandManager] Register action command extension for command endgroup
[2026-09-27 17:03:29Z INFO ActionCommandManager] Register action command extension for command echo
[2026-09-27 17:03:29Z INFO ScriptHandler] Which2: 'pwsh'
[2026-09-27 17:03:29Z INFO ScriptHandler] Location: 'C:\Program Files\PowerShell\7\pwsh.EXE'
[2026-09-27 17:03:29Z INFO HostContext] Well known directory 'Bin': 'D:\cicd\actions-runner\bin'
[2026-09-27 17:03:29Z INFO HostContext] Well known directory 'Root': 'D:\cicd\actions-runner'
[2026-09-27 17:03:29Z INFO HostContext] Well known directory 'Work': 'D:\cicd\actions-runner\_work'
[2026-09-27 17:03:29Z INFO HostContext] Well known directory 'Temp': 'D:\cicd\actions-runner\_work\_temp'
[2026-09-27 17:03:29Z INFO ScriptHandler] Which2: 'pwsh'
[2026-09-27 17:03:29Z INFO ScriptHandler] Location: 'C:\Program Files\PowerShell\7\pwsh.EXE'
[2026-09-27 17:03:29Z INFO ProcessInvokerWrapper] Starting process:
[2026-09-27 17:03:29Z INFO ProcessInvokerWrapper]   File name: 'C:\Program Files\PowerShell\7\pwsh.EXE'
[2026-09-27 17:03:29Z INFO ProcessInvokerWrapper]   Arguments: '-command ". 'D:\cicd\actions-runner\_work\_temp\f5505a23-a118-45e0-8f5d-2c674d93990c.ps1'"'
[2026-09-27 17:03:29Z INFO ProcessInvokerWrapper]   Working directory: 'D:\cicd\actions-runner\_work\my-repo\my-repo'
[2026-09-27 17:03:29Z INFO ProcessInvokerWrapper]   Require exit code zero: 'False'
[2026-09-27 17:03:29Z INFO ProcessInvokerWrapper]   Encoding web name:  ; code page: ''
[2026-09-27 17:03:29Z INFO ProcessInvokerWrapper]   Force kill process on cancellation: 'False'
[2026-09-27 17:03:29Z INFO ProcessInvokerWrapper]   Redirected STDIN: 'False'
[2026-09-27 17:03:29Z INFO ProcessInvokerWrapper]   Persist current code page: 'True'
[2026-09-27 17:03:29Z INFO ProcessInvokerWrapper]   Keep redirected STDIN open: 'False'
[2026-09-27 17:03:29Z INFO ProcessInvokerWrapper]   High priority process: 'False'
[2026-09-27 17:03:29Z INFO ProcessInvokerWrapper] Process started with process id 7236, waiting for process exit.
[2026-09-27 17:03:30Z INFO JobServerQueue] Try to append 1 batches web console lines for record 'cdf1f037-2b0d-4d1f-846c-bad4f97560e6', success rate: 1/1.
[2026-09-27 17:03:30Z INFO JobServerQueue] Got a step log file to send to results service.
[2026-09-27 17:03:30Z INFO JobServerQueue] Starting upload of step log file to results service ResultsLog, D:\cicd\actions-runner\_diag\blocks\ea461970-0295-4d14-9d17-5065a6ef1537_a0b1ce1b-91c2-4ff7-85be-62c4a6b1d195.1
[2026-09-27 17:03:30Z INFO JobServerQueue] Try to upload 1 log files or attachments, success rate: 1/1.
[2026-09-27 17:03:31Z INFO JobServerQueue] Tried to upload 1 file(s) to results, success rate: 1/1.
[2026-09-27 17:03:32Z INFO JobServerQueue] Try to append 1 batches web console lines for record 'cdf1f037-2b0d-4d1f-846c-bad4f97560e6', success rate: 1/1.
[2026-09-27 17:03:32Z INFO ProcessInvokerWrapper] STDOUT/STDERR stream read finished.
[2026-09-27 17:03:32Z INFO ProcessInvokerWrapper] STDOUT/STDERR stream read finished.
[2026-09-27 17:03:32Z INFO ProcessInvokerWrapper] Finished process 7236 with exit code 0, and elapsed time 00:00:02.4665537.
[2026-09-27 17:03:32Z INFO CreateStepSummaryCommand] Step Summary file (D:\cicd\actions-runner\_work\_temp\_runner_file_commands\step_summary_a24d2ac4-db67-496f-a116-1ceb8f59228c) is empty; skipping attachment upload
[2026-09-27 17:03:32Z INFO StepsRunner] Step result: 
[2026-09-27 17:03:32Z INFO ExecutionContext] Publish step telemetry for current step {
  "action": "pwsh",
  "type": "run",
  "stage": "Main",
  "stepId": "cdf1f037-2b0d-4d1f-846c-bad4f97560e6",
  "stepContextName": "__run",
  "result": "succeeded",
  "errorMessages": [],
  "executionTimeInSeconds": 3,
  "startTime": "2026-09-27T17:03:29.6912344Z",
  "finishTime": "2026-09-27T17:03:32.2597153Z"
}.
[2026-09-27 17:03:32Z INFO StepsRunner] No need for updating job result with current step result 'Succeeded'.
[2026-09-27 17:03:32Z INFO StepsRunner] Current state: job state = ''
[2026-09-27 17:03:32Z INFO StepsRunner] Processing step: DisplayName='Test'
[2026-09-27 17:03:32Z INFO StepsRunner] Evaluating: success()
[2026-09-27 17:03:32Z INFO StepsRunner] Result: true
[2026-09-27 17:03:32Z INFO StepsRunner] Starting the step.
[2026-09-27 17:03:32Z INFO HostContext] Well known directory 'Bin': 'D:\cicd\actions-runner\bin'
[2026-09-27 17:03:32Z INFO HostContext] Well known directory 'Root': 'D:\cicd\actions-runner'
[2026-09-27 17:03:32Z INFO HostContext] Well known directory 'Work': 'D:\cicd\actions-runner\_work'
[2026-09-27 17:03:32Z INFO StepsRunner] Which2: 'chcp'
[2026-09-27 17:03:32Z INFO StepsRunner] Location: 'C:\WINDOWS\system32\chcp.COM'
[2026-09-27 17:03:32Z INFO ProcessInvokerWrapper] Starting process:
[2026-09-27 17:03:32Z INFO ProcessInvokerWrapper]   File name: 'C:\WINDOWS\system32\chcp.COM'
[2026-09-27 17:03:32Z INFO ProcessInvokerWrapper]   Arguments: '65001'
[2026-09-27 17:03:32Z INFO ProcessInvokerWrapper]   Working directory: 'D:\cicd\actions-runner\_work'
[2026-09-27 17:03:32Z INFO ProcessInvokerWrapper]   Require exit code zero: 'False'
[2026-09-27 17:03:32Z INFO ProcessInvokerWrapper]   Encoding web name:  ; code page: ''
[2026-09-27 17:03:32Z INFO ProcessInvokerWrapper]   Force kill process on cancellation: 'False'
[2026-09-27 17:03:32Z INFO ProcessInvokerWrapper]   Redirected STDIN: 'False'
[2026-09-27 17:03:32Z INFO ProcessInvokerWrapper]   Persist current code page: 'True'
[2026-09-27 17:03:32Z INFO ProcessInvokerWrapper]   Keep redirected STDIN open: 'False'
[2026-09-27 17:03:32Z INFO ProcessInvokerWrapper]   High priority process: 'False'
[2026-09-27 17:03:32Z INFO JobServerQueue] Got a step log file to send to results service.
[2026-09-27 17:03:32Z INFO JobServerQueue] Starting upload of step log file to results service ResultsLog, D:\cicd\actions-runner\_diag\blocks\ea461970-0295-4d14-9d17-5065a6ef1537_cdf1f037-2b0d-4d1f-846c-bad4f97560e6.1
[2026-09-27 17:03:32Z INFO ProcessInvokerWrapper] Process started with process id 26508, waiting for process exit.
[2026-09-27 17:03:32Z INFO ProcessInvokerWrapper] STDOUT/STDERR stream read finished.
[2026-09-27 17:03:32Z INFO ProcessInvokerWrapper] STDOUT/STDERR stream read finished.
[2026-09-27 17:03:32Z INFO ProcessInvokerWrapper] Finished process 26508 with exit code 0, and elapsed time 00:00:00.0331007.
[2026-09-27 17:03:32Z INFO StepsRunner] Successfully returned to code page 65001 (UTF8)
[2026-09-27 17:03:32Z INFO HostContext] Well known directory 'Bin': 'D:\cicd\actions-runner\bin'
[2026-09-27 17:03:32Z INFO HostContext] Well known directory 'Root': 'D:\cicd\actions-runner'
[2026-09-27 17:03:32Z INFO HostContext] Well known directory 'Work': 'D:\cicd\actions-runner\_work'
[2026-09-27 17:03:32Z INFO HostContext] Well known directory 'Temp': 'D:\cicd\actions-runner\_work\_temp'
[2026-09-27 17:03:32Z INFO ExecutionContext] Write event payload to D:\cicd\actions-runner\_work\_temp\_github_workflow\event.json
[2026-09-27 17:03:32Z INFO HostContext] Well known directory 'Bin': 'D:\cicd\actions-runner\bin'
[2026-09-27 17:03:32Z INFO HostContext] Well known directory 'Root': 'D:\cicd\actions-runner'
[2026-09-27 17:03:32Z INFO HostContext] Well known directory 'Work': 'D:\cicd\actions-runner\_work'
[2026-09-27 17:03:32Z INFO HostContext] Well known directory 'Temp': 'D:\cicd\actions-runner\_work\_temp'
[2026-09-27 17:03:32Z INFO ExtensionManager] Getting extensions for interface: 'GitHub.Runner.Worker.IFileCommandExtension'
[2026-09-27 17:03:32Z INFO ExtensionManager] Getting extensions for interface: 'GitHub.Runner.Worker.IActionCommandExtension'
[2026-09-27 17:03:32Z INFO ActionCommandManager] Register action command extension for command internal-set-repo-path
[2026-09-27 17:03:32Z INFO ActionCommandManager] Register action command extension for command set-env
[2026-09-27 17:03:32Z INFO ActionCommandManager] Register action command extension for command set-output
[2026-09-27 17:03:32Z INFO ActionCommandManager] Register action command extension for command save-state
[2026-09-27 17:03:32Z INFO ActionCommandManager] Register action command extension for command add-path
[2026-09-27 17:03:32Z INFO ActionCommandManager] Register action command extension for command add-mask
[2026-09-27 17:03:32Z INFO ActionCommandManager] Register action command extension for command add-matcher
[2026-09-27 17:03:32Z INFO ActionCommandManager] Register action command extension for command remove-matcher
[2026-09-27 17:03:32Z INFO ActionCommandManager] Register action command extension for command warning
[2026-09-27 17:03:32Z INFO ActionCommandManager] Register action command extension for command error
[2026-09-27 17:03:32Z INFO ActionCommandManager] Register action command extension for command notice
[2026-09-27 17:03:32Z INFO ActionCommandManager] Register action command extension for command debug
[2026-09-27 17:03:32Z INFO ActionCommandManager] Register action command extension for command group
[2026-09-27 17:03:32Z INFO ActionCommandManager] Register action command extension for command endgroup
[2026-09-27 17:03:32Z INFO ActionCommandManager] Register action command extension for command echo
[2026-09-27 17:03:32Z INFO ScriptHandler] Which2: 'pwsh'
[2026-09-27 17:03:32Z INFO ScriptHandler] Location: 'C:\Program Files\PowerShell\7\pwsh.EXE'
[2026-09-27 17:03:32Z INFO HostContext] Well known directory 'Bin': 'D:\cicd\actions-runner\bin'
[2026-09-27 17:03:32Z INFO HostContext] Well known directory 'Root': 'D:\cicd\actions-runner'
[2026-09-27 17:03:32Z INFO HostContext] Well known directory 'Work': 'D:\cicd\actions-runner\_work'
[2026-09-27 17:03:32Z INFO HostContext] Well known directory 'Temp': 'D:\cicd\actions-runner\_work\_temp'
[2026-09-27 17:03:32Z INFO ScriptHandler] Which2: 'pwsh'
[2026-09-27 17:03:32Z INFO ScriptHandler] Location: 'C:\Program Files\PowerShell\7\pwsh.EXE'
[2026-09-27 17:03:32Z INFO ProcessInvokerWrapper] Starting process:
[2026-09-27 17:03:32Z INFO ProcessInvokerWrapper]   File name: 'C:\Program Files\PowerShell\7\pwsh.EXE'
[2026-09-27 17:03:32Z INFO ProcessInvokerWrapper]   Arguments: '-command ". 'D:\cicd\actions-runner\_work\_temp\299eda2c-c235-4be5-8e8a-7b816d6a6d50.ps1'"'
[2026-09-27 17:03:32Z INFO ProcessInvokerWrapper]   Working directory: 'D:\cicd\actions-runner\_work\my-repo\my-repo'
[2026-09-27 17:03:32Z INFO ProcessInvokerWrapper]   Require exit code zero: 'False'
[2026-09-27 17:03:32Z INFO ProcessInvokerWrapper]   Encoding web name:  ; code page: ''
[2026-09-27 17:03:32Z INFO ProcessInvokerWrapper]   Force kill process on cancellation: 'False'
[2026-09-27 17:03:32Z INFO ProcessInvokerWrapper]   Redirected STDIN: 'False'
[2026-09-27 17:03:32Z INFO ProcessInvokerWrapper]   Persist current code page: 'True'
[2026-09-27 17:03:32Z INFO ProcessInvokerWrapper]   Keep redirected STDIN open: 'False'
[2026-09-27 17:03:32Z INFO ProcessInvokerWrapper]   High priority process: 'False'
[2026-09-27 17:03:32Z INFO ProcessInvokerWrapper] Process started with process id 24692, waiting for process exit.
[2026-09-27 17:03:32Z INFO JobServerQueue] Try to append 1 batches web console lines for record '4bbd7465-0fc7-4d5f-9ed3-cab2152d5fe0', success rate: 1/1.
[2026-09-27 17:03:32Z INFO JobServerQueue] Try to upload 1 log files or attachments, success rate: 1/1.
[2026-09-27 17:03:33Z INFO JobServerQueue] Tried to upload 1 file(s) to results, success rate: 1/1.
[2026-09-27 17:03:33Z INFO JobServerQueue] Try to append 1 batches web console lines for record '4bbd7465-0fc7-4d5f-9ed3-cab2152d5fe0', success rate: 1/1.
[2026-09-27 17:03:33Z INFO ProcessInvokerWrapper] STDOUT/STDERR stream read finished.
[2026-09-27 17:03:33Z INFO ProcessInvokerWrapper] STDOUT/STDERR stream read finished.
[2026-09-27 17:03:33Z INFO HostContext] Well known directory 'Bin': 'D:\cicd\actions-runner\bin'
[2026-09-27 17:03:33Z INFO HostContext] Well known directory 'Root': 'D:\cicd\actions-runner'
[2026-09-27 17:03:33Z INFO HostContext] Well known directory 'Work': 'D:\cicd\actions-runner\_work'
[2026-09-27 17:03:33Z INFO ProcessInvokerWrapper] Finished process 24692 with exit code 0, and elapsed time 00:00:01.3260101.
[2026-09-27 17:03:33Z INFO CreateStepSummaryCommand] Step Summary file (D:\cicd\actions-runner\_work\_temp\_runner_file_commands\step_summary_1f42e83b-2312-4719-a745-8925bbfb05e7) is empty; skipping attachment upload
[2026-09-27 17:03:33Z INFO StepsRunner] Step result: 
[2026-09-27 17:03:33Z INFO ExecutionContext] Publish step telemetry for current step {
  "action": "pwsh",
  "type": "run",
  "stage": "Main",
  "stepId": "4bbd7465-0fc7-4d5f-9ed3-cab2152d5fe0",
  "stepContextName": "__run_2",
  "result": "succeeded",
  "errorMessages": [],
  "executionTimeInSeconds": 2,
  "startTime": "2026-09-27T17:03:32.2619327Z",
  "finishTime": "2026-09-27T17:03:33.6471254Z"
}.
[2026-09-27 17:03:33Z INFO StepsRunner] No need for updating job result with current step result 'Succeeded'.
[2026-09-27 17:03:33Z INFO StepsRunner] Current state: job state = ''
[2026-09-27 17:03:33Z INFO StepsRunner] Processing step: DisplayName='Deploy (CD)'
[2026-09-27 17:03:33Z INFO StepsRunner] Evaluating: success()
[2026-09-27 17:03:33Z INFO StepsRunner] Result: true
[2026-09-27 17:03:33Z INFO StepsRunner] Starting the step.
[2026-09-27 17:03:33Z INFO HostContext] Well known directory 'Bin': 'D:\cicd\actions-runner\bin'
[2026-09-27 17:03:33Z INFO HostContext] Well known directory 'Root': 'D:\cicd\actions-runner'
[2026-09-27 17:03:33Z INFO HostContext] Well known directory 'Work': 'D:\cicd\actions-runner\_work'
[2026-09-27 17:03:33Z INFO StepsRunner] Which2: 'chcp'
[2026-09-27 17:03:33Z INFO StepsRunner] Location: 'C:\WINDOWS\system32\chcp.COM'
[2026-09-27 17:03:33Z INFO ProcessInvokerWrapper] Starting process:
[2026-09-27 17:03:33Z INFO ProcessInvokerWrapper]   File name: 'C:\WINDOWS\system32\chcp.COM'
[2026-09-27 17:03:33Z INFO ProcessInvokerWrapper]   Arguments: '65001'
[2026-09-27 17:03:33Z INFO ProcessInvokerWrapper]   Working directory: 'D:\cicd\actions-runner\_work'
[2026-09-27 17:03:33Z INFO ProcessInvokerWrapper]   Require exit code zero: 'False'
[2026-09-27 17:03:33Z INFO ProcessInvokerWrapper]   Encoding web name:  ; code page: ''
[2026-09-27 17:03:33Z INFO ProcessInvokerWrapper]   Force kill process on cancellation: 'False'
[2026-09-27 17:03:33Z INFO ProcessInvokerWrapper]   Redirected STDIN: 'False'
[2026-09-27 17:03:33Z INFO ProcessInvokerWrapper]   Persist current code page: 'True'
[2026-09-27 17:03:33Z INFO ProcessInvokerWrapper]   Keep redirected STDIN open: 'False'
[2026-09-27 17:03:33Z INFO ProcessInvokerWrapper]   High priority process: 'False'
[2026-09-27 17:03:33Z INFO ProcessInvokerWrapper] Process started with process id 7120, waiting for process exit.
[2026-09-27 17:03:33Z INFO ProcessInvokerWrapper] STDOUT/STDERR stream read finished.
[2026-09-27 17:03:33Z INFO ProcessInvokerWrapper] STDOUT/STDERR stream read finished.
[2026-09-27 17:03:33Z INFO ProcessInvokerWrapper] Finished process 7120 with exit code 0, and elapsed time 00:00:00.0524969.
[2026-09-27 17:03:33Z INFO StepsRunner] Successfully returned to code page 65001 (UTF8)
[2026-09-27 17:03:33Z INFO HostContext] Well known directory 'Bin': 'D:\cicd\actions-runner\bin'
[2026-09-27 17:03:33Z INFO HostContext] Well known directory 'Root': 'D:\cicd\actions-runner'
[2026-09-27 17:03:33Z INFO HostContext] Well known directory 'Work': 'D:\cicd\actions-runner\_work'
[2026-09-27 17:03:33Z INFO HostContext] Well known directory 'Temp': 'D:\cicd\actions-runner\_work\_temp'
[2026-09-27 17:03:33Z INFO ExecutionContext] Write event payload to D:\cicd\actions-runner\_work\_temp\_github_workflow\event.json
[2026-09-27 17:03:33Z INFO HostContext] Well known directory 'Bin': 'D:\cicd\actions-runner\bin'
[2026-09-27 17:03:33Z INFO HostContext] Well known directory 'Root': 'D:\cicd\actions-runner'
[2026-09-27 17:03:33Z INFO HostContext] Well known directory 'Work': 'D:\cicd\actions-runner\_work'
[2026-09-27 17:03:33Z INFO HostContext] Well known directory 'Temp': 'D:\cicd\actions-runner\_work\_temp'
[2026-09-27 17:03:33Z INFO ExtensionManager] Getting extensions for interface: 'GitHub.Runner.Worker.IFileCommandExtension'
[2026-09-27 17:03:33Z INFO ExtensionManager] Getting extensions for interface: 'GitHub.Runner.Worker.IActionCommandExtension'
[2026-09-27 17:03:33Z INFO ActionCommandManager] Register action command extension for command internal-set-repo-path
[2026-09-27 17:03:33Z INFO ActionCommandManager] Register action command extension for command set-env
[2026-09-27 17:03:33Z INFO ActionCommandManager] Register action command extension for command set-output
[2026-09-27 17:03:33Z INFO ActionCommandManager] Register action command extension for command save-state
[2026-09-27 17:03:33Z INFO ActionCommandManager] Register action command extension for command add-path
[2026-09-27 17:03:33Z INFO ActionCommandManager] Register action command extension for command add-mask
[2026-09-27 17:03:33Z INFO ActionCommandManager] Register action command extension for command add-matcher
[2026-09-27 17:03:33Z INFO ActionCommandManager] Register action command extension for command remove-matcher
[2026-09-27 17:03:33Z INFO ActionCommandManager] Register action command extension for command warning
[2026-09-27 17:03:33Z INFO ActionCommandManager] Register action command extension for command error
[2026-09-27 17:03:33Z INFO ActionCommandManager] Register action command extension for command notice
[2026-09-27 17:03:33Z INFO ActionCommandManager] Register action command extension for command debug
[2026-09-27 17:03:33Z INFO ActionCommandManager] Register action command extension for command group
[2026-09-27 17:03:33Z INFO ActionCommandManager] Register action command extension for command endgroup
[2026-09-27 17:03:33Z INFO ActionCommandManager] Register action command extension for command echo
[2026-09-27 17:03:33Z INFO JobServerQueue] Try to append 1 batches web console lines for record '274de37a-f97f-41af-8d69-1b3f4bd74733', success rate: 1/1.
[2026-09-27 17:03:33Z INFO ScriptHandler] Which2: 'powershell'
[2026-09-27 17:03:33Z INFO ScriptHandler] Location: 'C:\WINDOWS\System32\WindowsPowerShell\v1.0\powershell.EXE'
[2026-09-27 17:03:33Z INFO HostContext] Well known directory 'Bin': 'D:\cicd\actions-runner\bin'
[2026-09-27 17:03:33Z INFO HostContext] Well known directory 'Root': 'D:\cicd\actions-runner'
[2026-09-27 17:03:33Z INFO HostContext] Well known directory 'Work': 'D:\cicd\actions-runner\_work'
[2026-09-27 17:03:33Z INFO HostContext] Well known directory 'Temp': 'D:\cicd\actions-runner\_work\_temp'
[2026-09-27 17:03:33Z INFO ScriptHandler] Which2: 'powershell'
[2026-09-27 17:03:33Z INFO ScriptHandler] Location: 'C:\WINDOWS\System32\WindowsPowerShell\v1.0\powershell.EXE'
[2026-09-27 17:03:33Z INFO ProcessInvokerWrapper] Starting process:
[2026-09-27 17:03:33Z INFO ProcessInvokerWrapper]   File name: 'C:\WINDOWS\System32\WindowsPowerShell\v1.0\powershell.EXE'
[2026-09-27 17:03:33Z INFO ProcessInvokerWrapper]   Arguments: '-command ". 'D:\cicd\actions-runner\_work\_temp\6f9489de-50d6-4f1f-bbc8-2c4ccea23e6a.ps1'"'
[2026-09-27 17:03:33Z INFO ProcessInvokerWrapper]   Working directory: 'D:\cicd\actions-runner\_work\my-repo\my-repo'
[2026-09-27 17:03:33Z INFO ProcessInvokerWrapper]   Require exit code zero: 'False'
[2026-09-27 17:03:33Z INFO ProcessInvokerWrapper]   Encoding web name:  ; code page: ''
[2026-09-27 17:03:33Z INFO ProcessInvokerWrapper]   Force kill process on cancellation: 'False'
[2026-09-27 17:03:33Z INFO ProcessInvokerWrapper]   Redirected STDIN: 'False'
[2026-09-27 17:03:33Z INFO ProcessInvokerWrapper]   Persist current code page: 'True'
[2026-09-27 17:03:33Z INFO ProcessInvokerWrapper]   Keep redirected STDIN open: 'False'
[2026-09-27 17:03:33Z INFO ProcessInvokerWrapper]   High priority process: 'False'
[2026-09-27 17:03:33Z INFO ProcessInvokerWrapper] Process started with process id 23724, waiting for process exit.
[2026-09-27 17:03:34Z INFO JobServerQueue] Try to append 1 batches web console lines for record '274de37a-f97f-41af-8d69-1b3f4bd74733', success rate: 1/1.
[2026-09-27 17:03:34Z INFO JobServerQueue] Got a step log file to send to results service.
[2026-09-27 17:03:34Z INFO JobServerQueue] Starting upload of step log file to results service ResultsLog, D:\cicd\actions-runner\_diag\blocks\ea461970-0295-4d14-9d17-5065a6ef1537_4bbd7465-0fc7-4d5f-9ed3-cab2152d5fe0.1
[2026-09-27 17:03:34Z INFO JobServerQueue] Try to upload 1 log files or attachments, success rate: 1/1.
[2026-09-27 17:03:35Z INFO ProcessInvokerWrapper] STDOUT/STDERR stream read finished.
[2026-09-27 17:03:35Z INFO ProcessInvokerWrapper] STDOUT/STDERR stream read finished.
[2026-09-27 17:03:35Z INFO ProcessInvokerWrapper] Finished process 23724 with exit code 1, and elapsed time 00:00:01.4334695.
[2026-09-27 17:03:35Z INFO CreateStepSummaryCommand] Step Summary file (D:\cicd\actions-runner\_work\_temp\_runner_file_commands\step_summary_afd714f7-55d9-4a95-abd5-27d1e74ebd74) is empty; skipping attachment upload
[2026-09-27 17:03:35Z INFO StepsRunner] Step result: Failed
[2026-09-27 17:03:35Z INFO ExecutionContext] Publish step telemetry for current step {
  "action": "powershell",
  "type": "run",
  "stage": "Main",
  "stepId": "274de37a-f97f-41af-8d69-1b3f4bd74733",
  "stepContextName": "__run_3",
  "result": "failed",
  "errorMessages": [
    "Process completed with exit code 1."
  ],
  "executionTimeInSeconds": 2,
  "startTime": "2026-09-27T17:03:33.6494317Z",
  "finishTime": "2026-09-27T17:03:35.2037511Z"
}.
[2026-09-27 17:03:35Z INFO StepsRunner] Update job result with current step result 'Failed'.
[2026-09-27 17:03:35Z INFO StepsRunner] Current state: job state = 'Failed'
[2026-09-27 17:03:35Z INFO StepsRunner] Processing step: DisplayName='Post Checkout Code'
[2026-09-27 17:03:35Z INFO StepsRunner] Evaluating: always()
[2026-09-27 17:03:35Z INFO StepsRunner] Result: true
[2026-09-27 17:03:35Z INFO StepsRunner] Starting the step.
[2026-09-27 17:03:35Z INFO HostContext] Well known directory 'Bin': 'D:\cicd\actions-runner\bin'
[2026-09-27 17:03:35Z INFO HostContext] Well known directory 'Root': 'D:\cicd\actions-runner'
[2026-09-27 17:03:35Z INFO HostContext] Well known directory 'Work': 'D:\cicd\actions-runner\_work'
[2026-09-27 17:03:35Z INFO StepsRunner] Which2: 'chcp'
[2026-09-27 17:03:35Z INFO StepsRunner] Location: 'C:\WINDOWS\system32\chcp.COM'
[2026-09-27 17:03:35Z INFO ProcessInvokerWrapper] Starting process:
[2026-09-27 17:03:35Z INFO JobServerQueue] Tried to upload 1 file(s) to results, success rate: 1/1.
[2026-09-27 17:03:35Z INFO ProcessInvokerWrapper]   File name: 'C:\WINDOWS\system32\chcp.COM'
[2026-09-27 17:03:35Z INFO ProcessInvokerWrapper]   Arguments: '65001'
[2026-09-27 17:03:35Z INFO ProcessInvokerWrapper]   Working directory: 'D:\cicd\actions-runner\_work'
[2026-09-27 17:03:35Z INFO ProcessInvokerWrapper]   Require exit code zero: 'False'
[2026-09-27 17:03:35Z INFO ProcessInvokerWrapper]   Encoding web name:  ; code page: ''
[2026-09-27 17:03:35Z INFO ProcessInvokerWrapper]   Force kill process on cancellation: 'False'
[2026-09-27 17:03:35Z INFO ProcessInvokerWrapper]   Redirected STDIN: 'False'
[2026-09-27 17:03:35Z INFO ProcessInvokerWrapper]   Persist current code page: 'True'
[2026-09-27 17:03:35Z INFO ProcessInvokerWrapper]   Keep redirected STDIN open: 'False'
[2026-09-27 17:03:35Z INFO ProcessInvokerWrapper]   High priority process: 'False'
[2026-09-27 17:03:35Z INFO ProcessInvokerWrapper] Process started with process id 23780, waiting for process exit.
[2026-09-27 17:03:35Z INFO ProcessInvokerWrapper] STDOUT/STDERR stream read finished.
[2026-09-27 17:03:35Z INFO ProcessInvokerWrapper] STDOUT/STDERR stream read finished.
[2026-09-27 17:03:35Z INFO ProcessInvokerWrapper] Finished process 23780 with exit code 0, and elapsed time 00:00:00.0404136.
[2026-09-27 17:03:35Z INFO StepsRunner] Successfully returned to code page 65001 (UTF8)
[2026-09-27 17:03:35Z INFO HostContext] Well known directory 'Bin': 'D:\cicd\actions-runner\bin'
[2026-09-27 17:03:35Z INFO HostContext] Well known directory 'Root': 'D:\cicd\actions-runner'
[2026-09-27 17:03:35Z INFO HostContext] Well known directory 'Work': 'D:\cicd\actions-runner\_work'
[2026-09-27 17:03:35Z INFO HostContext] Well known directory 'Actions': 'D:\cicd\actions-runner\_work\_actions'
[2026-09-27 17:03:35Z INFO ActionManager] Load action that reference repository from 'D:\cicd\actions-runner\_work\_actions\actions\checkout\v4'
[2026-09-27 17:03:35Z INFO HostContext] Well known directory 'Bin': 'D:\cicd\actions-runner\bin'
[2026-09-27 17:03:35Z INFO HostContext] Well known directory 'Root': 'D:\cicd\actions-runner'
[2026-09-27 17:03:35Z INFO HostContext] Well known directory 'Work': 'D:\cicd\actions-runner\_work'
[2026-09-27 17:03:35Z INFO HostContext] Well known directory 'Actions': 'D:\cicd\actions-runner\_work\_actions'
[2026-09-27 17:03:35Z INFO ActionManifestManagerLegacy] Loaded action.yml file: {
  "name": "Checkout",
  "description": "Checkout a Git repository at a particular version",
  "inputs": {
    "type": 2,
    "map": [
      {
        "key": {
          "type": 0,
          "file": 2,
          "line": 4,
          "col": 3,
          "lit": "repository"
        },
        "value": {
          "type": 3,
          "file": 2,
          "line": 6,
          "col": 14,
          "expr": "github.repository"
        }
      },
      {
        "key": {
          "type": 0,
          "file": 2,
          "line": 7,
          "col": 3,
          "lit": "ref"
        },
        "value": ""
      },
      {
        "key": {
          "type": 0,
          "file": 2,
          "line": 12,
          "col": 3,
          "lit": "token"
        },
        "value": {
          "type": 3,
          "file": 2,
          "line": 24,
          "col": 14,
          "expr": "github.token"
        }
      },
      {
        "key": {
          "type": 0,
          "file": 2,
          "line": 25,
          "col": 3,
          "lit": "ssh-key"
        },
        "value": ""
      },
      {
        "key": {
          "type": 0,
          "file": 2,
          "line": 37,
          "col": 3,
          "lit": "ssh-known-hosts"
        },
        "value": ""
      },
      {
        "key": {
          "type": 0,
          "file": 2,
          "line": 42,
          "col": 3,
          "lit": "ssh-strict"
        },
        "value": {
          "type": 0,
          "file": 2,
          "line": 47,
          "col": 14,
          "lit": "true"
        }
      },
      {
        "key": {
          "type": 0,
          "file": 2,
          "line": 48,
          "col": 3,
          "lit": "ssh-user"
        },
        "value": {
          "type": 0,
          "file": 2,
          "line": 51,
          "col": 14,
          "lit": "git"
        }
      },
      {
        "key": {
          "type": 0,
          "file": 2,
          "line": 52,
          "col": 3,
          "lit": "persist-credentials"
        },
        "value": {
          "type": 0,
          "file": 2,
          "line": 54,
          "col": 14,
          "lit": "true"
        }
      },
      {
        "key": {
          "type": 0,
          "file": 2,
          "line": 55,
          "col": 3,
          "lit": "path"
        },
        "value": ""
      },
      {
        "key": {
          "type": 0,
          "file": 2,
          "line": 57,
          "col": 3,
          "lit": "clean"
        },
        "value": {
          "type": 0,
          "file": 2,
          "line": 59,
          "col": 14,
          "lit": "true"
        }
      },
      {
        "key": {
          "type": 0,
          "file": 2,
          "line": 60,
          "col": 3,
          "lit": "filter"
        },
        "value": {
          "type": 0,
          "file": 2,
          "line": 64,
          "col": 14,
          "lit": ""
        }
      },
      {
        "key": {
          "type": 0,
          "file": 2,
          "line": 65,
          "col": 3,
          "lit": "sparse-checkout"
        },
        "value": {
          "type": 0,
          "file": 2,
          "line": 69,
          "col": 14,
          "lit": ""
        }
      },
      {
        "key": {
          "type": 0,
          "file": 2,
          "line": 70,
          "col": 3,
          "lit": "sparse-checkout-cone-mode"
        },
        "value": {
          "type": 0,
          "file": 2,
          "line": 73,
          "col": 14,
          "lit": "true"
        }
      },
      {
        "key": {
          "type": 0,
          "file": 2,
          "line": 74,
          "col": 3,
          "lit": "fetch-depth"
        },
        "value": {
          "type": 0,
          "file": 2,
          "line": 76,
          "col": 14,
          "lit": "1"
        }
      },
      {
        "key": {
          "type": 0,
          "file": 2,
          "line": 77,
          "col": 3,
          "lit": "fetch-tags"
        },
        "value": {
          "type": 0,
          "file": 2,
          "line": 79,
          "col": 14,
          "lit": "false"
        }
      },
      {
        "key": {
          "type": 0,
          "file": 2,
          "line": 80,
          "col": 3,
          "lit": "show-progress"
        },
        "value": {
          "type": 0,
          "file": 2,
          "line": 82,
          "col": 14,
          "lit": "true"
        }
      },
      {
        "key": {
          "type": 0,
          "file": 2,
          "line": 83,
          "col": 3,
          "lit": "lfs"
        },
        "value": {
          "type": 0,
          "file": 2,
          "line": 85,
          "col": 14,
          "lit": "false"
        }
      },
      {
        "key": {
          "type": 0,
          "file": 2,
          "line": 86,
          "col": 3,
          "lit": "submodules"
        },
        "value": {
          "type": 0,
          "file": 2,
          "line": 94,
          "col": 14,
          "lit": "false"
        }
      },
      {
        "key": {
          "type": 0,
          "file": 2,
          "line": 95,
          "col": 3,
          "lit": "set-safe-directory"
        },
        "value": {
          "type": 0,
          "file": 2,
          "line": 97,
          "col": 14,
          "lit": "true"
        }
      },
      {
        "key": {
          "type": 0,
          "file": 2,
          "line": 98,
          "col": 3,
          "lit": "github-server-url"
        },
        "value": ""
      },
      {
        "key": {
          "type": 0,
          "file": 2,
          "line": 101,
          "col": 3,
          "lit": "allow-unsafe-pr-checkout"
        },
        "value": {
          "type": 0,
          "file": 2,
          "line": 109,
          "col": 14,
          "lit": "false"
        }
      }
    ]
  },
  "execution": {
    "executionType": "nodeJS",
    "hasPre": false,
    "hasPost": true,
    "script": "dist/index.js",
    "pre": null,
    "post": "dist/index.js",
    "nodeVersion": "node20",
    "cleanupCondition": "always()",
    "initCondition": "always()"
  },
  "deprecated": null
}
[2026-09-27 17:03:35Z INFO ActionManager] Action pre node.js file: N/A.
[2026-09-27 17:03:35Z INFO ActionManager] Action node.js file: dist/index.js.
[2026-09-27 17:03:35Z INFO ActionManager] Action post node.js file: dist/index.js.
[2026-09-27 17:03:35Z INFO HostContext] Well known directory 'Bin': 'D:\cicd\actions-runner\bin'
[2026-09-27 17:03:35Z INFO HostContext] Well known directory 'Root': 'D:\cicd\actions-runner'
[2026-09-27 17:03:35Z INFO HostContext] Well known directory 'Work': 'D:\cicd\actions-runner\_work'
[2026-09-27 17:03:35Z INFO HostContext] Well known directory 'Temp': 'D:\cicd\actions-runner\_work\_temp'
[2026-09-27 17:03:35Z INFO ExecutionContext] Write event payload to D:\cicd\actions-runner\_work\_temp\_github_workflow\event.json
[2026-09-27 17:03:35Z INFO HostContext] Well known directory 'Bin': 'D:\cicd\actions-runner\bin'
[2026-09-27 17:03:35Z INFO HostContext] Well known directory 'Root': 'D:\cicd\actions-runner'
[2026-09-27 17:03:35Z INFO HostContext] Well known directory 'Work': 'D:\cicd\actions-runner\_work'
[2026-09-27 17:03:35Z INFO HostContext] Well known directory 'Temp': 'D:\cicd\actions-runner\_work\_temp'
[2026-09-27 17:03:35Z INFO ExtensionManager] Getting extensions for interface: 'GitHub.Runner.Worker.IFileCommandExtension'
[2026-09-27 17:03:35Z INFO ActionManifestManagerLegacy] Input 'repository': default value evaluate result: {
  "type": 0,
  "file": 2,
  "line": 6,
  "col": 14,
  "lit": "vikranttiwari988-ops/my-repo"
}
[2026-09-27 17:03:35Z INFO ActionManifestManagerLegacy] Input 'ref': default value evaluate result: ""
[2026-09-27 17:03:35Z INFO ActionManifestManagerLegacy] Input 'token': default value evaluate result: {
  "type": 0,
  "file": 2,
  "line": 24,
  "col": 14,
  "lit": "***"
}
[2026-09-27 17:03:35Z INFO ActionManifestManagerLegacy] Input 'ssh-key': default value evaluate result: ""
[2026-09-27 17:03:35Z INFO ActionManifestManagerLegacy] Input 'ssh-known-hosts': default value evaluate result: ""
[2026-09-27 17:03:35Z INFO ActionManifestManagerLegacy] Input 'ssh-strict': default value evaluate result: {
  "type": 0,
  "file": 2,
  "line": 47,
  "col": 14,
  "lit": "true"
}
[2026-09-27 17:03:35Z INFO ActionManifestManagerLegacy] Input 'ssh-user': default value evaluate result: {
  "type": 0,
  "file": 2,
  "line": 51,
  "col": 14,
  "lit": "git"
}
[2026-09-27 17:03:35Z INFO ActionManifestManagerLegacy] Input 'persist-credentials': default value evaluate result: {
  "type": 0,
  "file": 2,
  "line": 54,
  "col": 14,
  "lit": "true"
}
[2026-09-27 17:03:35Z INFO ActionManifestManagerLegacy] Input 'path': default value evaluate result: ""
[2026-09-27 17:03:35Z INFO ActionManifestManagerLegacy] Input 'clean': default value evaluate result: {
  "type": 0,
  "file": 2,
  "line": 59,
  "col": 14,
  "lit": "true"
}
[2026-09-27 17:03:35Z INFO ActionManifestManagerLegacy] Input 'filter': default value evaluate result: {
  "type": 0,
  "file": 2,
  "line": 64,
  "col": 14,
  "lit": ""
}
[2026-09-27 17:03:35Z INFO ActionManifestManagerLegacy] Input 'sparse-checkout': default value evaluate result: {
  "type": 0,
  "file": 2,
  "line": 69,
  "col": 14,
  "lit": ""
}
[2026-09-27 17:03:35Z INFO ActionManifestManagerLegacy] Input 'sparse-checkout-cone-mode': default value evaluate result: {
  "type": 0,
  "file": 2,
  "line": 73,
  "col": 14,
  "lit": "true"
}
[2026-09-27 17:03:35Z INFO ActionManifestManagerLegacy] Input 'fetch-depth': default value evaluate result: {
  "type": 0,
  "file": 2,
  "line": 76,
  "col": 14,
  "lit": "1"
}
[2026-09-27 17:03:35Z INFO ActionManifestManagerLegacy] Input 'fetch-tags': default value evaluate result: {
  "type": 0,
  "file": 2,
  "line": 79,
  "col": 14,
  "lit": "false"
}
[2026-09-27 17:03:35Z INFO ActionManifestManagerLegacy] Input 'show-progress': default value evaluate result: {
  "type": 0,
  "file": 2,
  "line": 82,
  "col": 14,
  "lit": "true"
}
[2026-09-27 17:03:35Z INFO ActionManifestManagerLegacy] Input 'lfs': default value evaluate result: {
  "type": 0,
  "file": 2,
  "line": 85,
  "col": 14,
  "lit": "false"
}
[2026-09-27 17:03:35Z INFO ActionManifestManagerLegacy] Input 'submodules': default value evaluate result: {
  "type": 0,
  "file": 2,
  "line": 94,
  "col": 14,
  "lit": "false"
}
[2026-09-27 17:03:35Z INFO ActionManifestManagerLegacy] Input 'set-safe-directory': default value evaluate result: {
  "type": 0,
  "file": 2,
  "line": 97,
  "col": 14,
  "lit": "true"
}
[2026-09-27 17:03:35Z INFO ActionManifestManagerLegacy] Input 'github-server-url': default value evaluate result: ""
[2026-09-27 17:03:35Z INFO ActionManifestManagerLegacy] Input 'allow-unsafe-pr-checkout': default value evaluate result: {
  "type": 0,
  "file": 2,
  "line": 109,
  "col": 14,
  "lit": "false"
}
[2026-09-27 17:03:35Z INFO ExtensionManager] Getting extensions for interface: 'GitHub.Runner.Worker.IActionCommandExtension'
[2026-09-27 17:03:35Z INFO ActionCommandManager] Register action command extension for command internal-set-repo-path
[2026-09-27 17:03:35Z INFO ActionCommandManager] Register action command extension for command set-env
[2026-09-27 17:03:35Z INFO ActionCommandManager] Register action command extension for command set-output
[2026-09-27 17:03:35Z INFO ActionCommandManager] Register action command extension for command save-state
[2026-09-27 17:03:35Z INFO ActionCommandManager] Register action command extension for command add-path
[2026-09-27 17:03:35Z INFO ActionCommandManager] Register action command extension for command add-mask
[2026-09-27 17:03:35Z INFO ActionCommandManager] Register action command extension for command add-matcher
[2026-09-27 17:03:35Z INFO ActionCommandManager] Register action command extension for command remove-matcher
[2026-09-27 17:03:35Z INFO ActionCommandManager] Register action command extension for command warning
[2026-09-27 17:03:35Z INFO ActionCommandManager] Register action command extension for command error
[2026-09-27 17:03:35Z INFO ActionCommandManager] Register action command extension for command notice
[2026-09-27 17:03:35Z INFO ActionCommandManager] Register action command extension for command debug
[2026-09-27 17:03:35Z INFO ActionCommandManager] Register action command extension for command group
[2026-09-27 17:03:35Z INFO ActionCommandManager] Register action command extension for command endgroup
[2026-09-27 17:03:35Z INFO ActionCommandManager] Register action command extension for command echo
[2026-09-27 17:03:35Z INFO HostContext] Well known directory 'Bin': 'D:\cicd\actions-runner\bin'
[2026-09-27 17:03:35Z INFO HostContext] Well known directory 'Root': 'D:\cicd\actions-runner'
[2026-09-27 17:03:35Z INFO HostContext] Well known directory 'Externals': 'D:\cicd\actions-runner\externals'
[2026-09-27 17:03:35Z INFO ProcessInvokerWrapper] Starting process:
[2026-09-27 17:03:35Z INFO ProcessInvokerWrapper]   File name: 'D:\cicd\actions-runner\externals\node24\bin\node.exe'
[2026-09-27 17:03:35Z INFO ProcessInvokerWrapper]   Arguments: '"D:\cicd\actions-runner\_work\_actions\actions\checkout\v4\dist/index.js"'
[2026-09-27 17:03:35Z INFO ProcessInvokerWrapper]   Working directory: 'D:\cicd\actions-runner\_work\my-repo\my-repo'
[2026-09-27 17:03:35Z INFO ProcessInvokerWrapper]   Require exit code zero: 'False'
[2026-09-27 17:03:35Z INFO ProcessInvokerWrapper]   Encoding web name: utf-8 ; code page: '65001'
[2026-09-27 17:03:35Z INFO ProcessInvokerWrapper]   Force kill process on cancellation: 'False'
[2026-09-27 17:03:35Z INFO ProcessInvokerWrapper]   Redirected STDIN: 'False'
[2026-09-27 17:03:35Z INFO ProcessInvokerWrapper]   Persist current code page: 'True'
[2026-09-27 17:03:35Z INFO ProcessInvokerWrapper]   Keep redirected STDIN open: 'False'
[2026-09-27 17:03:35Z INFO ProcessInvokerWrapper]   High priority process: 'False'
[2026-09-27 17:03:35Z INFO ProcessInvokerWrapper] Process started with process id 6000, waiting for process exit.
[2026-09-27 17:03:35Z INFO JobServerQueue] Try to append 1 batches web console lines for record '274de37a-f97f-41af-8d69-1b3f4bd74733', success rate: 1/1.
[2026-09-27 17:03:35Z INFO JobServerQueue] Try to append 1 batches web console lines for record '5da6d522-07ab-4ed9-ab93-ff8653acd08d', success rate: 1/1.
[2026-09-27 17:03:35Z INFO JobServerQueue] Try to upload 1 log files or attachments, success rate: 1/1.
[2026-09-27 17:03:36Z INFO JobServerQueue] Got a step log file to send to results service.
[2026-09-27 17:03:36Z INFO JobServerQueue] Starting upload of step log file to results service ResultsLog, D:\cicd\actions-runner\_diag\blocks\ea461970-0295-4d14-9d17-5065a6ef1537_274de37a-f97f-41af-8d69-1b3f4bd74733.1
[2026-09-27 17:03:36Z INFO AddMaskCommandExtension] Add new secret mask with length of 32
[2026-09-27 17:03:36Z INFO JobServerQueue] Try to append 1 batches web console lines for record '5da6d522-07ab-4ed9-ab93-ff8653acd08d', success rate: 1/1.
[2026-09-27 17:03:36Z INFO JobServerQueue] Try to append 1 batches web console lines for record '5da6d522-07ab-4ed9-ab93-ff8653acd08d', success rate: 1/1.
[2026-09-27 17:03:37Z INFO JobServerQueue] Tried to upload 1 file(s) to results, success rate: 1/1.
[2026-09-27 17:03:40Z INFO JobServerQueue] Try to append 1 batches web console lines for record '5da6d522-07ab-4ed9-ab93-ff8653acd08d', success rate: 1/1.
[2026-09-27 17:03:41Z INFO JobServerQueue] Try to append 1 batches web console lines for record '5da6d522-07ab-4ed9-ab93-ff8653acd08d', success rate: 1/1.
[2026-09-27 17:03:41Z INFO JobServerQueue] Try to append 1 batches web console lines for record '5da6d522-07ab-4ed9-ab93-ff8653acd08d', success rate: 1/1.
[2026-09-27 17:03:43Z INFO HostContext] Well known directory 'Bin': 'D:\cicd\actions-runner\bin'
[2026-09-27 17:03:43Z INFO HostContext] Well known directory 'Root': 'D:\cicd\actions-runner'
[2026-09-27 17:03:43Z INFO HostContext] Well known directory 'Work': 'D:\cicd\actions-runner\_work'
[2026-09-27 17:03:45Z INFO JobServerQueue] Try to append 1 batches web console lines for record '5da6d522-07ab-4ed9-ab93-ff8653acd08d', success rate: 1/1.
[2026-09-27 17:03:45Z INFO JobServerQueue] Try to append 1 batches web console lines for record '5da6d522-07ab-4ed9-ab93-ff8653acd08d', success rate: 1/1.
[2026-09-27 17:03:50Z INFO ProcessInvokerWrapper] STDOUT/STDERR stream read finished.
[2026-09-27 17:03:50Z INFO ProcessInvokerWrapper] STDOUT/STDERR stream read finished.
[2026-09-27 17:03:50Z INFO ProcessInvokerWrapper] Finished process 6000 with exit code 0, and elapsed time 00:00:15.0178719.
[2026-09-27 17:03:50Z INFO CreateStepSummaryCommand] Step Summary file (D:\cicd\actions-runner\_work\_temp\_runner_file_commands\step_summary_476a4628-671e-42bc-8e78-3c0e7e515425) is empty; skipping attachment upload
[2026-09-27 17:03:50Z INFO StepsRunner] Step result: 
[2026-09-27 17:03:50Z INFO ExecutionContext] Publish step telemetry for current step {
  "action": "actions/checkout",
  "ref": "v4",
  "type": "node24",
  "stage": "Post",
  "stepId": "5da6d522-07ab-4ed9-ab93-ff8653acd08d",
  "result": "succeeded",
  "errorMessages": [],
  "executionTimeInSeconds": 16,
  "startTime": "2026-09-27T17:03:35.2242005Z",
  "finishTime": "2026-09-27T17:03:50.3430197Z"
}.
[2026-09-27 17:03:50Z INFO StepsRunner] No need for updating job result with current step result 'Succeeded'.
[2026-09-27 17:03:50Z INFO StepsRunner] Current state: job state = 'Failed'
[2026-09-27 17:03:50Z INFO JobRunner] Finalize job.
[2026-09-27 17:03:50Z INFO HostContext] Well known directory 'Bin': 'D:\cicd\actions-runner\bin'
[2026-09-27 17:03:50Z INFO HostContext] Well known directory 'Root': 'D:\cicd\actions-runner'
[2026-09-27 17:03:50Z INFO HostContext] Well known directory 'Diag': 'D:\cicd\actions-runner\_diag'
[2026-09-27 17:03:50Z INFO HostContext] Well known directory 'Bin': 'D:\cicd\actions-runner\bin'
[2026-09-27 17:03:50Z INFO HostContext] Well known directory 'Root': 'D:\cicd\actions-runner'
[2026-09-27 17:03:50Z INFO HostContext] Well known directory 'Diag': 'D:\cicd\actions-runner\_diag'
[2026-09-27 17:03:50Z INFO JobExtension] Initialize Env context
[2026-09-27 17:03:50Z INFO JobExtension] Initialize steps context
[2026-09-27 17:03:50Z INFO JobExtension] Total accessible running process: 350.
[2026-09-27 17:03:50Z INFO JobServerQueue] Try to append 1 batches web console lines for record 'd04f5f93-8372-4752-acb1-14f2753159ae', success rate: 1/1.
[2026-09-27 17:03:50Z INFO JobExtension] Inspecting process environment variables. PID: 7080 (docker)
[2026-09-27 17:03:50Z INFO JobExtension] Inspecting process environment variables. PID: 15052 (conhost)
[2026-09-27 17:03:50Z INFO JobExtension] Wait for all connectivity checks to finish.
[2026-09-27 17:03:50Z INFO JobServerQueue] Try to upload 1 log files or attachments, success rate: 1/1.
[2026-09-27 17:03:50Z INFO JobExtension] Connectivity check result: {
  "endpointUrl": "https://broker.actions.githubusercontent.com/health",
  "endpointIPs": null,
  "startTime": "2026-09-27T17:03:13.6171259Z",
  "statusCode": "http_OK",
  "requestId": "F645:36F9AF:1E858B0:1FFDE7F:6AB94C52",
  "httpRequestDurationInMs": 685,
  "dnsResolutionDurationInMs": 0,
  "dnsError": null
}
[2026-09-27 17:03:50Z INFO JobExtension] Connectivity check result: {
  "endpointUrl": "https://token.actions.githubusercontent.com/ready",
  "endpointIPs": null,
  "startTime": "2026-09-27T17:03:13.6248189Z",
  "statusCode": "http_NoContent",
  "requestId": "F647:33F7E:70D7423:8853238:6AB94C53",
  "httpRequestDurationInMs": 899,
  "dnsResolutionDurationInMs": 0,
  "dnsError": null
}
[2026-09-27 17:03:50Z INFO JobExtension] Connectivity check result: {
  "endpointUrl": "https://run.actions.githubusercontent.com/health",
  "endpointIPs": null,
  "startTime": "2026-09-27T17:03:13.6295855Z",
  "statusCode": "http_OK",
  "requestId": "F646:3D8086:210DC25:2286421:6AB94C53",
  "httpRequestDurationInMs": 743,
  "dnsResolutionDurationInMs": 0,
  "dnsError": null
}
[2026-09-27 17:03:50Z INFO ExecutionContext] Publish step telemetry for current step {
  "action": "complete_job",
  "type": "runner",
  "stage": "Post",
  "stepId": "d04f5f93-8372-4752-acb1-14f2753159ae",
  "result": "succeeded",
  "errorMessages": [
    "Node.js 20 is deprecated. The following actions target Node.js 20 but are being forced to run on Node.js 24: actions/checkout@v4. For more information see: https://github.blog/changelog/2025-09-19-deprecation-of-node-20-on-github-actions-runners/"
  ],
  "executionTimeInSeconds": 1,
  "startTime": "2026-09-27T17:03:50.4711272Z",
  "finishTime": "2026-09-27T17:03:50.8750917Z"
}.
[2026-09-27 17:03:50Z INFO JobRunner] Job result after all job steps finish: Failed
[2026-09-27 17:03:50Z INFO JobRunner] Completing the job execution context.
[2026-09-27 17:03:50Z INFO JobRunner] Shutting down the job server queue.
[2026-09-27 17:03:50Z INFO JobServerQueue] Fire signal to shutdown all queues.
[2026-09-27 17:03:51Z INFO JobServerQueue] All queue process task stopped.
[2026-09-27 17:03:51Z INFO JobServerQueue] Try to append 1 batches web console lines for record 'd04f5f93-8372-4752-acb1-14f2753159ae', success rate: 1/1.
[2026-09-27 17:03:51Z INFO JobServerQueue] Web console line queue drained.
[2026-09-27 17:03:51Z INFO JobServerQueue] Uploading 2 files in one shot.
[2026-09-27 17:03:51Z INFO JobServerQueue] Try to upload 2 log files or attachments, success rate: 2/2.
[2026-09-27 17:03:51Z INFO JobServerQueue] File upload queue drained.
[2026-09-27 17:03:51Z INFO JobServerQueue] Starting results-based upload queue...
[2026-09-27 17:03:51Z INFO JobServerQueue] Uploading 3 file(s) in one shot through results service.
[2026-09-27 17:03:51Z INFO JobServerQueue] Got a step log file to send to results service.
[2026-09-27 17:03:51Z INFO JobServerQueue] Starting upload of step log file to results service ResultsLog, D:\cicd\actions-runner\_diag\blocks\ea461970-0295-4d14-9d17-5065a6ef1537_5da6d522-07ab-4ed9-ab93-ff8653acd08d.1
[2026-09-27 17:03:52Z INFO JobServerQueue] Got a step log file to send to results service.
[2026-09-27 17:03:52Z INFO JobServerQueue] Starting upload of step log file to results service ResultsLog, D:\cicd\actions-runner\_diag\blocks\ea461970-0295-4d14-9d17-5065a6ef1537_d04f5f93-8372-4752-acb1-14f2753159ae.1
[2026-09-27 17:03:53Z INFO JobServerQueue] Got a job log file to send to results service.
[2026-09-27 17:03:53Z INFO JobServerQueue] Starting upload of job log file to results service ResultsLog, D:\cicd\actions-runner\_diag\blocks\ea461970-0295-4d14-9d17-5065a6ef1537_4136c1a4-4530-537a-b8ba-452663500062.1
[2026-09-27 17:03:54Z INFO JobServerQueue] Tried to upload 3 file(s) to results, success rate: 3/3.
[2026-09-27 17:03:54Z INFO JobServerQueue] Results upload queue drained.
[2026-09-27 17:03:55Z INFO JobServerQueue] Timeline update queue drained.
[2026-09-27 17:03:55Z INFO JobServerQueue] Disposing job server ...
[2026-09-27 17:03:55Z INFO JobServerQueue] Disposing results server ...
[2026-09-27 17:03:55Z INFO JobServerQueue] All queue process tasks have been stopped, and all queues are drained.
[2026-09-27 17:03:55Z INFO TempDirectoryManager] Cleaning runner temp folder: D:\cicd\actions-runner\_work\_temp
[2026-09-27 17:03:55Z INFO HostContext] Well known directory 'Bin': 'D:\cicd\actions-runner\bin'
[2026-09-27 17:03:55Z INFO HostContext] Well known directory 'Root': 'D:\cicd\actions-runner'
[2026-09-27 17:03:55Z INFO HostContext] Well known directory 'Diag': 'D:\cicd\actions-runner\_diag'
[2026-09-27 17:03:55Z INFO HostContext] Well known config file 'Telemetry': 'D:\cicd\actions-runner\_diag\.telemetry'
[2026-09-27 17:03:55Z INFO JobRunner] Raising job completed against run service
[2026-09-27 17:03:56Z INFO Worker] Job completed.
