[2026-09-30 17:31:59Z INFO HostContext] No proxy settings were found based on environmental variables (http_proxy/https_proxy/HTTP_PROXY/HTTPS_PROXY)
[2026-09-30 17:31:59Z INFO HostContext] Well known directory 'Bin': 'D:\cicd\actions-runner\bin'
[2026-09-30 17:31:59Z INFO HostContext] Well known directory 'Root': 'D:\cicd\actions-runner'
[2026-09-30 17:31:59Z INFO HostContext] Well known config file 'Credentials': 'D:\cicd\actions-runner\.credentials'
[2026-09-30 17:32:00Z INFO HostContext] Well known directory 'Bin': 'D:\cicd\actions-runner\bin'
[2026-09-30 17:32:00Z INFO HostContext] Well known directory 'Root': 'D:\cicd\actions-runner'
[2026-09-30 17:32:00Z INFO HostContext] Well known config file 'Runner': 'D:\cicd\actions-runner\.runner'
[2026-09-30 17:32:00Z INFO Worker] Version: 2.337.0
[2026-09-30 17:32:00Z INFO Worker] Commit: 397b032cbf865e9c3ddfab89d533ec19325e1273
[2026-09-30 17:32:00Z INFO Worker] Culture: en-IN
[2026-09-30 17:32:00Z INFO Worker] UI Culture: en-US
[2026-09-30 17:32:00Z INFO Worker] Waiting to receive the job message from the channel.
[2026-09-30 17:32:00Z INFO ProcessChannel] Receiving message of length 26310, with hash '58ed8cdc154c5590ab126e928e0b6d46bc908479f27c1dbc04730023339bcf5c'
[2026-09-30 17:32:00Z INFO Worker] Message received.
[2026-09-30 17:32:02Z INFO Worker] Job message:
 {
  "fileTable": [
    ".github/workflows/k8s_pipeline.yaml"
  ],
  "mask": [
    {
      "type": "regex",
      "value": "***"
    },
    {
      "type": "regex",
      "value": "***"
    },
    {
      "type": "regex",
      "value": "***"
    },
    {
      "type": "regex",
      "value": "***"
    },
    {
      "type": "regex",
      "value": "***"
    },
    {
      "type": "regex",
      "value": "***"
    },
    {
      "type": "regex",
      "value": "***"
    },
    {
      "type": "regex",
      "value": "***"
    },
    {
      "type": "regex",
      "value": "***"
    },
    {
      "type": "regex",
      "value": "***"
    },
    {
      "type": "regex",
      "value": "***"
    },
    {
      "type": "regex",
      "value": "***"
    },
    {
      "type": "regex",
      "value": "***"
    },
    {
      "type": "regex",
      "value": "***"
    },
    {
      "type": "regex",
      "value": "***"
    },
    {
      "type": "regex",
      "value": "***"
    },
    {
      "type": "regex",
      "value": "***"
    },
    {
      "type": "regex",
      "value": "***"
    },
    {
      "type": "regex",
      "value": "***"
    },
    {
      "type": "regex",
      "value": "***"
    },
    {
      "type": "regex",
      "value": "***"
    },
    {
      "type": "regex",
      "value": "***"
    },
    {
      "type": "regex",
      "value": "***"
    },
    {
      "type": "regex",
      "value": "***"
    }
  ],
  "steps": [
    {
      "type": "action",
      "reference": {
        "type": "repository",
        "name": "actions/checkout",
        "ref": "v4",
        "repositoryType": "GitHub"
      },
      "displayNameToken": {
        "type": 0,
        "file": 1,
        "line": 14,
        "col": 15,
        "lit": "Checkout Code"
      },
      "contextName": "__actions_checkout",
      "condition": "success()",
      "id": "0823ea37-9efa-4fab-a098-4ceb404dbcd5",
      "name": "__actions_checkout"
    },
    {
      "type": "action",
      "reference": {
        "type": "script"
      },
      "displayNameToken": {
        "type": 0,
        "file": 1,
        "line": 16,
        "col": 15,
        "lit": "Check Workspace"
      },
      "contextName": "__run",
      "inputs": {
        "type": 2,
        "map": [
          {
            "key": "script",
            "value": {
              "type": 0,
              "file": 1,
              "line": 17,
              "col": 14,
              "lit": "Write-Host \"Current directory:\"\nGet-Location\nWrite-Host \"Files in current directory:\"\nGet-ChildItem\nWrite-Host \"Searching for Dockerfile:\"\nGet-ChildItem -Path . -Filter Dockerfile -Recurse\n"
            }
          }
        ]
      },
      "condition": "success()",
      "id": "a2020406-05a5-4182-ac7a-aa07aeeffe7f",
      "name": "__run"
    },
    {
      "type": "action",
      "reference": {
        "type": "script"
      },
      "displayNameToken": {
        "type": 0,
        "file": 1,
        "line": 24,
        "col": 15,
        "lit": "Check Docker Secrets"
      },
      "contextName": "__run_2",
      "inputs": {
        "type": 2,
        "map": [
          {
            "key": "script",
            "value": {
              "type": 3,
              "file": 1,
              "line": 25,
              "col": 14,
              "expr": "format('if ([string]::IsNullOrEmpty(\"{0}\")) {{\n  Write-Host \"DOCKERHUB_USERNAME is EMPTY\"\n}} else {{\n  Write-Host \"DOCKERHUB_USERNAME is available\"\n}}\nif ([string]::IsNullOrEmpty(\"{1}\")) {{\n  Write-Host \"DOCKERHUB_TOKEN is EMPTY\"\n}} else {{\n  Write-Host \"DOCKERHUB_TOKEN is available\"\n}}\n', secrets.DOCKERHUB_USERNAME, secrets.DOCKERHUB_TOKEN)"
            }
          }
        ]
      },
      "condition": "success()",
      "id": "42977735-a369-45ec-90fd-3a368a212326",
      "name": "__run_2"
    },
    {
      "type": "action",
      "reference": {
        "type": "script"
      },
      "displayNameToken": {
        "type": 0,
        "file": 1,
        "line": 38,
        "col": 15,
        "lit": "Docker Login"
      },
      "contextName": "__run_3",
      "inputs": {
        "type": 2,
        "map": [
          {
            "key": "script",
            "value": {
              "type": 3,
              "file": 1,
              "line": 39,
              "col": 14,
              "expr": "format('echo \"{0}\" | docker login -u \"{1}\" --password-stdin\n', secrets.DOCKERHUB_TOKEN, secrets.DOCKERHUB_USERNAME)"
            }
          }
        ]
      },
      "condition": "success()",
      "id": "6443b61a-a38e-42bd-8dc3-e1e353ab330d",
      "name": "__run_3"
    },
    {
      "type": "action",
      "reference": {
        "type": "script"
      },
      "displayNameToken": {
        "type": 0,
        "file": 1,
        "line": 42,
        "col": 15,
        "lit": "Build Docker Image"
      },
      "contextName": "__run_4",
      "inputs": {
        "type": 2,
        "map": [
          {
            "key": "script",
            "value": {
              "type": 3,
              "file": 1,
              "line": 43,
              "col": 14,
              "expr": "format('docker build -t praabhatkumar1991/devops-app:{0} .\n', github.run_number)"
            }
          }
        ]
      },
      "condition": "success()",
      "id": "759fc604-5c23-4933-bec4-f7bbbd658219",
      "name": "__run_4"
    },
    {
      "type": "action",
      "reference": {
        "type": "script"
      },
      "displayNameToken": {
        "type": 0,
        "file": 1,
        "line": 46,
        "col": 15,
        "lit": "Push Docker Image"
      },
      "contextName": "__run_5",
      "inputs": {
        "type": 2,
        "map": [
          {
            "key": "script",
            "value": {
              "type": 3,
              "file": 1,
              "line": 47,
              "col": 14,
              "expr": "format('docker push praabhatkumar1991/devops-app:{0}\n', github.run_number)"
            }
          }
        ]
      },
      "condition": "success()",
      "id": "4e7c607a-be59-4696-8eae-b6f135425f7c",
      "name": "__run_5"
    },
    {
      "type": "action",
      "reference": {
        "type": "script"
      },
      "displayNameToken": {
        "type": 0,
        "file": 1,
        "line": 50,
        "col": 15,
        "lit": "Deploy to Kubernetes"
      },
      "contextName": "__run_6",
      "inputs": {
        "type": 2,
        "map": [
          {
            "key": "script",
            "value": {
              "type": 3,
              "file": 1,
              "line": 51,
              "col": 14,
              "expr": "format('kubectl set image deployment/devops-app devops-app=praabhatkumar1991/devops-app:{0}\n', github.run_number)"
            }
          }
        ]
      },
      "condition": "success()",
      "id": "5e54f5a2-4cef-42f6-94be-77109d16d273",
      "name": "__run_6"
    },
    {
      "type": "action",
      "reference": {
        "type": "script"
      },
      "displayNameToken": {
        "type": 0,
        "file": 1,
        "line": 54,
        "col": 15,
        "lit": "Wait for Deployment"
      },
      "contextName": "__run_7",
      "inputs": {
        "type": 2,
        "map": [
          {
            "key": "script",
            "value": {
              "type": 0,
              "file": 1,
              "line": 55,
              "col": 14,
              "lit": "kubectl rollout status deployment/devops-app --timeout=120s\n"
            }
          }
        ]
      },
      "condition": "success()",
      "id": "15c31667-998f-4ca4-810b-f7edae1bb6f1",
      "name": "__run_7"
    },
    {
      "type": "action",
      "reference": {
        "type": "script"
      },
      "displayNameToken": {
        "type": 0,
        "file": 1,
        "line": 58,
        "col": 15,
        "lit": "Verify Kubernetes Deployment"
      },
      "contextName": "__run_8",
      "inputs": {
        "type": 2,
        "map": [
          {
            "key": "script",
            "value": {
              "type": 0,
              "file": 1,
              "line": 59,
              "col": 14,
              "lit": "echo \"===== Deployment =====\"\nkubectl get deployment devops-app\necho \"===== Pods =====\"\nkubectl get pods -o wide\necho \"===== Services =====\"\nkubectl get svc\n"
            }
          }
        ]
      },
      "condition": "success()",
      "id": "71a503e5-523d-4ea8-be9e-0599e24c6ed7",
      "name": "__run_8"
    }
  ],
  "variables": {
    "Actions.EnableHttpRedirects": {
      "value": "true"
    },
    "DOCKERHUB_TOKEN": {
      "value": "***",
      "isSecret": true
    },
    "DOCKERHUB_USERNAME": {
      "value": "***",
      "isSecret": true
    },
    "DistributedTask.AddWarningToNode12Action": {
      "value": "true"
    },
    "DistributedTask.AddWarningToNode16Action": {
      "value": "true"
    },
    "DistributedTask.AllowRunnerContainerHooks": {
      "value": "true"
    },
    "DistributedTask.DeprecateStepOutputCommands": {
      "value": "true"
    },
    "DistributedTask.DetailUntarFailure": {
      "value": "true"
    },
    "DistributedTask.EnableCompositeActions": {
      "value": "true"
    },
    "DistributedTask.EnableJobServerQueueTelemetry": {
      "value": "true"
    },
    "DistributedTask.EnhancedAnnotations": {
      "value": "true"
    },
    "DistributedTask.ForceGithubJavascriptActionsToNode16": {
      "value": "true"
    },
    "DistributedTask.ForceGithubJavascriptActionsToNode20": {
      "value": "true"
    },
    "DistributedTask.LogTemplateErrorsAsDebugMessages": {
      "value": "true"
    },
    "DistributedTask.MarkJobAsFailedOnWorkerCrash": {
      "value": "true"
    },
    "DistributedTask.NewActionMetadata": {
      "value": "true"
    },
    "DistributedTask.UploadStepSummary": {
      "value": "true"
    },
    "DistributedTask.UseActionArchiveCache": {
      "value": "true"
    },
    "DistributedTask.UseWhich2": {
      "value": "true"
    },
    "RunService.FixEmbeddedIssues": {
      "value": "true"
    },
    "actions.runner.requirenode24": {
      "value": "true"
    },
    "actions.runner.usenode24bydefault": {
      "value": "true"
    },
    "actions.runner.warnonnode20": {
      "value": "true"
    },
    "actions_add_check_run_id_to_job_context": {
      "value": "true"
    },
    "actions_batch_action_resolution": {
      "value": "false"
    },
    "actions_cache_mode": {
      "value": "write"
    },
    "actions_container_action_runner_temp": {
      "value": "true"
    },
    "actions_display_helpful_actions_download_errors": {
      "value": "true"
    },
    "actions_runner_allow_artifacts_file": {
      "value": "false"
    },
    "actions_runner_compare_workflow_parser": {
      "value": "true"
    },
    "actions_runner_deprecate_linux_arm32": {
      "value": "true"
    },
    "actions_runner_emit_composite_markers": {
      "value": "true"
    },
    "actions_runner_kill_linux_arm32": {
      "value": "false"
    },
    "actions_runner_node20_removal_date": {
      "value": "September 23rd, 2026"
    },
    "actions_runner_node24_default_date": {
      "value": "June 16th, 2026"
    },
    "actions_self_repository": {
      "value": "true"
    },
    "actions_service_container_command": {
      "value": "true"
    },
    "actions_set_orchestration_id_env_for_actions": {
      "value": "true"
    },
    "actions_skip_retry_complete_job_upon_known_errors": {
      "value": "true"
    },
    "actions_snapshot_preflight_hosted_runner_check": {
      "value": "false"
    },
    "actions_snapshot_preflight_image_gen_pool_check": {
      "value": "false"
    },
    "actions_use_bearer_token_for_codeload": {
      "value": "false"
    },
    "actions_uses_cache_service_v2": {
      "value": "true"
    },
    "github_token": {
      "value": "***",
      "isSecret": true
    },
    "system.from_run_service": {
      "value": "true"
    },
    "system.github.job": {
      "value": "deploy"
    },
    "system.github.launch_endpoint": {
      "value": "https://launch.actions.githubusercontent.com"
    },
    "system.github.results_endpoint": {
      "value": "https://results-receiver.actions.githubusercontent.com/"
    },
    "system.github.results_upload_with_sdk": {
      "value": "true"
    },
    "system.github.token": {
      "value": "***",
      "isSecret": true
    },
    "system.github.token.permissions": {
      "value": "{\"Contents\":\"read\",\"Metadata\":\"read\",\"Packages\":\"read\"}"
    },
    "system.orchestrationId": {
      "value": "191e2856-dadc-8e1e-b3ea-657e0a09d00d.deploy.__default"
    },
    "system.phaseDisplayName": {
      "value": "deploy"
    },
    "system.runner.lowdiskspacethreshold": {
      "value": "100"
    },
    "system.runnerEnvironment": {
      "value": "self-hosted"
    },
    "system.runnerGroupName": {
      "value": "Default"
    }
  },
  "messageType": "RunnerJobRequest",
  "plan": {
    "scopeIdentifier": "00000000-0000-0000-0000-000000000000",
    "planType": "actions",
    "version": 0,
    "planId": "191e2856-dadc-8e1e-b3ea-657e0a09d00d",
    "planGroup": null,
    "artifactUri": null,
    "artifactLocation": null,
    "definition": null,
    "owner": null
  },
  "timeline": {
    "id": "191e2856-dadc-8e1e-b3ea-657e0a09d00d",
    "changeId": 0,
    "location": null
  },
  "jobId": "7ba3a2da-9cd6-575a-8f72-ba2535ddb88a",
  "jobDisplayName": "deploy",
  "jobName": "__default",
  "requestId": 0,
  "lockedUntil": "0001-01-01T00:00:00",
  "resources": {
    "endpoints": [
      {
        "data": {
          "ServerId": "",
          "ServerName": "",
          "CacheServerUrl": "https://artifactcache.actions.githubusercontent.com/vNJajpvbF6IjDhJJK2oJL6aFAilgYF0ASuY1lz9oWwnetORATd/",
          "FeedStreamUrl": "wss://results-receiver.actions.githubusercontent.com/_ws/ingest.sock",
          "ResultsServiceUrl": "https://results-receiver.actions.githubusercontent.com/",
          "PipelinesServiceUrl": "https://pipelinesghubeus4.actions.githubusercontent.com/vNJajpvbF6IjDhJJK2oJL6aFAilgYF0ASuY1lz9oWwnetORATd/",
          "GenerateIdTokenUrl": "",
          "ConnectivityChecks": "[\"https://broker.actions.githubusercontent.com/health\",\"https://token.actions.githubusercontent.com/ready\",\"https://run.actions.githubusercontent.com/health\"]",
          "ConnectivityAndDNSChecks": ""
        },
        "name": "SystemVssConnection",
        "url": "https://run-actions-3-azure-eastus.actions.githubusercontent.com/131/",
        "authorization": {
          "parameters": {
            "AccessToken": "***"
          },
          "scheme": "OAuth"
        },
        "isShared": false,
        "isReady": true
      }
    ]
  },
  "contextData": {
    "github": {
      "t": 2,
      "d": [
        {
          "k": "ref",
          "v": "refs/heads/main"
        },
        {
          "k": "sha",
          "v": "33d5d78707f32cd9ba50f9bd81232bfb9e9c4b2b"
        },
        {
          "k": "repository",
          "v": "***-ops/my-repo"
        },
        {
          "k": "repository_owner",
          "v": "***-ops"
        },
        {
          "k": "repository_owner_id",
          "v": "328057542"
        },
        {
          "k": "repositoryUrl",
          "v": "git://github.com/***-ops/my-repo.git"
        },
        {
          "k": "run_id",
          "v": "36752041870"
        },
        {
          "k": "run_number",
          "v": "8"
        },
        {
          "k": "retention_days",
          "v": "90"
        },
        {
          "k": "run_attempt",
          "v": "1"
        },
        {
          "k": "artifact_cache_size_limit",
          "v": "10"
        },
        {
          "k": "repository_visibility",
          "v": "public"
        },
        {
          "k": "actor_id",
          "v": "328057542"
        },
        {
          "k": "actor",
          "v": "***-ops"
        },
        {
          "k": "workflow",
          "v": "Local CI-CD Pipeline"
        },
        {
          "k": "head_ref",
          "v": ""
        },
        {
          "k": "base_ref",
          "v": ""
        },
        {
          "k": "event_name",
          "v": "push"
        },
        {
          "k": "server_url",
          "v": "https://github.com"
        },
        {
          "k": "api_url",
          "v": "https://api.github.com"
        },
        {
          "k": "graphql_url",
          "v": "https://api.github.com/graphql"
        },
        {
          "k": "ref_name",
          "v": "main"
        },
        {
          "k": "ref_protected",
          "v": false
        },
        {
          "k": "ref_type",
          "v": "branch"
        },
        {
          "k": "secret_source",
          "v": "Actions"
        },
        {
          "k": "event",
          "v": {
            "t": 2,
            "d": [
              {
                "k": "after",
                "v": "33d5d78707f32cd9ba50f9bd81232bfb9e9c4b2b"
              },
              {
                "k": "base_ref",
                "v": null
              },
              {
                "k": "before",
                "v": "d34b5283d08077e7a7545620341d528e94d6382e"
              },
              {
                "k": "commits",
                "v": {
                  "t": 1,
                  "a": [
                    {
                      "t": 2,
                      "d": [
                        {
                          "k": "author",
                          "v": {
                            "t": 2,
                            "d": [
                              {
                                "k": "email",
                                "v": "***@gmail.com"
                              },
                              {
                                "k": "name",
                                "v": "***"
                              },
                              {
                                "k": "username",
                                "v": "***-ops"
                              }
                            ]
                          }
                        },
                        {
                          "k": "committer",
                          "v": {
                            "t": 2,
                            "d": [
                              {
                                "k": "email",
                                "v": "***@gmail.com"
                              },
                              {
                                "k": "name",
                                "v": "***"
                              },
                              {
                                "k": "username",
                                "v": "***-ops"
                              }
                            ]
                          }
                        },
                        {
                          "k": "distinct",
                          "v": true
                        },
                        {
                          "k": "id",
                          "v": "33d5d78707f32cd9ba50f9bd81232bfb9e9c4b2b"
                        },
                        {
                          "k": "message",
                          "v": "vik-terraform"
                        },
                        {
                          "k": "timestamp",
                          "v": "2026-09-30T23:01:38+05:30"
                        },
                        {
                          "k": "tree_id",
                          "v": "3ef089b65976b571aa8dd35323acd8bcfe5fbb5f"
                        },
                        {
                          "k": "url",
                          "v": "https://github.com/***-ops/my-repo/commit/33d5d78707f32cd9ba50f9bd81232bfb9e9c4b2b"
                        }
                      ]
                    }
                  ]
                }
              },
              {
                "k": "compare",
                "v": "https://github.com/***-ops/my-repo/compare/d34b5283d080...33d5d78707f3"
              },
              {
                "k": "created",
                "v": false
              },
              {
                "k": "deleted",
                "v": false
              },
              {
                "k": "forced",
                "v": false
              },
              {
                "k": "head_commit",
                "v": {
                  "t": 2,
                  "d": [
                    {
                      "k": "author",
                      "v": {
                        "t": 2,
                        "d": [
                          {
                            "k": "email",
                            "v": "***@gmail.com"
                          },
                          {
                            "k": "name",
                            "v": "***"
                          },
                          {
                            "k": "username",
                            "v": "***-ops"
                          }
                        ]
                      }
                    },
                    {
                      "k": "committer",
                      "v": {
                        "t": 2,
                        "d": [
                          {
                            "k": "email",
                            "v": "***@gmail.com"
                          },
                          {
                            "k": "name",
                            "v": "***"
                          },
                          {
                            "k": "username",
                            "v": "***-ops"
                          }
                        ]
                      }
                    },
                    {
                      "k": "distinct",
                      "v": true
                    },
                    {
                      "k": "id",
                      "v": "33d5d78707f32cd9ba50f9bd81232bfb9e9c4b2b"
                    },
                    {
                      "k": "message",
                      "v": "vik-terraform"
                    },
                    {
                      "k": "timestamp",
                      "v": "2026-09-30T23:01:38+05:30"
                    },
                    {
                      "k": "tree_id",
                      "v": "3ef089b65976b571aa8dd35323acd8bcfe5fbb5f"
                    },
                    {
                      "k": "url",
                      "v": "https://github.com/***-ops/my-repo/commit/33d5d78707f32cd9ba50f9bd81232bfb9e9c4b2b"
                    }
                  ]
                }
              },
              {
                "k": "pusher",
                "v": {
                  "t": 2,
                  "d": [
                    {
                      "k": "email",
                      "v": "***@gmail.com"
                    },
                    {
                      "k": "name",
                      "v": "***-ops"
                    }
                  ]
                }
              },
              {
                "k": "ref",
                "v": "refs/heads/main"
              },
              {
                "k": "repository",
                "v": {
                  "t": 2,
                  "d": [
                    {
                      "k": "allow_forking",
                      "v": true
                    },
                    {
                      "k": "archive_url",
                      "v": "https://api.github.com/repos/***-ops/my-repo/{archive_format}{/ref}"
                    },
                    {
                      "k": "archived",
                      "v": false
                    },
                    {
                      "k": "assignees_url",
                      "v": "https://api.github.com/repos/***-ops/my-repo/assignees{/user}"
                    },
                    {
                      "k": "blobs_url",
                      "v": "https://api.github.com/repos/***-ops/my-repo/git/blobs{/sha}"
                    },
                    {
                      "k": "branches_url",
                      "v": "https://api.github.com/repos/***-ops/my-repo/branches{/branch}"
                    },
                    {
                      "k": "clone_url",
                      "v": "https://github.com/***-ops/my-repo.git"
                    },
                    {
                      "k": "collaborators_url",
                      "v": "https://api.github.com/repos/***-ops/my-repo/collaborators{/collaborator}"
                    },
                    {
                      "k": "comments_url",
                      "v": "https://api.github.com/repos/***-ops/my-repo/comments{/number}"
                    },
                    {
                      "k": "commits_url",
                      "v": "https://api.github.com/repos/***-ops/my-repo/commits{/sha}"
                    },
                    {
                      "k": "compare_url",
                      "v": "https://api.github.com/repos/***-ops/my-repo/compare/{base}...{head}"
                    },
                    {
                      "k": "contents_url",
                      "v": "https://api.github.com/repos/***-ops/my-repo/contents/{+path}"
                    },
                    {
                      "k": "contributors_url",
                      "v": "https://api.github.com/repos/***-ops/my-repo/contributors"
                    },
                    {
                      "k": "created_at",
                      "v": 1789143027.0
                    },
                    {
                      "k": "default_branch",
                      "v": "main"
                    },
                    {
                      "k": "deployments_url",
                      "v": "https://api.github.com/repos/***-ops/my-repo/deployments"
                    },
                    {
                      "k": "description",
                      "v": "my repository "
                    },
                    {
                      "k": "disabled",
                      "v": false
                    },
                    {
                      "k": "downloads_url",
                      "v": "https://api.github.com/repos/***-ops/my-repo/downloads"
                    },
                    {
                      "k": "events_url",
                      "v": "https://api.github.com/repos/***-ops/my-repo/events"
                    },
                    {
                      "k": "fork",
                      "v": false
                    },
                    {
                      "k": "forks",
                      "v": 0.0
                    },
                    {
                      "k": "forks_count",
                      "v": 0.0
                    },
                    {
                      "k": "forks_url",
                      "v": "https://api.github.com/repos/***-ops/my-repo/forks"
                    },
                    {
                      "k": "full_name",
                      "v": "***-ops/my-repo"
                    },
                    {
                      "k": "git_commits_url",
                      "v": "https://api.github.com/repos/***-ops/my-repo/git/commits{/sha}"
                    },
                    {
                      "k": "git_refs_url",
                      "v": "https://api.github.com/repos/***-ops/my-repo/git/refs{/sha}"
                    },
                    {
                      "k": "git_tags_url",
                      "v": "https://api.github.com/repos/***-ops/my-repo/git/tags{/sha}"
                    },
                    {
                      "k": "git_url",
                      "v": "git://github.com/***-ops/my-repo.git"
                    },
                    {
                      "k": "has_discussions",
                      "v": false
                    },
                    {
                      "k": "has_downloads",
                      "v": true
                    },
                    {
                      "k": "has_issues",
                      "v": true
                    },
                    {
                      "k": "has_pages",
                      "v": false
                    },
                    {
                      "k": "has_projects",
                      "v": true
                    },
                    {
                      "k": "has_pull_requests",
                      "v": true
                    },
                    {
                      "k": "has_wiki",
                      "v": true
                    },
                    {
                      "k": "homepage",
                      "v": null
                    },
                    {
                      "k": "hooks_url",
                      "v": "https://api.github.com/repos/***-ops/my-repo/hooks"
                    },
                    {
                      "k": "html_url",
                      "v": "https://github.com/***-ops/my-repo"
                    },
                    {
                      "k": "id",
                      "v": 1366412515.0
                    },
                    {
                      "k": "is_template",
                      "v": false
                    },
                    {
                      "k": "issue_comment_url",
                      "v": "https://api.github.com/repos/***-ops/my-repo/issues/comments{/number}"
                    },
                    {
                      "k": "issue_events_url",
                      "v": "https://api.github.com/repos/***-ops/my-repo/issues/events{/number}"
                    },
                    {
                      "k": "issues_url",
                      "v": "https://api.github.com/repos/***-ops/my-repo/issues{/number}"
                    },
                    {
                      "k": "keys_url",
                      "v": "https://api.github.com/repos/***-ops/my-repo/keys{/key_id}"
                    },
                    {
                      "k": "labels_url",
                      "v": "https://api.github.com/repos/***-ops/my-repo/labels{/name}"
                    },
                    {
                      "k": "language",
                      "v": "HCL"
                    },
                    {
                      "k": "languages_url",
                      "v": "https://api.github.com/repos/***-ops/my-repo/languages"
                    },
                    {
                      "k": "license",
                      "v": null
                    },
                    {
                      "k": "master_branch",
                      "v": "main"
                    },
                    {
                      "k": "merges_url",
                      "v": "https://api.github.com/repos/***-ops/my-repo/merges"
                    },
                    {
                      "k": "milestones_url",
                      "v": "https://api.github.com/repos/***-ops/my-repo/milestones{/number}"
                    },
                    {
                      "k": "mirror_url",
                      "v": null
                    },
                    {
                      "k": "name",
                      "v": "my-repo"
                    },
                    {
                      "k": "node_id",
                      "v": "R_kgDOUXHM4w"
                    },
                    {
                      "k": "notifications_url",
                      "v": "https://api.github.com/repos/***-ops/my-repo/notifications{?since,all,participating}"
                    },
                    {
                      "k": "open_issues",
                      "v": 0.0
                    },
                    {
                      "k": "open_issues_count",
                      "v": 0.0
                    },
                    {
                      "k": "owner",
                      "v": {
                        "t": 2,
                        "d": [
                          {
                            "k": "avatar_url",
                            "v": "https://avatars.githubusercontent.com/u/328057542?v=4"
                          },
                          {
                            "k": "email",
                            "v": "***@gmail.com"
                          },
                          {
                            "k": "events_url",
                            "v": "https://api.github.com/users/***-ops/events{/privacy}"
                          },
                          {
                            "k": "followers_url",
                            "v": "https://api.github.com/users/***-ops/followers"
                          },
                          {
                            "k": "following_url",
                            "v": "https://api.github.com/users/***-ops/following{/other_user}"
                          },
                          {
                            "k": "gists_url",
                            "v": "https://api.github.com/users/***-ops/gists{/gist_id}"
                          },
                          {
                            "k": "gravatar_id",
                            "v": ""
                          },
                          {
                            "k": "html_url",
                            "v": "https://github.com/***-ops"
                          },
                          {
                            "k": "id",
                            "v": 328057542.0
                          },
                          {
                            "k": "login",
                            "v": "***-ops"
                          },
                          {
                            "k": "name",
                            "v": "***-ops"
                          },
                          {
                            "k": "node_id",
                            "v": "U_kgDOE43Cxg"
                          },
                          {
                            "k": "organizations_url",
                            "v": "https://api.github.com/users/***-ops/orgs"
                          },
                          {
                            "k": "received_events_url",
                            "v": "https://api.github.com/users/***-ops/received_events"
                          },
                          {
                            "k": "repos_url",
                            "v": "https://api.github.com/users/***-ops/repos"
                          },
                          {
                            "k": "site_admin",
                            "v": false
                          },
                          {
                            "k": "starred_url",
                            "v": "https://api.github.com/users/***-ops/starred{/owner}{/repo}"
                          },
                          {
                            "k": "subscriptions_url",
                            "v": "https://api.github.com/users/***-ops/subscriptions"
                          },
                          {
                            "k": "type",
                            "v": "User"
                          },
                          {
                            "k": "url",
                            "v": "https://api.github.com/users/***-ops"
                          },
                          {
                            "k": "user_view_type",
                            "v": "public"
                          }
                        ]
                      }
                    },
                    {
                      "k": "private",
                      "v": false
                    },
                    {
                      "k": "pull_request_creation_policy",
                      "v": "all"
                    },
                    {
                      "k": "pulls_url",
                      "v": "https://api.github.com/repos/***-ops/my-repo/pulls{/number}"
                    },
                    {
                      "k": "pushed_at",
                      "v": 1790789512.0
                    },
                    {
                      "k": "releases_url",
                      "v": "https://api.github.com/repos/***-ops/my-repo/releases{/id}"
                    },
                    {
                      "k": "size",
                      "v": 11.0
                    },
                    {
                      "k": "ssh_url",
                      "v": "git@github.com:***-ops/my-repo.git"
                    },
                    {
                      "k": "stargazers",
                      "v": 0.0
                    },
                    {
                      "k": "stargazers_count",
                      "v": 0.0
                    },
                    {
                      "k": "stargazers_url",
                      "v": "https://api.github.com/repos/***-ops/my-repo/stargazers"
                    },
                    {
                      "k": "statuses_url",
                      "v": "https://api.github.com/repos/***-ops/my-repo/statuses/{sha}"
                    },
                    {
                      "k": "subscribers_url",
                      "v": "https://api.github.com/repos/***-ops/my-repo/subscribers"
                    },
                    {
                      "k": "subscription_url",
                      "v": "https://api.github.com/repos/***-ops/my-repo/subscription"
                    },
                    {
                      "k": "svn_url",
                      "v": "https://github.com/***-ops/my-repo"
                    },
                    {
                      "k": "tags_url",
                      "v": "https://api.github.com/repos/***-ops/my-repo/tags"
                    },
                    {
                      "k": "teams_url",
                      "v": "https://api.github.com/repos/***-ops/my-repo/teams"
                    },
                    {
                      "k": "topics",
                      "v": {
                        "t": 1
                      }
                    },
                    {
                      "k": "trees_url",
                      "v": "https://api.github.com/repos/***-ops/my-repo/git/trees{/sha}"
                    },
                    {
                      "k": "updated_at",
                      "v": "2026-09-30T17:28:43Z"
                    },
                    {
                      "k": "url",
                      "v": "https://api.github.com/repos/***-ops/my-repo"
                    },
                    {
                      "k": "visibility",
                      "v": "public"
                    },
                    {
                      "k": "watchers",
                      "v": 0.0
                    },
                    {
                      "k": "watchers_count",
                      "v": 0.0
                    },
                    {
                      "k": "web_commit_signoff_required",
                      "v": false
                    }
                  ]
                }
              },
              {
                "k": "sender",
                "v": {
                  "t": 2,
                  "d": [
                    {
                      "k": "avatar_url",
                      "v": "https://avatars.githubusercontent.com/u/328057542?v=4"
                    },
                    {
                      "k": "events_url",
                      "v": "https://api.github.com/users/***-ops/events{/privacy}"
                    },
                    {
                      "k": "followers_url",
                      "v": "https://api.github.com/users/***-ops/followers"
                    },
                    {
                      "k": "following_url",
                      "v": "https://api.github.com/users/***-ops/following{/other_user}"
                    },
                    {
                      "k": "gists_url",
                      "v": "https://api.github.com/users/***-ops/gists{/gist_id}"
                    },
                    {
                      "k": "gravatar_id",
                      "v": ""
                    },
                    {
                      "k": "html_url",
                      "v": "https://github.com/***-ops"
                    },
                    {
                      "k": "id",
                      "v": 328057542.0
                    },
                    {
                      "k": "login",
                      "v": "***-ops"
                    },
                    {
                      "k": "node_id",
                      "v": "U_kgDOE43Cxg"
                    },
                    {
                      "k": "organizations_url",
                      "v": "https://api.github.com/users/***-ops/orgs"
                    },
                    {
                      "k": "received_events_url",
                      "v": "https://api.github.com/users/***-ops/received_events"
                    },
                    {
                      "k": "repos_url",
                      "v": "https://api.github.com/users/***-ops/repos"
                    },
                    {
                      "k": "site_admin",
                      "v": false
                    },
                    {
                      "k": "starred_url",
                      "v": "https://api.github.com/users/***-ops/starred{/owner}{/repo}"
                    },
                    {
                      "k": "subscriptions_url",
                      "v": "https://api.github.com/users/***-ops/subscriptions"
                    },
                    {
                      "k": "type",
                      "v": "User"
                    },
                    {
                      "k": "url",
                      "v": "https://api.github.com/users/***-ops"
                    },
                    {
                      "k": "user_view_type",
                      "v": "public"
                    }
                  ]
                }
              }
            ]
          }
        },
        {
          "k": "workflow_ref",
          "v": "***-ops/my-repo/.github/workflows/k8s_pipeline.yaml@refs/heads/main"
        },
        {
          "k": "workflow_sha",
          "v": "33d5d78707f32cd9ba50f9bd81232bfb9e9c4b2b"
        },
        {
          "k": "repository_id",
          "v": "1366412515"
        },
        {
          "k": "triggering_actor",
          "v": "***-ops"
        }
      ]
    },
    "inputs": {
      "t": 2
    },
    "job": {
      "t": 2,
      "d": [
        {
          "k": "check_run_id",
          "v": 110012831678.0
        },
        {
          "k": "workflow_ref",
          "v": "***-ops/my-repo/.github/workflows/k8s_pipeline.yaml@refs/heads/main"
        },
        {
          "k": "workflow_sha",
          "v": "33d5d78707f32cd9ba50f9bd81232bfb9e9c4b2b"
        },
        {
          "k": "workflow_repository",
          "v": "***-ops/my-repo"
        },
        {
          "k": "workflow_file_path",
          "v": ".github/workflows/k8s_pipeline.yaml"
        }
      ]
    },
    "matrix": null,
    "needs": {
      "t": 2
    },
    "strategy": {
      "t": 2,
      "d": [
        {
          "k": "fail-fast",
          "v": true
        },
        {
          "k": "job-index",
          "v": 0.0
        },
        {
          "k": "job-total",
          "v": 1.0
        },
        {
          "k": "max-parallel",
          "v": 1.0
        }
      ]
    },
    "vars": {
      "t": 2
    }
  },
  "billingOwnerId": "U_kgDOE43Cxg"
}
[2026-09-30 17:32:02Z INFO JobRunner] Job ID 7ba3a2da-9cd6-575a-8f72-ba2535ddb88a
[2026-09-30 17:32:02Z INFO ConfigurationStore] currentAssemblyLocation: D:\cicd\actions-runner\bin\Runner.Worker.dll
[2026-09-30 17:32:02Z INFO HostContext] Well known directory 'Bin': 'D:\cicd\actions-runner\bin'
[2026-09-30 17:32:02Z INFO ConfigurationStore] binPath: D:\cicd\actions-runner\bin
[2026-09-30 17:32:02Z INFO HostContext] Well known directory 'Bin': 'D:\cicd\actions-runner\bin'
[2026-09-30 17:32:02Z INFO HostContext] Well known directory 'Root': 'D:\cicd\actions-runner'
[2026-09-30 17:32:02Z INFO ConfigurationStore] RootFolder: D:\cicd\actions-runner
[2026-09-30 17:32:02Z INFO HostContext] Well known directory 'Bin': 'D:\cicd\actions-runner\bin'
[2026-09-30 17:32:02Z INFO HostContext] Well known directory 'Root': 'D:\cicd\actions-runner'
[2026-09-30 17:32:02Z INFO HostContext] Well known config file 'Runner': 'D:\cicd\actions-runner\.runner'
[2026-09-30 17:32:02Z INFO ConfigurationStore] ConfigFilePath: D:\cicd\actions-runner\.runner
[2026-09-30 17:32:02Z INFO HostContext] Well known directory 'Bin': 'D:\cicd\actions-runner\bin'
[2026-09-30 17:32:02Z INFO HostContext] Well known directory 'Root': 'D:\cicd\actions-runner'
[2026-09-30 17:32:02Z INFO HostContext] Well known config file 'MigratedRunner': 'D:\cicd\actions-runner\.runner_migrated'
[2026-09-30 17:32:02Z INFO ConfigurationStore] MigratedConfigFilePath: D:\cicd\actions-runner\.runner_migrated
[2026-09-30 17:32:02Z INFO HostContext] Well known directory 'Bin': 'D:\cicd\actions-runner\bin'
[2026-09-30 17:32:02Z INFO HostContext] Well known directory 'Root': 'D:\cicd\actions-runner'
[2026-09-30 17:32:02Z INFO HostContext] Well known config file 'Credentials': 'D:\cicd\actions-runner\.credentials'
[2026-09-30 17:32:02Z INFO ConfigurationStore] CredFilePath: D:\cicd\actions-runner\.credentials
[2026-09-30 17:32:02Z INFO HostContext] Well known directory 'Bin': 'D:\cicd\actions-runner\bin'
[2026-09-30 17:32:02Z INFO HostContext] Well known directory 'Root': 'D:\cicd\actions-runner'
[2026-09-30 17:32:02Z INFO HostContext] Well known config file 'MigratedCredentials': 'D:\cicd\actions-runner\.credentials_migrated'
[2026-09-30 17:32:02Z INFO ConfigurationStore] MigratedCredFilePath: D:\cicd\actions-runner\.credentials_migrated
[2026-09-30 17:32:02Z INFO HostContext] Well known directory 'Bin': 'D:\cicd\actions-runner\bin'
[2026-09-30 17:32:02Z INFO HostContext] Well known directory 'Root': 'D:\cicd\actions-runner'
[2026-09-30 17:32:02Z INFO HostContext] Well known config file 'Service': 'D:\cicd\actions-runner\.service'
[2026-09-30 17:32:02Z INFO ConfigurationStore] ServiceConfigFilePath: D:\cicd\actions-runner\.service
[2026-09-30 17:32:02Z INFO ConfigurationStore] Read setting file: 398 chars
[2026-09-30 17:32:03Z INFO JobRunner] Initializing launch client
[2026-09-30 17:32:03Z INFO JobServerQueue] Initializing results client
[2026-09-30 17:32:03Z INFO ResultServer] Creating websocket client ...wss://results-receiver.actions.githubusercontent.com/_ws/ingest.sock
[2026-09-30 17:32:03Z INFO ResultServer] Attempting to start websocket client with delay 00:00:00.
[2026-09-30 17:32:04Z INFO JobServerQueue] Start process web console line queue.
[2026-09-30 17:32:04Z INFO JobServerQueue] Start process file upload queue.
[2026-09-30 17:32:04Z INFO JobServerQueue] Start results file upload queue.
[2026-09-30 17:32:04Z INFO JobServerQueue] Starting results-based upload queue...
[2026-09-30 17:32:04Z INFO JobServerQueue] Start process timeline update queue.
[2026-09-30 17:32:04Z INFO ExecutionContext] Initializing Job context
[2026-09-30 17:32:04Z INFO ExecutionContext] Initialize GitHub context
[2026-09-30 17:32:04Z INFO ExecutionContext] Initialize Env context
[2026-09-30 17:32:04Z INFO HostContext] Well known directory 'Bin': 'D:\cicd\actions-runner\bin'
[2026-09-30 17:32:04Z INFO HostContext] Well known directory 'Root': 'D:\cicd\actions-runner'
[2026-09-30 17:32:04Z INFO HostContext] Well known directory 'Diag': 'D:\cicd\actions-runner\_diag'
[2026-09-30 17:32:04Z INFO HostContext] Well known directory 'Bin': 'D:\cicd\actions-runner\bin'
[2026-09-30 17:32:04Z INFO HostContext] Well known directory 'Root': 'D:\cicd\actions-runner'
[2026-09-30 17:32:04Z INFO HostContext] Well known directory 'Diag': 'D:\cicd\actions-runner\_diag'
[2026-09-30 17:32:04Z INFO JobRunner] Starting the job execution context.
[2026-09-30 17:32:04Z INFO HostContext] Well known directory 'Bin': 'D:\cicd\actions-runner\bin'
[2026-09-30 17:32:04Z INFO HostContext] Well known directory 'Root': 'D:\cicd\actions-runner'
[2026-09-30 17:32:04Z INFO HostContext] Well known directory 'Work': 'D:\cicd\actions-runner\_work'
[2026-09-30 17:32:04Z INFO JobRunner] Validating directory permissions for: 'D:\cicd\actions-runner\_work'
[2026-09-30 17:32:04Z INFO HostContext] Well known directory 'Bin': 'D:\cicd\actions-runner\bin'
[2026-09-30 17:32:04Z INFO HostContext] Well known directory 'Root': 'D:\cicd\actions-runner'
[2026-09-30 17:32:04Z INFO HostContext] Well known directory 'Work': 'D:\cicd\actions-runner\_work'
[2026-09-30 17:32:04Z INFO HostContext] Well known directory 'Tools': 'D:\cicd\actions-runner\_work\_tool'
[2026-09-30 17:32:04Z INFO HostContext] Well known directory 'Bin': 'D:\cicd\actions-runner\bin'
[2026-09-30 17:32:04Z INFO HostContext] Well known directory 'Root': 'D:\cicd\actions-runner'
[2026-09-30 17:32:04Z INFO HostContext] Well known directory 'Work': 'D:\cicd\actions-runner\_work'
[2026-09-30 17:32:04Z INFO HostContext] Well known directory 'Temp': 'D:\cicd\actions-runner\_work\_temp'
[2026-09-30 17:32:04Z INFO JobRunner] Getting job extension.
[2026-09-30 17:32:04Z INFO JobRunner] Initialize job. Getting all job steps.
[2026-09-30 17:32:04Z INFO HostContext] Well known directory 'Bin': 'D:\cicd\actions-runner\bin'
[2026-09-30 17:32:04Z INFO HostContext] Well known directory 'Root': 'D:\cicd\actions-runner'
[2026-09-30 17:32:04Z INFO HostContext] Well known directory 'Diag': 'D:\cicd\actions-runner\_diag'
[2026-09-30 17:32:04Z INFO HostContext] Well known directory 'Bin': 'D:\cicd\actions-runner\bin'
[2026-09-30 17:32:04Z INFO HostContext] Well known directory 'Root': 'D:\cicd\actions-runner'
[2026-09-30 17:32:04Z INFO HostContext] Well known directory 'Diag': 'D:\cicd\actions-runner\_diag'
[2026-09-30 17:32:04Z INFO HostContext] Well known directory 'Bin': 'D:\cicd\actions-runner\bin'
[2026-09-30 17:32:04Z INFO HostContext] Well known directory 'Root': 'D:\cicd\actions-runner'
[2026-09-30 17:32:04Z INFO HostContext] Well known config file 'Credentials': 'D:\cicd\actions-runner\.credentials'
[2026-09-30 17:32:04Z INFO HostContext] Well known directory 'Bin': 'D:\cicd\actions-runner\bin'
[2026-09-30 17:32:04Z INFO HostContext] Well known directory 'Root': 'D:\cicd\actions-runner'
[2026-09-30 17:32:04Z INFO HostContext] Well known config file 'SetupInfo': 'D:\cicd\actions-runner\.setup_info'
[2026-09-30 17:32:04Z INFO HostContext] Well known directory 'Bin': 'D:\cicd\actions-runner\bin'
[2026-09-30 17:32:04Z INFO HostContext] Well known directory 'Root': 'D:\cicd\actions-runner'
[2026-09-30 17:32:04Z INFO HostContext] Well known directory 'Work': 'D:\cicd\actions-runner\_work'
[2026-09-30 17:32:04Z INFO PipelineDirectoryManager] Loading tracking config if exists: D:\cicd\actions-runner\_work\_PipelineMapping\***-ops/my-repo\PipelineFolder.json
[2026-09-30 17:32:04Z INFO PipelineDirectoryManager] Updating job run properties.
[2026-09-30 17:32:04Z INFO HostContext] Well known directory 'Bin': 'D:\cicd\actions-runner\bin'
[2026-09-30 17:32:04Z INFO HostContext] Well known directory 'Root': 'D:\cicd\actions-runner'
[2026-09-30 17:32:04Z INFO HostContext] Well known directory 'Work': 'D:\cicd\actions-runner\_work'
[2026-09-30 17:32:04Z INFO HostContext] Well known directory 'Bin': 'D:\cicd\actions-runner\bin'
[2026-09-30 17:32:04Z INFO HostContext] Well known directory 'Root': 'D:\cicd\actions-runner'
[2026-09-30 17:32:04Z INFO HostContext] Well known directory 'Work': 'D:\cicd\actions-runner\_work'
[2026-09-30 17:32:04Z INFO HostContext] Well known directory 'Bin': 'D:\cicd\actions-runner\bin'
[2026-09-30 17:32:04Z INFO HostContext] Well known directory 'Root': 'D:\cicd\actions-runner'
[2026-09-30 17:32:04Z INFO HostContext] Well known directory 'Work': 'D:\cicd\actions-runner\_work'
[2026-09-30 17:32:05Z INFO PipelineTemplateEvaluatorWrapper] EvaluateJobContainer
[2026-09-30 17:32:05Z INFO PipelineTemplateEvaluatorWrapper] EvaluateJobServiceContainers
[2026-09-30 17:32:05Z INFO JobExtension] Downloading actions
[2026-09-30 17:32:05Z INFO HostContext] Well known directory 'Bin': 'D:\cicd\actions-runner\bin'
[2026-09-30 17:32:05Z INFO HostContext] Well known directory 'Root': 'D:\cicd\actions-runner'
[2026-09-30 17:32:05Z INFO HostContext] Well known directory 'Work': 'D:\cicd\actions-runner\_work'
[2026-09-30 17:32:05Z INFO HostContext] Well known directory 'Actions': 'D:\cicd\actions-runner\_work\_actions'
[2026-09-30 17:32:05Z INFO Worker] Listening for cancel message from the channel.
[2026-09-30 17:32:05Z INFO Worker] Waiting for the job to complete or for a cancel message from the channel.
[2026-09-30 17:32:05Z INFO ResultServer] Successfully started websocket client.
[2026-09-30 17:32:05Z INFO JobServerQueue] Try to append 1 batches web console lines for record '3d296c1d-16ea-4493-a9cc-ff0e1ba39df0', success rate: 1/1.
[2026-09-30 17:32:06Z INFO JobServerQueue] Try to append 1 batches web console lines for record '3d296c1d-16ea-4493-a9cc-ff0e1ba39df0', success rate: 1/1.
[2026-09-30 17:32:06Z INFO JobServerQueue] Job timeline record has been updated for the first time.
[2026-09-30 17:32:06Z INFO HostContext] Well known directory 'Bin': 'D:\cicd\actions-runner\bin'
[2026-09-30 17:32:06Z INFO HostContext] Well known directory 'Root': 'D:\cicd\actions-runner'
[2026-09-30 17:32:06Z INFO HostContext] Well known directory 'Work': 'D:\cicd\actions-runner\_work'
[2026-09-30 17:32:06Z INFO HostContext] Well known directory 'Actions': 'D:\cicd\actions-runner\_work\_actions'
[2026-09-30 17:32:06Z INFO HostContext] Well known directory 'Bin': 'D:\cicd\actions-runner\bin'
[2026-09-30 17:32:06Z INFO HostContext] Well known directory 'Root': 'D:\cicd\actions-runner'
[2026-09-30 17:32:06Z INFO HostContext] Well known directory 'Work': 'D:\cicd\actions-runner\_work'
[2026-09-30 17:32:06Z INFO HostContext] Well known directory 'Actions': 'D:\cicd\actions-runner\_work\_actions'
[2026-09-30 17:32:06Z INFO ActionManager] Save archive 'https://codeload.github.com/actions/checkout/zip/11d5960a326750d5838078e36cf38b85af677262' into D:\cicd\actions-runner\_work\_actions\_temp_1947ef8f-ee88-4559-af3a-62749cb35d7f\584ced1e-c293-4ecc-b584-7440d5675efd.zip.
[2026-09-30 17:32:06Z INFO ActionManager] Using Basic token for action archive download.
[2026-09-30 17:32:06Z INFO JobServerQueue] Try to append 1 batches web console lines for record '3d296c1d-16ea-4493-a9cc-ff0e1ba39df0', success rate: 1/1.
[2026-09-30 17:32:07Z INFO ActionManager] Request URL: https://codeload.github.com/actions/checkout/zip/11d5960a326750d5838078e36cf38b85af677262 X-GitHub-Request-Id: DE5A:20EEB5:399C7:234B4D:6ABD4797 Http Status: OK
[2026-09-30 17:32:08Z INFO ActionManager] Finished getting action repository.
[2026-09-30 17:32:08Z INFO HostContext] Well known directory 'Bin': 'D:\cicd\actions-runner\bin'
[2026-09-30 17:32:08Z INFO HostContext] Well known directory 'Root': 'D:\cicd\actions-runner'
[2026-09-30 17:32:08Z INFO HostContext] Well known directory 'Work': 'D:\cicd\actions-runner\_work'
[2026-09-30 17:32:08Z INFO HostContext] Well known directory 'Actions': 'D:\cicd\actions-runner\_work\_actions'
[2026-09-30 17:32:08Z INFO ActionManifestManagerLegacy] Load schema file with definitions: [
  "null",
  "boolean",
  "number",
  "string",
  "sequence",
  "mapping",
  "any",
  "action-root",
  "inputs",
  "input",
  "outputs",
  "output-definition",
  "runs",
  "container-runs",
  "container-runs-args",
  "container-runs-env",
  "node-runs",
  "plugin-runs",
  "composite-runs",
  "composite-steps",
  "composite-step",
  "run-step",
  "uses-step",
  "container-runs-context",
  "output-value",
  "input-default-context",
  "non-empty-string",
  "string-steps-context",
  "boolean-steps-context",
  "step-env",
  "step-if",
  "step-with"
]
[2026-09-30 17:32:08Z INFO ActionManifestManager] Load schema file with definitions: [
  "null",
  "boolean",
  "number",
  "string",
  "sequence",
  "mapping",
  "any",
  "action-root",
  "inputs",
  "input",
  "outputs",
  "output-definition",
  "runs",
  "container-runs",
  "container-runs-args",
  "container-runs-env",
  "node-runs",
  "plugin-runs",
  "composite-runs",
  "composite-steps",
  "composite-step",
  "run-step",
  "uses-step",
  "container-runs-context",
  "output-value",
  "input-default-context",
  "non-empty-string",
  "string-steps-context",
  "boolean-steps-context",
  "step-env",
  "step-if",
  "step-with"
]
[2026-09-30 17:32:08Z INFO HostContext] Well known directory 'Bin': 'D:\cicd\actions-runner\bin'
[2026-09-30 17:32:08Z INFO HostContext] Well known directory 'Root': 'D:\cicd\actions-runner'
[2026-09-30 17:32:08Z INFO HostContext] Well known directory 'Work': 'D:\cicd\actions-runner\_work'
[2026-09-30 17:32:08Z INFO HostContext] Well known directory 'Actions': 'D:\cicd\actions-runner\_work\_actions'
[2026-09-30 17:32:08Z INFO ActionManifestManagerLegacy] Loaded action.yml file: {
  "name": "Checkout",
  "description": "Checkout a Git repository at a particular version",
  "inputs": {
    "type": 2,
    "map": [
      {
        "key": {
          "type": 0,
          "file": 2,
          "line": 4,
          "col": 3,
          "lit": "repository"
        },
        "value": {
          "type": 3,
          "file": 2,
          "line": 6,
          "col": 14,
          "expr": "github.repository"
        }
      },
      {
        "key": {
          "type": 0,
          "file": 2,
          "line": 7,
          "col": 3,
          "lit": "ref"
        },
        "value": ""
      },
      {
        "key": {
          "type": 0,
          "file": 2,
          "line": 12,
          "col": 3,
          "lit": "token"
        },
        "value": {
          "type": 3,
          "file": 2,
          "line": 24,
          "col": 14,
          "expr": "github.token"
        }
      },
      {
        "key": {
          "type": 0,
          "file": 2,
          "line": 25,
          "col": 3,
          "lit": "ssh-key"
        },
        "value": ""
      },
      {
        "key": {
          "type": 0,
          "file": 2,
          "line": 37,
          "col": 3,
          "lit": "ssh-known-hosts"
        },
        "value": ""
      },
      {
        "key": {
          "type": 0,
          "file": 2,
          "line": 42,
          "col": 3,
          "lit": "ssh-strict"
        },
        "value": {
          "type": 0,
          "file": 2,
          "line": 47,
          "col": 14,
          "lit": "true"
        }
      },
      {
        "key": {
          "type": 0,
          "file": 2,
          "line": 48,
          "col": 3,
          "lit": "ssh-user"
        },
        "value": {
          "type": 0,
          "file": 2,
          "line": 51,
          "col": 14,
          "lit": "git"
        }
      },
      {
        "key": {
          "type": 0,
          "file": 2,
          "line": 52,
          "col": 3,
          "lit": "persist-credentials"
        },
        "value": {
          "type": 0,
          "file": 2,
          "line": 54,
          "col": 14,
          "lit": "true"
        }
      },
      {
        "key": {
          "type": 0,
          "file": 2,
          "line": 55,
          "col": 3,
          "lit": "path"
        },
        "value": ""
      },
      {
        "key": {
          "type": 0,
          "file": 2,
          "line": 57,
          "col": 3,
          "lit": "clean"
        },
        "value": {
          "type": 0,
          "file": 2,
          "line": 59,
          "col": 14,
          "lit": "true"
        }
      },
      {
        "key": {
          "type": 0,
          "file": 2,
          "line": 60,
          "col": 3,
          "lit": "filter"
        },
        "value": {
          "type": 0,
          "file": 2,
          "line": 64,
          "col": 14,
          "lit": ""
        }
      },
      {
        "key": {
          "type": 0,
          "file": 2,
          "line": 65,
          "col": 3,
          "lit": "sparse-checkout"
        },
        "value": {
          "type": 0,
          "file": 2,
          "line": 69,
          "col": 14,
          "lit": ""
        }
      },
      {
        "key": {
          "type": 0,
          "file": 2,
          "line": 70,
          "col": 3,
          "lit": "sparse-checkout-cone-mode"
        },
        "value": {
          "type": 0,
          "file": 2,
          "line": 73,
          "col": 14,
          "lit": "true"
        }
      },
      {
        "key": {
          "type": 0,
          "file": 2,
          "line": 74,
          "col": 3,
          "lit": "fetch-depth"
        },
        "value": {
          "type": 0,
          "file": 2,
          "line": 76,
          "col": 14,
          "lit": "1"
        }
      },
      {
        "key": {
          "type": 0,
          "file": 2,
          "line": 77,
          "col": 3,
          "lit": "fetch-tags"
        },
        "value": {
          "type": 0,
          "file": 2,
          "line": 79,
          "col": 14,
          "lit": "false"
        }
      },
      {
        "key": {
          "type": 0,
          "file": 2,
          "line": 80,
          "col": 3,
          "lit": "show-progress"
        },
        "value": {
          "type": 0,
          "file": 2,
          "line": 82,
          "col": 14,
          "lit": "true"
        }
      },
      {
        "key": {
          "type": 0,
          "file": 2,
          "line": 83,
          "col": 3,
          "lit": "lfs"
        },
        "value": {
          "type": 0,
          "file": 2,
          "line": 85,
          "col": 14,
          "lit": "false"
        }
      },
      {
        "key": {
          "type": 0,
          "file": 2,
          "line": 86,
          "col": 3,
          "lit": "submodules"
        },
        "value": {
          "type": 0,
          "file": 2,
          "line": 94,
          "col": 14,
          "lit": "false"
        }
      },
      {
        "key": {
          "type": 0,
          "file": 2,
          "line": 95,
          "col": 3,
          "lit": "set-safe-directory"
        },
        "value": {
          "type": 0,
          "file": 2,
          "line": 97,
          "col": 14,
          "lit": "true"
        }
      },
      {
        "key": {
          "type": 0,
          "file": 2,
          "line": 98,
          "col": 3,
          "lit": "github-server-url"
        },
        "value": ""
      },
      {
        "key": {
          "type": 0,
          "file": 2,
          "line": 101,
          "col": 3,
          "lit": "allow-unsafe-pr-checkout"
        },
        "value": {
          "type": 0,
          "file": 2,
          "line": 109,
          "col": 14,
          "lit": "false"
        }
      }
    ]
  },
  "execution": {
    "executionType": "nodeJS",
    "hasPre": false,
    "hasPost": true,
    "script": "dist/index.js",
    "pre": null,
    "post": "dist/index.js",
    "nodeVersion": "node20",
    "cleanupCondition": "always()",
    "initCondition": "always()"
  },
  "deprecated": null
}
[2026-09-30 17:32:08Z INFO ActionManifestManagerWrapper] Load
[2026-09-30 17:32:08Z INFO HostContext] Well known directory 'Bin': 'D:\cicd\actions-runner\bin'
[2026-09-30 17:32:08Z INFO HostContext] Well known directory 'Root': 'D:\cicd\actions-runner'
[2026-09-30 17:32:08Z INFO HostContext] Well known directory 'Work': 'D:\cicd\actions-runner\_work'
[2026-09-30 17:32:08Z INFO HostContext] Well known directory 'Actions': 'D:\cicd\actions-runner\_work\_actions'
[2026-09-30 17:32:08Z INFO ActionManifestManager] Loaded action.yml file: {
  "name": "Checkout",
  "description": "Checkout a Git repository at a particular version",
  "inputs": {
    "type": 2,
    "map": [
      {
        "key": {
          "type": 0,
          "file": 2,
          "line": 4,
          "col": 3,
          "lit": "repository"
        },
        "value": {
          "type": 3,
          "file": 2,
          "line": 6,
          "col": 14,
          "expr": "github.repository"
        }
      },
      {
        "key": {
          "type": 0,
          "file": 2,
          "line": 7,
          "col": 3,
          "lit": "ref"
        },
        "value": ""
      },
      {
        "key": {
          "type": 0,
          "file": 2,
          "line": 12,
          "col": 3,
          "lit": "token"
        },
        "value": {
          "type": 3,
          "file": 2,
          "line": 24,
          "col": 14,
          "expr": "github.token"
        }
      },
      {
        "key": {
          "type": 0,
          "file": 2,
          "line": 25,
          "col": 3,
          "lit": "ssh-key"
        },
        "value": ""
      },
      {
        "key": {
          "type": 0,
          "file": 2,
          "line": 37,
          "col": 3,
          "lit": "ssh-known-hosts"
        },
        "value": ""
      },
      {
        "key": {
          "type": 0,
          "file": 2,
          "line": 42,
          "col": 3,
          "lit": "ssh-strict"
        },
        "value": {
          "type": 0,
          "file": 2,
          "line": 47,
          "col": 14,
          "lit": "true"
        }
      },
      {
        "key": {
          "type": 0,
          "file": 2,
          "line": 48,
          "col": 3,
          "lit": "ssh-user"
        },
        "value": {
          "type": 0,
          "file": 2,
          "line": 51,
          "col": 14,
          "lit": "git"
        }
      },
      {
        "key": {
          "type": 0,
          "file": 2,
          "line": 52,
          "col": 3,
          "lit": "persist-credentials"
        },
        "value": {
          "type": 0,
          "file": 2,
          "line": 54,
          "col": 14,
          "lit": "true"
        }
      },
      {
        "key": {
          "type": 0,
          "file": 2,
          "line": 55,
          "col": 3,
          "lit": "path"
        },
        "value": ""
      },
      {
        "key": {
          "type": 0,
          "file": 2,
          "line": 57,
          "col": 3,
          "lit": "clean"
        },
        "value": {
          "type": 0,
          "file": 2,
          "line": 59,
          "col": 14,
          "lit": "true"
        }
      },
      {
        "key": {
          "type": 0,
          "file": 2,
          "line": 60,
          "col": 3,
          "lit": "filter"
        },
        "value": {
          "type": 0,
          "file": 2,
          "line": 64,
          "col": 14,
          "lit": ""
        }
      },
      {
        "key": {
          "type": 0,
          "file": 2,
          "line": 65,
          "col": 3,
          "lit": "sparse-checkout"
        },
        "value": {
          "type": 0,
          "file": 2,
          "line": 69,
          "col": 14,
          "lit": ""
        }
      },
      {
        "key": {
          "type": 0,
          "file": 2,
          "line": 70,
          "col": 3,
          "lit": "sparse-checkout-cone-mode"
        },
        "value": {
          "type": 0,
          "file": 2,
          "line": 73,
          "col": 14,
          "lit": "true"
        }
      },
      {
        "key": {
          "type": 0,
          "file": 2,
          "line": 74,
          "col": 3,
          "lit": "fetch-depth"
        },
        "value": {
          "type": 0,
          "file": 2,
          "line": 76,
          "col": 14,
          "lit": "1"
        }
      },
      {
        "key": {
          "type": 0,
          "file": 2,
          "line": 77,
          "col": 3,
          "lit": "fetch-tags"
        },
        "value": {
          "type": 0,
          "file": 2,
          "line": 79,
          "col": 14,
          "lit": "false"
        }
      },
      {
        "key": {
          "type": 0,
          "file": 2,
          "line": 80,
          "col": 3,
          "lit": "show-progress"
        },
        "value": {
          "type": 0,
          "file": 2,
          "line": 82,
          "col": 14,
          "lit": "true"
        }
      },
      {
        "key": {
          "type": 0,
          "file": 2,
          "line": 83,
          "col": 3,
          "lit": "lfs"
        },
        "value": {
          "type": 0,
          "file": 2,
          "line": 85,
          "col": 14,
          "lit": "false"
        }
      },
      {
        "key": {
          "type": 0,
          "file": 2,
          "line": 86,
          "col": 3,
          "lit": "submodules"
        },
        "value": {
          "type": 0,
          "file": 2,
          "line": 94,
          "col": 14,
          "lit": "false"
        }
      },
      {
        "key": {
          "type": 0,
          "file": 2,
          "line": 95,
          "col": 3,
          "lit": "set-safe-directory"
        },
        "value": {
          "type": 0,
          "file": 2,
          "line": 97,
          "col": 14,
          "lit": "true"
        }
      },
      {
        "key": {
          "type": 0,
          "file": 2,
          "line": 98,
          "col": 3,
          "lit": "github-server-url"
        },
        "value": ""
      },
      {
        "key": {
          "type": 0,
          "file": 2,
          "line": 101,
          "col": 3,
          "lit": "allow-unsafe-pr-checkout"
        },
        "value": {
          "type": 0,
          "file": 2,
          "line": 109,
          "col": 14,
          "lit": "false"
        }
      }
    ]
  },
  "execution": {
    "executionType": "nodeJS",
    "hasPre": false,
    "hasPost": true,
    "script": "dist/index.js",
    "pre": null,
    "post": "dist/index.js",
    "nodeVersion": "node20",
    "cleanupCondition": "always()",
    "initCondition": "always()"
  },
  "deprecated": null
}
[2026-09-30 17:32:08Z INFO ActionManager] Action node.js file: dist/index.js, no more preparation.
[2026-09-30 17:32:08Z INFO HostContext] Well known directory 'Bin': 'D:\cicd\actions-runner\bin'
[2026-09-30 17:32:08Z INFO HostContext] Well known directory 'Root': 'D:\cicd\actions-runner'
[2026-09-30 17:32:08Z INFO HostContext] Well known directory 'Work': 'D:\cicd\actions-runner\_work'
[2026-09-30 17:32:08Z INFO HostContext] Well known directory 'Actions': 'D:\cicd\actions-runner\_work\_actions'
[2026-09-30 17:32:08Z INFO ActionManager] Load action that reference repository from 'D:\cicd\actions-runner\_work\_actions\actions\checkout\v4'
[2026-09-30 17:32:08Z INFO HostContext] Well known directory 'Bin': 'D:\cicd\actions-runner\bin'
[2026-09-30 17:32:08Z INFO HostContext] Well known directory 'Root': 'D:\cicd\actions-runner'
[2026-09-30 17:32:08Z INFO HostContext] Well known directory 'Work': 'D:\cicd\actions-runner\_work'
[2026-09-30 17:32:08Z INFO HostContext] Well known directory 'Actions': 'D:\cicd\actions-runner\_work\_actions'
[2026-09-30 17:32:08Z INFO ActionManifestManagerLegacy] Loaded action.yml file: {
  "name": "Checkout",
  "description": "Checkout a Git repository at a particular version",
  "inputs": {
    "type": 2,
    "map": [
      {
        "key": {
          "type": 0,
          "file": 2,
          "line": 4,
          "col": 3,
          "lit": "repository"
        },
        "value": {
          "type": 3,
          "file": 2,
          "line": 6,
          "col": 14,
          "expr": "github.repository"
        }
      },
      {
        "key": {
          "type": 0,
          "file": 2,
          "line": 7,
          "col": 3,
          "lit": "ref"
        },
        "value": ""
      },
      {
        "key": {
          "type": 0,
          "file": 2,
          "line": 12,
          "col": 3,
          "lit": "token"
        },
        "value": {
          "type": 3,
          "file": 2,
          "line": 24,
          "col": 14,
          "expr": "github.token"
        }
      },
      {
        "key": {
          "type": 0,
          "file": 2,
          "line": 25,
          "col": 3,
          "lit": "ssh-key"
        },
        "value": ""
      },
      {
        "key": {
          "type": 0,
          "file": 2,
          "line": 37,
          "col": 3,
          "lit": "ssh-known-hosts"
        },
        "value": ""
      },
      {
        "key": {
          "type": 0,
          "file": 2,
          "line": 42,
          "col": 3,
          "lit": "ssh-strict"
        },
        "value": {
          "type": 0,
          "file": 2,
          "line": 47,
          "col": 14,
          "lit": "true"
        }
      },
      {
        "key": {
          "type": 0,
          "file": 2,
          "line": 48,
          "col": 3,
          "lit": "ssh-user"
        },
        "value": {
          "type": 0,
          "file": 2,
          "line": 51,
          "col": 14,
          "lit": "git"
        }
      },
      {
        "key": {
          "type": 0,
          "file": 2,
          "line": 52,
          "col": 3,
          "lit": "persist-credentials"
        },
        "value": {
          "type": 0,
          "file": 2,
          "line": 54,
          "col": 14,
          "lit": "true"
        }
      },
      {
        "key": {
          "type": 0,
          "file": 2,
          "line": 55,
          "col": 3,
          "lit": "path"
        },
        "value": ""
      },
      {
        "key": {
          "type": 0,
          "file": 2,
          "line": 57,
          "col": 3,
          "lit": "clean"
        },
        "value": {
          "type": 0,
          "file": 2,
          "line": 59,
          "col": 14,
          "lit": "true"
        }
      },
      {
        "key": {
          "type": 0,
          "file": 2,
          "line": 60,
          "col": 3,
          "lit": "filter"
        },
        "value": {
          "type": 0,
          "file": 2,
          "line": 64,
          "col": 14,
          "lit": ""
        }
      },
      {
        "key": {
          "type": 0,
          "file": 2,
          "line": 65,
          "col": 3,
          "lit": "sparse-checkout"
        },
        "value": {
          "type": 0,
          "file": 2,
          "line": 69,
          "col": 14,
          "lit": ""
        }
      },
      {
        "key": {
          "type": 0,
          "file": 2,
          "line": 70,
          "col": 3,
          "lit": "sparse-checkout-cone-mode"
        },
        "value": {
          "type": 0,
          "file": 2,
          "line": 73,
          "col": 14,
          "lit": "true"
        }
      },
      {
        "key": {
          "type": 0,
          "file": 2,
          "line": 74,
          "col": 3,
          "lit": "fetch-depth"
        },
        "value": {
          "type": 0,
          "file": 2,
          "line": 76,
          "col": 14,
          "lit": "1"
        }
      },
      {
        "key": {
          "type": 0,
          "file": 2,
          "line": 77,
          "col": 3,
          "lit": "fetch-tags"
        },
        "value": {
          "type": 0,
          "file": 2,
          "line": 79,
          "col": 14,
          "lit": "false"
        }
      },
      {
        "key": {
          "type": 0,
          "file": 2,
          "line": 80,
          "col": 3,
          "lit": "show-progress"
        },
        "value": {
          "type": 0,
          "file": 2,
          "line": 82,
          "col": 14,
          "lit": "true"
        }
      },
      {
        "key": {
          "type": 0,
          "file": 2,
          "line": 83,
          "col": 3,
          "lit": "lfs"
        },
        "value": {
          "type": 0,
          "file": 2,
          "line": 85,
          "col": 14,
          "lit": "false"
        }
      },
      {
        "key": {
          "type": 0,
          "file": 2,
          "line": 86,
          "col": 3,
          "lit": "submodules"
        },
        "value": {
          "type": 0,
          "file": 2,
          "line": 94,
          "col": 14,
          "lit": "false"
        }
      },
      {
        "key": {
          "type": 0,
          "file": 2,
          "line": 95,
          "col": 3,
          "lit": "set-safe-directory"
        },
        "value": {
          "type": 0,
          "file": 2,
          "line": 97,
          "col": 14,
          "lit": "true"
        }
      },
      {
        "key": {
          "type": 0,
          "file": 2,
          "line": 98,
          "col": 3,
          "lit": "github-server-url"
        },
        "value": ""
      },
      {
        "key": {
          "type": 0,
          "file": 2,
          "line": 101,
          "col": 3,
          "lit": "allow-unsafe-pr-checkout"
        },
        "value": {
          "type": 0,
          "file": 2,
          "line": 109,
          "col": 14,
          "lit": "false"
        }
      }
    ]
  },
  "execution": {
    "executionType": "nodeJS",
    "hasPre": false,
    "hasPost": true,
    "script": "dist/index.js",
    "pre": null,
    "post": "dist/index.js",
    "nodeVersion": "node20",
    "cleanupCondition": "always()",
    "initCondition": "always()"
  },
  "deprecated": null
}
[2026-09-30 17:32:08Z INFO ActionManifestManagerWrapper] Load
[2026-09-30 17:32:09Z INFO HostContext] Well known directory 'Bin': 'D:\cicd\actions-runner\bin'
[2026-09-30 17:32:09Z INFO HostContext] Well known directory 'Root': 'D:\cicd\actions-runner'
[2026-09-30 17:32:09Z INFO HostContext] Well known directory 'Work': 'D:\cicd\actions-runner\_work'
[2026-09-30 17:32:09Z INFO HostContext] Well known directory 'Actions': 'D:\cicd\actions-runner\_work\_actions'
[2026-09-30 17:32:09Z INFO ActionManifestManager] Loaded action.yml file: {
  "name": "Checkout",
  "description": "Checkout a Git repository at a particular version",
  "inputs": {
    "type": 2,
    "map": [
      {
        "key": {
          "type": 0,
          "file": 2,
          "line": 4,
          "col": 3,
          "lit": "repository"
        },
        "value": {
          "type": 3,
          "file": 2,
          "line": 6,
          "col": 14,
          "expr": "github.repository"
        }
      },
      {
        "key": {
          "type": 0,
          "file": 2,
          "line": 7,
          "col": 3,
          "lit": "ref"
        },
        "value": ""
      },
      {
        "key": {
          "type": 0,
          "file": 2,
          "line": 12,
          "col": 3,
          "lit": "token"
        },
        "value": {
          "type": 3,
          "file": 2,
          "line": 24,
          "col": 14,
          "expr": "github.token"
        }
      },
      {
        "key": {
          "type": 0,
          "file": 2,
          "line": 25,
          "col": 3,
          "lit": "ssh-key"
        },
        "value": ""
      },
      {
        "key": {
          "type": 0,
          "file": 2,
          "line": 37,
          "col": 3,
          "lit": "ssh-known-hosts"
        },
        "value": ""
      },
      {
        "key": {
          "type": 0,
          "file": 2,
          "line": 42,
          "col": 3,
          "lit": "ssh-strict"
        },
        "value": {
          "type": 0,
          "file": 2,
          "line": 47,
          "col": 14,
          "lit": "true"
        }
      },
      {
        "key": {
          "type": 0,
          "file": 2,
          "line": 48,
          "col": 3,
          "lit": "ssh-user"
        },
        "value": {
          "type": 0,
          "file": 2,
          "line": 51,
          "col": 14,
          "lit": "git"
        }
      },
      {
        "key": {
          "type": 0,
          "file": 2,
          "line": 52,
          "col": 3,
          "lit": "persist-credentials"
        },
        "value": {
          "type": 0,
          "file": 2,
          "line": 54,
          "col": 14,
          "lit": "true"
        }
      },
      {
        "key": {
          "type": 0,
          "file": 2,
          "line": 55,
          "col": 3,
          "lit": "path"
        },
        "value": ""
      },
      {
        "key": {
          "type": 0,
          "file": 2,
          "line": 57,
          "col": 3,
          "lit": "clean"
        },
        "value": {
          "type": 0,
          "file": 2,
          "line": 59,
          "col": 14,
          "lit": "true"
        }
      },
      {
        "key": {
          "type": 0,
          "file": 2,
          "line": 60,
          "col": 3,
          "lit": "filter"
        },
        "value": {
          "type": 0,
          "file": 2,
          "line": 64,
          "col": 14,
          "lit": ""
        }
      },
      {
        "key": {
          "type": 0,
          "file": 2,
          "line": 65,
          "col": 3,
          "lit": "sparse-checkout"
        },
        "value": {
          "type": 0,
          "file": 2,
          "line": 69,
          "col": 14,
          "lit": ""
        }
      },
      {
        "key": {
          "type": 0,
          "file": 2,
          "line": 70,
          "col": 3,
          "lit": "sparse-checkout-cone-mode"
        },
        "value": {
          "type": 0,
          "file": 2,
          "line": 73,
          "col": 14,
          "lit": "true"
        }
      },
      {
        "key": {
          "type": 0,
          "file": 2,
          "line": 74,
          "col": 3,
          "lit": "fetch-depth"
        },
        "value": {
          "type": 0,
          "file": 2,
          "line": 76,
          "col": 14,
          "lit": "1"
        }
      },
      {
        "key": {
          "type": 0,
          "file": 2,
          "line": 77,
          "col": 3,
          "lit": "fetch-tags"
        },
        "value": {
          "type": 0,
          "file": 2,
          "line": 79,
          "col": 14,
          "lit": "false"
        }
      },
      {
        "key": {
          "type": 0,
          "file": 2,
          "line": 80,
          "col": 3,
          "lit": "show-progress"
        },
        "value": {
          "type": 0,
          "file": 2,
          "line": 82,
          "col": 14,
          "lit": "true"
        }
      },
      {
        "key": {
          "type": 0,
          "file": 2,
          "line": 83,
          "col": 3,
          "lit": "lfs"
        },
        "value": {
          "type": 0,
          "file": 2,
          "line": 85,
          "col": 14,
          "lit": "false"
        }
      },
      {
        "key": {
          "type": 0,
          "file": 2,
          "line": 86,
          "col": 3,
          "lit": "submodules"
        },
        "value": {
          "type": 0,
          "file": 2,
          "line": 94,
          "col": 14,
          "lit": "false"
        }
      },
      {
        "key": {
          "type": 0,
          "file": 2,
          "line": 95,
          "col": 3,
          "lit": "set-safe-directory"
        },
        "value": {
          "type": 0,
          "file": 2,
          "line": 97,
          "col": 14,
          "lit": "true"
        }
      },
      {
        "key": {
          "type": 0,
          "file": 2,
          "line": 98,
          "col": 3,
          "lit": "github-server-url"
        },
        "value": ""
      },
      {
        "key": {
          "type": 0,
          "file": 2,
          "line": 101,
          "col": 3,
          "lit": "allow-unsafe-pr-checkout"
        },
        "value": {
          "type": 0,
          "file": 2,
          "line": 109,
          "col": 14,
          "lit": "false"
        }
      }
    ]
  },
  "execution": {
    "executionType": "nodeJS",
    "hasPre": false,
    "hasPost": true,
    "script": "dist/index.js",
    "pre": null,
    "post": "dist/index.js",
    "nodeVersion": "node20",
    "cleanupCondition": "always()",
    "initCondition": "always()"
  },
  "deprecated": null
}
[2026-09-30 17:32:09Z INFO ActionManager] Action pre node.js file: N/A.
[2026-09-30 17:32:09Z INFO ActionManager] Action node.js file: dist/index.js.
[2026-09-30 17:32:09Z INFO ActionManager] Action post node.js file: dist/index.js.
[2026-09-30 17:32:09Z INFO JobExtension] Adding .
[2026-09-30 17:32:09Z INFO PipelineTemplateEvaluatorWrapper] EvaluateStepDisplayName
[2026-09-30 17:32:09Z INFO JobExtension] Adding .
[2026-09-30 17:32:09Z INFO PipelineTemplateEvaluatorWrapper] EvaluateStepDisplayName
[2026-09-30 17:32:09Z INFO JobExtension] Adding .
[2026-09-30 17:32:09Z INFO PipelineTemplateEvaluatorWrapper] EvaluateStepDisplayName
[2026-09-30 17:32:09Z INFO JobExtension] Adding .
[2026-09-30 17:32:09Z INFO PipelineTemplateEvaluatorWrapper] EvaluateStepDisplayName
[2026-09-30 17:32:09Z INFO JobExtension] Adding .
[2026-09-30 17:32:09Z INFO PipelineTemplateEvaluatorWrapper] EvaluateStepDisplayName
[2026-09-30 17:32:09Z INFO JobExtension] Adding .
[2026-09-30 17:32:09Z INFO PipelineTemplateEvaluatorWrapper] EvaluateStepDisplayName
[2026-09-30 17:32:09Z INFO JobExtension] Adding .
[2026-09-30 17:32:09Z INFO PipelineTemplateEvaluatorWrapper] EvaluateStepDisplayName
[2026-09-30 17:32:09Z INFO JobExtension] Adding .
[2026-09-30 17:32:09Z INFO PipelineTemplateEvaluatorWrapper] EvaluateStepDisplayName
[2026-09-30 17:32:09Z INFO JobExtension] Adding .
[2026-09-30 17:32:09Z INFO PipelineTemplateEvaluatorWrapper] EvaluateStepDisplayName
[2026-09-30 17:32:09Z INFO HostContext] Well known directory 'Bin': 'D:\cicd\actions-runner\bin'
[2026-09-30 17:32:09Z INFO HostContext] Well known directory 'Root': 'D:\cicd\actions-runner'
[2026-09-30 17:32:09Z INFO HostContext] Well known directory 'Diag': 'D:\cicd\actions-runner\_diag'
[2026-09-30 17:32:09Z INFO HostContext] Well known directory 'Bin': 'D:\cicd\actions-runner\bin'
[2026-09-30 17:32:09Z INFO HostContext] Well known directory 'Root': 'D:\cicd\actions-runner'
[2026-09-30 17:32:09Z INFO HostContext] Well known directory 'Diag': 'D:\cicd\actions-runner\_diag'
[2026-09-30 17:32:09Z INFO HostContext] Well known directory 'Bin': 'D:\cicd\actions-runner\bin'
[2026-09-30 17:32:09Z INFO HostContext] Well known directory 'Root': 'D:\cicd\actions-runner'
[2026-09-30 17:32:09Z INFO HostContext] Well known directory 'Diag': 'D:\cicd\actions-runner\_diag'
[2026-09-30 17:32:09Z INFO HostContext] Well known directory 'Bin': 'D:\cicd\actions-runner\bin'
[2026-09-30 17:32:09Z INFO HostContext] Well known directory 'Root': 'D:\cicd\actions-runner'
[2026-09-30 17:32:09Z INFO HostContext] Well known directory 'Diag': 'D:\cicd\actions-runner\_diag'
[2026-09-30 17:32:09Z INFO HostContext] Well known directory 'Bin': 'D:\cicd\actions-runner\bin'
[2026-09-30 17:32:09Z INFO HostContext] Well known directory 'Root': 'D:\cicd\actions-runner'
[2026-09-30 17:32:09Z INFO HostContext] Well known directory 'Diag': 'D:\cicd\actions-runner\_diag'
[2026-09-30 17:32:09Z INFO HostContext] Well known directory 'Bin': 'D:\cicd\actions-runner\bin'
[2026-09-30 17:32:09Z INFO HostContext] Well known directory 'Root': 'D:\cicd\actions-runner'
[2026-09-30 17:32:09Z INFO HostContext] Well known directory 'Diag': 'D:\cicd\actions-runner\_diag'
[2026-09-30 17:32:09Z INFO HostContext] Well known directory 'Bin': 'D:\cicd\actions-runner\bin'
[2026-09-30 17:32:09Z INFO HostContext] Well known directory 'Root': 'D:\cicd\actions-runner'
[2026-09-30 17:32:09Z INFO HostContext] Well known directory 'Diag': 'D:\cicd\actions-runner\_diag'
[2026-09-30 17:32:09Z INFO HostContext] Well known directory 'Bin': 'D:\cicd\actions-runner\bin'
[2026-09-30 17:32:09Z INFO HostContext] Well known directory 'Root': 'D:\cicd\actions-runner'
[2026-09-30 17:32:09Z INFO HostContext] Well known directory 'Diag': 'D:\cicd\actions-runner\_diag'
[2026-09-30 17:32:09Z INFO HostContext] Well known directory 'Bin': 'D:\cicd\actions-runner\bin'
[2026-09-30 17:32:09Z INFO HostContext] Well known directory 'Root': 'D:\cicd\actions-runner'
[2026-09-30 17:32:09Z INFO HostContext] Well known directory 'Diag': 'D:\cicd\actions-runner\_diag'
[2026-09-30 17:32:09Z INFO HostContext] Well known directory 'Bin': 'D:\cicd\actions-runner\bin'
[2026-09-30 17:32:09Z INFO HostContext] Well known directory 'Root': 'D:\cicd\actions-runner'
[2026-09-30 17:32:09Z INFO HostContext] Well known directory 'Diag': 'D:\cicd\actions-runner\_diag'
[2026-09-30 17:32:09Z INFO HostContext] Well known directory 'Bin': 'D:\cicd\actions-runner\bin'
[2026-09-30 17:32:09Z INFO HostContext] Well known directory 'Root': 'D:\cicd\actions-runner'
[2026-09-30 17:32:09Z INFO HostContext] Well known directory 'Diag': 'D:\cicd\actions-runner\_diag'
[2026-09-30 17:32:09Z INFO HostContext] Well known directory 'Bin': 'D:\cicd\actions-runner\bin'
[2026-09-30 17:32:09Z INFO HostContext] Well known directory 'Root': 'D:\cicd\actions-runner'
[2026-09-30 17:32:09Z INFO HostContext] Well known directory 'Diag': 'D:\cicd\actions-runner\_diag'
[2026-09-30 17:32:09Z INFO HostContext] Well known directory 'Bin': 'D:\cicd\actions-runner\bin'
[2026-09-30 17:32:09Z INFO HostContext] Well known directory 'Root': 'D:\cicd\actions-runner'
[2026-09-30 17:32:09Z INFO HostContext] Well known directory 'Diag': 'D:\cicd\actions-runner\_diag'
[2026-09-30 17:32:09Z INFO HostContext] Well known directory 'Bin': 'D:\cicd\actions-runner\bin'
[2026-09-30 17:32:09Z INFO HostContext] Well known directory 'Root': 'D:\cicd\actions-runner'
[2026-09-30 17:32:09Z INFO HostContext] Well known directory 'Diag': 'D:\cicd\actions-runner\_diag'
[2026-09-30 17:32:09Z INFO HostContext] Well known directory 'Bin': 'D:\cicd\actions-runner\bin'
[2026-09-30 17:32:09Z INFO HostContext] Well known directory 'Root': 'D:\cicd\actions-runner'
[2026-09-30 17:32:09Z INFO HostContext] Well known directory 'Diag': 'D:\cicd\actions-runner\_diag'
[2026-09-30 17:32:09Z INFO HostContext] Well known directory 'Bin': 'D:\cicd\actions-runner\bin'
[2026-09-30 17:32:09Z INFO HostContext] Well known directory 'Root': 'D:\cicd\actions-runner'
[2026-09-30 17:32:09Z INFO HostContext] Well known directory 'Diag': 'D:\cicd\actions-runner\_diag'
[2026-09-30 17:32:09Z INFO HostContext] Well known directory 'Bin': 'D:\cicd\actions-runner\bin'
[2026-09-30 17:32:09Z INFO HostContext] Well known directory 'Root': 'D:\cicd\actions-runner'
[2026-09-30 17:32:09Z INFO HostContext] Well known directory 'Diag': 'D:\cicd\actions-runner\_diag'
[2026-09-30 17:32:09Z INFO HostContext] Well known directory 'Bin': 'D:\cicd\actions-runner\bin'
[2026-09-30 17:32:09Z INFO HostContext] Well known directory 'Root': 'D:\cicd\actions-runner'
[2026-09-30 17:32:09Z INFO HostContext] Well known directory 'Diag': 'D:\cicd\actions-runner\_diag'
[2026-09-30 17:32:09Z INFO PipelineTemplateEvaluatorWrapper] EvaluateJobSnapshotRequest
[2026-09-30 17:32:09Z INFO JobExtension] Total accessible running process: 362.
[2026-09-30 17:32:09Z INFO HostContext] Well known directory 'Bin': 'D:\cicd\actions-runner\bin'
[2026-09-30 17:32:09Z INFO HostContext] Well known directory 'Root': 'D:\cicd\actions-runner'
[2026-09-30 17:32:09Z INFO HostContext] Well known directory 'Work': 'D:\cicd\actions-runner\_work'
[2026-09-30 17:32:09Z INFO JobExtension] Start checking server connectivity.
[2026-09-30 17:32:09Z INFO JobExtension] Check server connectivity for https://broker.actions.githubusercontent.com/health.
[2026-09-30 17:32:09Z INFO JobExtension] Check server connectivity for https://token.actions.githubusercontent.com/ready.
[2026-09-30 17:32:09Z INFO JobExtension] Check server connectivity for https://run.actions.githubusercontent.com/health.
[2026-09-30 17:32:09Z INFO JobExtension] Start checking service connectivity in background.
[2026-09-30 17:32:09Z INFO ExecutionContext] Publish step telemetry for current step {
  "action": "setup_job",
  "type": "runner",
  "stage": "Pre",
  "stepId": "3d296c1d-16ea-4493-a9cc-ff0e1ba39df0",
  "result": "succeeded",
  "errorMessages": [],
  "executionTimeInSeconds": 5,
  "startTime": "2026-09-30T17:32:04.8075455Z",
  "finishTime": "2026-09-30T17:32:09.3235905Z"
}.
[2026-09-30 17:32:09Z INFO JobRunner] Total job steps: 9.
[2026-09-30 17:32:09Z INFO JobRunner] Run all job steps.
[2026-09-30 17:32:09Z INFO DapDebugger] DapDebugger initialized
[2026-09-30 17:32:09Z INFO StepsRunner] Processing step: DisplayName='Checkout Code'
[2026-09-30 17:32:09Z INFO PipelineTemplateEvaluatorWrapper] EvaluateStepEnvironment
[2026-09-30 17:32:09Z INFO StepsRunner] Evaluating: success()
[2026-09-30 17:32:09Z INFO JobServerQueue] Got a step log file to send to results service.
[2026-09-30 17:32:09Z INFO JobServerQueue] Starting upload of step log file to results service ResultsLog, D:\cicd\actions-runner\_diag\blocks\191e2856-dadc-8e1e-b3ea-657e0a09d00d_3d296c1d-16ea-4493-a9cc-ff0e1ba39df0.1
[2026-09-30 17:32:09Z INFO JobServerQueue] Try to upload 1 log files or attachments, success rate: 1/1.
[2026-09-30 17:32:09Z INFO StepsRunner] Result: true
[2026-09-30 17:32:09Z INFO PipelineTemplateEvaluatorWrapper] EvaluateStepIf
[2026-09-30 17:32:09Z INFO JobServerQueue] Try to append 1 batches web console lines for record '3d296c1d-16ea-4493-a9cc-ff0e1ba39df0', success rate: 1/1.
[2026-09-30 17:32:09Z INFO StepsRunner] Starting the step.
[2026-09-30 17:32:09Z INFO PipelineTemplateEvaluatorWrapper] EvaluateStepTimeout
[2026-09-30 17:32:09Z INFO HostContext] Well known directory 'Bin': 'D:\cicd\actions-runner\bin'
[2026-09-30 17:32:09Z INFO HostContext] Well known directory 'Root': 'D:\cicd\actions-runner'
[2026-09-30 17:32:09Z INFO HostContext] Well known directory 'Work': 'D:\cicd\actions-runner\_work'
[2026-09-30 17:32:09Z INFO StepsRunner] Which2: 'chcp'
[2026-09-30 17:32:09Z INFO StepsRunner] Location: 'C:\WINDOWS\system32\chcp.COM'
[2026-09-30 17:32:09Z INFO ProcessInvokerWrapper] Starting process:
[2026-09-30 17:32:09Z INFO ProcessInvokerWrapper]   File name: 'C:\WINDOWS\system32\chcp.COM'
[2026-09-30 17:32:09Z INFO ProcessInvokerWrapper]   Arguments: '65001'
[2026-09-30 17:32:09Z INFO ProcessInvokerWrapper]   Working directory: 'D:\cicd\actions-runner\_work'
[2026-09-30 17:32:09Z INFO ProcessInvokerWrapper]   Require exit code zero: 'False'
[2026-09-30 17:32:09Z INFO ProcessInvokerWrapper]   Encoding web name:  ; code page: ''
[2026-09-30 17:32:09Z INFO ProcessInvokerWrapper]   Force kill process on cancellation: 'False'
[2026-09-30 17:32:09Z INFO ProcessInvokerWrapper]   Redirected STDIN: 'False'
[2026-09-30 17:32:09Z INFO ProcessInvokerWrapper]   Persist current code page: 'True'
[2026-09-30 17:32:09Z INFO ProcessInvokerWrapper]   Keep redirected STDIN open: 'False'
[2026-09-30 17:32:09Z INFO ProcessInvokerWrapper]   High priority process: 'False'
[2026-09-30 17:32:09Z INFO ProcessInvokerWrapper] Process started with process id 20040, waiting for process exit.
[2026-09-30 17:32:09Z INFO ProcessInvokerWrapper] STDOUT/STDERR stream read finished.
[2026-09-30 17:32:09Z INFO ProcessInvokerWrapper] STDOUT/STDERR stream read finished.
[2026-09-30 17:32:09Z INFO ProcessInvokerWrapper] Finished process 20040 with exit code 0, and elapsed time 00:00:00.1537633.
[2026-09-30 17:32:09Z INFO StepsRunner] Successfully returned to code page 65001 (UTF8)
[2026-09-30 17:32:09Z INFO HostContext] Well known directory 'Bin': 'D:\cicd\actions-runner\bin'
[2026-09-30 17:32:09Z INFO HostContext] Well known directory 'Root': 'D:\cicd\actions-runner'
[2026-09-30 17:32:09Z INFO HostContext] Well known directory 'Work': 'D:\cicd\actions-runner\_work'
[2026-09-30 17:32:09Z INFO HostContext] Well known directory 'Actions': 'D:\cicd\actions-runner\_work\_actions'
[2026-09-30 17:32:09Z INFO ActionManager] Load action that reference repository from 'D:\cicd\actions-runner\_work\_actions\actions\checkout\v4'
[2026-09-30 17:32:09Z INFO HostContext] Well known directory 'Bin': 'D:\cicd\actions-runner\bin'
[2026-09-30 17:32:09Z INFO HostContext] Well known directory 'Root': 'D:\cicd\actions-runner'
[2026-09-30 17:32:09Z INFO HostContext] Well known directory 'Work': 'D:\cicd\actions-runner\_work'
[2026-09-30 17:32:09Z INFO HostContext] Well known directory 'Actions': 'D:\cicd\actions-runner\_work\_actions'
[2026-09-30 17:32:09Z INFO ActionManifestManagerLegacy] Loaded action.yml file: {
  "name": "Checkout",
  "description": "Checkout a Git repository at a particular version",
  "inputs": {
    "type": 2,
    "map": [
      {
        "key": {
          "type": 0,
          "file": 2,
          "line": 4,
          "col": 3,
          "lit": "repository"
        },
        "value": {
          "type": 3,
          "file": 2,
          "line": 6,
          "col": 14,
          "expr": "github.repository"
        }
      },
      {
        "key": {
          "type": 0,
          "file": 2,
          "line": 7,
          "col": 3,
          "lit": "ref"
        },
        "value": ""
      },
      {
        "key": {
          "type": 0,
          "file": 2,
          "line": 12,
          "col": 3,
          "lit": "token"
        },
        "value": {
          "type": 3,
          "file": 2,
          "line": 24,
          "col": 14,
          "expr": "github.token"
        }
      },
      {
        "key": {
          "type": 0,
          "file": 2,
          "line": 25,
          "col": 3,
          "lit": "ssh-key"
        },
        "value": ""
      },
      {
        "key": {
          "type": 0,
          "file": 2,
          "line": 37,
          "col": 3,
          "lit": "ssh-known-hosts"
        },
        "value": ""
      },
      {
        "key": {
          "type": 0,
          "file": 2,
          "line": 42,
          "col": 3,
          "lit": "ssh-strict"
        },
        "value": {
          "type": 0,
          "file": 2,
          "line": 47,
          "col": 14,
          "lit": "true"
        }
      },
      {
        "key": {
          "type": 0,
          "file": 2,
          "line": 48,
          "col": 3,
          "lit": "ssh-user"
        },
        "value": {
          "type": 0,
          "file": 2,
          "line": 51,
          "col": 14,
          "lit": "git"
        }
      },
      {
        "key": {
          "type": 0,
          "file": 2,
          "line": 52,
          "col": 3,
          "lit": "persist-credentials"
        },
        "value": {
          "type": 0,
          "file": 2,
          "line": 54,
          "col": 14,
          "lit": "true"
        }
      },
      {
        "key": {
          "type": 0,
          "file": 2,
          "line": 55,
          "col": 3,
          "lit": "path"
        },
        "value": ""
      },
      {
        "key": {
          "type": 0,
          "file": 2,
          "line": 57,
          "col": 3,
          "lit": "clean"
        },
        "value": {
          "type": 0,
          "file": 2,
          "line": 59,
          "col": 14,
          "lit": "true"
        }
      },
      {
        "key": {
          "type": 0,
          "file": 2,
          "line": 60,
          "col": 3,
          "lit": "filter"
        },
        "value": {
          "type": 0,
          "file": 2,
          "line": 64,
          "col": 14,
          "lit": ""
        }
      },
      {
        "key": {
          "type": 0,
          "file": 2,
          "line": 65,
          "col": 3,
          "lit": "sparse-checkout"
        },
        "value": {
          "type": 0,
          "file": 2,
          "line": 69,
          "col": 14,
          "lit": ""
        }
      },
      {
        "key": {
          "type": 0,
          "file": 2,
          "line": 70,
          "col": 3,
          "lit": "sparse-checkout-cone-mode"
        },
        "value": {
          "type": 0,
          "file": 2,
          "line": 73,
          "col": 14,
          "lit": "true"
        }
      },
      {
        "key": {
          "type": 0,
          "file": 2,
          "line": 74,
          "col": 3,
          "lit": "fetch-depth"
        },
        "value": {
          "type": 0,
          "file": 2,
          "line": 76,
          "col": 14,
          "lit": "1"
        }
      },
      {
        "key": {
          "type": 0,
          "file": 2,
          "line": 77,
          "col": 3,
          "lit": "fetch-tags"
        },
        "value": {
          "type": 0,
          "file": 2,
          "line": 79,
          "col": 14,
          "lit": "false"
        }
      },
      {
        "key": {
          "type": 0,
          "file": 2,
          "line": 80,
          "col": 3,
          "lit": "show-progress"
        },
        "value": {
          "type": 0,
          "file": 2,
          "line": 82,
          "col": 14,
          "lit": "true"
        }
      },
      {
        "key": {
          "type": 0,
          "file": 2,
          "line": 83,
          "col": 3,
          "lit": "lfs"
        },
        "value": {
          "type": 0,
          "file": 2,
          "line": 85,
          "col": 14,
          "lit": "false"
        }
      },
      {
        "key": {
          "type": 0,
          "file": 2,
          "line": 86,
          "col": 3,
          "lit": "submodules"
        },
        "value": {
          "type": 0,
          "file": 2,
          "line": 94,
          "col": 14,
          "lit": "false"
        }
      },
      {
        "key": {
          "type": 0,
          "file": 2,
          "line": 95,
          "col": 3,
          "lit": "set-safe-directory"
        },
        "value": {
          "type": 0,
          "file": 2,
          "line": 97,
          "col": 14,
          "lit": "true"
        }
      },
      {
        "key": {
          "type": 0,
          "file": 2,
          "line": 98,
          "col": 3,
          "lit": "github-server-url"
        },
        "value": ""
      },
      {
        "key": {
          "type": 0,
          "file": 2,
          "line": 101,
          "col": 3,
          "lit": "allow-unsafe-pr-checkout"
        },
        "value": {
          "type": 0,
          "file": 2,
          "line": 109,
          "col": 14,
          "lit": "false"
        }
      }
    ]
  },
  "execution": {
    "executionType": "nodeJS",
    "hasPre": false,
    "hasPost": true,
    "script": "dist/index.js",
    "pre": null,
    "post": "dist/index.js",
    "nodeVersion": "node20",
    "cleanupCondition": "always()",
    "initCondition": "always()"
  },
  "deprecated": null
}
[2026-09-30 17:32:09Z INFO ActionManifestManagerWrapper] Load
[2026-09-30 17:32:09Z INFO HostContext] Well known directory 'Bin': 'D:\cicd\actions-runner\bin'
[2026-09-30 17:32:09Z INFO HostContext] Well known directory 'Root': 'D:\cicd\actions-runner'
[2026-09-30 17:32:09Z INFO HostContext] Well known directory 'Work': 'D:\cicd\actions-runner\_work'
[2026-09-30 17:32:09Z INFO HostContext] Well known directory 'Actions': 'D:\cicd\actions-runner\_work\_actions'
[2026-09-30 17:32:09Z INFO ActionManifestManager] Loaded action.yml file: {
  "name": "Checkout",
  "description": "Checkout a Git repository at a particular version",
  "inputs": {
    "type": 2,
    "map": [
      {
        "key": {
          "type": 0,
          "file": 2,
          "line": 4,
          "col": 3,
          "lit": "repository"
        },
        "value": {
          "type": 3,
          "file": 2,
          "line": 6,
          "col": 14,
          "expr": "github.repository"
        }
      },
      {
        "key": {
          "type": 0,
          "file": 2,
          "line": 7,
          "col": 3,
          "lit": "ref"
        },
        "value": ""
      },
      {
        "key": {
          "type": 0,
          "file": 2,
          "line": 12,
          "col": 3,
          "lit": "token"
        },
        "value": {
          "type": 3,
          "file": 2,
          "line": 24,
          "col": 14,
          "expr": "github.token"
        }
      },
      {
        "key": {
          "type": 0,
          "file": 2,
          "line": 25,
          "col": 3,
          "lit": "ssh-key"
        },
        "value": ""
      },
      {
        "key": {
          "type": 0,
          "file": 2,
          "line": 37,
          "col": 3,
          "lit": "ssh-known-hosts"
        },
        "value": ""
      },
      {
        "key": {
          "type": 0,
          "file": 2,
          "line": 42,
          "col": 3,
          "lit": "ssh-strict"
        },
        "value": {
          "type": 0,
          "file": 2,
          "line": 47,
          "col": 14,
          "lit": "true"
        }
      },
      {
        "key": {
          "type": 0,
          "file": 2,
          "line": 48,
          "col": 3,
          "lit": "ssh-user"
        },
        "value": {
          "type": 0,
          "file": 2,
          "line": 51,
          "col": 14,
          "lit": "git"
        }
      },
      {
        "key": {
          "type": 0,
          "file": 2,
          "line": 52,
          "col": 3,
          "lit": "persist-credentials"
        },
        "value": {
          "type": 0,
          "file": 2,
          "line": 54,
          "col": 14,
          "lit": "true"
        }
      },
      {
        "key": {
          "type": 0,
          "file": 2,
          "line": 55,
          "col": 3,
          "lit": "path"
        },
        "value": ""
      },
      {
        "key": {
          "type": 0,
          "file": 2,
          "line": 57,
          "col": 3,
          "lit": "clean"
        },
        "value": {
          "type": 0,
          "file": 2,
          "line": 59,
          "col": 14,
          "lit": "true"
        }
      },
      {
        "key": {
          "type": 0,
          "file": 2,
          "line": 60,
          "col": 3,
          "lit": "filter"
        },
        "value": {
          "type": 0,
          "file": 2,
          "line": 64,
          "col": 14,
          "lit": ""
        }
      },
      {
        "key": {
          "type": 0,
          "file": 2,
          "line": 65,
          "col": 3,
          "lit": "sparse-checkout"
        },
        "value": {
          "type": 0,
          "file": 2,
          "line": 69,
          "col": 14,
          "lit": ""
        }
      },
      {
        "key": {
          "type": 0,
          "file": 2,
          "line": 70,
          "col": 3,
          "lit": "sparse-checkout-cone-mode"
        },
        "value": {
          "type": 0,
          "file": 2,
          "line": 73,
          "col": 14,
          "lit": "true"
        }
      },
      {
        "key": {
          "type": 0,
          "file": 2,
          "line": 74,
          "col": 3,
          "lit": "fetch-depth"
        },
        "value": {
          "type": 0,
          "file": 2,
          "line": 76,
          "col": 14,
          "lit": "1"
        }
      },
      {
        "key": {
          "type": 0,
          "file": 2,
          "line": 77,
          "col": 3,
          "lit": "fetch-tags"
        },
        "value": {
          "type": 0,
          "file": 2,
          "line": 79,
          "col": 14,
          "lit": "false"
        }
      },
      {
        "key": {
          "type": 0,
          "file": 2,
          "line": 80,
          "col": 3,
          "lit": "show-progress"
        },
        "value": {
          "type": 0,
          "file": 2,
          "line": 82,
          "col": 14,
          "lit": "true"
        }
      },
      {
        "key": {
          "type": 0,
          "file": 2,
          "line": 83,
          "col": 3,
          "lit": "lfs"
        },
        "value": {
          "type": 0,
          "file": 2,
          "line": 85,
          "col": 14,
          "lit": "false"
        }
      },
      {
        "key": {
          "type": 0,
          "file": 2,
          "line": 86,
          "col": 3,
          "lit": "submodules"
        },
        "value": {
          "type": 0,
          "file": 2,
          "line": 94,
          "col": 14,
          "lit": "false"
        }
      },
      {
        "key": {
          "type": 0,
          "file": 2,
          "line": 95,
          "col": 3,
          "lit": "set-safe-directory"
        },
        "value": {
          "type": 0,
          "file": 2,
          "line": 97,
          "col": 14,
          "lit": "true"
        }
      },
      {
        "key": {
          "type": 0,
          "file": 2,
          "line": 98,
          "col": 3,
          "lit": "github-server-url"
        },
        "value": ""
      },
      {
        "key": {
          "type": 0,
          "file": 2,
          "line": 101,
          "col": 3,
          "lit": "allow-unsafe-pr-checkout"
        },
        "value": {
          "type": 0,
          "file": 2,
          "line": 109,
          "col": 14,
          "lit": "false"
        }
      }
    ]
  },
  "execution": {
    "executionType": "nodeJS",
    "hasPre": false,
    "hasPost": true,
    "script": "dist/index.js",
    "pre": null,
    "post": "dist/index.js",
    "nodeVersion": "node20",
    "cleanupCondition": "always()",
    "initCondition": "always()"
  },
  "deprecated": null
}
[2026-09-30 17:32:09Z INFO ActionManager] Action pre node.js file: N/A.
[2026-09-30 17:32:09Z INFO ActionManager] Action node.js file: dist/index.js.
[2026-09-30 17:32:09Z INFO ActionManager] Action post node.js file: dist/index.js.
[2026-09-30 17:32:09Z INFO ExecutionContext] Reserve record order 11 to 20 for post job actions.
[2026-09-30 17:32:09Z INFO HostContext] Well known directory 'Bin': 'D:\cicd\actions-runner\bin'
[2026-09-30 17:32:09Z INFO HostContext] Well known directory 'Root': 'D:\cicd\actions-runner'
[2026-09-30 17:32:09Z INFO HostContext] Well known directory 'Diag': 'D:\cicd\actions-runner\_diag'
[2026-09-30 17:32:09Z INFO HostContext] Well known directory 'Bin': 'D:\cicd\actions-runner\bin'
[2026-09-30 17:32:09Z INFO HostContext] Well known directory 'Root': 'D:\cicd\actions-runner'
[2026-09-30 17:32:09Z INFO HostContext] Well known directory 'Diag': 'D:\cicd\actions-runner\_diag'
[2026-09-30 17:32:09Z INFO HostContext] Well known directory 'Bin': 'D:\cicd\actions-runner\bin'
[2026-09-30 17:32:09Z INFO HostContext] Well known directory 'Root': 'D:\cicd\actions-runner'
[2026-09-30 17:32:09Z INFO HostContext] Well known directory 'Work': 'D:\cicd\actions-runner\_work'
[2026-09-30 17:32:09Z INFO HostContext] Well known directory 'Temp': 'D:\cicd\actions-runner\_work\_temp'
[2026-09-30 17:32:10Z INFO ExecutionContext] Write event payload to D:\cicd\actions-runner\_work\_temp\_github_workflow\event.json
[2026-09-30 17:32:10Z INFO HostContext] Well known directory 'Bin': 'D:\cicd\actions-runner\bin'
[2026-09-30 17:32:10Z INFO HostContext] Well known directory 'Root': 'D:\cicd\actions-runner'
[2026-09-30 17:32:10Z INFO HostContext] Well known directory 'Work': 'D:\cicd\actions-runner\_work'
[2026-09-30 17:32:10Z INFO HostContext] Well known directory 'Temp': 'D:\cicd\actions-runner\_work\_temp'
[2026-09-30 17:32:10Z INFO ExtensionManager] Getting extensions for interface: 'GitHub.Runner.Worker.IFileCommandExtension'
[2026-09-30 17:32:10Z INFO ExtensionManager] Creating instance: GitHub.Runner.Worker.AddPathFileCommand, Runner.Worker
[2026-09-30 17:32:10Z INFO ExtensionManager] Creating instance: GitHub.Runner.Worker.SetEnvFileCommand, Runner.Worker
[2026-09-30 17:32:10Z INFO ExtensionManager] Creating instance: GitHub.Runner.Worker.CreateStepSummaryCommand, Runner.Worker
[2026-09-30 17:32:10Z INFO ExtensionManager] Creating instance: GitHub.Runner.Worker.SaveStateFileCommand, Runner.Worker
[2026-09-30 17:32:10Z INFO ExtensionManager] Creating instance: GitHub.Runner.Worker.SetOutputFileCommand, Runner.Worker
[2026-09-30 17:32:10Z INFO ExtensionManager] Creating instance: GitHub.Runner.Worker.CreateArtifactsFileCommand, Runner.Worker
[2026-09-30 17:32:10Z INFO ExtensionManager] Creating instance: GitHub.Runner.Worker.ArtifactsListFileCommand, Runner.Worker
[2026-09-30 17:32:10Z INFO PipelineTemplateEvaluatorWrapper] EvaluateStepInputs
[2026-09-30 17:32:10Z INFO ActionManifestManagerLegacy] Input 'repository': default value evaluate result: {
  "type": 0,
  "file": 2,
  "line": 6,
  "col": 14,
  "lit": "***-ops/my-repo"
}
[2026-09-30 17:32:10Z INFO ActionManifestManagerWrapper] EvaluateDefaultInput
[2026-09-30 17:32:10Z INFO ActionManifestManager] Input 'repository': default value evaluate result: {
  "type": 0,
  "file": 2,
  "line": 6,
  "col": 14,
  "lit": "***-ops/my-repo"
}
[2026-09-30 17:32:10Z INFO ActionManifestManagerLegacy] Input 'ref': default value evaluate result: ""
[2026-09-30 17:32:10Z INFO ActionManifestManagerWrapper] EvaluateDefaultInput
[2026-09-30 17:32:10Z INFO ActionManifestManager] Input 'ref': default value evaluate result: ""
[2026-09-30 17:32:10Z INFO ActionManifestManagerLegacy] Input 'token': default value evaluate result: {
  "type": 0,
  "file": 2,
  "line": 24,
  "col": 14,
  "lit": "***"
}
[2026-09-30 17:32:10Z INFO ActionManifestManagerWrapper] EvaluateDefaultInput
[2026-09-30 17:32:10Z INFO ActionManifestManager] Input 'token': default value evaluate result: {
  "type": 0,
  "file": 2,
  "line": 24,
  "col": 14,
  "lit": "***"
}
[2026-09-30 17:32:10Z INFO ActionManifestManagerLegacy] Input 'ssh-key': default value evaluate result: ""
[2026-09-30 17:32:10Z INFO ActionManifestManagerWrapper] EvaluateDefaultInput
[2026-09-30 17:32:10Z INFO ActionManifestManager] Input 'ssh-key': default value evaluate result: ""
[2026-09-30 17:32:10Z INFO ActionManifestManagerLegacy] Input 'ssh-known-hosts': default value evaluate result: ""
[2026-09-30 17:32:10Z INFO ActionManifestManagerWrapper] EvaluateDefaultInput
[2026-09-30 17:32:10Z INFO ActionManifestManager] Input 'ssh-known-hosts': default value evaluate result: ""
[2026-09-30 17:32:10Z INFO ActionManifestManagerLegacy] Input 'ssh-strict': default value evaluate result: {
  "type": 0,
  "file": 2,
  "line": 47,
  "col": 14,
  "lit": "true"
}
[2026-09-30 17:32:10Z INFO ActionManifestManagerWrapper] EvaluateDefaultInput
[2026-09-30 17:32:10Z INFO ActionManifestManager] Input 'ssh-strict': default value evaluate result: {
  "type": 0,
  "file": 2,
  "line": 47,
  "col": 14,
  "lit": "true"
}
[2026-09-30 17:32:10Z INFO ActionManifestManagerLegacy] Input 'ssh-user': default value evaluate result: {
  "type": 0,
  "file": 2,
  "line": 51,
  "col": 14,
  "lit": "git"
}
[2026-09-30 17:32:10Z INFO ActionManifestManagerWrapper] EvaluateDefaultInput
[2026-09-30 17:32:10Z INFO ActionManifestManager] Input 'ssh-user': default value evaluate result: {
  "type": 0,
  "file": 2,
  "line": 51,
  "col": 14,
  "lit": "git"
}
[2026-09-30 17:32:10Z INFO ActionManifestManagerLegacy] Input 'persist-credentials': default value evaluate result: {
  "type": 0,
  "file": 2,
  "line": 54,
  "col": 14,
  "lit": "true"
}
[2026-09-30 17:32:10Z INFO ActionManifestManagerWrapper] EvaluateDefaultInput
[2026-09-30 17:32:10Z INFO ActionManifestManager] Input 'persist-credentials': default value evaluate result: {
  "type": 0,
  "file": 2,
  "line": 54,
  "col": 14,
  "lit": "true"
}
[2026-09-30 17:32:10Z INFO ActionManifestManagerLegacy] Input 'path': default value evaluate result: ""
[2026-09-30 17:32:10Z INFO ActionManifestManagerWrapper] EvaluateDefaultInput
[2026-09-30 17:32:10Z INFO ActionManifestManager] Input 'path': default value evaluate result: ""
[2026-09-30 17:32:10Z INFO ActionManifestManagerLegacy] Input 'clean': default value evaluate result: {
  "type": 0,
  "file": 2,
  "line": 59,
  "col": 14,
  "lit": "true"
}
[2026-09-30 17:32:10Z INFO ActionManifestManagerWrapper] EvaluateDefaultInput
[2026-09-30 17:32:10Z INFO ActionManifestManager] Input 'clean': default value evaluate result: {
  "type": 0,
  "file": 2,
  "line": 59,
  "col": 14,
  "lit": "true"
}
[2026-09-30 17:32:10Z INFO ActionManifestManagerLegacy] Input 'filter': default value evaluate result: {
  "type": 0,
  "file": 2,
  "line": 64,
  "col": 14,
  "lit": ""
}
[2026-09-30 17:32:10Z INFO ActionManifestManagerWrapper] EvaluateDefaultInput
[2026-09-30 17:32:10Z INFO ActionManifestManager] Input 'filter': default value evaluate result: {
  "type": 0,
  "file": 2,
  "line": 64,
  "col": 14,
  "lit": ""
}
[2026-09-30 17:32:10Z INFO ActionManifestManagerLegacy] Input 'sparse-checkout': default value evaluate result: {
  "type": 0,
  "file": 2,
  "line": 69,
  "col": 14,
  "lit": ""
}
[2026-09-30 17:32:10Z INFO ActionManifestManagerWrapper] EvaluateDefaultInput
[2026-09-30 17:32:10Z INFO ActionManifestManager] Input 'sparse-checkout': default value evaluate result: {
  "type": 0,
  "file": 2,
  "line": 69,
  "col": 14,
  "lit": ""
}
[2026-09-30 17:32:10Z INFO ActionManifestManagerLegacy] Input 'sparse-checkout-cone-mode': default value evaluate result: {
  "type": 0,
  "file": 2,
  "line": 73,
  "col": 14,
  "lit": "true"
}
[2026-09-30 17:32:10Z INFO ActionManifestManagerWrapper] EvaluateDefaultInput
[2026-09-30 17:32:10Z INFO ActionManifestManager] Input 'sparse-checkout-cone-mode': default value evaluate result: {
  "type": 0,
  "file": 2,
  "line": 73,
  "col": 14,
  "lit": "true"
}
[2026-09-30 17:32:10Z INFO ActionManifestManagerLegacy] Input 'fetch-depth': default value evaluate result: {
  "type": 0,
  "file": 2,
  "line": 76,
  "col": 14,
  "lit": "1"
}
[2026-09-30 17:32:10Z INFO ActionManifestManagerWrapper] EvaluateDefaultInput
[2026-09-30 17:32:10Z INFO ActionManifestManager] Input 'fetch-depth': default value evaluate result: {
  "type": 0,
  "file": 2,
  "line": 76,
  "col": 14,
  "lit": "1"
}
[2026-09-30 17:32:10Z INFO ActionManifestManagerLegacy] Input 'fetch-tags': default value evaluate result: {
  "type": 0,
  "file": 2,
  "line": 79,
  "col": 14,
  "lit": "false"
}
[2026-09-30 17:32:10Z INFO ActionManifestManagerWrapper] EvaluateDefaultInput
[2026-09-30 17:32:10Z INFO ActionManifestManager] Input 'fetch-tags': default value evaluate result: {
  "type": 0,
  "file": 2,
  "line": 79,
  "col": 14,
  "lit": "false"
}
[2026-09-30 17:32:10Z INFO ActionManifestManagerLegacy] Input 'show-progress': default value evaluate result: {
  "type": 0,
  "file": 2,
  "line": 82,
  "col": 14,
  "lit": "true"
}
[2026-09-30 17:32:10Z INFO ActionManifestManagerWrapper] EvaluateDefaultInput
[2026-09-30 17:32:10Z INFO ActionManifestManager] Input 'show-progress': default value evaluate result: {
  "type": 0,
  "file": 2,
  "line": 82,
  "col": 14,
  "lit": "true"
}
[2026-09-30 17:32:10Z INFO ActionManifestManagerLegacy] Input 'lfs': default value evaluate result: {
  "type": 0,
  "file": 2,
  "line": 85,
  "col": 14,
  "lit": "false"
}
[2026-09-30 17:32:10Z INFO ActionManifestManagerWrapper] EvaluateDefaultInput
[2026-09-30 17:32:10Z INFO ActionManifestManager] Input 'lfs': default value evaluate result: {
  "type": 0,
  "file": 2,
  "line": 85,
  "col": 14,
  "lit": "false"
}
[2026-09-30 17:32:10Z INFO ActionManifestManagerLegacy] Input 'submodules': default value evaluate result: {
  "type": 0,
  "file": 2,
  "line": 94,
  "col": 14,
  "lit": "false"
}
[2026-09-30 17:32:10Z INFO ActionManifestManagerWrapper] EvaluateDefaultInput
[2026-09-30 17:32:10Z INFO ActionManifestManager] Input 'submodules': default value evaluate result: {
  "type": 0,
  "file": 2,
  "line": 94,
  "col": 14,
  "lit": "false"
}
[2026-09-30 17:32:10Z INFO ActionManifestManagerLegacy] Input 'set-safe-directory': default value evaluate result: {
  "type": 0,
  "file": 2,
  "line": 97,
  "col": 14,
  "lit": "true"
}
[2026-09-30 17:32:10Z INFO ActionManifestManagerWrapper] EvaluateDefaultInput
[2026-09-30 17:32:10Z INFO ActionManifestManager] Input 'set-safe-directory': default value evaluate result: {
  "type": 0,
  "file": 2,
  "line": 97,
  "col": 14,
  "lit": "true"
}
[2026-09-30 17:32:10Z INFO ActionManifestManagerLegacy] Input 'github-server-url': default value evaluate result: ""
[2026-09-30 17:32:10Z INFO ActionManifestManagerWrapper] EvaluateDefaultInput
[2026-09-30 17:32:10Z INFO ActionManifestManager] Input 'github-server-url': default value evaluate result: ""
[2026-09-30 17:32:10Z INFO ActionManifestManagerLegacy] Input 'allow-unsafe-pr-checkout': default value evaluate result: {
  "type": 0,
  "file": 2,
  "line": 109,
  "col": 14,
  "lit": "false"
}
[2026-09-30 17:32:10Z INFO ActionManifestManagerWrapper] EvaluateDefaultInput
[2026-09-30 17:32:10Z INFO ActionManifestManager] Input 'allow-unsafe-pr-checkout': default value evaluate result: {
  "type": 0,
  "file": 2,
  "line": 109,
  "col": 14,
  "lit": "false"
}
[2026-09-30 17:32:10Z INFO ExtensionManager] Getting extensions for interface: 'GitHub.Runner.Worker.IActionCommandExtension'
[2026-09-30 17:32:10Z INFO ExtensionManager] Creating instance: GitHub.Runner.Worker.InternalPluginSetRepoPathCommandExtension, Runner.Worker
[2026-09-30 17:32:10Z INFO ExtensionManager] Creating instance: GitHub.Runner.Worker.SetEnvCommandExtension, Runner.Worker
[2026-09-30 17:32:10Z INFO ExtensionManager] Creating instance: GitHub.Runner.Worker.SetOutputCommandExtension, Runner.Worker
[2026-09-30 17:32:10Z INFO ExtensionManager] Creating instance: GitHub.Runner.Worker.SaveStateCommandExtension, Runner.Worker
[2026-09-30 17:32:10Z INFO ExtensionManager] Creating instance: GitHub.Runner.Worker.AddPathCommandExtension, Runner.Worker
[2026-09-30 17:32:10Z INFO ExtensionManager] Creating instance: GitHub.Runner.Worker.AddMaskCommandExtension, Runner.Worker
[2026-09-30 17:32:10Z INFO ExtensionManager] Creating instance: GitHub.Runner.Worker.AddMatcherCommandExtension, Runner.Worker
[2026-09-30 17:32:10Z INFO ExtensionManager] Creating instance: GitHub.Runner.Worker.RemoveMatcherCommandExtension, Runner.Worker
[2026-09-30 17:32:10Z INFO ExtensionManager] Creating instance: GitHub.Runner.Worker.WarningCommandExtension, Runner.Worker
[2026-09-30 17:32:10Z INFO ExtensionManager] Creating instance: GitHub.Runner.Worker.ErrorCommandExtension, Runner.Worker
[2026-09-30 17:32:10Z INFO ExtensionManager] Creating instance: GitHub.Runner.Worker.NoticeCommandExtension, Runner.Worker
[2026-09-30 17:32:10Z INFO ExtensionManager] Creating instance: GitHub.Runner.Worker.DebugCommandExtension, Runner.Worker
[2026-09-30 17:32:10Z INFO ExtensionManager] Creating instance: GitHub.Runner.Worker.GroupCommandExtension, Runner.Worker
[2026-09-30 17:32:10Z INFO ExtensionManager] Creating instance: GitHub.Runner.Worker.EndGroupCommandExtension, Runner.Worker
[2026-09-30 17:32:10Z INFO ExtensionManager] Creating instance: GitHub.Runner.Worker.EchoCommandExtension, Runner.Worker
[2026-09-30 17:32:10Z INFO ActionCommandManager] Register action command extension for command internal-set-repo-path
[2026-09-30 17:32:10Z INFO ActionCommandManager] Register action command extension for command set-env
[2026-09-30 17:32:10Z INFO ActionCommandManager] Register action command extension for command set-output
[2026-09-30 17:32:10Z INFO ActionCommandManager] Register action command extension for command save-state
[2026-09-30 17:32:10Z INFO ActionCommandManager] Register action command extension for command add-path
[2026-09-30 17:32:10Z INFO ActionCommandManager] Register action command extension for command add-mask
[2026-09-30 17:32:10Z INFO ActionCommandManager] Register action command extension for command add-matcher
[2026-09-30 17:32:10Z INFO ActionCommandManager] Register action command extension for command remove-matcher
[2026-09-30 17:32:10Z INFO ActionCommandManager] Register action command extension for command warning
[2026-09-30 17:32:10Z INFO ActionCommandManager] Register action command extension for command error
[2026-09-30 17:32:10Z INFO ActionCommandManager] Register action command extension for command notice
[2026-09-30 17:32:10Z INFO ActionCommandManager] Register action command extension for command debug
[2026-09-30 17:32:10Z INFO ActionCommandManager] Register action command extension for command group
[2026-09-30 17:32:10Z INFO ActionCommandManager] Register action command extension for command endgroup
[2026-09-30 17:32:10Z INFO ActionCommandManager] Register action command extension for command echo
[2026-09-30 17:32:10Z INFO HostContext] Well known directory 'Bin': 'D:\cicd\actions-runner\bin'
[2026-09-30 17:32:10Z INFO HostContext] Well known directory 'Root': 'D:\cicd\actions-runner'
[2026-09-30 17:32:10Z INFO HostContext] Well known directory 'Externals': 'D:\cicd\actions-runner\externals'
[2026-09-30 17:32:10Z INFO ProcessInvokerWrapper] Starting process:
[2026-09-30 17:32:10Z INFO ProcessInvokerWrapper]   File name: 'D:\cicd\actions-runner\externals\node24\bin\node.exe'
[2026-09-30 17:32:10Z INFO ProcessInvokerWrapper]   Arguments: '"D:\cicd\actions-runner\_work\_actions\actions\checkout\v4\dist/index.js"'
[2026-09-30 17:32:10Z INFO ProcessInvokerWrapper]   Working directory: 'D:\cicd\actions-runner\_work\my-repo\my-repo'
[2026-09-30 17:32:10Z INFO ProcessInvokerWrapper]   Require exit code zero: 'False'
[2026-09-30 17:32:10Z INFO ProcessInvokerWrapper]   Encoding web name: utf-8 ; code page: '65001'
[2026-09-30 17:32:10Z INFO ProcessInvokerWrapper]   Force kill process on cancellation: 'False'
[2026-09-30 17:32:10Z INFO ProcessInvokerWrapper]   Redirected STDIN: 'False'
[2026-09-30 17:32:10Z INFO ProcessInvokerWrapper]   Persist current code page: 'True'
[2026-09-30 17:32:10Z INFO ProcessInvokerWrapper]   Keep redirected STDIN open: 'False'
[2026-09-30 17:32:10Z INFO ProcessInvokerWrapper]   High priority process: 'False'
[2026-09-30 17:32:10Z INFO ProcessInvokerWrapper] Process started with process id 7376, waiting for process exit.
[2026-09-30 17:32:10Z INFO JobServerQueue] Try to append 1 batches web console lines for record '0823ea37-9efa-4fab-a098-4ceb404dbcd5', success rate: 1/1.
[2026-09-30 17:32:11Z INFO JobServerQueue] Tried to upload 1 file(s) to results, success rate: 1/1.
[2026-09-30 17:32:12Z INFO JobServerQueue] Try to append 1 batches web console lines for record '0823ea37-9efa-4fab-a098-4ceb404dbcd5', success rate: 1/1.
[2026-09-30 17:32:12Z INFO JobServerQueue] Try to append 1 batches web console lines for record '0823ea37-9efa-4fab-a098-4ceb404dbcd5', success rate: 1/1.
[2026-09-30 17:32:12Z INFO AddMaskCommandExtension] Add new secret mask with length of 524
[2026-09-30 17:32:12Z INFO JobServerQueue] Try to append 1 batches web console lines for record '0823ea37-9efa-4fab-a098-4ceb404dbcd5', success rate: 1/1.
[2026-09-30 17:32:12Z INFO JobServerQueue] Try to append 1 batches web console lines for record '0823ea37-9efa-4fab-a098-4ceb404dbcd5', success rate: 1/1.
[2026-09-30 17:32:13Z INFO JobServerQueue] Try to append 1 batches web console lines for record '0823ea37-9efa-4fab-a098-4ceb404dbcd5', success rate: 1/1.
[2026-09-30 17:32:13Z INFO JobServerQueue] Try to append 1 batches web console lines for record '0823ea37-9efa-4fab-a098-4ceb404dbcd5', success rate: 1/1.
[2026-09-30 17:32:14Z INFO JobServerQueue] Try to append 1 batches web console lines for record '0823ea37-9efa-4fab-a098-4ceb404dbcd5', success rate: 1/1.
[2026-09-30 17:32:18Z INFO JobServerQueue] Try to append 1 batches web console lines for record '0823ea37-9efa-4fab-a098-4ceb404dbcd5', success rate: 1/1.
[2026-09-30 17:32:18Z INFO JobServerQueue] Try to append 1 batches web console lines for record '0823ea37-9efa-4fab-a098-4ceb404dbcd5', success rate: 1/1.
[2026-09-30 17:32:19Z INFO JobServerQueue] Try to append 1 batches web console lines for record '0823ea37-9efa-4fab-a098-4ceb404dbcd5', success rate: 1/1.
[2026-09-30 17:32:19Z INFO HostContext] Well known directory 'Bin': 'D:\cicd\actions-runner\bin'
[2026-09-30 17:32:19Z INFO HostContext] Well known directory 'Root': 'D:\cicd\actions-runner'
[2026-09-30 17:32:19Z INFO HostContext] Well known directory 'Work': 'D:\cicd\actions-runner\_work'
[2026-09-30 17:32:19Z INFO JobServerQueue] Try to append 1 batches web console lines for record '0823ea37-9efa-4fab-a098-4ceb404dbcd5', success rate: 1/1.
[2026-09-30 17:32:19Z INFO JobServerQueue] Try to append 1 batches web console lines for record '0823ea37-9efa-4fab-a098-4ceb404dbcd5', success rate: 1/1.
[2026-09-30 17:32:23Z INFO JobServerQueue] Try to append 1 batches web console lines for record '0823ea37-9efa-4fab-a098-4ceb404dbcd5', success rate: 1/1.
[2026-09-30 17:32:23Z INFO JobServerQueue] Try to append 1 batches web console lines for record '0823ea37-9efa-4fab-a098-4ceb404dbcd5', success rate: 1/1.
[2026-09-30 17:32:25Z INFO JobServerQueue] Try to append 1 batches web console lines for record '0823ea37-9efa-4fab-a098-4ceb404dbcd5', success rate: 1/1.
[2026-09-30 17:32:28Z INFO JobServerQueue] Try to append 1 batches web console lines for record '0823ea37-9efa-4fab-a098-4ceb404dbcd5', success rate: 1/1.
[2026-09-30 17:32:28Z INFO JobServerQueue] Try to append 1 batches web console lines for record '0823ea37-9efa-4fab-a098-4ceb404dbcd5', success rate: 1/1.
[2026-09-30 17:32:29Z INFO HostContext] Well known directory 'Bin': 'D:\cicd\actions-runner\bin'
[2026-09-30 17:32:29Z INFO HostContext] Well known directory 'Root': 'D:\cicd\actions-runner'
[2026-09-30 17:32:29Z INFO HostContext] Well known directory 'Work': 'D:\cicd\actions-runner\_work'
[2026-09-30 17:32:30Z INFO JobServerQueue] Try to append 1 batches web console lines for record '0823ea37-9efa-4fab-a098-4ceb404dbcd5', success rate: 1/1.
[2026-09-30 17:32:30Z INFO JobServerQueue] Try to append 1 batches web console lines for record '0823ea37-9efa-4fab-a098-4ceb404dbcd5', success rate: 1/1.
[2026-09-30 17:32:31Z INFO JobServerQueue] Try to append 1 batches web console lines for record '0823ea37-9efa-4fab-a098-4ceb404dbcd5', success rate: 1/1.
[2026-09-30 17:32:31Z INFO JobServerQueue] Try to append 1 batches web console lines for record '0823ea37-9efa-4fab-a098-4ceb404dbcd5', success rate: 1/1.
[2026-09-30 17:32:31Z INFO ProcessInvokerWrapper] STDOUT/STDERR stream read finished.
[2026-09-30 17:32:31Z INFO ProcessInvokerWrapper] STDOUT/STDERR stream read finished.
[2026-09-30 17:32:31Z INFO JobServerQueue] Try to append 1 batches web console lines for record '0823ea37-9efa-4fab-a098-4ceb404dbcd5', success rate: 1/1.
[2026-09-30 17:32:31Z INFO ProcessInvokerWrapper] Finished process 7376 with exit code 0, and elapsed time 00:00:21.1320303.
[2026-09-30 17:32:31Z INFO CreateStepSummaryCommand] Step Summary file (D:\cicd\actions-runner\_work\_temp\_runner_file_commands\step_summary_f457ef76-3322-4930-92a4-59caeb744cda) is empty; skipping attachment upload
[2026-09-30 17:32:31Z INFO StepsRunner] Step result: 
[2026-09-30 17:32:31Z INFO ExecutionContext] Publish step telemetry for current step {
  "action": "actions/checkout",
  "ref": "v4",
  "type": "node24",
  "stage": "Main",
  "stepId": "0823ea37-9efa-4fab-a098-4ceb404dbcd5",
  "stepContextName": "__actions_checkout",
  "hasPreStep": false,
  "hasPostStep": true,
  "result": "succeeded",
  "errorMessages": [],
  "executionTimeInSeconds": 23,
  "startTime": "2026-09-30T17:32:09.3792103Z",
  "finishTime": "2026-09-30T17:32:31.8915727Z"
}.
[2026-09-30 17:32:31Z INFO StepsRunner] No need for updating job result with current step result 'Succeeded'.
[2026-09-30 17:32:31Z INFO StepsRunner] Current state: job state = ''
[2026-09-30 17:32:31Z INFO StepsRunner] Processing step: DisplayName='Check Workspace'
[2026-09-30 17:32:31Z INFO PipelineTemplateEvaluatorWrapper] EvaluateStepEnvironment
[2026-09-30 17:32:31Z INFO StepsRunner] Evaluating: success()
[2026-09-30 17:32:31Z INFO StepsRunner] Result: true
[2026-09-30 17:32:31Z INFO PipelineTemplateEvaluatorWrapper] EvaluateStepIf
[2026-09-30 17:32:32Z INFO StepsRunner] Starting the step.
[2026-09-30 17:32:32Z INFO PipelineTemplateEvaluatorWrapper] EvaluateStepTimeout
[2026-09-30 17:32:32Z INFO HostContext] Well known directory 'Bin': 'D:\cicd\actions-runner\bin'
[2026-09-30 17:32:32Z INFO HostContext] Well known directory 'Root': 'D:\cicd\actions-runner'
[2026-09-30 17:32:32Z INFO HostContext] Well known directory 'Work': 'D:\cicd\actions-runner\_work'
[2026-09-30 17:32:32Z INFO StepsRunner] Which2: 'chcp'
[2026-09-30 17:32:32Z INFO StepsRunner] Location: 'C:\WINDOWS\system32\chcp.COM'
[2026-09-30 17:32:32Z INFO ProcessInvokerWrapper] Starting process:
[2026-09-30 17:32:32Z INFO ProcessInvokerWrapper]   File name: 'C:\WINDOWS\system32\chcp.COM'
[2026-09-30 17:32:32Z INFO ProcessInvokerWrapper]   Arguments: '65001'
[2026-09-30 17:32:32Z INFO ProcessInvokerWrapper]   Working directory: 'D:\cicd\actions-runner\_work'
[2026-09-30 17:32:32Z INFO ProcessInvokerWrapper]   Require exit code zero: 'False'
[2026-09-30 17:32:32Z INFO ProcessInvokerWrapper]   Encoding web name:  ; code page: ''
[2026-09-30 17:32:32Z INFO ProcessInvokerWrapper]   Force kill process on cancellation: 'False'
[2026-09-30 17:32:32Z INFO ProcessInvokerWrapper]   Redirected STDIN: 'False'
[2026-09-30 17:32:32Z INFO ProcessInvokerWrapper]   Persist current code page: 'True'
[2026-09-30 17:32:32Z INFO ProcessInvokerWrapper]   Keep redirected STDIN open: 'False'
[2026-09-30 17:32:32Z INFO ProcessInvokerWrapper]   High priority process: 'False'
[2026-09-30 17:32:32Z INFO ProcessInvokerWrapper] Process started with process id 28080, waiting for process exit.
[2026-09-30 17:32:32Z INFO ProcessInvokerWrapper] STDOUT/STDERR stream read finished.
[2026-09-30 17:32:32Z INFO ProcessInvokerWrapper] STDOUT/STDERR stream read finished.
[2026-09-30 17:32:32Z INFO ProcessInvokerWrapper] Finished process 28080 with exit code 0, and elapsed time 00:00:00.1212682.
[2026-09-30 17:32:32Z INFO StepsRunner] Successfully returned to code page 65001 (UTF8)
[2026-09-30 17:32:32Z INFO HostContext] Well known directory 'Bin': 'D:\cicd\actions-runner\bin'
[2026-09-30 17:32:32Z INFO HostContext] Well known directory 'Root': 'D:\cicd\actions-runner'
[2026-09-30 17:32:32Z INFO HostContext] Well known directory 'Work': 'D:\cicd\actions-runner\_work'
[2026-09-30 17:32:32Z INFO HostContext] Well known directory 'Temp': 'D:\cicd\actions-runner\_work\_temp'
[2026-09-30 17:32:32Z INFO ExecutionContext] Write event payload to D:\cicd\actions-runner\_work\_temp\_github_workflow\event.json
[2026-09-30 17:32:32Z INFO HostContext] Well known directory 'Bin': 'D:\cicd\actions-runner\bin'
[2026-09-30 17:32:32Z INFO HostContext] Well known directory 'Root': 'D:\cicd\actions-runner'
[2026-09-30 17:32:32Z INFO HostContext] Well known directory 'Work': 'D:\cicd\actions-runner\_work'
[2026-09-30 17:32:32Z INFO HostContext] Well known directory 'Temp': 'D:\cicd\actions-runner\_work\_temp'
[2026-09-30 17:32:32Z INFO ExtensionManager] Getting extensions for interface: 'GitHub.Runner.Worker.IFileCommandExtension'
[2026-09-30 17:32:32Z INFO PipelineTemplateEvaluatorWrapper] EvaluateStepInputs
[2026-09-30 17:32:32Z INFO ExtensionManager] Getting extensions for interface: 'GitHub.Runner.Worker.IActionCommandExtension'
[2026-09-30 17:32:32Z INFO ActionCommandManager] Register action command extension for command internal-set-repo-path
[2026-09-30 17:32:32Z INFO ActionCommandManager] Register action command extension for command set-env
[2026-09-30 17:32:32Z INFO ActionCommandManager] Register action command extension for command set-output
[2026-09-30 17:32:32Z INFO ActionCommandManager] Register action command extension for command save-state
[2026-09-30 17:32:32Z INFO ActionCommandManager] Register action command extension for command add-path
[2026-09-30 17:32:32Z INFO ActionCommandManager] Register action command extension for command add-mask
[2026-09-30 17:32:32Z INFO ActionCommandManager] Register action command extension for command add-matcher
[2026-09-30 17:32:32Z INFO ActionCommandManager] Register action command extension for command remove-matcher
[2026-09-30 17:32:32Z INFO ActionCommandManager] Register action command extension for command warning
[2026-09-30 17:32:32Z INFO ActionCommandManager] Register action command extension for command error
[2026-09-30 17:32:32Z INFO ActionCommandManager] Register action command extension for command notice
[2026-09-30 17:32:32Z INFO ActionCommandManager] Register action command extension for command debug
[2026-09-30 17:32:32Z INFO ActionCommandManager] Register action command extension for command group
[2026-09-30 17:32:32Z INFO ActionCommandManager] Register action command extension for command endgroup
[2026-09-30 17:32:32Z INFO ActionCommandManager] Register action command extension for command echo
[2026-09-30 17:32:32Z INFO ScriptHandler] Which2: 'pwsh'
[2026-09-30 17:32:32Z INFO ScriptHandler] Location: 'C:\Program Files\PowerShell\7\pwsh.EXE'
[2026-09-30 17:32:32Z INFO HostContext] Well known directory 'Bin': 'D:\cicd\actions-runner\bin'
[2026-09-30 17:32:32Z INFO HostContext] Well known directory 'Root': 'D:\cicd\actions-runner'
[2026-09-30 17:32:32Z INFO HostContext] Well known directory 'Work': 'D:\cicd\actions-runner\_work'
[2026-09-30 17:32:32Z INFO HostContext] Well known directory 'Temp': 'D:\cicd\actions-runner\_work\_temp'
[2026-09-30 17:32:32Z INFO ScriptHandler] Which2: 'pwsh'
[2026-09-30 17:32:32Z INFO ScriptHandler] Location: 'C:\Program Files\PowerShell\7\pwsh.EXE'
[2026-09-30 17:32:32Z INFO ProcessInvokerWrapper] Starting process:
[2026-09-30 17:32:32Z INFO ProcessInvokerWrapper]   File name: 'C:\Program Files\PowerShell\7\pwsh.EXE'
[2026-09-30 17:32:32Z INFO ProcessInvokerWrapper]   Arguments: '-command ". 'D:\cicd\actions-runner\_work\_temp\852fec72-03ad-454e-9744-be323810bc84.ps1'"'
[2026-09-30 17:32:32Z INFO ProcessInvokerWrapper]   Working directory: 'D:\cicd\actions-runner\_work\my-repo\my-repo'
[2026-09-30 17:32:32Z INFO ProcessInvokerWrapper]   Require exit code zero: 'False'
[2026-09-30 17:32:32Z INFO ProcessInvokerWrapper]   Encoding web name:  ; code page: ''
[2026-09-30 17:32:32Z INFO ProcessInvokerWrapper]   Force kill process on cancellation: 'False'
[2026-09-30 17:32:32Z INFO ProcessInvokerWrapper]   Redirected STDIN: 'False'
[2026-09-30 17:32:32Z INFO ProcessInvokerWrapper]   Persist current code page: 'True'
[2026-09-30 17:32:32Z INFO ProcessInvokerWrapper]   Keep redirected STDIN open: 'False'
[2026-09-30 17:32:32Z INFO ProcessInvokerWrapper]   High priority process: 'False'
[2026-09-30 17:32:32Z INFO ProcessInvokerWrapper] Process started with process id 22056, waiting for process exit.
[2026-09-30 17:32:32Z INFO JobServerQueue] Try to append 1 batches web console lines for record 'a2020406-05a5-4182-ac7a-aa07aeeffe7f', success rate: 1/1.
[2026-09-30 17:32:32Z INFO JobServerQueue] Try to upload 1 log files or attachments, success rate: 1/1.
[2026-09-30 17:32:32Z INFO JobServerQueue] Got a step log file to send to results service.
[2026-09-30 17:32:32Z INFO JobServerQueue] Starting upload of step log file to results service ResultsLog, D:\cicd\actions-runner\_diag\blocks\191e2856-dadc-8e1e-b3ea-657e0a09d00d_0823ea37-9efa-4fab-a098-4ceb404dbcd5.1
[2026-09-30 17:32:33Z INFO JobServerQueue] Tried to upload 1 file(s) to results, success rate: 1/1.
[2026-09-30 17:32:34Z INFO JobServerQueue] Try to append 1 batches web console lines for record 'a2020406-05a5-4182-ac7a-aa07aeeffe7f', success rate: 1/1.
[2026-09-30 17:32:34Z INFO JobServerQueue] Try to append 1 batches web console lines for record 'a2020406-05a5-4182-ac7a-aa07aeeffe7f', success rate: 1/1.
[2026-09-30 17:32:35Z INFO JobServerQueue] Try to append 1 batches web console lines for record 'a2020406-05a5-4182-ac7a-aa07aeeffe7f', success rate: 1/1.
[2026-09-30 17:32:35Z INFO ProcessInvokerWrapper] STDOUT/STDERR stream read finished.
[2026-09-30 17:32:35Z INFO ProcessInvokerWrapper] STDOUT/STDERR stream read finished.
[2026-09-30 17:32:35Z INFO ProcessInvokerWrapper] Finished process 22056 with exit code 0, and elapsed time 00:00:02.9861932.
[2026-09-30 17:32:35Z INFO CreateStepSummaryCommand] Step Summary file (D:\cicd\actions-runner\_work\_temp\_runner_file_commands\step_summary_a856a41f-eb9b-4815-a808-9b7f454ab845) is empty; skipping attachment upload
[2026-09-30 17:32:35Z INFO StepsRunner] Step result: 
[2026-09-30 17:32:35Z INFO ExecutionContext] Publish step telemetry for current step {
  "action": "pwsh",
  "type": "run",
  "stage": "Main",
  "stepId": "a2020406-05a5-4182-ac7a-aa07aeeffe7f",
  "stepContextName": "__run",
  "result": "succeeded",
  "errorMessages": [],
  "executionTimeInSeconds": 4,
  "startTime": "2026-09-30T17:32:31.9080315Z",
  "finishTime": "2026-09-30T17:32:35.365781Z"
}.
[2026-09-30 17:32:35Z INFO StepsRunner] No need for updating job result with current step result 'Succeeded'.
[2026-09-30 17:32:35Z INFO StepsRunner] Current state: job state = ''
[2026-09-30 17:32:35Z INFO StepsRunner] Processing step: DisplayName='Check Docker Secrets'
[2026-09-30 17:32:35Z INFO PipelineTemplateEvaluatorWrapper] EvaluateStepEnvironment
[2026-09-30 17:32:35Z INFO StepsRunner] Evaluating: success()
[2026-09-30 17:32:35Z INFO StepsRunner] Result: true
[2026-09-30 17:32:35Z INFO PipelineTemplateEvaluatorWrapper] EvaluateStepIf
[2026-09-30 17:32:35Z INFO StepsRunner] Starting the step.
[2026-09-30 17:32:35Z INFO PipelineTemplateEvaluatorWrapper] EvaluateStepTimeout
[2026-09-30 17:32:35Z INFO HostContext] Well known directory 'Bin': 'D:\cicd\actions-runner\bin'
[2026-09-30 17:32:35Z INFO HostContext] Well known directory 'Root': 'D:\cicd\actions-runner'
[2026-09-30 17:32:35Z INFO HostContext] Well known directory 'Work': 'D:\cicd\actions-runner\_work'
[2026-09-30 17:32:35Z INFO StepsRunner] Which2: 'chcp'
[2026-09-30 17:32:35Z INFO StepsRunner] Location: 'C:\WINDOWS\system32\chcp.COM'
[2026-09-30 17:32:35Z INFO ProcessInvokerWrapper] Starting process:
[2026-09-30 17:32:35Z INFO ProcessInvokerWrapper]   File name: 'C:\WINDOWS\system32\chcp.COM'
[2026-09-30 17:32:35Z INFO ProcessInvokerWrapper]   Arguments: '65001'
[2026-09-30 17:32:35Z INFO ProcessInvokerWrapper]   Working directory: 'D:\cicd\actions-runner\_work'
[2026-09-30 17:32:35Z INFO ProcessInvokerWrapper]   Require exit code zero: 'False'
[2026-09-30 17:32:35Z INFO ProcessInvokerWrapper]   Encoding web name:  ; code page: ''
[2026-09-30 17:32:35Z INFO ProcessInvokerWrapper]   Force kill process on cancellation: 'False'
[2026-09-30 17:32:35Z INFO ProcessInvokerWrapper]   Redirected STDIN: 'False'
[2026-09-30 17:32:35Z INFO ProcessInvokerWrapper]   Persist current code page: 'True'
[2026-09-30 17:32:35Z INFO ProcessInvokerWrapper]   Keep redirected STDIN open: 'False'
[2026-09-30 17:32:35Z INFO ProcessInvokerWrapper]   High priority process: 'False'
[2026-09-30 17:32:35Z INFO ProcessInvokerWrapper] Process started with process id 26544, waiting for process exit.
[2026-09-30 17:32:35Z INFO ProcessInvokerWrapper] STDOUT/STDERR stream read finished.
[2026-09-30 17:32:35Z INFO ProcessInvokerWrapper] STDOUT/STDERR stream read finished.
[2026-09-30 17:32:35Z INFO ProcessInvokerWrapper] Finished process 26544 with exit code 0, and elapsed time 00:00:00.0291795.
[2026-09-30 17:32:35Z INFO StepsRunner] Successfully returned to code page 65001 (UTF8)
[2026-09-30 17:32:35Z INFO HostContext] Well known directory 'Bin': 'D:\cicd\actions-runner\bin'
[2026-09-30 17:32:35Z INFO HostContext] Well known directory 'Root': 'D:\cicd\actions-runner'
[2026-09-30 17:32:35Z INFO HostContext] Well known directory 'Work': 'D:\cicd\actions-runner\_work'
[2026-09-30 17:32:35Z INFO HostContext] Well known directory 'Temp': 'D:\cicd\actions-runner\_work\_temp'
[2026-09-30 17:32:35Z INFO ExecutionContext] Write event payload to D:\cicd\actions-runner\_work\_temp\_github_workflow\event.json
[2026-09-30 17:32:35Z INFO HostContext] Well known directory 'Bin': 'D:\cicd\actions-runner\bin'
[2026-09-30 17:32:35Z INFO HostContext] Well known directory 'Root': 'D:\cicd\actions-runner'
[2026-09-30 17:32:35Z INFO HostContext] Well known directory 'Work': 'D:\cicd\actions-runner\_work'
[2026-09-30 17:32:35Z INFO HostContext] Well known directory 'Temp': 'D:\cicd\actions-runner\_work\_temp'
[2026-09-30 17:32:35Z INFO ExtensionManager] Getting extensions for interface: 'GitHub.Runner.Worker.IFileCommandExtension'
[2026-09-30 17:32:35Z INFO PipelineTemplateEvaluatorWrapper] EvaluateStepInputs
[2026-09-30 17:32:35Z INFO ExtensionManager] Getting extensions for interface: 'GitHub.Runner.Worker.IActionCommandExtension'
[2026-09-30 17:32:35Z INFO ActionCommandManager] Register action command extension for command internal-set-repo-path
[2026-09-30 17:32:35Z INFO ActionCommandManager] Register action command extension for command set-env
[2026-09-30 17:32:35Z INFO ActionCommandManager] Register action command extension for command set-output
[2026-09-30 17:32:35Z INFO ActionCommandManager] Register action command extension for command save-state
[2026-09-30 17:32:35Z INFO ActionCommandManager] Register action command extension for command add-path
[2026-09-30 17:32:35Z INFO ActionCommandManager] Register action command extension for command add-mask
[2026-09-30 17:32:35Z INFO ActionCommandManager] Register action command extension for command add-matcher
[2026-09-30 17:32:35Z INFO ActionCommandManager] Register action command extension for command remove-matcher
[2026-09-30 17:32:35Z INFO ActionCommandManager] Register action command extension for command warning
[2026-09-30 17:32:35Z INFO ActionCommandManager] Register action command extension for command error
[2026-09-30 17:32:35Z INFO ActionCommandManager] Register action command extension for command notice
[2026-09-30 17:32:35Z INFO ActionCommandManager] Register action command extension for command debug
[2026-09-30 17:32:35Z INFO ActionCommandManager] Register action command extension for command group
[2026-09-30 17:32:35Z INFO ActionCommandManager] Register action command extension for command endgroup
[2026-09-30 17:32:35Z INFO ActionCommandManager] Register action command extension for command echo
[2026-09-30 17:32:35Z INFO ScriptHandler] Which2: 'pwsh'
[2026-09-30 17:32:35Z INFO ScriptHandler] Location: 'C:\Program Files\PowerShell\7\pwsh.EXE'
[2026-09-30 17:32:35Z INFO HostContext] Well known directory 'Bin': 'D:\cicd\actions-runner\bin'
[2026-09-30 17:32:35Z INFO HostContext] Well known directory 'Root': 'D:\cicd\actions-runner'
[2026-09-30 17:32:35Z INFO HostContext] Well known directory 'Work': 'D:\cicd\actions-runner\_work'
[2026-09-30 17:32:35Z INFO HostContext] Well known directory 'Temp': 'D:\cicd\actions-runner\_work\_temp'
[2026-09-30 17:32:35Z INFO ScriptHandler] Which2: 'pwsh'
[2026-09-30 17:32:35Z INFO ScriptHandler] Location: 'C:\Program Files\PowerShell\7\pwsh.EXE'
[2026-09-30 17:32:35Z INFO ProcessInvokerWrapper] Starting process:
[2026-09-30 17:32:35Z INFO ProcessInvokerWrapper]   File name: 'C:\Program Files\PowerShell\7\pwsh.EXE'
[2026-09-30 17:32:35Z INFO ProcessInvokerWrapper]   Arguments: '-command ". 'D:\cicd\actions-runner\_work\_temp\c440686c-baab-4af8-a179-483c42df845f.ps1'"'
[2026-09-30 17:32:35Z INFO ProcessInvokerWrapper]   Working directory: 'D:\cicd\actions-runner\_work\my-repo\my-repo'
[2026-09-30 17:32:35Z INFO ProcessInvokerWrapper]   Require exit code zero: 'False'
[2026-09-30 17:32:35Z INFO ProcessInvokerWrapper]   Encoding web name:  ; code page: ''
[2026-09-30 17:32:35Z INFO ProcessInvokerWrapper]   Force kill process on cancellation: 'False'
[2026-09-30 17:32:35Z INFO ProcessInvokerWrapper]   Redirected STDIN: 'False'
[2026-09-30 17:32:35Z INFO ProcessInvokerWrapper]   Persist current code page: 'True'
[2026-09-30 17:32:35Z INFO ProcessInvokerWrapper]   Keep redirected STDIN open: 'False'
[2026-09-30 17:32:35Z INFO ProcessInvokerWrapper]   High priority process: 'False'
[2026-09-30 17:32:35Z INFO ProcessInvokerWrapper] Process started with process id 6644, waiting for process exit.
[2026-09-30 17:32:35Z INFO JobServerQueue] Try to append 1 batches web console lines for record '42977735-a369-45ec-90fd-3a368a212326', success rate: 1/1.
[2026-09-30 17:32:35Z INFO JobServerQueue] Try to upload 1 log files or attachments, success rate: 1/1.
[2026-09-30 17:32:35Z INFO JobServerQueue] Got a step log file to send to results service.
[2026-09-30 17:32:35Z INFO JobServerQueue] Starting upload of step log file to results service ResultsLog, D:\cicd\actions-runner\_diag\blocks\191e2856-dadc-8e1e-b3ea-657e0a09d00d_a2020406-05a5-4182-ac7a-aa07aeeffe7f.1
[2026-09-30 17:32:36Z INFO ProcessInvokerWrapper] STDOUT/STDERR stream read finished.
[2026-09-30 17:32:36Z INFO ProcessInvokerWrapper] STDOUT/STDERR stream read finished.
[2026-09-30 17:32:36Z INFO ProcessInvokerWrapper] Finished process 6644 with exit code 0, and elapsed time 00:00:01.0766527.
[2026-09-30 17:32:36Z INFO CreateStepSummaryCommand] Step Summary file (D:\cicd\actions-runner\_work\_temp\_runner_file_commands\step_summary_8ee91a29-858b-4edd-b5da-5aa19fc953e4) is empty; skipping attachment upload
[2026-09-30 17:32:36Z INFO StepsRunner] Step result: 
[2026-09-30 17:32:36Z INFO ExecutionContext] Publish step telemetry for current step {
  "action": "pwsh",
  "type": "run",
  "stage": "Main",
  "stepId": "42977735-a369-45ec-90fd-3a368a212326",
  "stepContextName": "__run_2",
  "result": "succeeded",
  "errorMessages": [],
  "executionTimeInSeconds": 2,
  "startTime": "2026-09-30T17:32:35.3684049Z",
  "finishTime": "2026-09-30T17:32:36.5184007Z"
}.
[2026-09-30 17:32:36Z INFO StepsRunner] No need for updating job result with current step result 'Succeeded'.
[2026-09-30 17:32:36Z INFO StepsRunner] Current state: job state = ''
[2026-09-30 17:32:36Z INFO StepsRunner] Processing step: DisplayName='Docker Login'
[2026-09-30 17:32:36Z INFO PipelineTemplateEvaluatorWrapper] EvaluateStepEnvironment
[2026-09-30 17:32:36Z INFO StepsRunner] Evaluating: success()
[2026-09-30 17:32:36Z INFO StepsRunner] Result: true
[2026-09-30 17:32:36Z INFO PipelineTemplateEvaluatorWrapper] EvaluateStepIf
[2026-09-30 17:32:36Z INFO StepsRunner] Starting the step.
[2026-09-30 17:32:36Z INFO PipelineTemplateEvaluatorWrapper] EvaluateStepTimeout
[2026-09-30 17:32:36Z INFO JobServerQueue] Try to append 1 batches web console lines for record '42977735-a369-45ec-90fd-3a368a212326', success rate: 1/1.
[2026-09-30 17:32:36Z INFO HostContext] Well known directory 'Bin': 'D:\cicd\actions-runner\bin'
[2026-09-30 17:32:36Z INFO HostContext] Well known directory 'Root': 'D:\cicd\actions-runner'
[2026-09-30 17:32:36Z INFO HostContext] Well known directory 'Work': 'D:\cicd\actions-runner\_work'
[2026-09-30 17:32:36Z INFO StepsRunner] Which2: 'chcp'
[2026-09-30 17:32:36Z INFO StepsRunner] Location: 'C:\WINDOWS\system32\chcp.COM'
[2026-09-30 17:32:36Z INFO ProcessInvokerWrapper] Starting process:
[2026-09-30 17:32:36Z INFO ProcessInvokerWrapper]   File name: 'C:\WINDOWS\system32\chcp.COM'
[2026-09-30 17:32:36Z INFO ProcessInvokerWrapper]   Arguments: '65001'
[2026-09-30 17:32:36Z INFO ProcessInvokerWrapper]   Working directory: 'D:\cicd\actions-runner\_work'
[2026-09-30 17:32:36Z INFO ProcessInvokerWrapper]   Require exit code zero: 'False'
[2026-09-30 17:32:36Z INFO ProcessInvokerWrapper]   Encoding web name:  ; code page: ''
[2026-09-30 17:32:36Z INFO ProcessInvokerWrapper]   Force kill process on cancellation: 'False'
[2026-09-30 17:32:36Z INFO ProcessInvokerWrapper]   Redirected STDIN: 'False'
[2026-09-30 17:32:36Z INFO ProcessInvokerWrapper]   Persist current code page: 'True'
[2026-09-30 17:32:36Z INFO ProcessInvokerWrapper]   Keep redirected STDIN open: 'False'
[2026-09-30 17:32:36Z INFO ProcessInvokerWrapper]   High priority process: 'False'
[2026-09-30 17:32:36Z INFO ProcessInvokerWrapper] Process started with process id 22276, waiting for process exit.
[2026-09-30 17:32:36Z INFO ProcessInvokerWrapper] STDOUT/STDERR stream read finished.
[2026-09-30 17:32:36Z INFO ProcessInvokerWrapper] STDOUT/STDERR stream read finished.
[2026-09-30 17:32:36Z INFO ProcessInvokerWrapper] Finished process 22276 with exit code 0, and elapsed time 00:00:00.0208710.
[2026-09-30 17:32:36Z INFO StepsRunner] Successfully returned to code page 65001 (UTF8)
[2026-09-30 17:32:36Z INFO HostContext] Well known directory 'Bin': 'D:\cicd\actions-runner\bin'
[2026-09-30 17:32:36Z INFO HostContext] Well known directory 'Root': 'D:\cicd\actions-runner'
[2026-09-30 17:32:36Z INFO HostContext] Well known directory 'Work': 'D:\cicd\actions-runner\_work'
[2026-09-30 17:32:36Z INFO HostContext] Well known directory 'Temp': 'D:\cicd\actions-runner\_work\_temp'
[2026-09-30 17:32:36Z INFO ExecutionContext] Write event payload to D:\cicd\actions-runner\_work\_temp\_github_workflow\event.json
[2026-09-30 17:32:36Z INFO HostContext] Well known directory 'Bin': 'D:\cicd\actions-runner\bin'
[2026-09-30 17:32:36Z INFO HostContext] Well known directory 'Root': 'D:\cicd\actions-runner'
[2026-09-30 17:32:36Z INFO HostContext] Well known directory 'Work': 'D:\cicd\actions-runner\_work'
[2026-09-30 17:32:36Z INFO HostContext] Well known directory 'Temp': 'D:\cicd\actions-runner\_work\_temp'
[2026-09-30 17:32:36Z INFO ExtensionManager] Getting extensions for interface: 'GitHub.Runner.Worker.IFileCommandExtension'
[2026-09-30 17:32:36Z INFO PipelineTemplateEvaluatorWrapper] EvaluateStepInputs
[2026-09-30 17:32:36Z INFO ExtensionManager] Getting extensions for interface: 'GitHub.Runner.Worker.IActionCommandExtension'
[2026-09-30 17:32:36Z INFO ActionCommandManager] Register action command extension for command internal-set-repo-path
[2026-09-30 17:32:36Z INFO ActionCommandManager] Register action command extension for command set-env
[2026-09-30 17:32:36Z INFO ActionCommandManager] Register action command extension for command set-output
[2026-09-30 17:32:36Z INFO ActionCommandManager] Register action command extension for command save-state
[2026-09-30 17:32:36Z INFO ActionCommandManager] Register action command extension for command add-path
[2026-09-30 17:32:36Z INFO ActionCommandManager] Register action command extension for command add-mask
[2026-09-30 17:32:36Z INFO ActionCommandManager] Register action command extension for command add-matcher
[2026-09-30 17:32:36Z INFO ActionCommandManager] Register action command extension for command remove-matcher
[2026-09-30 17:32:36Z INFO ActionCommandManager] Register action command extension for command warning
[2026-09-30 17:32:36Z INFO ActionCommandManager] Register action command extension for command error
[2026-09-30 17:32:36Z INFO ActionCommandManager] Register action command extension for command notice
[2026-09-30 17:32:36Z INFO ActionCommandManager] Register action command extension for command debug
[2026-09-30 17:32:36Z INFO ActionCommandManager] Register action command extension for command group
[2026-09-30 17:32:36Z INFO ActionCommandManager] Register action command extension for command endgroup
[2026-09-30 17:32:36Z INFO ActionCommandManager] Register action command extension for command echo
[2026-09-30 17:32:36Z INFO ScriptHandler] Which2: 'pwsh'
[2026-09-30 17:32:36Z INFO ScriptHandler] Location: 'C:\Program Files\PowerShell\7\pwsh.EXE'
[2026-09-30 17:32:36Z INFO HostContext] Well known directory 'Bin': 'D:\cicd\actions-runner\bin'
[2026-09-30 17:32:36Z INFO HostContext] Well known directory 'Root': 'D:\cicd\actions-runner'
[2026-09-30 17:32:36Z INFO HostContext] Well known directory 'Work': 'D:\cicd\actions-runner\_work'
[2026-09-30 17:32:36Z INFO HostContext] Well known directory 'Temp': 'D:\cicd\actions-runner\_work\_temp'
[2026-09-30 17:32:36Z INFO ScriptHandler] Which2: 'pwsh'
[2026-09-30 17:32:36Z INFO ScriptHandler] Location: 'C:\Program Files\PowerShell\7\pwsh.EXE'
[2026-09-30 17:32:36Z INFO ProcessInvokerWrapper] Starting process:
[2026-09-30 17:32:36Z INFO ProcessInvokerWrapper]   File name: 'C:\Program Files\PowerShell\7\pwsh.EXE'
[2026-09-30 17:32:36Z INFO ProcessInvokerWrapper]   Arguments: '-command ". 'D:\cicd\actions-runner\_work\_temp\009272b4-226b-4cf8-ac72-8b27622ceb20.ps1'"'
[2026-09-30 17:32:36Z INFO ProcessInvokerWrapper]   Working directory: 'D:\cicd\actions-runner\_work\my-repo\my-repo'
[2026-09-30 17:32:36Z INFO ProcessInvokerWrapper]   Require exit code zero: 'False'
[2026-09-30 17:32:36Z INFO ProcessInvokerWrapper]   Encoding web name:  ; code page: ''
[2026-09-30 17:32:36Z INFO ProcessInvokerWrapper]   Force kill process on cancellation: 'False'
[2026-09-30 17:32:36Z INFO ProcessInvokerWrapper]   Redirected STDIN: 'False'
[2026-09-30 17:32:36Z INFO ProcessInvokerWrapper]   Persist current code page: 'True'
[2026-09-30 17:32:36Z INFO ProcessInvokerWrapper]   Keep redirected STDIN open: 'False'
[2026-09-30 17:32:36Z INFO ProcessInvokerWrapper]   High priority process: 'False'
[2026-09-30 17:32:36Z INFO ProcessInvokerWrapper] Process started with process id 24116, waiting for process exit.
[2026-09-30 17:32:36Z INFO JobServerQueue] Try to upload 1 log files or attachments, success rate: 1/1.
[2026-09-30 17:32:36Z INFO JobServerQueue] Try to append 1 batches web console lines for record '6443b61a-a38e-42bd-8dc3-e1e353ab330d', success rate: 1/1.
[2026-09-30 17:32:36Z INFO JobServerQueue] Tried to upload 1 file(s) to results, success rate: 1/1.
[2026-09-30 17:32:37Z INFO JobServerQueue] Got a step log file to send to results service.
[2026-09-30 17:32:37Z INFO JobServerQueue] Starting upload of step log file to results service ResultsLog, D:\cicd\actions-runner\_diag\blocks\191e2856-dadc-8e1e-b3ea-657e0a09d00d_42977735-a369-45ec-90fd-3a368a212326.1
[2026-09-30 17:32:38Z INFO JobServerQueue] Tried to upload 1 file(s) to results, success rate: 1/1.
[2026-09-30 17:32:39Z INFO HostContext] Well known directory 'Bin': 'D:\cicd\actions-runner\bin'
[2026-09-30 17:32:39Z INFO HostContext] Well known directory 'Root': 'D:\cicd\actions-runner'
[2026-09-30 17:32:39Z INFO HostContext] Well known directory 'Work': 'D:\cicd\actions-runner\_work'
[2026-09-30 17:32:40Z INFO JobServerQueue] Try to append 1 batches web console lines for record '6443b61a-a38e-42bd-8dc3-e1e353ab330d', success rate: 1/1.
[2026-09-30 17:32:40Z INFO ProcessInvokerWrapper] STDOUT/STDERR stream read finished.
[2026-09-30 17:32:40Z INFO ProcessInvokerWrapper] STDOUT/STDERR stream read finished.
[2026-09-30 17:32:40Z INFO ProcessInvokerWrapper] Finished process 24116 with exit code 0, and elapsed time 00:00:04.0744166.
[2026-09-30 17:32:40Z INFO CreateStepSummaryCommand] Step Summary file (D:\cicd\actions-runner\_work\_temp\_runner_file_commands\step_summary_f321e91f-6544-4ab7-9440-8f571763d4a7) is empty; skipping attachment upload
[2026-09-30 17:32:40Z INFO StepsRunner] Step result: 
[2026-09-30 17:32:40Z INFO ExecutionContext] Publish step telemetry for current step {
  "action": "pwsh",
  "type": "run",
  "stage": "Main",
  "stepId": "6443b61a-a38e-42bd-8dc3-e1e353ab330d",
  "stepContextName": "__run_3",
  "result": "succeeded",
  "errorMessages": [],
  "executionTimeInSeconds": 5,
  "startTime": "2026-09-30T17:32:36.5194731Z",
  "finishTime": "2026-09-30T17:32:40.6594Z"
}.
[2026-09-30 17:32:40Z INFO StepsRunner] No need for updating job result with current step result 'Succeeded'.
[2026-09-30 17:32:40Z INFO StepsRunner] Current state: job state = ''
[2026-09-30 17:32:40Z INFO StepsRunner] Processing step: DisplayName='Build Docker Image'
[2026-09-30 17:32:40Z INFO PipelineTemplateEvaluatorWrapper] EvaluateStepEnvironment
[2026-09-30 17:32:40Z INFO StepsRunner] Evaluating: success()
[2026-09-30 17:32:40Z INFO StepsRunner] Result: true
[2026-09-30 17:32:40Z INFO PipelineTemplateEvaluatorWrapper] EvaluateStepIf
[2026-09-30 17:32:40Z INFO StepsRunner] Starting the step.
[2026-09-30 17:32:40Z INFO PipelineTemplateEvaluatorWrapper] EvaluateStepTimeout
[2026-09-30 17:32:40Z INFO HostContext] Well known directory 'Bin': 'D:\cicd\actions-runner\bin'
[2026-09-30 17:32:40Z INFO JobServerQueue] Try to upload 1 log files or attachments, success rate: 1/1.
[2026-09-30 17:32:40Z INFO HostContext] Well known directory 'Root': 'D:\cicd\actions-runner'
[2026-09-30 17:32:40Z INFO HostContext] Well known directory 'Work': 'D:\cicd\actions-runner\_work'
[2026-09-30 17:32:40Z INFO StepsRunner] Which2: 'chcp'
[2026-09-30 17:32:40Z INFO StepsRunner] Location: 'C:\WINDOWS\system32\chcp.COM'
[2026-09-30 17:32:40Z INFO ProcessInvokerWrapper] Starting process:
[2026-09-30 17:32:40Z INFO ProcessInvokerWrapper]   File name: 'C:\WINDOWS\system32\chcp.COM'
[2026-09-30 17:32:40Z INFO ProcessInvokerWrapper]   Arguments: '65001'
[2026-09-30 17:32:40Z INFO ProcessInvokerWrapper]   Working directory: 'D:\cicd\actions-runner\_work'
[2026-09-30 17:32:40Z INFO ProcessInvokerWrapper]   Require exit code zero: 'False'
[2026-09-30 17:32:40Z INFO ProcessInvokerWrapper]   Encoding web name:  ; code page: ''
[2026-09-30 17:32:40Z INFO ProcessInvokerWrapper]   Force kill process on cancellation: 'False'
[2026-09-30 17:32:40Z INFO ProcessInvokerWrapper]   Redirected STDIN: 'False'
[2026-09-30 17:32:40Z INFO ProcessInvokerWrapper]   Persist current code page: 'True'
[2026-09-30 17:32:40Z INFO ProcessInvokerWrapper]   Keep redirected STDIN open: 'False'
[2026-09-30 17:32:40Z INFO ProcessInvokerWrapper]   High priority process: 'False'
[2026-09-30 17:32:40Z INFO ProcessInvokerWrapper] Process started with process id 21728, waiting for process exit.
[2026-09-30 17:32:40Z INFO ProcessInvokerWrapper] STDOUT/STDERR stream read finished.
[2026-09-30 17:32:40Z INFO ProcessInvokerWrapper] STDOUT/STDERR stream read finished.
[2026-09-30 17:32:40Z INFO ProcessInvokerWrapper] Finished process 21728 with exit code 0, and elapsed time 00:00:00.0327948.
[2026-09-30 17:32:40Z INFO StepsRunner] Successfully returned to code page 65001 (UTF8)
[2026-09-30 17:32:40Z INFO HostContext] Well known directory 'Bin': 'D:\cicd\actions-runner\bin'
[2026-09-30 17:32:40Z INFO HostContext] Well known directory 'Root': 'D:\cicd\actions-runner'
[2026-09-30 17:32:40Z INFO HostContext] Well known directory 'Work': 'D:\cicd\actions-runner\_work'
[2026-09-30 17:32:40Z INFO HostContext] Well known directory 'Temp': 'D:\cicd\actions-runner\_work\_temp'
[2026-09-30 17:32:40Z INFO ExecutionContext] Write event payload to D:\cicd\actions-runner\_work\_temp\_github_workflow\event.json
[2026-09-30 17:32:40Z INFO HostContext] Well known directory 'Bin': 'D:\cicd\actions-runner\bin'
[2026-09-30 17:32:40Z INFO HostContext] Well known directory 'Root': 'D:\cicd\actions-runner'
[2026-09-30 17:32:40Z INFO HostContext] Well known directory 'Work': 'D:\cicd\actions-runner\_work'
[2026-09-30 17:32:40Z INFO HostContext] Well known directory 'Temp': 'D:\cicd\actions-runner\_work\_temp'
[2026-09-30 17:32:40Z INFO ExtensionManager] Getting extensions for interface: 'GitHub.Runner.Worker.IFileCommandExtension'
[2026-09-30 17:32:40Z INFO PipelineTemplateEvaluatorWrapper] EvaluateStepInputs
[2026-09-30 17:32:40Z INFO ExtensionManager] Getting extensions for interface: 'GitHub.Runner.Worker.IActionCommandExtension'
[2026-09-30 17:32:40Z INFO ActionCommandManager] Register action command extension for command internal-set-repo-path
[2026-09-30 17:32:40Z INFO ActionCommandManager] Register action command extension for command set-env
[2026-09-30 17:32:40Z INFO ActionCommandManager] Register action command extension for command set-output
[2026-09-30 17:32:40Z INFO ActionCommandManager] Register action command extension for command save-state
[2026-09-30 17:32:40Z INFO ActionCommandManager] Register action command extension for command add-path
[2026-09-30 17:32:40Z INFO ActionCommandManager] Register action command extension for command add-mask
[2026-09-30 17:32:40Z INFO ActionCommandManager] Register action command extension for command add-matcher
[2026-09-30 17:32:40Z INFO ActionCommandManager] Register action command extension for command remove-matcher
[2026-09-30 17:32:40Z INFO ActionCommandManager] Register action command extension for command warning
[2026-09-30 17:32:40Z INFO ActionCommandManager] Register action command extension for command error
[2026-09-30 17:32:40Z INFO ActionCommandManager] Register action command extension for command notice
[2026-09-30 17:32:40Z INFO ActionCommandManager] Register action command extension for command debug
[2026-09-30 17:32:40Z INFO ActionCommandManager] Register action command extension for command group
[2026-09-30 17:32:40Z INFO ActionCommandManager] Register action command extension for command endgroup
[2026-09-30 17:32:40Z INFO ActionCommandManager] Register action command extension for command echo
[2026-09-30 17:32:40Z INFO ScriptHandler] Which2: 'pwsh'
[2026-09-30 17:32:40Z INFO ScriptHandler] Location: 'C:\Program Files\PowerShell\7\pwsh.EXE'
[2026-09-30 17:32:40Z INFO HostContext] Well known directory 'Bin': 'D:\cicd\actions-runner\bin'
[2026-09-30 17:32:40Z INFO HostContext] Well known directory 'Root': 'D:\cicd\actions-runner'
[2026-09-30 17:32:40Z INFO HostContext] Well known directory 'Work': 'D:\cicd\actions-runner\_work'
[2026-09-30 17:32:40Z INFO HostContext] Well known directory 'Temp': 'D:\cicd\actions-runner\_work\_temp'
[2026-09-30 17:32:40Z INFO ScriptHandler] Which2: 'pwsh'
[2026-09-30 17:32:40Z INFO ScriptHandler] Location: 'C:\Program Files\PowerShell\7\pwsh.EXE'
[2026-09-30 17:32:40Z INFO ProcessInvokerWrapper] Starting process:
[2026-09-30 17:32:40Z INFO ProcessInvokerWrapper]   File name: 'C:\Program Files\PowerShell\7\pwsh.EXE'
[2026-09-30 17:32:40Z INFO ProcessInvokerWrapper]   Arguments: '-command ". 'D:\cicd\actions-runner\_work\_temp\2d427f8a-b8f8-4356-b84f-2925506eef8b.ps1'"'
[2026-09-30 17:32:40Z INFO ProcessInvokerWrapper]   Working directory: 'D:\cicd\actions-runner\_work\my-repo\my-repo'
[2026-09-30 17:32:40Z INFO ProcessInvokerWrapper]   Require exit code zero: 'False'
[2026-09-30 17:32:40Z INFO ProcessInvokerWrapper]   Encoding web name:  ; code page: ''
[2026-09-30 17:32:40Z INFO ProcessInvokerWrapper]   Force kill process on cancellation: 'False'
[2026-09-30 17:32:40Z INFO ProcessInvokerWrapper]   Redirected STDIN: 'False'
[2026-09-30 17:32:40Z INFO ProcessInvokerWrapper]   Persist current code page: 'True'
[2026-09-30 17:32:40Z INFO ProcessInvokerWrapper]   Keep redirected STDIN open: 'False'
[2026-09-30 17:32:40Z INFO ProcessInvokerWrapper]   High priority process: 'False'
[2026-09-30 17:32:40Z INFO JobServerQueue] Got a step log file to send to results service.
[2026-09-30 17:32:40Z INFO JobServerQueue] Starting upload of step log file to results service ResultsLog, D:\cicd\actions-runner\_diag\blocks\191e2856-dadc-8e1e-b3ea-657e0a09d00d_6443b61a-a38e-42bd-8dc3-e1e353ab330d.1
[2026-09-30 17:32:40Z INFO ProcessInvokerWrapper] Process started with process id 308, waiting for process exit.
[2026-09-30 17:32:40Z INFO JobServerQueue] Try to append 1 batches web console lines for record '759fc604-5c23-4933-bec4-f7bbbd658219', success rate: 1/1.
[2026-09-30 17:32:41Z INFO JobServerQueue] Tried to upload 1 file(s) to results, success rate: 1/1.
[2026-09-30 17:32:43Z INFO ProcessInvokerWrapper] STDOUT/STDERR stream read finished.
[2026-09-30 17:32:43Z INFO ProcessInvokerWrapper] STDOUT/STDERR stream read finished.
[2026-09-30 17:32:43Z INFO JobServerQueue] Try to append 1 batches web console lines for record '759fc604-5c23-4933-bec4-f7bbbd658219', success rate: 1/1.
[2026-09-30 17:32:43Z INFO ProcessInvokerWrapper] Finished process 308 with exit code 1, and elapsed time 00:00:02.6230739.
[2026-09-30 17:32:43Z INFO CreateStepSummaryCommand] Step Summary file (D:\cicd\actions-runner\_work\_temp\_runner_file_commands\step_summary_f1219061-35ef-4ab9-a30b-d9f4a4b6b40d) is empty; skipping attachment upload
[2026-09-30 17:32:43Z INFO PipelineTemplateEvaluatorWrapper] EvaluateStepContinueOnError
[2026-09-30 17:32:43Z INFO StepsRunner] Step result: Failed
[2026-09-30 17:32:43Z INFO ExecutionContext] Publish step telemetry for current step {
  "action": "pwsh",
  "type": "run",
  "stage": "Main",
  "stepId": "759fc604-5c23-4933-bec4-f7bbbd658219",
  "stepContextName": "__run_4",
  "result": "failed",
  "errorMessages": [
    "Process completed with exit code 1."
  ],
  "executionTimeInSeconds": 3,
  "startTime": "2026-09-30T17:32:40.6620704Z",
  "finishTime": "2026-09-30T17:32:43.3707639Z"
}.
[2026-09-30 17:32:43Z INFO StepsRunner] Update job result with current step result 'Failed'.
[2026-09-30 17:32:43Z INFO StepsRunner] Current state: job state = 'Failed'
[2026-09-30 17:32:43Z INFO StepsRunner] Processing step: DisplayName='Push Docker Image'
[2026-09-30 17:32:43Z INFO PipelineTemplateEvaluatorWrapper] EvaluateStepEnvironment
[2026-09-30 17:32:43Z INFO StepsRunner] Evaluating: success()
[2026-09-30 17:32:43Z INFO StepsRunner] Result: false
[2026-09-30 17:32:43Z INFO PipelineTemplateEvaluatorWrapper] EvaluateStepIf
[2026-09-30 17:32:43Z INFO StepsRunner] Skipping step due to condition evaluation.
[2026-09-30 17:32:43Z INFO StepsRunner] No need for updating job result with current step result 'Skipped'.
[2026-09-30 17:32:43Z INFO StepsRunner] Current state: job state = 'Failed'
[2026-09-30 17:32:43Z INFO StepsRunner] Processing step: DisplayName='Deploy to Kubernetes'
[2026-09-30 17:32:43Z INFO PipelineTemplateEvaluatorWrapper] EvaluateStepEnvironment
[2026-09-30 17:32:43Z INFO StepsRunner] Evaluating: success()
[2026-09-30 17:32:43Z INFO StepsRunner] Result: false
[2026-09-30 17:32:43Z INFO PipelineTemplateEvaluatorWrapper] EvaluateStepIf
[2026-09-30 17:32:43Z INFO StepsRunner] Skipping step due to condition evaluation.
[2026-09-30 17:32:43Z INFO StepsRunner] No need for updating job result with current step result 'Skipped'.
[2026-09-30 17:32:43Z INFO StepsRunner] Current state: job state = 'Failed'
[2026-09-30 17:32:43Z INFO StepsRunner] Processing step: DisplayName='Wait for Deployment'
[2026-09-30 17:32:43Z INFO PipelineTemplateEvaluatorWrapper] EvaluateStepEnvironment
[2026-09-30 17:32:43Z INFO StepsRunner] Evaluating: success()
[2026-09-30 17:32:43Z INFO StepsRunner] Result: false
[2026-09-30 17:32:43Z INFO PipelineTemplateEvaluatorWrapper] EvaluateStepIf
[2026-09-30 17:32:43Z INFO StepsRunner] Skipping step due to condition evaluation.
[2026-09-30 17:32:43Z INFO StepsRunner] No need for updating job result with current step result 'Skipped'.
[2026-09-30 17:32:43Z INFO StepsRunner] Current state: job state = 'Failed'
[2026-09-30 17:32:43Z INFO StepsRunner] Processing step: DisplayName='Verify Kubernetes Deployment'
[2026-09-30 17:32:43Z INFO PipelineTemplateEvaluatorWrapper] EvaluateStepEnvironment
[2026-09-30 17:32:43Z INFO StepsRunner] Evaluating: success()
[2026-09-30 17:32:43Z INFO StepsRunner] Result: false
[2026-09-30 17:32:43Z INFO PipelineTemplateEvaluatorWrapper] EvaluateStepIf
[2026-09-30 17:32:43Z INFO StepsRunner] Skipping step due to condition evaluation.
[2026-09-30 17:32:43Z INFO StepsRunner] No need for updating job result with current step result 'Skipped'.
[2026-09-30 17:32:43Z INFO StepsRunner] Current state: job state = 'Failed'
[2026-09-30 17:32:43Z INFO StepsRunner] Processing step: DisplayName='Post Checkout Code'
[2026-09-30 17:32:43Z INFO PipelineTemplateEvaluatorWrapper] EvaluateStepEnvironment
[2026-09-30 17:32:43Z INFO StepsRunner] Evaluating: always()
[2026-09-30 17:32:43Z INFO StepsRunner] Result: true
[2026-09-30 17:32:43Z INFO PipelineTemplateEvaluatorWrapper] EvaluateStepIf
[2026-09-30 17:32:43Z INFO StepsRunner] Starting the step.
[2026-09-30 17:32:43Z INFO PipelineTemplateEvaluatorWrapper] EvaluateStepTimeout
[2026-09-30 17:32:43Z INFO HostContext] Well known directory 'Bin': 'D:\cicd\actions-runner\bin'
[2026-09-30 17:32:43Z INFO HostContext] Well known directory 'Root': 'D:\cicd\actions-runner'
[2026-09-30 17:32:43Z INFO HostContext] Well known directory 'Work': 'D:\cicd\actions-runner\_work'
[2026-09-30 17:32:43Z INFO StepsRunner] Which2: 'chcp'
[2026-09-30 17:32:43Z INFO StepsRunner] Location: 'C:\WINDOWS\system32\chcp.COM'
[2026-09-30 17:32:43Z INFO ProcessInvokerWrapper] Starting process:
[2026-09-30 17:32:43Z INFO ProcessInvokerWrapper]   File name: 'C:\WINDOWS\system32\chcp.COM'
[2026-09-30 17:32:43Z INFO ProcessInvokerWrapper]   Arguments: '65001'
[2026-09-30 17:32:43Z INFO ProcessInvokerWrapper]   Working directory: 'D:\cicd\actions-runner\_work'
[2026-09-30 17:32:43Z INFO ProcessInvokerWrapper]   Require exit code zero: 'False'
[2026-09-30 17:32:43Z INFO ProcessInvokerWrapper]   Encoding web name:  ; code page: ''
[2026-09-30 17:32:43Z INFO ProcessInvokerWrapper]   Force kill process on cancellation: 'False'
[2026-09-30 17:32:43Z INFO ProcessInvokerWrapper]   Redirected STDIN: 'False'
[2026-09-30 17:32:43Z INFO ProcessInvokerWrapper]   Persist current code page: 'True'
[2026-09-30 17:32:43Z INFO ProcessInvokerWrapper]   Keep redirected STDIN open: 'False'
[2026-09-30 17:32:43Z INFO ProcessInvokerWrapper]   High priority process: 'False'
[2026-09-30 17:32:43Z INFO ProcessInvokerWrapper] Process started with process id 23776, waiting for process exit.
[2026-09-30 17:32:43Z INFO ProcessInvokerWrapper] STDOUT/STDERR stream read finished.
[2026-09-30 17:32:43Z INFO ProcessInvokerWrapper] STDOUT/STDERR stream read finished.
[2026-09-30 17:32:43Z INFO ProcessInvokerWrapper] Finished process 23776 with exit code 0, and elapsed time 00:00:00.0313225.
[2026-09-30 17:32:43Z INFO StepsRunner] Successfully returned to code page 65001 (UTF8)
[2026-09-30 17:32:43Z INFO HostContext] Well known directory 'Bin': 'D:\cicd\actions-runner\bin'
[2026-09-30 17:32:43Z INFO HostContext] Well known directory 'Root': 'D:\cicd\actions-runner'
[2026-09-30 17:32:43Z INFO HostContext] Well known directory 'Work': 'D:\cicd\actions-runner\_work'
[2026-09-30 17:32:43Z INFO HostContext] Well known directory 'Actions': 'D:\cicd\actions-runner\_work\_actions'
[2026-09-30 17:32:43Z INFO ActionManager] Load action that reference repository from 'D:\cicd\actions-runner\_work\_actions\actions\checkout\v4'
[2026-09-30 17:32:43Z INFO HostContext] Well known directory 'Bin': 'D:\cicd\actions-runner\bin'
[2026-09-30 17:32:43Z INFO HostContext] Well known directory 'Root': 'D:\cicd\actions-runner'
[2026-09-30 17:32:43Z INFO HostContext] Well known directory 'Work': 'D:\cicd\actions-runner\_work'
[2026-09-30 17:32:43Z INFO HostContext] Well known directory 'Actions': 'D:\cicd\actions-runner\_work\_actions'
[2026-09-30 17:32:43Z INFO ActionManifestManagerLegacy] Loaded action.yml file: {
  "name": "Checkout",
  "description": "Checkout a Git repository at a particular version",
  "inputs": {
    "type": 2,
    "map": [
      {
        "key": {
          "type": 0,
          "file": 2,
          "line": 4,
          "col": 3,
          "lit": "repository"
        },
        "value": {
          "type": 3,
          "file": 2,
          "line": 6,
          "col": 14,
          "expr": "github.repository"
        }
      },
      {
        "key": {
          "type": 0,
          "file": 2,
          "line": 7,
          "col": 3,
          "lit": "ref"
        },
        "value": ""
      },
      {
        "key": {
          "type": 0,
          "file": 2,
          "line": 12,
          "col": 3,
          "lit": "token"
        },
        "value": {
          "type": 3,
          "file": 2,
          "line": 24,
          "col": 14,
          "expr": "github.token"
        }
      },
      {
        "key": {
          "type": 0,
          "file": 2,
          "line": 25,
          "col": 3,
          "lit": "ssh-key"
        },
        "value": ""
      },
      {
        "key": {
          "type": 0,
          "file": 2,
          "line": 37,
          "col": 3,
          "lit": "ssh-known-hosts"
        },
        "value": ""
      },
      {
        "key": {
          "type": 0,
          "file": 2,
          "line": 42,
          "col": 3,
          "lit": "ssh-strict"
        },
        "value": {
          "type": 0,
          "file": 2,
          "line": 47,
          "col": 14,
          "lit": "true"
        }
      },
      {
        "key": {
          "type": 0,
          "file": 2,
          "line": 48,
          "col": 3,
          "lit": "ssh-user"
        },
        "value": {
          "type": 0,
          "file": 2,
          "line": 51,
          "col": 14,
          "lit": "git"
        }
      },
      {
        "key": {
          "type": 0,
          "file": 2,
          "line": 52,
          "col": 3,
          "lit": "persist-credentials"
        },
        "value": {
          "type": 0,
          "file": 2,
          "line": 54,
          "col": 14,
          "lit": "true"
        }
      },
      {
        "key": {
          "type": 0,
          "file": 2,
          "line": 55,
          "col": 3,
          "lit": "path"
        },
        "value": ""
      },
      {
        "key": {
          "type": 0,
          "file": 2,
          "line": 57,
          "col": 3,
          "lit": "clean"
        },
        "value": {
          "type": 0,
          "file": 2,
          "line": 59,
          "col": 14,
          "lit": "true"
        }
      },
      {
        "key": {
          "type": 0,
          "file": 2,
          "line": 60,
          "col": 3,
          "lit": "filter"
        },
        "value": {
          "type": 0,
          "file": 2,
          "line": 64,
          "col": 14,
          "lit": ""
        }
      },
      {
        "key": {
          "type": 0,
          "file": 2,
          "line": 65,
          "col": 3,
          "lit": "sparse-checkout"
        },
        "value": {
          "type": 0,
          "file": 2,
          "line": 69,
          "col": 14,
          "lit": ""
        }
      },
      {
        "key": {
          "type": 0,
          "file": 2,
          "line": 70,
          "col": 3,
          "lit": "sparse-checkout-cone-mode"
        },
        "value": {
          "type": 0,
          "file": 2,
          "line": 73,
          "col": 14,
          "lit": "true"
        }
      },
      {
        "key": {
          "type": 0,
          "file": 2,
          "line": 74,
          "col": 3,
          "lit": "fetch-depth"
        },
        "value": {
          "type": 0,
          "file": 2,
          "line": 76,
          "col": 14,
          "lit": "1"
        }
      },
      {
        "key": {
          "type": 0,
          "file": 2,
          "line": 77,
          "col": 3,
          "lit": "fetch-tags"
        },
        "value": {
          "type": 0,
          "file": 2,
          "line": 79,
          "col": 14,
          "lit": "false"
        }
      },
      {
        "key": {
          "type": 0,
          "file": 2,
          "line": 80,
          "col": 3,
          "lit": "show-progress"
        },
        "value": {
          "type": 0,
          "file": 2,
          "line": 82,
          "col": 14,
          "lit": "true"
        }
      },
      {
        "key": {
          "type": 0,
          "file": 2,
          "line": 83,
          "col": 3,
          "lit": "lfs"
        },
        "value": {
          "type": 0,
          "file": 2,
          "line": 85,
          "col": 14,
          "lit": "false"
        }
      },
      {
        "key": {
          "type": 0,
          "file": 2,
          "line": 86,
          "col": 3,
          "lit": "submodules"
        },
        "value": {
          "type": 0,
          "file": 2,
          "line": 94,
          "col": 14,
          "lit": "false"
        }
      },
      {
        "key": {
          "type": 0,
          "file": 2,
          "line": 95,
          "col": 3,
          "lit": "set-safe-directory"
        },
        "value": {
          "type": 0,
          "file": 2,
          "line": 97,
          "col": 14,
          "lit": "true"
        }
      },
      {
        "key": {
          "type": 0,
          "file": 2,
          "line": 98,
          "col": 3,
          "lit": "github-server-url"
        },
        "value": ""
      },
      {
        "key": {
          "type": 0,
          "file": 2,
          "line": 101,
          "col": 3,
          "lit": "allow-unsafe-pr-checkout"
        },
        "value": {
          "type": 0,
          "file": 2,
          "line": 109,
          "col": 14,
          "lit": "false"
        }
      }
    ]
  },
  "execution": {
    "executionType": "nodeJS",
    "hasPre": false,
    "hasPost": true,
    "script": "dist/index.js",
    "pre": null,
    "post": "dist/index.js",
    "nodeVersion": "node20",
    "cleanupCondition": "always()",
    "initCondition": "always()"
  },
  "deprecated": null
}
[2026-09-30 17:32:43Z INFO ActionManifestManagerWrapper] Load
[2026-09-30 17:32:43Z INFO HostContext] Well known directory 'Bin': 'D:\cicd\actions-runner\bin'
[2026-09-30 17:32:43Z INFO HostContext] Well known directory 'Root': 'D:\cicd\actions-runner'
[2026-09-30 17:32:43Z INFO HostContext] Well known directory 'Work': 'D:\cicd\actions-runner\_work'
[2026-09-30 17:32:43Z INFO HostContext] Well known directory 'Actions': 'D:\cicd\actions-runner\_work\_actions'
[2026-09-30 17:32:43Z INFO ActionManifestManager] Loaded action.yml file: {
  "name": "Checkout",
  "description": "Checkout a Git repository at a particular version",
  "inputs": {
    "type": 2,
    "map": [
      {
        "key": {
          "type": 0,
          "file": 2,
          "line": 4,
          "col": 3,
          "lit": "repository"
        },
        "value": {
          "type": 3,
          "file": 2,
          "line": 6,
          "col": 14,
          "expr": "github.repository"
        }
      },
      {
        "key": {
          "type": 0,
          "file": 2,
          "line": 7,
          "col": 3,
          "lit": "ref"
        },
        "value": ""
      },
      {
        "key": {
          "type": 0,
          "file": 2,
          "line": 12,
          "col": 3,
          "lit": "token"
        },
        "value": {
          "type": 3,
          "file": 2,
          "line": 24,
          "col": 14,
          "expr": "github.token"
        }
      },
      {
        "key": {
          "type": 0,
          "file": 2,
          "line": 25,
          "col": 3,
          "lit": "ssh-key"
        },
        "value": ""
      },
      {
        "key": {
          "type": 0,
          "file": 2,
          "line": 37,
          "col": 3,
          "lit": "ssh-known-hosts"
        },
        "value": ""
      },
      {
        "key": {
          "type": 0,
          "file": 2,
          "line": 42,
          "col": 3,
          "lit": "ssh-strict"
        },
        "value": {
          "type": 0,
          "file": 2,
          "line": 47,
          "col": 14,
          "lit": "true"
        }
      },
      {
        "key": {
          "type": 0,
          "file": 2,
          "line": 48,
          "col": 3,
          "lit": "ssh-user"
        },
        "value": {
          "type": 0,
          "file": 2,
          "line": 51,
          "col": 14,
          "lit": "git"
        }
      },
      {
        "key": {
          "type": 0,
          "file": 2,
          "line": 52,
          "col": 3,
          "lit": "persist-credentials"
        },
        "value": {
          "type": 0,
          "file": 2,
          "line": 54,
          "col": 14,
          "lit": "true"
        }
      },
      {
        "key": {
          "type": 0,
          "file": 2,
          "line": 55,
          "col": 3,
          "lit": "path"
        },
        "value": ""
      },
      {
        "key": {
          "type": 0,
          "file": 2,
          "line": 57,
          "col": 3,
          "lit": "clean"
        },
        "value": {
          "type": 0,
          "file": 2,
          "line": 59,
          "col": 14,
          "lit": "true"
        }
      },
      {
        "key": {
          "type": 0,
          "file": 2,
          "line": 60,
          "col": 3,
          "lit": "filter"
        },
        "value": {
          "type": 0,
          "file": 2,
          "line": 64,
          "col": 14,
          "lit": ""
        }
      },
      {
        "key": {
          "type": 0,
          "file": 2,
          "line": 65,
          "col": 3,
          "lit": "sparse-checkout"
        },
        "value": {
          "type": 0,
          "file": 2,
          "line": 69,
          "col": 14,
          "lit": ""
        }
      },
      {
        "key": {
          "type": 0,
          "file": 2,
          "line": 70,
          "col": 3,
          "lit": "sparse-checkout-cone-mode"
        },
        "value": {
          "type": 0,
          "file": 2,
          "line": 73,
          "col": 14,
          "lit": "true"
        }
      },
      {
        "key": {
          "type": 0,
          "file": 2,
          "line": 74,
          "col": 3,
          "lit": "fetch-depth"
        },
        "value": {
          "type": 0,
          "file": 2,
          "line": 76,
          "col": 14,
          "lit": "1"
        }
      },
      {
        "key": {
          "type": 0,
          "file": 2,
          "line": 77,
          "col": 3,
          "lit": "fetch-tags"
        },
        "value": {
          "type": 0,
          "file": 2,
          "line": 79,
          "col": 14,
          "lit": "false"
        }
      },
      {
        "key": {
          "type": 0,
          "file": 2,
          "line": 80,
          "col": 3,
          "lit": "show-progress"
        },
        "value": {
          "type": 0,
          "file": 2,
          "line": 82,
          "col": 14,
          "lit": "true"
        }
      },
      {
        "key": {
          "type": 0,
          "file": 2,
          "line": 83,
          "col": 3,
          "lit": "lfs"
        },
        "value": {
          "type": 0,
          "file": 2,
          "line": 85,
          "col": 14,
          "lit": "false"
        }
      },
      {
        "key": {
          "type": 0,
          "file": 2,
          "line": 86,
          "col": 3,
          "lit": "submodules"
        },
        "value": {
          "type": 0,
          "file": 2,
          "line": 94,
          "col": 14,
          "lit": "false"
        }
      },
      {
        "key": {
          "type": 0,
          "file": 2,
          "line": 95,
          "col": 3,
          "lit": "set-safe-directory"
        },
        "value": {
          "type": 0,
          "file": 2,
          "line": 97,
          "col": 14,
          "lit": "true"
        }
      },
      {
        "key": {
          "type": 0,
          "file": 2,
          "line": 98,
          "col": 3,
          "lit": "github-server-url"
        },
        "value": ""
      },
      {
        "key": {
          "type": 0,
          "file": 2,
          "line": 101,
          "col": 3,
          "lit": "allow-unsafe-pr-checkout"
        },
        "value": {
          "type": 0,
          "file": 2,
          "line": 109,
          "col": 14,
          "lit": "false"
        }
      }
    ]
  },
  "execution": {
    "executionType": "nodeJS",
    "hasPre": false,
    "hasPost": true,
    "script": "dist/index.js",
    "pre": null,
    "post": "dist/index.js",
    "nodeVersion": "node20",
    "cleanupCondition": "always()",
    "initCondition": "always()"
  },
  "deprecated": null
}
[2026-09-30 17:32:43Z INFO ActionManager] Action pre node.js file: N/A.
[2026-09-30 17:32:43Z INFO ActionManager] Action node.js file: dist/index.js.
[2026-09-30 17:32:43Z INFO ActionManager] Action post node.js file: dist/index.js.
[2026-09-30 17:32:43Z INFO HostContext] Well known directory 'Bin': 'D:\cicd\actions-runner\bin'
[2026-09-30 17:32:43Z INFO HostContext] Well known directory 'Root': 'D:\cicd\actions-runner'
[2026-09-30 17:32:43Z INFO HostContext] Well known directory 'Work': 'D:\cicd\actions-runner\_work'
[2026-09-30 17:32:43Z INFO HostContext] Well known directory 'Temp': 'D:\cicd\actions-runner\_work\_temp'
[2026-09-30 17:32:43Z INFO ExecutionContext] Write event payload to D:\cicd\actions-runner\_work\_temp\_github_workflow\event.json
[2026-09-30 17:32:43Z INFO HostContext] Well known directory 'Bin': 'D:\cicd\actions-runner\bin'
[2026-09-30 17:32:43Z INFO HostContext] Well known directory 'Root': 'D:\cicd\actions-runner'
[2026-09-30 17:32:43Z INFO HostContext] Well known directory 'Work': 'D:\cicd\actions-runner\_work'
[2026-09-30 17:32:43Z INFO HostContext] Well known directory 'Temp': 'D:\cicd\actions-runner\_work\_temp'
[2026-09-30 17:32:43Z INFO ExtensionManager] Getting extensions for interface: 'GitHub.Runner.Worker.IFileCommandExtension'
[2026-09-30 17:32:43Z INFO PipelineTemplateEvaluatorWrapper] EvaluateStepInputs
[2026-09-30 17:32:43Z INFO ActionManifestManagerLegacy] Input 'repository': default value evaluate result: {
  "type": 0,
  "file": 2,
  "line": 6,
  "col": 14,
  "lit": "***-ops/my-repo"
}
[2026-09-30 17:32:43Z INFO ActionManifestManagerWrapper] EvaluateDefaultInput
[2026-09-30 17:32:43Z INFO JobServerQueue] Try to append 1 batches web console lines for record '759fc604-5c23-4933-bec4-f7bbbd658219', success rate: 1/1.
[2026-09-30 17:32:43Z INFO ActionManifestManager] Input 'repository': default value evaluate result: {
  "type": 0,
  "file": 2,
  "line": 6,
  "col": 14,
  "lit": "***-ops/my-repo"
}
[2026-09-30 17:32:43Z INFO ActionManifestManagerLegacy] Input 'ref': default value evaluate result: ""
[2026-09-30 17:32:43Z INFO ActionManifestManagerWrapper] EvaluateDefaultInput
[2026-09-30 17:32:43Z INFO ActionManifestManager] Input 'ref': default value evaluate result: ""
[2026-09-30 17:32:43Z INFO ActionManifestManagerLegacy] Input 'token': default value evaluate result: {
  "type": 0,
  "file": 2,
  "line": 24,
  "col": 14,
  "lit": "***"
}
[2026-09-30 17:32:43Z INFO ActionManifestManagerWrapper] EvaluateDefaultInput
[2026-09-30 17:32:43Z INFO ActionManifestManager] Input 'token': default value evaluate result: {
  "type": 0,
  "file": 2,
  "line": 24,
  "col": 14,
  "lit": "***"
}
[2026-09-30 17:32:43Z INFO ActionManifestManagerLegacy] Input 'ssh-key': default value evaluate result: ""
[2026-09-30 17:32:43Z INFO ActionManifestManagerWrapper] EvaluateDefaultInput
[2026-09-30 17:32:43Z INFO ActionManifestManager] Input 'ssh-key': default value evaluate result: ""
[2026-09-30 17:32:43Z INFO ActionManifestManagerLegacy] Input 'ssh-known-hosts': default value evaluate result: ""
[2026-09-30 17:32:43Z INFO ActionManifestManagerWrapper] EvaluateDefaultInput
[2026-09-30 17:32:43Z INFO ActionManifestManager] Input 'ssh-known-hosts': default value evaluate result: ""
[2026-09-30 17:32:43Z INFO ActionManifestManagerLegacy] Input 'ssh-strict': default value evaluate result: {
  "type": 0,
  "file": 2,
  "line": 47,
  "col": 14,
  "lit": "true"
}
[2026-09-30 17:32:43Z INFO ActionManifestManagerWrapper] EvaluateDefaultInput
[2026-09-30 17:32:43Z INFO ActionManifestManager] Input 'ssh-strict': default value evaluate result: {
  "type": 0,
  "file": 2,
  "line": 47,
  "col": 14,
  "lit": "true"
}
[2026-09-30 17:32:43Z INFO ActionManifestManagerLegacy] Input 'ssh-user': default value evaluate result: {
  "type": 0,
  "file": 2,
  "line": 51,
  "col": 14,
  "lit": "git"
}
[2026-09-30 17:32:43Z INFO ActionManifestManagerWrapper] EvaluateDefaultInput
[2026-09-30 17:32:43Z INFO ActionManifestManager] Input 'ssh-user': default value evaluate result: {
  "type": 0,
  "file": 2,
  "line": 51,
  "col": 14,
  "lit": "git"
}
[2026-09-30 17:32:43Z INFO ActionManifestManagerLegacy] Input 'persist-credentials': default value evaluate result: {
  "type": 0,
  "file": 2,
  "line": 54,
  "col": 14,
  "lit": "true"
}
[2026-09-30 17:32:43Z INFO ActionManifestManagerWrapper] EvaluateDefaultInput
[2026-09-30 17:32:43Z INFO ActionManifestManager] Input 'persist-credentials': default value evaluate result: {
  "type": 0,
  "file": 2,
  "line": 54,
  "col": 14,
  "lit": "true"
}
[2026-09-30 17:32:43Z INFO ActionManifestManagerLegacy] Input 'path': default value evaluate result: ""
[2026-09-30 17:32:43Z INFO ActionManifestManagerWrapper] EvaluateDefaultInput
[2026-09-30 17:32:43Z INFO ActionManifestManager] Input 'path': default value evaluate result: ""
[2026-09-30 17:32:43Z INFO ActionManifestManagerLegacy] Input 'clean': default value evaluate result: {
  "type": 0,
  "file": 2,
  "line": 59,
  "col": 14,
  "lit": "true"
}
[2026-09-30 17:32:43Z INFO ActionManifestManagerWrapper] EvaluateDefaultInput
[2026-09-30 17:32:43Z INFO JobServerQueue] Try to upload 1 log files or attachments, success rate: 1/1.
[2026-09-30 17:32:43Z INFO ActionManifestManager] Input 'clean': default value evaluate result: {
  "type": 0,
  "file": 2,
  "line": 59,
  "col": 14,
  "lit": "true"
}
[2026-09-30 17:32:43Z INFO ActionManifestManagerLegacy] Input 'filter': default value evaluate result: {
  "type": 0,
  "file": 2,
  "line": 64,
  "col": 14,
  "lit": ""
}
[2026-09-30 17:32:43Z INFO ActionManifestManagerWrapper] EvaluateDefaultInput
[2026-09-30 17:32:43Z INFO ActionManifestManager] Input 'filter': default value evaluate result: {
  "type": 0,
  "file": 2,
  "line": 64,
  "col": 14,
  "lit": ""
}
[2026-09-30 17:32:43Z INFO ActionManifestManagerLegacy] Input 'sparse-checkout': default value evaluate result: {
  "type": 0,
  "file": 2,
  "line": 69,
  "col": 14,
  "lit": ""
}
[2026-09-30 17:32:43Z INFO ActionManifestManagerWrapper] EvaluateDefaultInput
[2026-09-30 17:32:43Z INFO ActionManifestManager] Input 'sparse-checkout': default value evaluate result: {
  "type": 0,
  "file": 2,
  "line": 69,
  "col": 14,
  "lit": ""
}
[2026-09-30 17:32:43Z INFO ActionManifestManagerLegacy] Input 'sparse-checkout-cone-mode': default value evaluate result: {
  "type": 0,
  "file": 2,
  "line": 73,
  "col": 14,
  "lit": "true"
}
[2026-09-30 17:32:43Z INFO ActionManifestManagerWrapper] EvaluateDefaultInput
[2026-09-30 17:32:43Z INFO ActionManifestManager] Input 'sparse-checkout-cone-mode': default value evaluate result: {
  "type": 0,
  "file": 2,
  "line": 73,
  "col": 14,
  "lit": "true"
}
[2026-09-30 17:32:43Z INFO ActionManifestManagerLegacy] Input 'fetch-depth': default value evaluate result: {
  "type": 0,
  "file": 2,
  "line": 76,
  "col": 14,
  "lit": "1"
}
[2026-09-30 17:32:43Z INFO ActionManifestManagerWrapper] EvaluateDefaultInput
[2026-09-30 17:32:43Z INFO ActionManifestManager] Input 'fetch-depth': default value evaluate result: {
  "type": 0,
  "file": 2,
  "line": 76,
  "col": 14,
  "lit": "1"
}
[2026-09-30 17:32:43Z INFO ActionManifestManagerLegacy] Input 'fetch-tags': default value evaluate result: {
  "type": 0,
  "file": 2,
  "line": 79,
  "col": 14,
  "lit": "false"
}
[2026-09-30 17:32:43Z INFO ActionManifestManagerWrapper] EvaluateDefaultInput
[2026-09-30 17:32:43Z INFO ActionManifestManager] Input 'fetch-tags': default value evaluate result: {
  "type": 0,
  "file": 2,
  "line": 79,
  "col": 14,
  "lit": "false"
}
[2026-09-30 17:32:43Z INFO ActionManifestManagerLegacy] Input 'show-progress': default value evaluate result: {
  "type": 0,
  "file": 2,
  "line": 82,
  "col": 14,
  "lit": "true"
}
[2026-09-30 17:32:43Z INFO ActionManifestManagerWrapper] EvaluateDefaultInput
[2026-09-30 17:32:43Z INFO ActionManifestManager] Input 'show-progress': default value evaluate result: {
  "type": 0,
  "file": 2,
  "line": 82,
  "col": 14,
  "lit": "true"
}
[2026-09-30 17:32:43Z INFO ActionManifestManagerLegacy] Input 'lfs': default value evaluate result: {
  "type": 0,
  "file": 2,
  "line": 85,
  "col": 14,
  "lit": "false"
}
[2026-09-30 17:32:43Z INFO ActionManifestManagerWrapper] EvaluateDefaultInput
[2026-09-30 17:32:43Z INFO JobServerQueue] Got a step log file to send to results service.
[2026-09-30 17:32:43Z INFO JobServerQueue] Starting upload of step log file to results service ResultsLog, D:\cicd\actions-runner\_diag\blocks\191e2856-dadc-8e1e-b3ea-657e0a09d00d_759fc604-5c23-4933-bec4-f7bbbd658219.1
[2026-09-30 17:32:43Z INFO ActionManifestManager] Input 'lfs': default value evaluate result: {
  "type": 0,
  "file": 2,
  "line": 85,
  "col": 14,
  "lit": "false"
}
[2026-09-30 17:32:43Z INFO ActionManifestManagerLegacy] Input 'submodules': default value evaluate result: {
  "type": 0,
  "file": 2,
  "line": 94,
  "col": 14,
  "lit": "false"
}
[2026-09-30 17:32:43Z INFO ActionManifestManagerWrapper] EvaluateDefaultInput
[2026-09-30 17:32:43Z INFO ActionManifestManager] Input 'submodules': default value evaluate result: {
  "type": 0,
  "file": 2,
  "line": 94,
  "col": 14,
  "lit": "false"
}
[2026-09-30 17:32:43Z INFO ActionManifestManagerLegacy] Input 'set-safe-directory': default value evaluate result: {
  "type": 0,
  "file": 2,
  "line": 97,
  "col": 14,
  "lit": "true"
}
[2026-09-30 17:32:43Z INFO ActionManifestManagerWrapper] EvaluateDefaultInput
[2026-09-30 17:32:43Z INFO ActionManifestManager] Input 'set-safe-directory': default value evaluate result: {
  "type": 0,
  "file": 2,
  "line": 97,
  "col": 14,
  "lit": "true"
}
[2026-09-30 17:32:43Z INFO ActionManifestManagerLegacy] Input 'github-server-url': default value evaluate result: ""
[2026-09-30 17:32:43Z INFO ActionManifestManagerWrapper] EvaluateDefaultInput
[2026-09-30 17:32:43Z INFO ActionManifestManager] Input 'github-server-url': default value evaluate result: ""
[2026-09-30 17:32:43Z INFO ActionManifestManagerLegacy] Input 'allow-unsafe-pr-checkout': default value evaluate result: {
  "type": 0,
  "file": 2,
  "line": 109,
  "col": 14,
  "lit": "false"
}
[2026-09-30 17:32:43Z INFO ActionManifestManagerWrapper] EvaluateDefaultInput
[2026-09-30 17:32:43Z INFO ActionManifestManager] Input 'allow-unsafe-pr-checkout': default value evaluate result: {
  "type": 0,
  "file": 2,
  "line": 109,
  "col": 14,
  "lit": "false"
}
[2026-09-30 17:32:43Z INFO ExtensionManager] Getting extensions for interface: 'GitHub.Runner.Worker.IActionCommandExtension'
[2026-09-30 17:32:43Z INFO ActionCommandManager] Register action command extension for command internal-set-repo-path
[2026-09-30 17:32:43Z INFO ActionCommandManager] Register action command extension for command set-env
[2026-09-30 17:32:43Z INFO ActionCommandManager] Register action command extension for command set-output
[2026-09-30 17:32:43Z INFO ActionCommandManager] Register action command extension for command save-state
[2026-09-30 17:32:43Z INFO ActionCommandManager] Register action command extension for command add-path
[2026-09-30 17:32:43Z INFO ActionCommandManager] Register action command extension for command add-mask
[2026-09-30 17:32:43Z INFO ActionCommandManager] Register action command extension for command add-matcher
[2026-09-30 17:32:43Z INFO ActionCommandManager] Register action command extension for command remove-matcher
[2026-09-30 17:32:43Z INFO ActionCommandManager] Register action command extension for command warning
[2026-09-30 17:32:43Z INFO ActionCommandManager] Register action command extension for command error
[2026-09-30 17:32:43Z INFO ActionCommandManager] Register action command extension for command notice
[2026-09-30 17:32:43Z INFO ActionCommandManager] Register action command extension for command debug
[2026-09-30 17:32:43Z INFO ActionCommandManager] Register action command extension for command group
[2026-09-30 17:32:43Z INFO ActionCommandManager] Register action command extension for command endgroup
[2026-09-30 17:32:43Z INFO ActionCommandManager] Register action command extension for command echo
[2026-09-30 17:32:43Z INFO HostContext] Well known directory 'Bin': 'D:\cicd\actions-runner\bin'
[2026-09-30 17:32:43Z INFO HostContext] Well known directory 'Root': 'D:\cicd\actions-runner'
[2026-09-30 17:32:43Z INFO HostContext] Well known directory 'Externals': 'D:\cicd\actions-runner\externals'
[2026-09-30 17:32:43Z INFO ProcessInvokerWrapper] Starting process:
[2026-09-30 17:32:43Z INFO ProcessInvokerWrapper]   File name: 'D:\cicd\actions-runner\externals\node24\bin\node.exe'
[2026-09-30 17:32:43Z INFO ProcessInvokerWrapper]   Arguments: '"D:\cicd\actions-runner\_work\_actions\actions\checkout\v4\dist/index.js"'
[2026-09-30 17:32:43Z INFO ProcessInvokerWrapper]   Working directory: 'D:\cicd\actions-runner\_work\my-repo\my-repo'
[2026-09-30 17:32:43Z INFO ProcessInvokerWrapper]   Require exit code zero: 'False'
[2026-09-30 17:32:43Z INFO ProcessInvokerWrapper]   Encoding web name: utf-8 ; code page: '65001'
[2026-09-30 17:32:43Z INFO ProcessInvokerWrapper]   Force kill process on cancellation: 'False'
[2026-09-30 17:32:43Z INFO ProcessInvokerWrapper]   Redirected STDIN: 'False'
[2026-09-30 17:32:43Z INFO ProcessInvokerWrapper]   Persist current code page: 'True'
[2026-09-30 17:32:43Z INFO ProcessInvokerWrapper]   Keep redirected STDIN open: 'False'
[2026-09-30 17:32:43Z INFO ProcessInvokerWrapper]   High priority process: 'False'
[2026-09-30 17:32:43Z INFO ProcessInvokerWrapper] Process started with process id 26436, waiting for process exit.
[2026-09-30 17:32:43Z INFO JobServerQueue] Try to append 1 batches web console lines for record '5badbc55-45d8-4d5c-a504-985d7a0e4ef4', success rate: 1/1.
[2026-09-30 17:32:44Z INFO AddMaskCommandExtension] Add new secret mask with length of 32
[2026-09-30 17:32:44Z INFO JobServerQueue] Try to append 1 batches web console lines for record '5badbc55-45d8-4d5c-a504-985d7a0e4ef4', success rate: 1/1.
[2026-09-30 17:32:44Z INFO JobServerQueue] Tried to upload 1 file(s) to results, success rate: 1/1.
[2026-09-30 17:32:44Z INFO JobServerQueue] Try to append 1 batches web console lines for record '5badbc55-45d8-4d5c-a504-985d7a0e4ef4', success rate: 1/1.
[2026-09-30 17:32:47Z INFO JobServerQueue] Try to append 1 batches web console lines for record '5badbc55-45d8-4d5c-a504-985d7a0e4ef4', success rate: 1/1.
[2026-09-30 17:32:48Z INFO JobServerQueue] Try to append 1 batches web console lines for record '5badbc55-45d8-4d5c-a504-985d7a0e4ef4', success rate: 1/1.
[2026-09-30 17:32:49Z INFO HostContext] Well known directory 'Bin': 'D:\cicd\actions-runner\bin'
[2026-09-30 17:32:49Z INFO HostContext] Well known directory 'Root': 'D:\cicd\actions-runner'
[2026-09-30 17:32:49Z INFO HostContext] Well known directory 'Work': 'D:\cicd\actions-runner\_work'
[2026-09-30 17:32:49Z INFO JobServerQueue] Try to append 1 batches web console lines for record '5badbc55-45d8-4d5c-a504-985d7a0e4ef4', success rate: 1/1.
[2026-09-30 17:32:49Z INFO JobServerQueue] Try to append 1 batches web console lines for record '5badbc55-45d8-4d5c-a504-985d7a0e4ef4', success rate: 1/1.
[2026-09-30 17:32:51Z INFO ProcessInvokerWrapper] STDOUT/STDERR stream read finished.
[2026-09-30 17:32:51Z INFO ProcessInvokerWrapper] STDOUT/STDERR stream read finished.
[2026-09-30 17:32:51Z INFO ProcessInvokerWrapper] Finished process 26436 with exit code 0, and elapsed time 00:00:07.5760735.
[2026-09-30 17:32:51Z INFO CreateStepSummaryCommand] Step Summary file (D:\cicd\actions-runner\_work\_temp\_runner_file_commands\step_summary_75bacad5-cde9-42f1-a3c5-32b5a9531b00) is empty; skipping attachment upload
[2026-09-30 17:32:51Z INFO StepsRunner] Step result: 
[2026-09-30 17:32:51Z INFO ExecutionContext] Publish step telemetry for current step {
  "action": "actions/checkout",
  "ref": "v4",
  "type": "node24",
  "stage": "Post",
  "stepId": "5badbc55-45d8-4d5c-a504-985d7a0e4ef4",
  "result": "succeeded",
  "errorMessages": [],
  "executionTimeInSeconds": 8,
  "startTime": "2026-09-30T17:32:43.4462539Z",
  "finishTime": "2026-09-30T17:32:51.3475747Z"
}.
[2026-09-30 17:32:51Z INFO StepsRunner] No need for updating job result with current step result 'Succeeded'.
[2026-09-30 17:32:51Z INFO StepsRunner] Current state: job state = 'Failed'
[2026-09-30 17:32:51Z INFO JobRunner] Finalize job.
[2026-09-30 17:32:51Z INFO HostContext] Well known directory 'Bin': 'D:\cicd\actions-runner\bin'
[2026-09-30 17:32:51Z INFO HostContext] Well known directory 'Root': 'D:\cicd\actions-runner'
[2026-09-30 17:32:51Z INFO HostContext] Well known directory 'Diag': 'D:\cicd\actions-runner\_diag'
[2026-09-30 17:32:51Z INFO HostContext] Well known directory 'Bin': 'D:\cicd\actions-runner\bin'
[2026-09-30 17:32:51Z INFO HostContext] Well known directory 'Root': 'D:\cicd\actions-runner'
[2026-09-30 17:32:51Z INFO HostContext] Well known directory 'Diag': 'D:\cicd\actions-runner\_diag'
[2026-09-30 17:32:51Z INFO JobExtension] Initialize Env context
[2026-09-30 17:32:51Z INFO JobExtension] Initialize steps context
[2026-09-30 17:32:51Z INFO JobExtension] Total accessible running process: 362.
[2026-09-30 17:32:51Z INFO JobServerQueue] Try to append 1 batches web console lines for record '6ffaf8dd-fb99-4075-8735-2b557f1891ac', success rate: 1/1.
[2026-09-30 17:32:51Z INFO JobExtension] Inspecting process environment variables. PID: 28268 (chrome)
[2026-09-30 17:32:51Z INFO JobExtension] Wait for all connectivity checks to finish.
[2026-09-30 17:32:51Z INFO JobExtension] Connectivity check result: {
  "endpointUrl": "https://broker.actions.githubusercontent.com/health",
  "endpointIPs": null,
  "startTime": "2026-09-30T17:32:09.3092186Z",
  "statusCode": "http_OK",
  "requestId": "DE5B:2DF279:3DAB658:3F34F63:6ABD479A",
  "httpRequestDurationInMs": 846,
  "dnsResolutionDurationInMs": 0,
  "dnsError": null
}
[2026-09-30 17:32:51Z INFO JobExtension] Connectivity check result: {
  "endpointUrl": "https://token.actions.githubusercontent.com/ready",
  "endpointIPs": null,
  "startTime": "2026-09-30T17:32:09.3123656Z",
  "statusCode": "http_NoContent",
  "requestId": "DE5C:1CB530:2F0673:336891:6ABD479B",
  "httpRequestDurationInMs": 1086,
  "dnsResolutionDurationInMs": 0,
  "dnsError": null
}
[2026-09-30 17:32:51Z INFO JobExtension] Connectivity check result: {
  "endpointUrl": "https://run.actions.githubusercontent.com/health",
  "endpointIPs": null,
  "startTime": "2026-09-30T17:32:09.312951Z",
  "statusCode": "http_OK",
  "requestId": "DE5D:3D143C:3AF82B3:3C81CAF:6ABD479B",
  "httpRequestDurationInMs": 1010,
  "dnsResolutionDurationInMs": 0,
  "dnsError": null
}
[2026-09-30 17:32:51Z INFO ExecutionContext] Publish step telemetry for current step {
  "action": "complete_job",
  "type": "runner",
  "stage": "Post",
  "stepId": "6ffaf8dd-fb99-4075-8735-2b557f1891ac",
  "result": "succeeded",
  "errorMessages": [
    "Node.js 20 is deprecated. The following actions target Node.js 20 but are being forced to run on Node.js 24: actions/checkout@v4. For more information see: https://github.blog/changelog/2025-09-19-deprecation-of-node-20-on-github-actions-runners/"
  ],
  "executionTimeInSeconds": 1,
  "startTime": "2026-09-30T17:32:51.365784Z",
  "finishTime": "2026-09-30T17:32:51.463597Z"
}.
[2026-09-30 17:32:51Z INFO JobRunner] Job result after all job steps finish: Failed
[2026-09-30 17:32:51Z INFO JobRunner] Completing the job execution context.
[2026-09-30 17:32:51Z INFO JobRunner] Shutting down the job server queue.
[2026-09-30 17:32:51Z INFO JobServerQueue] Fire signal to shutdown all queues.
[2026-09-30 17:32:51Z INFO JobServerQueue] All queue process task stopped.
[2026-09-30 17:32:51Z INFO JobServerQueue] Try to append 1 batches web console lines for record '6ffaf8dd-fb99-4075-8735-2b557f1891ac', success rate: 1/1.
[2026-09-30 17:32:51Z INFO JobServerQueue] Web console line queue drained.
[2026-09-30 17:32:51Z INFO JobServerQueue] Uploading 3 files in one shot.
[2026-09-30 17:32:51Z INFO JobServerQueue] Try to upload 3 log files or attachments, success rate: 3/3.
[2026-09-30 17:32:51Z INFO JobServerQueue] File upload queue drained.
[2026-09-30 17:32:51Z INFO JobServerQueue] Starting results-based upload queue...
[2026-09-30 17:32:51Z INFO JobServerQueue] Uploading 3 file(s) in one shot through results service.
[2026-09-30 17:32:51Z INFO JobServerQueue] Got a step log file to send to results service.
[2026-09-30 17:32:51Z INFO JobServerQueue] Starting upload of step log file to results service ResultsLog, D:\cicd\actions-runner\_diag\blocks\191e2856-dadc-8e1e-b3ea-657e0a09d00d_5badbc55-45d8-4d5c-a504-985d7a0e4ef4.1
[2026-09-30 17:32:52Z INFO JobServerQueue] Got a step log file to send to results service.
[2026-09-30 17:32:52Z INFO JobServerQueue] Starting upload of step log file to results service ResultsLog, D:\cicd\actions-runner\_diag\blocks\191e2856-dadc-8e1e-b3ea-657e0a09d00d_6ffaf8dd-fb99-4075-8735-2b557f1891ac.1
[2026-09-30 17:32:53Z INFO JobServerQueue] Got a job log file to send to results service.
[2026-09-30 17:32:53Z INFO JobServerQueue] Starting upload of job log file to results service ResultsLog, D:\cicd\actions-runner\_diag\blocks\191e2856-dadc-8e1e-b3ea-657e0a09d00d_7ba3a2da-9cd6-575a-8f72-ba2535ddb88a.1
[2026-09-30 17:32:54Z INFO JobServerQueue] Tried to upload 3 file(s) to results, success rate: 3/3.
[2026-09-30 17:32:54Z INFO JobServerQueue] Results upload queue drained.
[2026-09-30 17:32:54Z INFO JobServerQueue] Timeline update queue drained.
[2026-09-30 17:32:54Z INFO JobServerQueue] Disposing job server ...
[2026-09-30 17:32:54Z INFO JobServerQueue] Disposing results server ...
[2026-09-30 17:32:54Z INFO JobServerQueue] All queue process tasks have been stopped, and all queues are drained.
[2026-09-30 17:32:54Z INFO TempDirectoryManager] Cleaning runner temp folder: D:\cicd\actions-runner\_work\_temp
[2026-09-30 17:32:54Z INFO HostContext] Well known directory 'Bin': 'D:\cicd\actions-runner\bin'
[2026-09-30 17:32:54Z INFO HostContext] Well known directory 'Root': 'D:\cicd\actions-runner'
[2026-09-30 17:32:54Z INFO HostContext] Well known directory 'Diag': 'D:\cicd\actions-runner\_diag'
[2026-09-30 17:32:54Z INFO HostContext] Well known config file 'Telemetry': 'D:\cicd\actions-runner\_diag\.telemetry'
[2026-09-30 17:32:54Z INFO JobRunner] Raising job completed against run service
[2026-09-30 17:32:55Z INFO Worker] Job completed.
