[2026-09-30 19:19:47Z INFO HostContext] No proxy settings were found based on environmental variables (http_proxy/https_proxy/HTTP_PROXY/HTTPS_PROXY)
[2026-09-30 19:19:47Z INFO HostContext] Well known directory 'Bin': 'D:\cicd\actions-runner\bin'
[2026-09-30 19:19:47Z INFO HostContext] Well known directory 'Root': 'D:\cicd\actions-runner'
[2026-09-30 19:19:47Z INFO HostContext] Well known config file 'Credentials': 'D:\cicd\actions-runner\.credentials'
[2026-09-30 19:19:47Z INFO HostContext] Well known directory 'Bin': 'D:\cicd\actions-runner\bin'
[2026-09-30 19:19:47Z INFO HostContext] Well known directory 'Root': 'D:\cicd\actions-runner'
[2026-09-30 19:19:47Z INFO HostContext] Well known config file 'Runner': 'D:\cicd\actions-runner\.runner'
[2026-09-30 19:19:47Z INFO Worker] Version: 2.337.0
[2026-09-30 19:19:47Z INFO Worker] Commit: 397b032cbf865e9c3ddfab89d533ec19325e1273
[2026-09-30 19:19:47Z INFO Worker] Culture: en-IN
[2026-09-30 19:19:47Z INFO Worker] UI Culture: en-US
[2026-09-30 19:19:47Z INFO Worker] Waiting to receive the job message from the channel.
[2026-09-30 19:19:47Z INFO ProcessChannel] Receiving message of length 26040, with hash 'c2894bdce6e8bf80054218356fca1cc0a60aac42f65d75cf5f1ebcde6c424a73'
[2026-09-30 19:19:47Z INFO Worker] Message received.
[2026-09-30 19:19:48Z INFO Worker] Job message:
 {
  "fileTable": [
    ".github/workflows/k8s_by_terraform.yaml"
  ],
  "mask": [
    {
      "type": "regex",
      "value": "***"
    },
    {
      "type": "regex",
      "value": "***"
    },
    {
      "type": "regex",
      "value": "***"
    },
    {
      "type": "regex",
      "value": "***"
    },
    {
      "type": "regex",
      "value": "***"
    },
    {
      "type": "regex",
      "value": "***"
    },
    {
      "type": "regex",
      "value": "***"
    },
    {
      "type": "regex",
      "value": "***"
    },
    {
      "type": "regex",
      "value": "***"
    },
    {
      "type": "regex",
      "value": "***"
    },
    {
      "type": "regex",
      "value": "***"
    },
    {
      "type": "regex",
      "value": "***"
    },
    {
      "type": "regex",
      "value": "***"
    },
    {
      "type": "regex",
      "value": "***"
    },
    {
      "type": "regex",
      "value": "***"
    },
    {
      "type": "regex",
      "value": "***"
    },
    {
      "type": "regex",
      "value": "***"
    },
    {
      "type": "regex",
      "value": "***"
    },
    {
      "type": "regex",
      "value": "***"
    },
    {
      "type": "regex",
      "value": "***"
    },
    {
      "type": "regex",
      "value": "***"
    },
    {
      "type": "regex",
      "value": "***"
    },
    {
      "type": "regex",
      "value": "***"
    },
    {
      "type": "regex",
      "value": "***"
    }
  ],
  "steps": [
    {
      "type": "action",
      "reference": {
        "type": "repository",
        "name": "actions/checkout",
        "ref": "v4",
        "repositoryType": "GitHub"
      },
      "displayNameToken": {
        "type": 0,
        "file": 1,
        "line": 12,
        "col": 15,
        "lit": "Checkout Code"
      },
      "contextName": "__actions_checkout",
      "condition": "success()",
      "id": "427b1673-0aca-49a9-be29-fdf5e4c3d021",
      "name": "__actions_checkout"
    },
    {
      "type": "action",
      "reference": {
        "type": "script"
      },
      "displayNameToken": {
        "type": 0,
        "file": 1,
        "line": 15,
        "col": 15,
        "lit": "Docker Login"
      },
      "contextName": "__run",
      "inputs": {
        "type": 2,
        "map": [
          {
            "key": "script",
            "value": {
              "type": 3,
              "file": 1,
              "line": 16,
              "col": 14,
              "expr": "format('echo \"{0}\" | docker login -u \"{1}\" --password-stdin', secrets.DOCKERHUB_TOKEN, secrets.DOCKERHUB_USERNAME)"
            }
          }
        ]
      },
      "condition": "success()",
      "id": "fccb978d-a8bf-481f-9963-ebf43fe6acd8",
      "name": "__run"
    },
    {
      "type": "action",
      "reference": {
        "type": "script"
      },
      "displayNameToken": {
        "type": 0,
        "file": 1,
        "line": 18,
        "col": 15,
        "lit": "Build Docker Image"
      },
      "contextName": "__run_2",
      "inputs": {
        "type": 2,
        "map": [
          {
            "key": "script",
            "value": {
              "type": 3,
              "file": 1,
              "line": 19,
              "col": 14,
              "expr": "format('docker build -t ***/devops:{0} .\ndocker push ***/devops:{1}\n', github.run_number, github.run_number)"
            }
          }
        ]
      },
      "condition": "success()",
      "id": "089e2ee6-2efd-4148-9ca5-f055ae7db97d",
      "name": "__run_2"
    },
    {
      "type": "action",
      "reference": {
        "type": "script"
      },
      "displayNameToken": {
        "type": 0,
        "file": 1,
        "line": 23,
        "col": 15,
        "lit": "Terraform Init"
      },
      "contextName": "__run_3",
      "inputs": {
        "type": 2,
        "map": [
          {
            "key": "script",
            "value": {
              "type": 0,
              "file": 1,
              "line": 25,
              "col": 14,
              "lit": "terraform init"
            }
          },
          {
            "key": "workingDirectory",
            "value": {
              "type": 0,
              "file": 1,
              "line": 24,
              "col": 28,
              "lit": "terraform_pipeline/infra"
            }
          }
        ]
      },
      "condition": "success()",
      "id": "97bf36d3-f3f2-424c-8158-989411aa4d03",
      "name": "__run_3"
    },
    {
      "type": "action",
      "reference": {
        "type": "script"
      },
      "displayNameToken": {
        "type": 0,
        "file": 1,
        "line": 27,
        "col": 15,
        "lit": "Terraform Validate"
      },
      "contextName": "__run_4",
      "inputs": {
        "type": 2,
        "map": [
          {
            "key": "script",
            "value": {
              "type": 0,
              "file": 1,
              "line": 29,
              "col": 14,
              "lit": "terraform validate"
            }
          },
          {
            "key": "workingDirectory",
            "value": {
              "type": 0,
              "file": 1,
              "line": 28,
              "col": 28,
              "lit": "terraform_pipeline/infra"
            }
          }
        ]
      },
      "condition": "success()",
      "id": "031d7c4d-7560-48c5-b7a5-fba21047ded1",
      "name": "__run_4"
    },
    {
      "type": "action",
      "reference": {
        "type": "script"
      },
      "displayNameToken": {
        "type": 0,
        "file": 1,
        "line": 31,
        "col": 15,
        "lit": "Terraform Plan"
      },
      "contextName": "__run_5",
      "inputs": {
        "type": 2,
        "map": [
          {
            "key": "script",
            "value": {
              "type": 3,
              "file": 1,
              "line": 33,
              "col": 14,
              "expr": "format('terraform plan -var=\"image_tag={0}\"', github.run_number)"
            }
          },
          {
            "key": "workingDirectory",
            "value": {
              "type": 0,
              "file": 1,
              "line": 32,
              "col": 28,
              "lit": "terraform_pipeline/infra"
            }
          }
        ]
      },
      "condition": "success()",
      "id": "e3db21ba-9e68-4c11-9d37-d9638af75ee9",
      "name": "__run_5"
    },
    {
      "type": "action",
      "reference": {
        "type": "script"
      },
      "displayNameToken": {
        "type": 0,
        "file": 1,
        "line": 35,
        "col": 15,
        "lit": "Terraform Apply"
      },
      "contextName": "__run_6",
      "inputs": {
        "type": 2,
        "map": [
          {
            "key": "script",
            "value": {
              "type": 0,
              "file": 1,
              "line": 37,
              "col": 14,
              "lit": "terraform apply -auto-approve"
            }
          },
          {
            "key": "workingDirectory",
            "value": {
              "type": 0,
              "file": 1,
              "line": 36,
              "col": 28,
              "lit": "terraform_pipeline/infra"
            }
          }
        ]
      },
      "condition": "success()",
      "id": "84d91cd6-587a-43bb-94f4-7c4514f885b7",
      "name": "__run_6"
    },
    {
      "type": "action",
      "reference": {
        "type": "script"
      },
      "displayNameToken": {
        "type": 0,
        "file": 1,
        "line": 39,
        "col": 15,
        "lit": "Wait for Deployment"
      },
      "contextName": "__run_7",
      "inputs": {
        "type": 2,
        "map": [
          {
            "key": "script",
            "value": {
              "type": 0,
              "file": 1,
              "line": 40,
              "col": 14,
              "lit": "kubectl rollout status deployment/devops-app"
            }
          }
        ]
      },
      "condition": "success()",
      "id": "39737891-fcbf-4c3e-8047-fc5e0941e836",
      "name": "__run_7"
    },
    {
      "type": "action",
      "reference": {
        "type": "script"
      },
      "displayNameToken": {
        "type": 0,
        "file": 1,
        "line": 42,
        "col": 15,
        "lit": "Verify Pods"
      },
      "contextName": "__run_8",
      "inputs": {
        "type": 2,
        "map": [
          {
            "key": "script",
            "value": {
              "type": 0,
              "file": 1,
              "line": 43,
              "col": 14,
              "lit": "kubectl get pods -o wide"
            }
          }
        ]
      },
      "condition": "success()",
      "id": "8eaffd38-954f-4ce8-84ca-8b8c48419b87",
      "name": "__run_8"
    }
  ],
  "variables": {
    "Actions.EnableHttpRedirects": {
      "value": "true"
    },
    "DOCKERHUB_TOKEN": {
      "value": "***",
      "isSecret": true
    },
    "DOCKERHUB_USERNAME": {
      "value": "***",
      "isSecret": true
    },
    "DistributedTask.AddWarningToNode12Action": {
      "value": "true"
    },
    "DistributedTask.AddWarningToNode16Action": {
      "value": "true"
    },
    "DistributedTask.AllowRunnerContainerHooks": {
      "value": "true"
    },
    "DistributedTask.DeprecateStepOutputCommands": {
      "value": "true"
    },
    "DistributedTask.DetailUntarFailure": {
      "value": "true"
    },
    "DistributedTask.EnableCompositeActions": {
      "value": "true"
    },
    "DistributedTask.EnableJobServerQueueTelemetry": {
      "value": "true"
    },
    "DistributedTask.EnhancedAnnotations": {
      "value": "true"
    },
    "DistributedTask.ForceGithubJavascriptActionsToNode16": {
      "value": "true"
    },
    "DistributedTask.ForceGithubJavascriptActionsToNode20": {
      "value": "true"
    },
    "DistributedTask.LogTemplateErrorsAsDebugMessages": {
      "value": "true"
    },
    "DistributedTask.MarkJobAsFailedOnWorkerCrash": {
      "value": "true"
    },
    "DistributedTask.NewActionMetadata": {
      "value": "true"
    },
    "DistributedTask.UploadStepSummary": {
      "value": "true"
    },
    "DistributedTask.UseActionArchiveCache": {
      "value": "true"
    },
    "DistributedTask.UseWhich2": {
      "value": "true"
    },
    "RunService.FixEmbeddedIssues": {
      "value": "true"
    },
    "actions.runner.requirenode24": {
      "value": "true"
    },
    "actions.runner.usenode24bydefault": {
      "value": "true"
    },
    "actions.runner.warnonnode20": {
      "value": "true"
    },
    "actions_add_check_run_id_to_job_context": {
      "value": "true"
    },
    "actions_batch_action_resolution": {
      "value": "false"
    },
    "actions_cache_mode": {
      "value": "write"
    },
    "actions_container_action_runner_temp": {
      "value": "true"
    },
    "actions_display_helpful_actions_download_errors": {
      "value": "true"
    },
    "actions_runner_allow_artifacts_file": {
      "value": "false"
    },
    "actions_runner_compare_workflow_parser": {
      "value": "false"
    },
    "actions_runner_deprecate_linux_arm32": {
      "value": "true"
    },
    "actions_runner_emit_composite_markers": {
      "value": "true"
    },
    "actions_runner_kill_linux_arm32": {
      "value": "false"
    },
    "actions_runner_node20_removal_date": {
      "value": "September 23rd, 2026"
    },
    "actions_runner_node24_default_date": {
      "value": "June 16th, 2026"
    },
    "actions_self_repository": {
      "value": "true"
    },
    "actions_service_container_command": {
      "value": "true"
    },
    "actions_set_orchestration_id_env_for_actions": {
      "value": "true"
    },
    "actions_skip_retry_complete_job_upon_known_errors": {
      "value": "true"
    },
    "actions_snapshot_preflight_hosted_runner_check": {
      "value": "false"
    },
    "actions_snapshot_preflight_image_gen_pool_check": {
      "value": "false"
    },
    "actions_use_bearer_token_for_codeload": {
      "value": "false"
    },
    "actions_uses_cache_service_v2": {
      "value": "true"
    },
    "github_token": {
      "value": "***",
      "isSecret": true
    },
    "system.from_run_service": {
      "value": "true"
    },
    "system.github.job": {
      "value": "deploy"
    },
    "system.github.launch_endpoint": {
      "value": "https://launch.actions.githubusercontent.com"
    },
    "system.github.results_endpoint": {
      "value": "https://results-receiver.actions.githubusercontent.com/"
    },
    "system.github.results_upload_with_sdk": {
      "value": "true"
    },
    "system.github.token": {
      "value": "***",
      "isSecret": true
    },
    "system.github.token.permissions": {
      "value": "{\"Contents\":\"read\",\"Metadata\":\"read\",\"Packages\":\"read\"}"
    },
    "system.orchestrationId": {
      "value": "7d621874-35f4-82a4-83b0-b175adee5a7f.deploy.__default"
    },
    "system.phaseDisplayName": {
      "value": "deploy"
    },
    "system.runner.lowdiskspacethreshold": {
      "value": "100"
    },
    "system.runnerEnvironment": {
      "value": "self-hosted"
    },
    "system.runnerGroupName": {
      "value": "Default"
    }
  },
  "messageType": "RunnerJobRequest",
  "plan": {
    "scopeIdentifier": "00000000-0000-0000-0000-000000000000",
    "planType": "actions",
    "version": 0,
    "planId": "7d621874-35f4-82a4-83b0-b175adee5a7f",
    "planGroup": null,
    "artifactUri": null,
    "artifactLocation": null,
    "definition": null,
    "owner": null
  },
  "timeline": {
    "id": "7d621874-35f4-82a4-83b0-b175adee5a7f",
    "changeId": 0,
    "location": null
  },
  "jobId": "0e6778be-77ea-56b9-b836-e7c2f1e5e8b1",
  "jobDisplayName": "deploy",
  "jobName": "__default",
  "requestId": 0,
  "lockedUntil": "0001-01-01T00:00:00",
  "resources": {
    "endpoints": [
      {
        "data": {
          "ServerId": "",
          "ServerName": "",
          "CacheServerUrl": "https://artifactcache.actions.githubusercontent.com/vNJajpvbF6IjDhJJK2oJL6aFAilgYF0ASuY1lz9oWwnetORATd/",
          "FeedStreamUrl": "wss://results-receiver.actions.githubusercontent.com/_ws/ingest.sock",
          "ResultsServiceUrl": "https://results-receiver.actions.githubusercontent.com/",
          "PipelinesServiceUrl": "https://pipelinesghubeus4.actions.githubusercontent.com/vNJajpvbF6IjDhJJK2oJL6aFAilgYF0ASuY1lz9oWwnetORATd/",
          "GenerateIdTokenUrl": "",
          "ConnectivityChecks": "[\"https://broker.actions.githubusercontent.com/health\",\"https://token.actions.githubusercontent.com/ready\",\"https://run.actions.githubusercontent.com/health\"]",
          "ConnectivityAndDNSChecks": ""
        },
        "name": "SystemVssConnection",
        "url": "https://run-actions-1-azure-eastus.actions.githubusercontent.com/98/",
        "authorization": {
          "parameters": {
            "AccessToken": "***"
          },
          "scheme": "OAuth"
        },
        "isShared": false,
        "isReady": true
      }
    ]
  },
  "contextData": {
    "github": {
      "t": 2,
      "d": [
        {
          "k": "ref",
          "v": "refs/heads/main"
        },
        {
          "k": "sha",
          "v": "2334e5d3a78e07a59698d6afa562d34e56dce165"
        },
        {
          "k": "repository",
          "v": "***-ops/my-repo"
        },
        {
          "k": "repository_owner",
          "v": "***-ops"
        },
        {
          "k": "repository_owner_id",
          "v": "328057542"
        },
        {
          "k": "repositoryUrl",
          "v": "git://github.com/***-ops/my-repo.git"
        },
        {
          "k": "run_id",
          "v": "36764890981"
        },
        {
          "k": "run_number",
          "v": "8"
        },
        {
          "k": "retention_days",
          "v": "90"
        },
        {
          "k": "run_attempt",
          "v": "1"
        },
        {
          "k": "artifact_cache_size_limit",
          "v": "10"
        },
        {
          "k": "repository_visibility",
          "v": "public"
        },
        {
          "k": "actor_id",
          "v": "328057542"
        },
        {
          "k": "actor",
          "v": "***-ops"
        },
        {
          "k": "workflow",
          "v": "Local CI-CD Pipelines"
        },
        {
          "k": "head_ref",
          "v": ""
        },
        {
          "k": "base_ref",
          "v": ""
        },
        {
          "k": "event_name",
          "v": "push"
        },
        {
          "k": "server_url",
          "v": "https://github.com"
        },
        {
          "k": "api_url",
          "v": "https://api.github.com"
        },
        {
          "k": "graphql_url",
          "v": "https://api.github.com/graphql"
        },
        {
          "k": "ref_name",
          "v": "main"
        },
        {
          "k": "ref_protected",
          "v": false
        },
        {
          "k": "ref_type",
          "v": "branch"
        },
        {
          "k": "secret_source",
          "v": "Actions"
        },
        {
          "k": "event",
          "v": {
            "t": 2,
            "d": [
              {
                "k": "after",
                "v": "2334e5d3a78e07a59698d6afa562d34e56dce165"
              },
              {
                "k": "base_ref",
                "v": null
              },
              {
                "k": "before",
                "v": "49e9b4ca87d4c8ced417dd7e9776113c100ed6ac"
              },
              {
                "k": "commits",
                "v": {
                  "t": 1,
                  "a": [
                    {
                      "t": 2,
                      "d": [
                        {
                          "k": "author",
                          "v": {
                            "t": 2,
                            "d": [
                              {
                                "k": "email",
                                "v": "***@gmail.com"
                              },
                              {
                                "k": "name",
                                "v": "***"
                              },
                              {
                                "k": "username",
                                "v": "***-ops"
                              }
                            ]
                          }
                        },
                        {
                          "k": "committer",
                          "v": {
                            "t": 2,
                            "d": [
                              {
                                "k": "email",
                                "v": "***@gmail.com"
                              },
                              {
                                "k": "name",
                                "v": "***"
                              },
                              {
                                "k": "username",
                                "v": "***-ops"
                              }
                            ]
                          }
                        },
                        {
                          "k": "distinct",
                          "v": true
                        },
                        {
                          "k": "id",
                          "v": "2334e5d3a78e07a59698d6afa562d34e56dce165"
                        },
                        {
                          "k": "message",
                          "v": "dockerfilechanged_variabletf_added2"
                        },
                        {
                          "k": "timestamp",
                          "v": "2026-10-01T00:49:33+05:30"
                        },
                        {
                          "k": "tree_id",
                          "v": "d799149a640a18d5303d7603b6357999b0610904"
                        },
                        {
                          "k": "url",
                          "v": "https://github.com/***-ops/my-repo/commit/2334e5d3a78e07a59698d6afa562d34e56dce165"
                        }
                      ]
                    }
                  ]
                }
              },
              {
                "k": "compare",
                "v": "https://github.com/***-ops/my-repo/compare/49e9b4ca87d4...2334e5d3a78e"
              },
              {
                "k": "created",
                "v": false
              },
              {
                "k": "deleted",
                "v": false
              },
              {
                "k": "forced",
                "v": false
              },
              {
                "k": "head_commit",
                "v": {
                  "t": 2,
                  "d": [
                    {
                      "k": "author",
                      "v": {
                        "t": 2,
                        "d": [
                          {
                            "k": "email",
                            "v": "***@gmail.com"
                          },
                          {
                            "k": "name",
                            "v": "***"
                          },
                          {
                            "k": "username",
                            "v": "***-ops"
                          }
                        ]
                      }
                    },
                    {
                      "k": "committer",
                      "v": {
                        "t": 2,
                        "d": [
                          {
                            "k": "email",
                            "v": "***@gmail.com"
                          },
                          {
                            "k": "name",
                            "v": "***"
                          },
                          {
                            "k": "username",
                            "v": "***-ops"
                          }
                        ]
                      }
                    },
                    {
                      "k": "distinct",
                      "v": true
                    },
                    {
                      "k": "id",
                      "v": "2334e5d3a78e07a59698d6afa562d34e56dce165"
                    },
                    {
                      "k": "message",
                      "v": "dockerfilechanged_variabletf_added2"
                    },
                    {
                      "k": "timestamp",
                      "v": "2026-10-01T00:49:33+05:30"
                    },
                    {
                      "k": "tree_id",
                      "v": "d799149a640a18d5303d7603b6357999b0610904"
                    },
                    {
                      "k": "url",
                      "v": "https://github.com/***-ops/my-repo/commit/2334e5d3a78e07a59698d6afa562d34e56dce165"
                    }
                  ]
                }
              },
              {
                "k": "pusher",
                "v": {
                  "t": 2,
                  "d": [
                    {
                      "k": "email",
                      "v": "***@gmail.com"
                    },
                    {
                      "k": "name",
                      "v": "***-ops"
                    }
                  ]
                }
              },
              {
                "k": "ref",
                "v": "refs/heads/main"
              },
              {
                "k": "repository",
                "v": {
                  "t": 2,
                  "d": [
                    {
                      "k": "allow_forking",
                      "v": true
                    },
                    {
                      "k": "archive_url",
                      "v": "https://api.github.com/repos/***-ops/my-repo/{archive_format}{/ref}"
                    },
                    {
                      "k": "archived",
                      "v": false
                    },
                    {
                      "k": "assignees_url",
                      "v": "https://api.github.com/repos/***-ops/my-repo/assignees{/user}"
                    },
                    {
                      "k": "blobs_url",
                      "v": "https://api.github.com/repos/***-ops/my-repo/git/blobs{/sha}"
                    },
                    {
                      "k": "branches_url",
                      "v": "https://api.github.com/repos/***-ops/my-repo/branches{/branch}"
                    },
                    {
                      "k": "clone_url",
                      "v": "https://github.com/***-ops/my-repo.git"
                    },
                    {
                      "k": "collaborators_url",
                      "v": "https://api.github.com/repos/***-ops/my-repo/collaborators{/collaborator}"
                    },
                    {
                      "k": "comments_url",
                      "v": "https://api.github.com/repos/***-ops/my-repo/comments{/number}"
                    },
                    {
                      "k": "commits_url",
                      "v": "https://api.github.com/repos/***-ops/my-repo/commits{/sha}"
                    },
                    {
                      "k": "compare_url",
                      "v": "https://api.github.com/repos/***-ops/my-repo/compare/{base}...{head}"
                    },
                    {
                      "k": "contents_url",
                      "v": "https://api.github.com/repos/***-ops/my-repo/contents/{+path}"
                    },
                    {
                      "k": "contributors_url",
                      "v": "https://api.github.com/repos/***-ops/my-repo/contributors"
                    },
                    {
                      "k": "created_at",
                      "v": 1789143027.0
                    },
                    {
                      "k": "default_branch",
                      "v": "main"
                    },
                    {
                      "k": "deployments_url",
                      "v": "https://api.github.com/repos/***-ops/my-repo/deployments"
                    },
                    {
                      "k": "description",
                      "v": "my repository "
                    },
                    {
                      "k": "disabled",
                      "v": false
                    },
                    {
                      "k": "downloads_url",
                      "v": "https://api.github.com/repos/***-ops/my-repo/downloads"
                    },
                    {
                      "k": "events_url",
                      "v": "https://api.github.com/repos/***-ops/my-repo/events"
                    },
                    {
                      "k": "fork",
                      "v": false
                    },
                    {
                      "k": "forks",
                      "v": 0.0
                    },
                    {
                      "k": "forks_count",
                      "v": 0.0
                    },
                    {
                      "k": "forks_url",
                      "v": "https://api.github.com/repos/***-ops/my-repo/forks"
                    },
                    {
                      "k": "full_name",
                      "v": "***-ops/my-repo"
                    },
                    {
                      "k": "git_commits_url",
                      "v": "https://api.github.com/repos/***-ops/my-repo/git/commits{/sha}"
                    },
                    {
                      "k": "git_refs_url",
                      "v": "https://api.github.com/repos/***-ops/my-repo/git/refs{/sha}"
                    },
                    {
                      "k": "git_tags_url",
                      "v": "https://api.github.com/repos/***-ops/my-repo/git/tags{/sha}"
                    },
                    {
                      "k": "git_url",
                      "v": "git://github.com/***-ops/my-repo.git"
                    },
                    {
                      "k": "has_discussions",
                      "v": false
                    },
                    {
                      "k": "has_downloads",
                      "v": true
                    },
                    {
                      "k": "has_issues",
                      "v": true
                    },
                    {
                      "k": "has_pages",
                      "v": false
                    },
                    {
                      "k": "has_projects",
                      "v": true
                    },
                    {
                      "k": "has_pull_requests",
                      "v": true
                    },
                    {
                      "k": "has_wiki",
                      "v": true
                    },
                    {
                      "k": "homepage",
                      "v": null
                    },
                    {
                      "k": "hooks_url",
                      "v": "https://api.github.com/repos/***-ops/my-repo/hooks"
                    },
                    {
                      "k": "html_url",
                      "v": "https://github.com/***-ops/my-repo"
                    },
                    {
                      "k": "id",
                      "v": 1366412515.0
                    },
                    {
                      "k": "is_template",
                      "v": false
                    },
                    {
                      "k": "issue_comment_url",
                      "v": "https://api.github.com/repos/***-ops/my-repo/issues/comments{/number}"
                    },
                    {
                      "k": "issue_events_url",
                      "v": "https://api.github.com/repos/***-ops/my-repo/issues/events{/number}"
                    },
                    {
                      "k": "issues_url",
                      "v": "https://api.github.com/repos/***-ops/my-repo/issues{/number}"
                    },
                    {
                      "k": "keys_url",
                      "v": "https://api.github.com/repos/***-ops/my-repo/keys{/key_id}"
                    },
                    {
                      "k": "labels_url",
                      "v": "https://api.github.com/repos/***-ops/my-repo/labels{/name}"
                    },
                    {
                      "k": "language",
                      "v": "HCL"
                    },
                    {
                      "k": "languages_url",
                      "v": "https://api.github.com/repos/***-ops/my-repo/languages"
                    },
                    {
                      "k": "license",
                      "v": null
                    },
                    {
                      "k": "master_branch",
                      "v": "main"
                    },
                    {
                      "k": "merges_url",
                      "v": "https://api.github.com/repos/***-ops/my-repo/merges"
                    },
                    {
                      "k": "milestones_url",
                      "v": "https://api.github.com/repos/***-ops/my-repo/milestones{/number}"
                    },
                    {
                      "k": "mirror_url",
                      "v": null
                    },
                    {
                      "k": "name",
                      "v": "my-repo"
                    },
                    {
                      "k": "node_id",
                      "v": "R_kgDOUXHM4w"
                    },
                    {
                      "k": "notifications_url",
                      "v": "https://api.github.com/repos/***-ops/my-repo/notifications{?since,all,participating}"
                    },
                    {
                      "k": "open_issues",
                      "v": 0.0
                    },
                    {
                      "k": "open_issues_count",
                      "v": 0.0
                    },
                    {
                      "k": "owner",
                      "v": {
                        "t": 2,
                        "d": [
                          {
                            "k": "avatar_url",
                            "v": "https://avatars.githubusercontent.com/u/328057542?v=4"
                          },
                          {
                            "k": "email",
                            "v": "***@gmail.com"
                          },
                          {
                            "k": "events_url",
                            "v": "https://api.github.com/users/***-ops/events{/privacy}"
                          },
                          {
                            "k": "followers_url",
                            "v": "https://api.github.com/users/***-ops/followers"
                          },
                          {
                            "k": "following_url",
                            "v": "https://api.github.com/users/***-ops/following{/other_user}"
                          },
                          {
                            "k": "gists_url",
                            "v": "https://api.github.com/users/***-ops/gists{/gist_id}"
                          },
                          {
                            "k": "gravatar_id",
                            "v": ""
                          },
                          {
                            "k": "html_url",
                            "v": "https://github.com/***-ops"
                          },
                          {
                            "k": "id",
                            "v": 328057542.0
                          },
                          {
                            "k": "login",
                            "v": "***-ops"
                          },
                          {
                            "k": "name",
                            "v": "***-ops"
                          },
                          {
                            "k": "node_id",
                            "v": "U_kgDOE43Cxg"
                          },
                          {
                            "k": "organizations_url",
                            "v": "https://api.github.com/users/***-ops/orgs"
                          },
                          {
                            "k": "received_events_url",
                            "v": "https://api.github.com/users/***-ops/received_events"
                          },
                          {
                            "k": "repos_url",
                            "v": "https://api.github.com/users/***-ops/repos"
                          },
                          {
                            "k": "site_admin",
                            "v": false
                          },
                          {
                            "k": "starred_url",
                            "v": "https://api.github.com/users/***-ops/starred{/owner}{/repo}"
                          },
                          {
                            "k": "subscriptions_url",
                            "v": "https://api.github.com/users/***-ops/subscriptions"
                          },
                          {
                            "k": "type",
                            "v": "User"
                          },
                          {
                            "k": "url",
                            "v": "https://api.github.com/users/***-ops"
                          },
                          {
                            "k": "user_view_type",
                            "v": "public"
                          }
                        ]
                      }
                    },
                    {
                      "k": "private",
                      "v": false
                    },
                    {
                      "k": "pull_request_creation_policy",
                      "v": "all"
                    },
                    {
                      "k": "pulls_url",
                      "v": "https://api.github.com/repos/***-ops/my-repo/pulls{/number}"
                    },
                    {
                      "k": "pushed_at",
                      "v": 1790795980.0
                    },
                    {
                      "k": "releases_url",
                      "v": "https://api.github.com/repos/***-ops/my-repo/releases{/id}"
                    },
                    {
                      "k": "size",
                      "v": 13732.0
                    },
                    {
                      "k": "ssh_url",
                      "v": "git@github.com:***-ops/my-repo.git"
                    },
                    {
                      "k": "stargazers",
                      "v": 0.0
                    },
                    {
                      "k": "stargazers_count",
                      "v": 0.0
                    },
                    {
                      "k": "stargazers_url",
                      "v": "https://api.github.com/repos/***-ops/my-repo/stargazers"
                    },
                    {
                      "k": "statuses_url",
                      "v": "https://api.github.com/repos/***-ops/my-repo/statuses/{sha}"
                    },
                    {
                      "k": "subscribers_url",
                      "v": "https://api.github.com/repos/***-ops/my-repo/subscribers"
                    },
                    {
                      "k": "subscription_url",
                      "v": "https://api.github.com/repos/***-ops/my-repo/subscription"
                    },
                    {
                      "k": "svn_url",
                      "v": "https://github.com/***-ops/my-repo"
                    },
                    {
                      "k": "tags_url",
                      "v": "https://api.github.com/repos/***-ops/my-repo/tags"
                    },
                    {
                      "k": "teams_url",
                      "v": "https://api.github.com/repos/***-ops/my-repo/teams"
                    },
                    {
                      "k": "topics",
                      "v": {
                        "t": 1
                      }
                    },
                    {
                      "k": "trees_url",
                      "v": "https://api.github.com/repos/***-ops/my-repo/git/trees{/sha}"
                    },
                    {
                      "k": "updated_at",
                      "v": "2026-09-30T19:16:33Z"
                    },
                    {
                      "k": "url",
                      "v": "https://api.github.com/repos/***-ops/my-repo"
                    },
                    {
                      "k": "visibility",
                      "v": "public"
                    },
                    {
                      "k": "watchers",
                      "v": 0.0
                    },
                    {
                      "k": "watchers_count",
                      "v": 0.0
                    },
                    {
                      "k": "web_commit_signoff_required",
                      "v": false
                    }
                  ]
                }
              },
              {
                "k": "sender",
                "v": {
                  "t": 2,
                  "d": [
                    {
                      "k": "avatar_url",
                      "v": "https://avatars.githubusercontent.com/u/328057542?v=4"
                    },
                    {
                      "k": "events_url",
                      "v": "https://api.github.com/users/***-ops/events{/privacy}"
                    },
                    {
                      "k": "followers_url",
                      "v": "https://api.github.com/users/***-ops/followers"
                    },
                    {
                      "k": "following_url",
                      "v": "https://api.github.com/users/***-ops/following{/other_user}"
                    },
                    {
                      "k": "gists_url",
                      "v": "https://api.github.com/users/***-ops/gists{/gist_id}"
                    },
                    {
                      "k": "gravatar_id",
                      "v": ""
                    },
                    {
                      "k": "html_url",
                      "v": "https://github.com/***-ops"
                    },
                    {
                      "k": "id",
                      "v": 328057542.0
                    },
                    {
                      "k": "login",
                      "v": "***-ops"
                    },
                    {
                      "k": "node_id",
                      "v": "U_kgDOE43Cxg"
                    },
                    {
                      "k": "organizations_url",
                      "v": "https://api.github.com/users/***-ops/orgs"
                    },
                    {
                      "k": "received_events_url",
                      "v": "https://api.github.com/users/***-ops/received_events"
                    },
                    {
                      "k": "repos_url",
                      "v": "https://api.github.com/users/***-ops/repos"
                    },
                    {
                      "k": "site_admin",
                      "v": false
                    },
                    {
                      "k": "starred_url",
                      "v": "https://api.github.com/users/***-ops/starred{/owner}{/repo}"
                    },
                    {
                      "k": "subscriptions_url",
                      "v": "https://api.github.com/users/***-ops/subscriptions"
                    },
                    {
                      "k": "type",
                      "v": "User"
                    },
                    {
                      "k": "url",
                      "v": "https://api.github.com/users/***-ops"
                    },
                    {
                      "k": "user_view_type",
                      "v": "public"
                    }
                  ]
                }
              }
            ]
          }
        },
        {
          "k": "workflow_ref",
          "v": "***-ops/my-repo/.github/workflows/k8s_by_terraform.yaml@refs/heads/main"
        },
        {
          "k": "workflow_sha",
          "v": "2334e5d3a78e07a59698d6afa562d34e56dce165"
        },
        {
          "k": "repository_id",
          "v": "1366412515"
        },
        {
          "k": "triggering_actor",
          "v": "***-ops"
        }
      ]
    },
    "inputs": {
      "t": 2
    },
    "job": {
      "t": 2,
      "d": [
        {
          "k": "check_run_id",
          "v": 110056459816.0
        },
        {
          "k": "workflow_ref",
          "v": "***-ops/my-repo/.github/workflows/k8s_by_terraform.yaml@refs/heads/main"
        },
        {
          "k": "workflow_sha",
          "v": "2334e5d3a78e07a59698d6afa562d34e56dce165"
        },
        {
          "k": "workflow_repository",
          "v": "***-ops/my-repo"
        },
        {
          "k": "workflow_file_path",
          "v": ".github/workflows/k8s_by_terraform.yaml"
        }
      ]
    },
    "matrix": null,
    "needs": {
      "t": 2
    },
    "strategy": {
      "t": 2,
      "d": [
        {
          "k": "fail-fast",
          "v": true
        },
        {
          "k": "job-index",
          "v": 0.0
        },
        {
          "k": "job-total",
          "v": 1.0
        },
        {
          "k": "max-parallel",
          "v": 1.0
        }
      ]
    },
    "vars": {
      "t": 2
    }
  },
  "billingOwnerId": "U_kgDOE43Cxg"
}
[2026-09-30 19:19:48Z INFO JobRunner] Job ID 0e6778be-77ea-56b9-b836-e7c2f1e5e8b1
[2026-09-30 19:19:48Z INFO ConfigurationStore] currentAssemblyLocation: D:\cicd\actions-runner\bin\Runner.Worker.dll
[2026-09-30 19:19:48Z INFO HostContext] Well known directory 'Bin': 'D:\cicd\actions-runner\bin'
[2026-09-30 19:19:48Z INFO ConfigurationStore] binPath: D:\cicd\actions-runner\bin
[2026-09-30 19:19:48Z INFO HostContext] Well known directory 'Bin': 'D:\cicd\actions-runner\bin'
[2026-09-30 19:19:48Z INFO HostContext] Well known directory 'Root': 'D:\cicd\actions-runner'
[2026-09-30 19:19:48Z INFO ConfigurationStore] RootFolder: D:\cicd\actions-runner
[2026-09-30 19:19:48Z INFO HostContext] Well known directory 'Bin': 'D:\cicd\actions-runner\bin'
[2026-09-30 19:19:48Z INFO HostContext] Well known directory 'Root': 'D:\cicd\actions-runner'
[2026-09-30 19:19:48Z INFO HostContext] Well known config file 'Runner': 'D:\cicd\actions-runner\.runner'
[2026-09-30 19:19:48Z INFO ConfigurationStore] ConfigFilePath: D:\cicd\actions-runner\.runner
[2026-09-30 19:19:48Z INFO HostContext] Well known directory 'Bin': 'D:\cicd\actions-runner\bin'
[2026-09-30 19:19:48Z INFO HostContext] Well known directory 'Root': 'D:\cicd\actions-runner'
[2026-09-30 19:19:48Z INFO HostContext] Well known config file 'MigratedRunner': 'D:\cicd\actions-runner\.runner_migrated'
[2026-09-30 19:19:48Z INFO ConfigurationStore] MigratedConfigFilePath: D:\cicd\actions-runner\.runner_migrated
[2026-09-30 19:19:48Z INFO HostContext] Well known directory 'Bin': 'D:\cicd\actions-runner\bin'
[2026-09-30 19:19:48Z INFO HostContext] Well known directory 'Root': 'D:\cicd\actions-runner'
[2026-09-30 19:19:48Z INFO HostContext] Well known config file 'Credentials': 'D:\cicd\actions-runner\.credentials'
[2026-09-30 19:19:48Z INFO ConfigurationStore] CredFilePath: D:\cicd\actions-runner\.credentials
[2026-09-30 19:19:48Z INFO HostContext] Well known directory 'Bin': 'D:\cicd\actions-runner\bin'
[2026-09-30 19:19:48Z INFO HostContext] Well known directory 'Root': 'D:\cicd\actions-runner'
[2026-09-30 19:19:48Z INFO HostContext] Well known config file 'MigratedCredentials': 'D:\cicd\actions-runner\.credentials_migrated'
[2026-09-30 19:19:48Z INFO ConfigurationStore] MigratedCredFilePath: D:\cicd\actions-runner\.credentials_migrated
[2026-09-30 19:19:48Z INFO HostContext] Well known directory 'Bin': 'D:\cicd\actions-runner\bin'
[2026-09-30 19:19:48Z INFO HostContext] Well known directory 'Root': 'D:\cicd\actions-runner'
[2026-09-30 19:19:48Z INFO HostContext] Well known config file 'Service': 'D:\cicd\actions-runner\.service'
[2026-09-30 19:19:48Z INFO ConfigurationStore] ServiceConfigFilePath: D:\cicd\actions-runner\.service
[2026-09-30 19:19:48Z INFO ConfigurationStore] Read setting file: 398 chars
[2026-09-30 19:19:48Z INFO JobRunner] Initializing launch client
[2026-09-30 19:19:48Z INFO JobServerQueue] Initializing results client
[2026-09-30 19:19:48Z INFO ResultServer] Creating websocket client ...wss://results-receiver.actions.githubusercontent.com/_ws/ingest.sock
[2026-09-30 19:19:48Z INFO ResultServer] Attempting to start websocket client with delay 00:00:00.
[2026-09-30 19:19:48Z INFO JobServerQueue] Start process web console line queue.
[2026-09-30 19:19:48Z INFO JobServerQueue] Start process file upload queue.
[2026-09-30 19:19:48Z INFO JobServerQueue] Start results file upload queue.
[2026-09-30 19:19:48Z INFO JobServerQueue] Starting results-based upload queue...
[2026-09-30 19:19:48Z INFO JobServerQueue] Start process timeline update queue.
[2026-09-30 19:19:48Z INFO ExecutionContext] Initializing Job context
[2026-09-30 19:19:48Z INFO ExecutionContext] Initialize GitHub context
[2026-09-30 19:19:48Z INFO ExecutionContext] Initialize Env context
[2026-09-30 19:19:48Z INFO HostContext] Well known directory 'Bin': 'D:\cicd\actions-runner\bin'
[2026-09-30 19:19:48Z INFO HostContext] Well known directory 'Root': 'D:\cicd\actions-runner'
[2026-09-30 19:19:48Z INFO HostContext] Well known directory 'Diag': 'D:\cicd\actions-runner\_diag'
[2026-09-30 19:19:48Z INFO HostContext] Well known directory 'Bin': 'D:\cicd\actions-runner\bin'
[2026-09-30 19:19:48Z INFO HostContext] Well known directory 'Root': 'D:\cicd\actions-runner'
[2026-09-30 19:19:48Z INFO HostContext] Well known directory 'Diag': 'D:\cicd\actions-runner\_diag'
[2026-09-30 19:19:48Z INFO JobRunner] Starting the job execution context.
[2026-09-30 19:19:48Z INFO HostContext] Well known directory 'Bin': 'D:\cicd\actions-runner\bin'
[2026-09-30 19:19:48Z INFO HostContext] Well known directory 'Root': 'D:\cicd\actions-runner'
[2026-09-30 19:19:48Z INFO HostContext] Well known directory 'Work': 'D:\cicd\actions-runner\_work'
[2026-09-30 19:19:48Z INFO JobRunner] Validating directory permissions for: 'D:\cicd\actions-runner\_work'
[2026-09-30 19:19:48Z INFO HostContext] Well known directory 'Bin': 'D:\cicd\actions-runner\bin'
[2026-09-30 19:19:48Z INFO HostContext] Well known directory 'Root': 'D:\cicd\actions-runner'
[2026-09-30 19:19:48Z INFO HostContext] Well known directory 'Work': 'D:\cicd\actions-runner\_work'
[2026-09-30 19:19:48Z INFO HostContext] Well known directory 'Tools': 'D:\cicd\actions-runner\_work\_tool'
[2026-09-30 19:19:48Z INFO HostContext] Well known directory 'Bin': 'D:\cicd\actions-runner\bin'
[2026-09-30 19:19:48Z INFO HostContext] Well known directory 'Root': 'D:\cicd\actions-runner'
[2026-09-30 19:19:48Z INFO HostContext] Well known directory 'Work': 'D:\cicd\actions-runner\_work'
[2026-09-30 19:19:48Z INFO HostContext] Well known directory 'Temp': 'D:\cicd\actions-runner\_work\_temp'
[2026-09-30 19:19:48Z INFO JobRunner] Getting job extension.
[2026-09-30 19:19:48Z INFO JobRunner] Initialize job. Getting all job steps.
[2026-09-30 19:19:48Z INFO HostContext] Well known directory 'Bin': 'D:\cicd\actions-runner\bin'
[2026-09-30 19:19:48Z INFO HostContext] Well known directory 'Root': 'D:\cicd\actions-runner'
[2026-09-30 19:19:48Z INFO HostContext] Well known directory 'Diag': 'D:\cicd\actions-runner\_diag'
[2026-09-30 19:19:48Z INFO HostContext] Well known directory 'Bin': 'D:\cicd\actions-runner\bin'
[2026-09-30 19:19:48Z INFO HostContext] Well known directory 'Root': 'D:\cicd\actions-runner'
[2026-09-30 19:19:48Z INFO HostContext] Well known directory 'Diag': 'D:\cicd\actions-runner\_diag'
[2026-09-30 19:19:48Z INFO HostContext] Well known directory 'Bin': 'D:\cicd\actions-runner\bin'
[2026-09-30 19:19:48Z INFO HostContext] Well known directory 'Root': 'D:\cicd\actions-runner'
[2026-09-30 19:19:48Z INFO HostContext] Well known config file 'Credentials': 'D:\cicd\actions-runner\.credentials'
[2026-09-30 19:19:48Z INFO HostContext] Well known directory 'Bin': 'D:\cicd\actions-runner\bin'
[2026-09-30 19:19:48Z INFO HostContext] Well known directory 'Root': 'D:\cicd\actions-runner'
[2026-09-30 19:19:48Z INFO HostContext] Well known config file 'SetupInfo': 'D:\cicd\actions-runner\.setup_info'
[2026-09-30 19:19:48Z INFO HostContext] Well known directory 'Bin': 'D:\cicd\actions-runner\bin'
[2026-09-30 19:19:48Z INFO HostContext] Well known directory 'Root': 'D:\cicd\actions-runner'
[2026-09-30 19:19:48Z INFO HostContext] Well known directory 'Work': 'D:\cicd\actions-runner\_work'
[2026-09-30 19:19:48Z INFO PipelineDirectoryManager] Loading tracking config if exists: D:\cicd\actions-runner\_work\_PipelineMapping\***-ops/my-repo\PipelineFolder.json
[2026-09-30 19:19:48Z INFO PipelineDirectoryManager] Updating job run properties.
[2026-09-30 19:19:48Z INFO HostContext] Well known directory 'Bin': 'D:\cicd\actions-runner\bin'
[2026-09-30 19:19:48Z INFO HostContext] Well known directory 'Root': 'D:\cicd\actions-runner'
[2026-09-30 19:19:48Z INFO HostContext] Well known directory 'Work': 'D:\cicd\actions-runner\_work'
[2026-09-30 19:19:48Z INFO HostContext] Well known directory 'Bin': 'D:\cicd\actions-runner\bin'
[2026-09-30 19:19:48Z INFO HostContext] Well known directory 'Root': 'D:\cicd\actions-runner'
[2026-09-30 19:19:48Z INFO HostContext] Well known directory 'Work': 'D:\cicd\actions-runner\_work'
[2026-09-30 19:19:48Z INFO HostContext] Well known directory 'Bin': 'D:\cicd\actions-runner\bin'
[2026-09-30 19:19:48Z INFO HostContext] Well known directory 'Root': 'D:\cicd\actions-runner'
[2026-09-30 19:19:48Z INFO HostContext] Well known directory 'Work': 'D:\cicd\actions-runner\_work'
[2026-09-30 19:19:48Z INFO JobExtension] Downloading actions
[2026-09-30 19:19:48Z INFO HostContext] Well known directory 'Bin': 'D:\cicd\actions-runner\bin'
[2026-09-30 19:19:48Z INFO HostContext] Well known directory 'Root': 'D:\cicd\actions-runner'
[2026-09-30 19:19:48Z INFO HostContext] Well known directory 'Work': 'D:\cicd\actions-runner\_work'
[2026-09-30 19:19:48Z INFO HostContext] Well known directory 'Actions': 'D:\cicd\actions-runner\_work\_actions'
[2026-09-30 19:19:48Z INFO Worker] Listening for cancel message from the channel.
[2026-09-30 19:19:48Z INFO Worker] Waiting for the job to complete or for a cancel message from the channel.
[2026-09-30 19:19:49Z INFO ResultServer] Successfully started websocket client.
[2026-09-30 19:19:49Z INFO JobServerQueue] Try to append 1 batches web console lines for record '322d1b0c-e2f5-45c7-8434-aea766c55fd7', success rate: 1/1.
[2026-09-30 19:19:49Z INFO HostContext] Well known directory 'Bin': 'D:\cicd\actions-runner\bin'
[2026-09-30 19:19:49Z INFO HostContext] Well known directory 'Root': 'D:\cicd\actions-runner'
[2026-09-30 19:19:49Z INFO HostContext] Well known directory 'Work': 'D:\cicd\actions-runner\_work'
[2026-09-30 19:19:49Z INFO HostContext] Well known directory 'Actions': 'D:\cicd\actions-runner\_work\_actions'
[2026-09-30 19:19:49Z INFO HostContext] Well known directory 'Bin': 'D:\cicd\actions-runner\bin'
[2026-09-30 19:19:49Z INFO HostContext] Well known directory 'Root': 'D:\cicd\actions-runner'
[2026-09-30 19:19:49Z INFO HostContext] Well known directory 'Work': 'D:\cicd\actions-runner\_work'
[2026-09-30 19:19:49Z INFO HostContext] Well known directory 'Actions': 'D:\cicd\actions-runner\_work\_actions'
[2026-09-30 19:19:49Z INFO ActionManager] Save archive 'https://codeload.github.com/actions/checkout/zip/11d5960a326750d5838078e36cf38b85af677262' into D:\cicd\actions-runner\_work\_actions\_temp_6a733c87-6430-49b1-89a0-d129ad97da78\7600982d-6e7b-43a1-948d-cd4472cb54a9.zip.
[2026-09-30 19:19:49Z INFO ActionManager] Using Basic token for action archive download.
[2026-09-30 19:19:49Z INFO JobServerQueue] Try to append 1 batches web console lines for record '322d1b0c-e2f5-45c7-8434-aea766c55fd7', success rate: 1/1.
[2026-09-30 19:19:49Z INFO JobServerQueue] Job timeline record has been updated for the first time.
[2026-09-30 19:19:50Z INFO ActionManager] Request URL: https://codeload.github.com/actions/checkout/zip/11d5960a326750d5838078e36cf38b85af677262 X-GitHub-Request-Id: C5E9:3FC339:0C74:984E:6ABD60D6 Http Status: OK
[2026-09-30 19:19:50Z INFO ActionManager] Finished getting action repository.
[2026-09-30 19:19:50Z INFO HostContext] Well known directory 'Bin': 'D:\cicd\actions-runner\bin'
[2026-09-30 19:19:50Z INFO HostContext] Well known directory 'Root': 'D:\cicd\actions-runner'
[2026-09-30 19:19:50Z INFO HostContext] Well known directory 'Work': 'D:\cicd\actions-runner\_work'
[2026-09-30 19:19:50Z INFO HostContext] Well known directory 'Actions': 'D:\cicd\actions-runner\_work\_actions'
[2026-09-30 19:19:50Z INFO ActionManifestManagerLegacy] Load schema file with definitions: [
  "null",
  "boolean",
  "number",
  "string",
  "sequence",
  "mapping",
  "any",
  "action-root",
  "inputs",
  "input",
  "outputs",
  "output-definition",
  "runs",
  "container-runs",
  "container-runs-args",
  "container-runs-env",
  "node-runs",
  "plugin-runs",
  "composite-runs",
  "composite-steps",
  "composite-step",
  "run-step",
  "uses-step",
  "container-runs-context",
  "output-value",
  "input-default-context",
  "non-empty-string",
  "string-steps-context",
  "boolean-steps-context",
  "step-env",
  "step-if",
  "step-with"
]
[2026-09-30 19:19:50Z INFO ActionManifestManager] Load schema file with definitions: [
  "null",
  "boolean",
  "number",
  "string",
  "sequence",
  "mapping",
  "any",
  "action-root",
  "inputs",
  "input",
  "outputs",
  "output-definition",
  "runs",
  "container-runs",
  "container-runs-args",
  "container-runs-env",
  "node-runs",
  "plugin-runs",
  "composite-runs",
  "composite-steps",
  "composite-step",
  "run-step",
  "uses-step",
  "container-runs-context",
  "output-value",
  "input-default-context",
  "non-empty-string",
  "string-steps-context",
  "boolean-steps-context",
  "step-env",
  "step-if",
  "step-with"
]
[2026-09-30 19:19:50Z INFO HostContext] Well known directory 'Bin': 'D:\cicd\actions-runner\bin'
[2026-09-30 19:19:50Z INFO HostContext] Well known directory 'Root': 'D:\cicd\actions-runner'
[2026-09-30 19:19:50Z INFO HostContext] Well known directory 'Work': 'D:\cicd\actions-runner\_work'
[2026-09-30 19:19:50Z INFO HostContext] Well known directory 'Actions': 'D:\cicd\actions-runner\_work\_actions'
[2026-09-30 19:19:51Z INFO ActionManifestManagerLegacy] Loaded action.yml file: {
  "name": "Checkout",
  "description": "Checkout a Git repository at a particular version",
  "inputs": {
    "type": 2,
    "map": [
      {
        "key": {
          "type": 0,
          "file": 2,
          "line": 4,
          "col": 3,
          "lit": "repository"
        },
        "value": {
          "type": 3,
          "file": 2,
          "line": 6,
          "col": 14,
          "expr": "github.repository"
        }
      },
      {
        "key": {
          "type": 0,
          "file": 2,
          "line": 7,
          "col": 3,
          "lit": "ref"
        },
        "value": ""
      },
      {
        "key": {
          "type": 0,
          "file": 2,
          "line": 12,
          "col": 3,
          "lit": "token"
        },
        "value": {
          "type": 3,
          "file": 2,
          "line": 24,
          "col": 14,
          "expr": "github.token"
        }
      },
      {
        "key": {
          "type": 0,
          "file": 2,
          "line": 25,
          "col": 3,
          "lit": "ssh-key"
        },
        "value": ""
      },
      {
        "key": {
          "type": 0,
          "file": 2,
          "line": 37,
          "col": 3,
          "lit": "ssh-known-hosts"
        },
        "value": ""
      },
      {
        "key": {
          "type": 0,
          "file": 2,
          "line": 42,
          "col": 3,
          "lit": "ssh-strict"
        },
        "value": {
          "type": 0,
          "file": 2,
          "line": 47,
          "col": 14,
          "lit": "true"
        }
      },
      {
        "key": {
          "type": 0,
          "file": 2,
          "line": 48,
          "col": 3,
          "lit": "ssh-user"
        },
        "value": {
          "type": 0,
          "file": 2,
          "line": 51,
          "col": 14,
          "lit": "git"
        }
      },
      {
        "key": {
          "type": 0,
          "file": 2,
          "line": 52,
          "col": 3,
          "lit": "persist-credentials"
        },
        "value": {
          "type": 0,
          "file": 2,
          "line": 54,
          "col": 14,
          "lit": "true"
        }
      },
      {
        "key": {
          "type": 0,
          "file": 2,
          "line": 55,
          "col": 3,
          "lit": "path"
        },
        "value": ""
      },
      {
        "key": {
          "type": 0,
          "file": 2,
          "line": 57,
          "col": 3,
          "lit": "clean"
        },
        "value": {
          "type": 0,
          "file": 2,
          "line": 59,
          "col": 14,
          "lit": "true"
        }
      },
      {
        "key": {
          "type": 0,
          "file": 2,
          "line": 60,
          "col": 3,
          "lit": "filter"
        },
        "value": {
          "type": 0,
          "file": 2,
          "line": 64,
          "col": 14,
          "lit": ""
        }
      },
      {
        "key": {
          "type": 0,
          "file": 2,
          "line": 65,
          "col": 3,
          "lit": "sparse-checkout"
        },
        "value": {
          "type": 0,
          "file": 2,
          "line": 69,
          "col": 14,
          "lit": ""
        }
      },
      {
        "key": {
          "type": 0,
          "file": 2,
          "line": 70,
          "col": 3,
          "lit": "sparse-checkout-cone-mode"
        },
        "value": {
          "type": 0,
          "file": 2,
          "line": 73,
          "col": 14,
          "lit": "true"
        }
      },
      {
        "key": {
          "type": 0,
          "file": 2,
          "line": 74,
          "col": 3,
          "lit": "fetch-depth"
        },
        "value": {
          "type": 0,
          "file": 2,
          "line": 76,
          "col": 14,
          "lit": "1"
        }
      },
      {
        "key": {
          "type": 0,
          "file": 2,
          "line": 77,
          "col": 3,
          "lit": "fetch-tags"
        },
        "value": {
          "type": 0,
          "file": 2,
          "line": 79,
          "col": 14,
          "lit": "false"
        }
      },
      {
        "key": {
          "type": 0,
          "file": 2,
          "line": 80,
          "col": 3,
          "lit": "show-progress"
        },
        "value": {
          "type": 0,
          "file": 2,
          "line": 82,
          "col": 14,
          "lit": "true"
        }
      },
      {
        "key": {
          "type": 0,
          "file": 2,
          "line": 83,
          "col": 3,
          "lit": "lfs"
        },
        "value": {
          "type": 0,
          "file": 2,
          "line": 85,
          "col": 14,
          "lit": "false"
        }
      },
      {
        "key": {
          "type": 0,
          "file": 2,
          "line": 86,
          "col": 3,
          "lit": "submodules"
        },
        "value": {
          "type": 0,
          "file": 2,
          "line": 94,
          "col": 14,
          "lit": "false"
        }
      },
      {
        "key": {
          "type": 0,
          "file": 2,
          "line": 95,
          "col": 3,
          "lit": "set-safe-directory"
        },
        "value": {
          "type": 0,
          "file": 2,
          "line": 97,
          "col": 14,
          "lit": "true"
        }
      },
      {
        "key": {
          "type": 0,
          "file": 2,
          "line": 98,
          "col": 3,
          "lit": "github-server-url"
        },
        "value": ""
      },
      {
        "key": {
          "type": 0,
          "file": 2,
          "line": 101,
          "col": 3,
          "lit": "allow-unsafe-pr-checkout"
        },
        "value": {
          "type": 0,
          "file": 2,
          "line": 109,
          "col": 14,
          "lit": "false"
        }
      }
    ]
  },
  "execution": {
    "executionType": "nodeJS",
    "hasPre": false,
    "hasPost": true,
    "script": "dist/index.js",
    "pre": null,
    "post": "dist/index.js",
    "nodeVersion": "node20",
    "cleanupCondition": "always()",
    "initCondition": "always()"
  },
  "deprecated": null
}
[2026-09-30 19:19:51Z INFO ActionManager] Action node.js file: dist/index.js, no more preparation.
[2026-09-30 19:19:51Z INFO HostContext] Well known directory 'Bin': 'D:\cicd\actions-runner\bin'
[2026-09-30 19:19:51Z INFO HostContext] Well known directory 'Root': 'D:\cicd\actions-runner'
[2026-09-30 19:19:51Z INFO HostContext] Well known directory 'Work': 'D:\cicd\actions-runner\_work'
[2026-09-30 19:19:51Z INFO HostContext] Well known directory 'Actions': 'D:\cicd\actions-runner\_work\_actions'
[2026-09-30 19:19:51Z INFO ActionManager] Load action that reference repository from 'D:\cicd\actions-runner\_work\_actions\actions\checkout\v4'
[2026-09-30 19:19:51Z INFO HostContext] Well known directory 'Bin': 'D:\cicd\actions-runner\bin'
[2026-09-30 19:19:51Z INFO HostContext] Well known directory 'Root': 'D:\cicd\actions-runner'
[2026-09-30 19:19:51Z INFO HostContext] Well known directory 'Work': 'D:\cicd\actions-runner\_work'
[2026-09-30 19:19:51Z INFO HostContext] Well known directory 'Actions': 'D:\cicd\actions-runner\_work\_actions'
[2026-09-30 19:19:51Z INFO ActionManifestManagerLegacy] Loaded action.yml file: {
  "name": "Checkout",
  "description": "Checkout a Git repository at a particular version",
  "inputs": {
    "type": 2,
    "map": [
      {
        "key": {
          "type": 0,
          "file": 2,
          "line": 4,
          "col": 3,
          "lit": "repository"
        },
        "value": {
          "type": 3,
          "file": 2,
          "line": 6,
          "col": 14,
          "expr": "github.repository"
        }
      },
      {
        "key": {
          "type": 0,
          "file": 2,
          "line": 7,
          "col": 3,
          "lit": "ref"
        },
        "value": ""
      },
      {
        "key": {
          "type": 0,
          "file": 2,
          "line": 12,
          "col": 3,
          "lit": "token"
        },
        "value": {
          "type": 3,
          "file": 2,
          "line": 24,
          "col": 14,
          "expr": "github.token"
        }
      },
      {
        "key": {
          "type": 0,
          "file": 2,
          "line": 25,
          "col": 3,
          "lit": "ssh-key"
        },
        "value": ""
      },
      {
        "key": {
          "type": 0,
          "file": 2,
          "line": 37,
          "col": 3,
          "lit": "ssh-known-hosts"
        },
        "value": ""
      },
      {
        "key": {
          "type": 0,
          "file": 2,
          "line": 42,
          "col": 3,
          "lit": "ssh-strict"
        },
        "value": {
          "type": 0,
          "file": 2,
          "line": 47,
          "col": 14,
          "lit": "true"
        }
      },
      {
        "key": {
          "type": 0,
          "file": 2,
          "line": 48,
          "col": 3,
          "lit": "ssh-user"
        },
        "value": {
          "type": 0,
          "file": 2,
          "line": 51,
          "col": 14,
          "lit": "git"
        }
      },
      {
        "key": {
          "type": 0,
          "file": 2,
          "line": 52,
          "col": 3,
          "lit": "persist-credentials"
        },
        "value": {
          "type": 0,
          "file": 2,
          "line": 54,
          "col": 14,
          "lit": "true"
        }
      },
      {
        "key": {
          "type": 0,
          "file": 2,
          "line": 55,
          "col": 3,
          "lit": "path"
        },
        "value": ""
      },
      {
        "key": {
          "type": 0,
          "file": 2,
          "line": 57,
          "col": 3,
          "lit": "clean"
        },
        "value": {
          "type": 0,
          "file": 2,
          "line": 59,
          "col": 14,
          "lit": "true"
        }
      },
      {
        "key": {
          "type": 0,
          "file": 2,
          "line": 60,
          "col": 3,
          "lit": "filter"
        },
        "value": {
          "type": 0,
          "file": 2,
          "line": 64,
          "col": 14,
          "lit": ""
        }
      },
      {
        "key": {
          "type": 0,
          "file": 2,
          "line": 65,
          "col": 3,
          "lit": "sparse-checkout"
        },
        "value": {
          "type": 0,
          "file": 2,
          "line": 69,
          "col": 14,
          "lit": ""
        }
      },
      {
        "key": {
          "type": 0,
          "file": 2,
          "line": 70,
          "col": 3,
          "lit": "sparse-checkout-cone-mode"
        },
        "value": {
          "type": 0,
          "file": 2,
          "line": 73,
          "col": 14,
          "lit": "true"
        }
      },
      {
        "key": {
          "type": 0,
          "file": 2,
          "line": 74,
          "col": 3,
          "lit": "fetch-depth"
        },
        "value": {
          "type": 0,
          "file": 2,
          "line": 76,
          "col": 14,
          "lit": "1"
        }
      },
      {
        "key": {
          "type": 0,
          "file": 2,
          "line": 77,
          "col": 3,
          "lit": "fetch-tags"
        },
        "value": {
          "type": 0,
          "file": 2,
          "line": 79,
          "col": 14,
          "lit": "false"
        }
      },
      {
        "key": {
          "type": 0,
          "file": 2,
          "line": 80,
          "col": 3,
          "lit": "show-progress"
        },
        "value": {
          "type": 0,
          "file": 2,
          "line": 82,
          "col": 14,
          "lit": "true"
        }
      },
      {
        "key": {
          "type": 0,
          "file": 2,
          "line": 83,
          "col": 3,
          "lit": "lfs"
        },
        "value": {
          "type": 0,
          "file": 2,
          "line": 85,
          "col": 14,
          "lit": "false"
        }
      },
      {
        "key": {
          "type": 0,
          "file": 2,
          "line": 86,
          "col": 3,
          "lit": "submodules"
        },
        "value": {
          "type": 0,
          "file": 2,
          "line": 94,
          "col": 14,
          "lit": "false"
        }
      },
      {
        "key": {
          "type": 0,
          "file": 2,
          "line": 95,
          "col": 3,
          "lit": "set-safe-directory"
        },
        "value": {
          "type": 0,
          "file": 2,
          "line": 97,
          "col": 14,
          "lit": "true"
        }
      },
      {
        "key": {
          "type": 0,
          "file": 2,
          "line": 98,
          "col": 3,
          "lit": "github-server-url"
        },
        "value": ""
      },
      {
        "key": {
          "type": 0,
          "file": 2,
          "line": 101,
          "col": 3,
          "lit": "allow-unsafe-pr-checkout"
        },
        "value": {
          "type": 0,
          "file": 2,
          "line": 109,
          "col": 14,
          "lit": "false"
        }
      }
    ]
  },
  "execution": {
    "executionType": "nodeJS",
    "hasPre": false,
    "hasPost": true,
    "script": "dist/index.js",
    "pre": null,
    "post": "dist/index.js",
    "nodeVersion": "node20",
    "cleanupCondition": "always()",
    "initCondition": "always()"
  },
  "deprecated": null
}
[2026-09-30 19:19:51Z INFO ActionManager] Action pre node.js file: N/A.
[2026-09-30 19:19:51Z INFO ActionManager] Action node.js file: dist/index.js.
[2026-09-30 19:19:51Z INFO ActionManager] Action post node.js file: dist/index.js.
[2026-09-30 19:19:51Z INFO JobExtension] Adding .
[2026-09-30 19:19:51Z INFO JobExtension] Adding .
[2026-09-30 19:19:51Z INFO JobExtension] Adding .
[2026-09-30 19:19:51Z INFO JobExtension] Adding .
[2026-09-30 19:19:51Z INFO JobExtension] Adding .
[2026-09-30 19:19:51Z INFO JobExtension] Adding .
[2026-09-30 19:19:51Z INFO JobExtension] Adding .
[2026-09-30 19:19:51Z INFO JobExtension] Adding .
[2026-09-30 19:19:51Z INFO JobExtension] Adding .
[2026-09-30 19:19:51Z INFO HostContext] Well known directory 'Bin': 'D:\cicd\actions-runner\bin'
[2026-09-30 19:19:51Z INFO HostContext] Well known directory 'Root': 'D:\cicd\actions-runner'
[2026-09-30 19:19:51Z INFO HostContext] Well known directory 'Diag': 'D:\cicd\actions-runner\_diag'
[2026-09-30 19:19:51Z INFO HostContext] Well known directory 'Bin': 'D:\cicd\actions-runner\bin'
[2026-09-30 19:19:51Z INFO HostContext] Well known directory 'Root': 'D:\cicd\actions-runner'
[2026-09-30 19:19:51Z INFO HostContext] Well known directory 'Diag': 'D:\cicd\actions-runner\_diag'
[2026-09-30 19:19:51Z INFO HostContext] Well known directory 'Bin': 'D:\cicd\actions-runner\bin'
[2026-09-30 19:19:51Z INFO HostContext] Well known directory 'Root': 'D:\cicd\actions-runner'
[2026-09-30 19:19:51Z INFO HostContext] Well known directory 'Diag': 'D:\cicd\actions-runner\_diag'
[2026-09-30 19:19:51Z INFO HostContext] Well known directory 'Bin': 'D:\cicd\actions-runner\bin'
[2026-09-30 19:19:51Z INFO HostContext] Well known directory 'Root': 'D:\cicd\actions-runner'
[2026-09-30 19:19:51Z INFO HostContext] Well known directory 'Diag': 'D:\cicd\actions-runner\_diag'
[2026-09-30 19:19:51Z INFO HostContext] Well known directory 'Bin': 'D:\cicd\actions-runner\bin'
[2026-09-30 19:19:51Z INFO HostContext] Well known directory 'Root': 'D:\cicd\actions-runner'
[2026-09-30 19:19:51Z INFO HostContext] Well known directory 'Diag': 'D:\cicd\actions-runner\_diag'
[2026-09-30 19:19:51Z INFO HostContext] Well known directory 'Bin': 'D:\cicd\actions-runner\bin'
[2026-09-30 19:19:51Z INFO HostContext] Well known directory 'Root': 'D:\cicd\actions-runner'
[2026-09-30 19:19:51Z INFO HostContext] Well known directory 'Diag': 'D:\cicd\actions-runner\_diag'
[2026-09-30 19:19:51Z INFO HostContext] Well known directory 'Bin': 'D:\cicd\actions-runner\bin'
[2026-09-30 19:19:51Z INFO HostContext] Well known directory 'Root': 'D:\cicd\actions-runner'
[2026-09-30 19:19:51Z INFO HostContext] Well known directory 'Diag': 'D:\cicd\actions-runner\_diag'
[2026-09-30 19:19:51Z INFO HostContext] Well known directory 'Bin': 'D:\cicd\actions-runner\bin'
[2026-09-30 19:19:51Z INFO HostContext] Well known directory 'Root': 'D:\cicd\actions-runner'
[2026-09-30 19:19:51Z INFO HostContext] Well known directory 'Diag': 'D:\cicd\actions-runner\_diag'
[2026-09-30 19:19:51Z INFO HostContext] Well known directory 'Bin': 'D:\cicd\actions-runner\bin'
[2026-09-30 19:19:51Z INFO HostContext] Well known directory 'Root': 'D:\cicd\actions-runner'
[2026-09-30 19:19:51Z INFO HostContext] Well known directory 'Diag': 'D:\cicd\actions-runner\_diag'
[2026-09-30 19:19:51Z INFO HostContext] Well known directory 'Bin': 'D:\cicd\actions-runner\bin'
[2026-09-30 19:19:51Z INFO HostContext] Well known directory 'Root': 'D:\cicd\actions-runner'
[2026-09-30 19:19:51Z INFO HostContext] Well known directory 'Diag': 'D:\cicd\actions-runner\_diag'
[2026-09-30 19:19:51Z INFO HostContext] Well known directory 'Bin': 'D:\cicd\actions-runner\bin'
[2026-09-30 19:19:51Z INFO HostContext] Well known directory 'Root': 'D:\cicd\actions-runner'
[2026-09-30 19:19:51Z INFO HostContext] Well known directory 'Diag': 'D:\cicd\actions-runner\_diag'
[2026-09-30 19:19:51Z INFO HostContext] Well known directory 'Bin': 'D:\cicd\actions-runner\bin'
[2026-09-30 19:19:51Z INFO HostContext] Well known directory 'Root': 'D:\cicd\actions-runner'
[2026-09-30 19:19:51Z INFO HostContext] Well known directory 'Diag': 'D:\cicd\actions-runner\_diag'
[2026-09-30 19:19:51Z INFO HostContext] Well known directory 'Bin': 'D:\cicd\actions-runner\bin'
[2026-09-30 19:19:51Z INFO HostContext] Well known directory 'Root': 'D:\cicd\actions-runner'
[2026-09-30 19:19:51Z INFO HostContext] Well known directory 'Diag': 'D:\cicd\actions-runner\_diag'
[2026-09-30 19:19:51Z INFO HostContext] Well known directory 'Bin': 'D:\cicd\actions-runner\bin'
[2026-09-30 19:19:51Z INFO HostContext] Well known directory 'Root': 'D:\cicd\actions-runner'
[2026-09-30 19:19:51Z INFO HostContext] Well known directory 'Diag': 'D:\cicd\actions-runner\_diag'
[2026-09-30 19:19:51Z INFO HostContext] Well known directory 'Bin': 'D:\cicd\actions-runner\bin'
[2026-09-30 19:19:51Z INFO HostContext] Well known directory 'Root': 'D:\cicd\actions-runner'
[2026-09-30 19:19:51Z INFO HostContext] Well known directory 'Diag': 'D:\cicd\actions-runner\_diag'
[2026-09-30 19:19:51Z INFO HostContext] Well known directory 'Bin': 'D:\cicd\actions-runner\bin'
[2026-09-30 19:19:51Z INFO HostContext] Well known directory 'Root': 'D:\cicd\actions-runner'
[2026-09-30 19:19:51Z INFO HostContext] Well known directory 'Diag': 'D:\cicd\actions-runner\_diag'
[2026-09-30 19:19:51Z INFO HostContext] Well known directory 'Bin': 'D:\cicd\actions-runner\bin'
[2026-09-30 19:19:51Z INFO HostContext] Well known directory 'Root': 'D:\cicd\actions-runner'
[2026-09-30 19:19:51Z INFO HostContext] Well known directory 'Diag': 'D:\cicd\actions-runner\_diag'
[2026-09-30 19:19:51Z INFO HostContext] Well known directory 'Bin': 'D:\cicd\actions-runner\bin'
[2026-09-30 19:19:51Z INFO HostContext] Well known directory 'Root': 'D:\cicd\actions-runner'
[2026-09-30 19:19:51Z INFO HostContext] Well known directory 'Diag': 'D:\cicd\actions-runner\_diag'
[2026-09-30 19:19:51Z INFO JobExtension] Total accessible running process: 351.
[2026-09-30 19:19:51Z INFO HostContext] Well known directory 'Bin': 'D:\cicd\actions-runner\bin'
[2026-09-30 19:19:51Z INFO HostContext] Well known directory 'Root': 'D:\cicd\actions-runner'
[2026-09-30 19:19:51Z INFO HostContext] Well known directory 'Work': 'D:\cicd\actions-runner\_work'
[2026-09-30 19:19:51Z INFO JobExtension] Start checking server connectivity.
[2026-09-30 19:19:51Z INFO JobExtension] Check server connectivity for https://broker.actions.githubusercontent.com/health.
[2026-09-30 19:19:51Z INFO JobExtension] Check server connectivity for https://token.actions.githubusercontent.com/ready.
[2026-09-30 19:19:51Z INFO JobExtension] Check server connectivity for https://run.actions.githubusercontent.com/health.
[2026-09-30 19:19:51Z INFO JobExtension] Start checking service connectivity in background.
[2026-09-30 19:19:51Z INFO JobServerQueue] Try to append 1 batches web console lines for record '322d1b0c-e2f5-45c7-8434-aea766c55fd7', success rate: 1/1.
[2026-09-30 19:19:51Z INFO ExecutionContext] Publish step telemetry for current step {
  "action": "setup_job",
  "type": "runner",
  "stage": "Pre",
  "stepId": "322d1b0c-e2f5-45c7-8434-aea766c55fd7",
  "result": "succeeded",
  "errorMessages": [],
  "executionTimeInSeconds": 3,
  "startTime": "2026-09-30T19:19:48.2396506Z",
  "finishTime": "2026-09-30T19:19:51.189999Z"
}.
[2026-09-30 19:19:51Z INFO JobRunner] Total job steps: 9.
[2026-09-30 19:19:51Z INFO JobRunner] Run all job steps.
[2026-09-30 19:19:51Z INFO DapDebugger] DapDebugger initialized
[2026-09-30 19:19:51Z INFO StepsRunner] Processing step: DisplayName='Checkout Code'
[2026-09-30 19:19:51Z INFO StepsRunner] Evaluating: success()
[2026-09-30 19:19:51Z INFO StepsRunner] Result: true
[2026-09-30 19:19:51Z INFO StepsRunner] Starting the step.
[2026-09-30 19:19:51Z INFO HostContext] Well known directory 'Bin': 'D:\cicd\actions-runner\bin'
[2026-09-30 19:19:51Z INFO HostContext] Well known directory 'Root': 'D:\cicd\actions-runner'
[2026-09-30 19:19:51Z INFO HostContext] Well known directory 'Work': 'D:\cicd\actions-runner\_work'
[2026-09-30 19:19:51Z INFO StepsRunner] Which2: 'chcp'
[2026-09-30 19:19:51Z INFO StepsRunner] Location: 'C:\WINDOWS\system32\chcp.COM'
[2026-09-30 19:19:51Z INFO ProcessInvokerWrapper] Starting process:
[2026-09-30 19:19:51Z INFO ProcessInvokerWrapper]   File name: 'C:\WINDOWS\system32\chcp.COM'
[2026-09-30 19:19:51Z INFO ProcessInvokerWrapper]   Arguments: '65001'
[2026-09-30 19:19:51Z INFO ProcessInvokerWrapper]   Working directory: 'D:\cicd\actions-runner\_work'
[2026-09-30 19:19:51Z INFO ProcessInvokerWrapper]   Require exit code zero: 'False'
[2026-09-30 19:19:51Z INFO ProcessInvokerWrapper]   Encoding web name:  ; code page: ''
[2026-09-30 19:19:51Z INFO ProcessInvokerWrapper]   Force kill process on cancellation: 'False'
[2026-09-30 19:19:51Z INFO ProcessInvokerWrapper]   Redirected STDIN: 'False'
[2026-09-30 19:19:51Z INFO ProcessInvokerWrapper]   Persist current code page: 'True'
[2026-09-30 19:19:51Z INFO ProcessInvokerWrapper]   Keep redirected STDIN open: 'False'
[2026-09-30 19:19:51Z INFO ProcessInvokerWrapper]   High priority process: 'False'
[2026-09-30 19:19:51Z INFO ProcessInvokerWrapper] Process started with process id 13432, waiting for process exit.
[2026-09-30 19:19:51Z INFO ProcessInvokerWrapper] STDOUT/STDERR stream read finished.
[2026-09-30 19:19:51Z INFO ProcessInvokerWrapper] STDOUT/STDERR stream read finished.
[2026-09-30 19:19:51Z INFO ProcessInvokerWrapper] Finished process 13432 with exit code 0, and elapsed time 00:00:00.0805414.
[2026-09-30 19:19:51Z INFO StepsRunner] Successfully returned to code page 65001 (UTF8)
[2026-09-30 19:19:51Z INFO HostContext] Well known directory 'Bin': 'D:\cicd\actions-runner\bin'
[2026-09-30 19:19:51Z INFO HostContext] Well known directory 'Root': 'D:\cicd\actions-runner'
[2026-09-30 19:19:51Z INFO HostContext] Well known directory 'Work': 'D:\cicd\actions-runner\_work'
[2026-09-30 19:19:51Z INFO HostContext] Well known directory 'Actions': 'D:\cicd\actions-runner\_work\_actions'
[2026-09-30 19:19:51Z INFO ActionManager] Load action that reference repository from 'D:\cicd\actions-runner\_work\_actions\actions\checkout\v4'
[2026-09-30 19:19:51Z INFO HostContext] Well known directory 'Bin': 'D:\cicd\actions-runner\bin'
[2026-09-30 19:19:51Z INFO HostContext] Well known directory 'Root': 'D:\cicd\actions-runner'
[2026-09-30 19:19:51Z INFO HostContext] Well known directory 'Work': 'D:\cicd\actions-runner\_work'
[2026-09-30 19:19:51Z INFO HostContext] Well known directory 'Actions': 'D:\cicd\actions-runner\_work\_actions'
[2026-09-30 19:19:51Z INFO ActionManifestManagerLegacy] Loaded action.yml file: {
  "name": "Checkout",
  "description": "Checkout a Git repository at a particular version",
  "inputs": {
    "type": 2,
    "map": [
      {
        "key": {
          "type": 0,
          "file": 2,
          "line": 4,
          "col": 3,
          "lit": "repository"
        },
        "value": {
          "type": 3,
          "file": 2,
          "line": 6,
          "col": 14,
          "expr": "github.repository"
        }
      },
      {
        "key": {
          "type": 0,
          "file": 2,
          "line": 7,
          "col": 3,
          "lit": "ref"
        },
        "value": ""
      },
      {
        "key": {
          "type": 0,
          "file": 2,
          "line": 12,
          "col": 3,
          "lit": "token"
        },
        "value": {
          "type": 3,
          "file": 2,
          "line": 24,
          "col": 14,
          "expr": "github.token"
        }
      },
      {
        "key": {
          "type": 0,
          "file": 2,
          "line": 25,
          "col": 3,
          "lit": "ssh-key"
        },
        "value": ""
      },
      {
        "key": {
          "type": 0,
          "file": 2,
          "line": 37,
          "col": 3,
          "lit": "ssh-known-hosts"
        },
        "value": ""
      },
      {
        "key": {
          "type": 0,
          "file": 2,
          "line": 42,
          "col": 3,
          "lit": "ssh-strict"
        },
        "value": {
          "type": 0,
          "file": 2,
          "line": 47,
          "col": 14,
          "lit": "true"
        }
      },
      {
        "key": {
          "type": 0,
          "file": 2,
          "line": 48,
          "col": 3,
          "lit": "ssh-user"
        },
        "value": {
          "type": 0,
          "file": 2,
          "line": 51,
          "col": 14,
          "lit": "git"
        }
      },
      {
        "key": {
          "type": 0,
          "file": 2,
          "line": 52,
          "col": 3,
          "lit": "persist-credentials"
        },
        "value": {
          "type": 0,
          "file": 2,
          "line": 54,
          "col": 14,
          "lit": "true"
        }
      },
      {
        "key": {
          "type": 0,
          "file": 2,
          "line": 55,
          "col": 3,
          "lit": "path"
        },
        "value": ""
      },
      {
        "key": {
          "type": 0,
          "file": 2,
          "line": 57,
          "col": 3,
          "lit": "clean"
        },
        "value": {
          "type": 0,
          "file": 2,
          "line": 59,
          "col": 14,
          "lit": "true"
        }
      },
      {
        "key": {
          "type": 0,
          "file": 2,
          "line": 60,
          "col": 3,
          "lit": "filter"
        },
        "value": {
          "type": 0,
          "file": 2,
          "line": 64,
          "col": 14,
          "lit": ""
        }
      },
      {
        "key": {
          "type": 0,
          "file": 2,
          "line": 65,
          "col": 3,
          "lit": "sparse-checkout"
        },
        "value": {
          "type": 0,
          "file": 2,
          "line": 69,
          "col": 14,
          "lit": ""
        }
      },
      {
        "key": {
          "type": 0,
          "file": 2,
          "line": 70,
          "col": 3,
          "lit": "sparse-checkout-cone-mode"
        },
        "value": {
          "type": 0,
          "file": 2,
          "line": 73,
          "col": 14,
          "lit": "true"
        }
      },
      {
        "key": {
          "type": 0,
          "file": 2,
          "line": 74,
          "col": 3,
          "lit": "fetch-depth"
        },
        "value": {
          "type": 0,
          "file": 2,
          "line": 76,
          "col": 14,
          "lit": "1"
        }
      },
      {
        "key": {
          "type": 0,
          "file": 2,
          "line": 77,
          "col": 3,
          "lit": "fetch-tags"
        },
        "value": {
          "type": 0,
          "file": 2,
          "line": 79,
          "col": 14,
          "lit": "false"
        }
      },
      {
        "key": {
          "type": 0,
          "file": 2,
          "line": 80,
          "col": 3,
          "lit": "show-progress"
        },
        "value": {
          "type": 0,
          "file": 2,
          "line": 82,
          "col": 14,
          "lit": "true"
        }
      },
      {
        "key": {
          "type": 0,
          "file": 2,
          "line": 83,
          "col": 3,
          "lit": "lfs"
        },
        "value": {
          "type": 0,
          "file": 2,
          "line": 85,
          "col": 14,
          "lit": "false"
        }
      },
      {
        "key": {
          "type": 0,
          "file": 2,
          "line": 86,
          "col": 3,
          "lit": "submodules"
        },
        "value": {
          "type": 0,
          "file": 2,
          "line": 94,
          "col": 14,
          "lit": "false"
        }
      },
      {
        "key": {
          "type": 0,
          "file": 2,
          "line": 95,
          "col": 3,
          "lit": "set-safe-directory"
        },
        "value": {
          "type": 0,
          "file": 2,
          "line": 97,
          "col": 14,
          "lit": "true"
        }
      },
      {
        "key": {
          "type": 0,
          "file": 2,
          "line": 98,
          "col": 3,
          "lit": "github-server-url"
        },
        "value": ""
      },
      {
        "key": {
          "type": 0,
          "file": 2,
          "line": 101,
          "col": 3,
          "lit": "allow-unsafe-pr-checkout"
        },
        "value": {
          "type": 0,
          "file": 2,
          "line": 109,
          "col": 14,
          "lit": "false"
        }
      }
    ]
  },
  "execution": {
    "executionType": "nodeJS",
    "hasPre": false,
    "hasPost": true,
    "script": "dist/index.js",
    "pre": null,
    "post": "dist/index.js",
    "nodeVersion": "node20",
    "cleanupCondition": "always()",
    "initCondition": "always()"
  },
  "deprecated": null
}
[2026-09-30 19:19:51Z INFO ActionManager] Action pre node.js file: N/A.
[2026-09-30 19:19:51Z INFO ActionManager] Action node.js file: dist/index.js.
[2026-09-30 19:19:51Z INFO ActionManager] Action post node.js file: dist/index.js.
[2026-09-30 19:19:51Z INFO ExecutionContext] Reserve record order 11 to 20 for post job actions.
[2026-09-30 19:19:51Z INFO HostContext] Well known directory 'Bin': 'D:\cicd\actions-runner\bin'
[2026-09-30 19:19:51Z INFO HostContext] Well known directory 'Root': 'D:\cicd\actions-runner'
[2026-09-30 19:19:51Z INFO HostContext] Well known directory 'Diag': 'D:\cicd\actions-runner\_diag'
[2026-09-30 19:19:51Z INFO HostContext] Well known directory 'Bin': 'D:\cicd\actions-runner\bin'
[2026-09-30 19:19:51Z INFO HostContext] Well known directory 'Root': 'D:\cicd\actions-runner'
[2026-09-30 19:19:51Z INFO HostContext] Well known directory 'Diag': 'D:\cicd\actions-runner\_diag'
[2026-09-30 19:19:51Z INFO HostContext] Well known directory 'Bin': 'D:\cicd\actions-runner\bin'
[2026-09-30 19:19:51Z INFO HostContext] Well known directory 'Root': 'D:\cicd\actions-runner'
[2026-09-30 19:19:51Z INFO HostContext] Well known directory 'Work': 'D:\cicd\actions-runner\_work'
[2026-09-30 19:19:51Z INFO HostContext] Well known directory 'Temp': 'D:\cicd\actions-runner\_work\_temp'
[2026-09-30 19:19:51Z INFO ExecutionContext] Write event payload to D:\cicd\actions-runner\_work\_temp\_github_workflow\event.json
[2026-09-30 19:19:51Z INFO HostContext] Well known directory 'Bin': 'D:\cicd\actions-runner\bin'
[2026-09-30 19:19:51Z INFO HostContext] Well known directory 'Root': 'D:\cicd\actions-runner'
[2026-09-30 19:19:51Z INFO HostContext] Well known directory 'Work': 'D:\cicd\actions-runner\_work'
[2026-09-30 19:19:51Z INFO HostContext] Well known directory 'Temp': 'D:\cicd\actions-runner\_work\_temp'
[2026-09-30 19:19:51Z INFO ExtensionManager] Getting extensions for interface: 'GitHub.Runner.Worker.IFileCommandExtension'
[2026-09-30 19:19:51Z INFO ExtensionManager] Creating instance: GitHub.Runner.Worker.AddPathFileCommand, Runner.Worker
[2026-09-30 19:19:51Z INFO ExtensionManager] Creating instance: GitHub.Runner.Worker.SetEnvFileCommand, Runner.Worker
[2026-09-30 19:19:51Z INFO ExtensionManager] Creating instance: GitHub.Runner.Worker.CreateStepSummaryCommand, Runner.Worker
[2026-09-30 19:19:51Z INFO ExtensionManager] Creating instance: GitHub.Runner.Worker.SaveStateFileCommand, Runner.Worker
[2026-09-30 19:19:51Z INFO ExtensionManager] Creating instance: GitHub.Runner.Worker.SetOutputFileCommand, Runner.Worker
[2026-09-30 19:19:51Z INFO ExtensionManager] Creating instance: GitHub.Runner.Worker.CreateArtifactsFileCommand, Runner.Worker
[2026-09-30 19:19:51Z INFO ExtensionManager] Creating instance: GitHub.Runner.Worker.ArtifactsListFileCommand, Runner.Worker
[2026-09-30 19:19:51Z INFO ActionManifestManagerLegacy] Input 'repository': default value evaluate result: {
  "type": 0,
  "file": 2,
  "line": 6,
  "col": 14,
  "lit": "***-ops/my-repo"
}
[2026-09-30 19:19:51Z INFO ActionManifestManagerLegacy] Input 'ref': default value evaluate result: ""
[2026-09-30 19:19:51Z INFO ActionManifestManagerLegacy] Input 'token': default value evaluate result: {
  "type": 0,
  "file": 2,
  "line": 24,
  "col": 14,
  "lit": "***"
}
[2026-09-30 19:19:51Z INFO ActionManifestManagerLegacy] Input 'ssh-key': default value evaluate result: ""
[2026-09-30 19:19:51Z INFO ActionManifestManagerLegacy] Input 'ssh-known-hosts': default value evaluate result: ""
[2026-09-30 19:19:51Z INFO ActionManifestManagerLegacy] Input 'ssh-strict': default value evaluate result: {
  "type": 0,
  "file": 2,
  "line": 47,
  "col": 14,
  "lit": "true"
}
[2026-09-30 19:19:51Z INFO ActionManifestManagerLegacy] Input 'ssh-user': default value evaluate result: {
  "type": 0,
  "file": 2,
  "line": 51,
  "col": 14,
  "lit": "git"
}
[2026-09-30 19:19:51Z INFO ActionManifestManagerLegacy] Input 'persist-credentials': default value evaluate result: {
  "type": 0,
  "file": 2,
  "line": 54,
  "col": 14,
  "lit": "true"
}
[2026-09-30 19:19:51Z INFO ActionManifestManagerLegacy] Input 'path': default value evaluate result: ""
[2026-09-30 19:19:51Z INFO ActionManifestManagerLegacy] Input 'clean': default value evaluate result: {
  "type": 0,
  "file": 2,
  "line": 59,
  "col": 14,
  "lit": "true"
}
[2026-09-30 19:19:51Z INFO ActionManifestManagerLegacy] Input 'filter': default value evaluate result: {
  "type": 0,
  "file": 2,
  "line": 64,
  "col": 14,
  "lit": ""
}
[2026-09-30 19:19:51Z INFO ActionManifestManagerLegacy] Input 'sparse-checkout': default value evaluate result: {
  "type": 0,
  "file": 2,
  "line": 69,
  "col": 14,
  "lit": ""
}
[2026-09-30 19:19:51Z INFO ActionManifestManagerLegacy] Input 'sparse-checkout-cone-mode': default value evaluate result: {
  "type": 0,
  "file": 2,
  "line": 73,
  "col": 14,
  "lit": "true"
}
[2026-09-30 19:19:51Z INFO ActionManifestManagerLegacy] Input 'fetch-depth': default value evaluate result: {
  "type": 0,
  "file": 2,
  "line": 76,
  "col": 14,
  "lit": "1"
}
[2026-09-30 19:19:51Z INFO ActionManifestManagerLegacy] Input 'fetch-tags': default value evaluate result: {
  "type": 0,
  "file": 2,
  "line": 79,
  "col": 14,
  "lit": "false"
}
[2026-09-30 19:19:51Z INFO ActionManifestManagerLegacy] Input 'show-progress': default value evaluate result: {
  "type": 0,
  "file": 2,
  "line": 82,
  "col": 14,
  "lit": "true"
}
[2026-09-30 19:19:51Z INFO ActionManifestManagerLegacy] Input 'lfs': default value evaluate result: {
  "type": 0,
  "file": 2,
  "line": 85,
  "col": 14,
  "lit": "false"
}
[2026-09-30 19:19:51Z INFO ActionManifestManagerLegacy] Input 'submodules': default value evaluate result: {
  "type": 0,
  "file": 2,
  "line": 94,
  "col": 14,
  "lit": "false"
}
[2026-09-30 19:19:51Z INFO ActionManifestManagerLegacy] Input 'set-safe-directory': default value evaluate result: {
  "type": 0,
  "file": 2,
  "line": 97,
  "col": 14,
  "lit": "true"
}
[2026-09-30 19:19:51Z INFO ActionManifestManagerLegacy] Input 'github-server-url': default value evaluate result: ""
[2026-09-30 19:19:51Z INFO ActionManifestManagerLegacy] Input 'allow-unsafe-pr-checkout': default value evaluate result: {
  "type": 0,
  "file": 2,
  "line": 109,
  "col": 14,
  "lit": "false"
}
[2026-09-30 19:19:51Z INFO ExtensionManager] Getting extensions for interface: 'GitHub.Runner.Worker.IActionCommandExtension'
[2026-09-30 19:19:51Z INFO ExtensionManager] Creating instance: GitHub.Runner.Worker.InternalPluginSetRepoPathCommandExtension, Runner.Worker
[2026-09-30 19:19:51Z INFO ExtensionManager] Creating instance: GitHub.Runner.Worker.SetEnvCommandExtension, Runner.Worker
[2026-09-30 19:19:51Z INFO ExtensionManager] Creating instance: GitHub.Runner.Worker.SetOutputCommandExtension, Runner.Worker
[2026-09-30 19:19:51Z INFO ExtensionManager] Creating instance: GitHub.Runner.Worker.SaveStateCommandExtension, Runner.Worker
[2026-09-30 19:19:51Z INFO ExtensionManager] Creating instance: GitHub.Runner.Worker.AddPathCommandExtension, Runner.Worker
[2026-09-30 19:19:51Z INFO ExtensionManager] Creating instance: GitHub.Runner.Worker.AddMaskCommandExtension, Runner.Worker
[2026-09-30 19:19:51Z INFO ExtensionManager] Creating instance: GitHub.Runner.Worker.AddMatcherCommandExtension, Runner.Worker
[2026-09-30 19:19:51Z INFO ExtensionManager] Creating instance: GitHub.Runner.Worker.RemoveMatcherCommandExtension, Runner.Worker
[2026-09-30 19:19:51Z INFO ExtensionManager] Creating instance: GitHub.Runner.Worker.WarningCommandExtension, Runner.Worker
[2026-09-30 19:19:51Z INFO ExtensionManager] Creating instance: GitHub.Runner.Worker.ErrorCommandExtension, Runner.Worker
[2026-09-30 19:19:51Z INFO ExtensionManager] Creating instance: GitHub.Runner.Worker.NoticeCommandExtension, Runner.Worker
[2026-09-30 19:19:51Z INFO ExtensionManager] Creating instance: GitHub.Runner.Worker.DebugCommandExtension, Runner.Worker
[2026-09-30 19:19:51Z INFO ExtensionManager] Creating instance: GitHub.Runner.Worker.GroupCommandExtension, Runner.Worker
[2026-09-30 19:19:51Z INFO ExtensionManager] Creating instance: GitHub.Runner.Worker.EndGroupCommandExtension, Runner.Worker
[2026-09-30 19:19:51Z INFO ExtensionManager] Creating instance: GitHub.Runner.Worker.EchoCommandExtension, Runner.Worker
[2026-09-30 19:19:51Z INFO ActionCommandManager] Register action command extension for command internal-set-repo-path
[2026-09-30 19:19:51Z INFO ActionCommandManager] Register action command extension for command set-env
[2026-09-30 19:19:51Z INFO ActionCommandManager] Register action command extension for command set-output
[2026-09-30 19:19:51Z INFO ActionCommandManager] Register action command extension for command save-state
[2026-09-30 19:19:51Z INFO ActionCommandManager] Register action command extension for command add-path
[2026-09-30 19:19:51Z INFO ActionCommandManager] Register action command extension for command add-mask
[2026-09-30 19:19:51Z INFO ActionCommandManager] Register action command extension for command add-matcher
[2026-09-30 19:19:51Z INFO ActionCommandManager] Register action command extension for command remove-matcher
[2026-09-30 19:19:51Z INFO ActionCommandManager] Register action command extension for command warning
[2026-09-30 19:19:51Z INFO ActionCommandManager] Register action command extension for command error
[2026-09-30 19:19:51Z INFO ActionCommandManager] Register action command extension for command notice
[2026-09-30 19:19:51Z INFO ActionCommandManager] Register action command extension for command debug
[2026-09-30 19:19:51Z INFO ActionCommandManager] Register action command extension for command group
[2026-09-30 19:19:51Z INFO ActionCommandManager] Register action command extension for command endgroup
[2026-09-30 19:19:51Z INFO ActionCommandManager] Register action command extension for command echo
[2026-09-30 19:19:51Z INFO HostContext] Well known directory 'Bin': 'D:\cicd\actions-runner\bin'
[2026-09-30 19:19:51Z INFO HostContext] Well known directory 'Root': 'D:\cicd\actions-runner'
[2026-09-30 19:19:51Z INFO HostContext] Well known directory 'Externals': 'D:\cicd\actions-runner\externals'
[2026-09-30 19:19:51Z INFO ProcessInvokerWrapper] Starting process:
[2026-09-30 19:19:51Z INFO ProcessInvokerWrapper]   File name: 'D:\cicd\actions-runner\externals\node24\bin\node.exe'
[2026-09-30 19:19:51Z INFO ProcessInvokerWrapper]   Arguments: '"D:\cicd\actions-runner\_work\_actions\actions\checkout\v4\dist/index.js"'
[2026-09-30 19:19:51Z INFO ProcessInvokerWrapper]   Working directory: 'D:\cicd\actions-runner\_work\my-repo\my-repo'
[2026-09-30 19:19:51Z INFO ProcessInvokerWrapper]   Require exit code zero: 'False'
[2026-09-30 19:19:51Z INFO ProcessInvokerWrapper]   Encoding web name: utf-8 ; code page: '65001'
[2026-09-30 19:19:51Z INFO ProcessInvokerWrapper]   Force kill process on cancellation: 'False'
[2026-09-30 19:19:51Z INFO ProcessInvokerWrapper]   Redirected STDIN: 'False'
[2026-09-30 19:19:51Z INFO ProcessInvokerWrapper]   Persist current code page: 'True'
[2026-09-30 19:19:51Z INFO ProcessInvokerWrapper]   Keep redirected STDIN open: 'False'
[2026-09-30 19:19:51Z INFO ProcessInvokerWrapper]   High priority process: 'False'
[2026-09-30 19:19:51Z INFO ProcessInvokerWrapper] Process started with process id 22796, waiting for process exit.
[2026-09-30 19:19:51Z INFO JobServerQueue] Try to append 1 batches web console lines for record '427b1673-0aca-49a9-be29-fdf5e4c3d021', success rate: 1/1.
[2026-09-30 19:19:52Z INFO JobServerQueue] Try to upload 1 log files or attachments, success rate: 1/1.
[2026-09-30 19:19:52Z INFO JobServerQueue] Got a step log file to send to results service.
[2026-09-30 19:19:52Z INFO JobServerQueue] Starting upload of step log file to results service ResultsLog, D:\cicd\actions-runner\_diag\blocks\7d621874-35f4-82a4-83b0-b175adee5a7f_322d1b0c-e2f5-45c7-8434-aea766c55fd7.1
[2026-09-30 19:19:52Z INFO JobServerQueue] Try to append 1 batches web console lines for record '427b1673-0aca-49a9-be29-fdf5e4c3d021', success rate: 1/1.
[2026-09-30 19:19:52Z INFO AddMaskCommandExtension] Add new secret mask with length of 524
[2026-09-30 19:19:52Z INFO JobServerQueue] Try to append 1 batches web console lines for record '427b1673-0aca-49a9-be29-fdf5e4c3d021', success rate: 1/1.
[2026-09-30 19:19:52Z INFO JobServerQueue] Try to append 1 batches web console lines for record '427b1673-0aca-49a9-be29-fdf5e4c3d021', success rate: 1/1.
[2026-09-30 19:19:53Z INFO JobServerQueue] Try to append 1 batches web console lines for record '427b1673-0aca-49a9-be29-fdf5e4c3d021', success rate: 1/1.
[2026-09-30 19:19:53Z INFO JobServerQueue] Try to append 1 batches web console lines for record '427b1673-0aca-49a9-be29-fdf5e4c3d021', success rate: 1/1.
[2026-09-30 19:19:53Z INFO JobServerQueue] Try to append 1 batches web console lines for record '427b1673-0aca-49a9-be29-fdf5e4c3d021', success rate: 1/1.
[2026-09-30 19:19:54Z INFO JobServerQueue] Tried to upload 1 file(s) to results, success rate: 1/1.
[2026-09-30 19:19:56Z INFO JobServerQueue] Try to append 1 batches web console lines for record '427b1673-0aca-49a9-be29-fdf5e4c3d021', success rate: 1/1.
[2026-09-30 19:19:56Z INFO JobServerQueue] Try to append 1 batches web console lines for record '427b1673-0aca-49a9-be29-fdf5e4c3d021', success rate: 1/1.
[2026-09-30 19:19:56Z INFO JobServerQueue] Try to append 1 batches web console lines for record '427b1673-0aca-49a9-be29-fdf5e4c3d021', success rate: 1/1.
[2026-09-30 19:19:59Z INFO JobServerQueue] Try to append 1 batches web console lines for record '427b1673-0aca-49a9-be29-fdf5e4c3d021', success rate: 1/1.
[2026-09-30 19:20:00Z INFO JobServerQueue] Try to append 1 batches web console lines for record '427b1673-0aca-49a9-be29-fdf5e4c3d021', success rate: 1/1.
[2026-09-30 19:20:01Z INFO HostContext] Well known directory 'Bin': 'D:\cicd\actions-runner\bin'
[2026-09-30 19:20:01Z INFO HostContext] Well known directory 'Root': 'D:\cicd\actions-runner'
[2026-09-30 19:20:01Z INFO HostContext] Well known directory 'Work': 'D:\cicd\actions-runner\_work'
[2026-09-30 19:20:02Z INFO JobServerQueue] Try to append 1 batches web console lines for record '427b1673-0aca-49a9-be29-fdf5e4c3d021', success rate: 1/1.
[2026-09-30 19:20:02Z INFO JobServerQueue] Try to append 1 batches web console lines for record '427b1673-0aca-49a9-be29-fdf5e4c3d021', success rate: 1/1.
[2026-09-30 19:20:03Z INFO JobServerQueue] Try to append 1 batches web console lines for record '427b1673-0aca-49a9-be29-fdf5e4c3d021', success rate: 1/1.
[2026-09-30 19:20:04Z INFO JobServerQueue] Try to append 1 batches web console lines for record '427b1673-0aca-49a9-be29-fdf5e4c3d021', success rate: 1/1.
[2026-09-30 19:20:05Z INFO JobServerQueue] Try to append 1 batches web console lines for record '427b1673-0aca-49a9-be29-fdf5e4c3d021', success rate: 1/1.
[2026-09-30 19:20:05Z INFO JobServerQueue] Try to append 1 batches web console lines for record '427b1673-0aca-49a9-be29-fdf5e4c3d021', success rate: 1/1.
[2026-09-30 19:20:05Z INFO ProcessInvokerWrapper] STDOUT/STDERR stream read finished.
[2026-09-30 19:20:05Z INFO ProcessInvokerWrapper] STDOUT/STDERR stream read finished.
[2026-09-30 19:20:05Z INFO ProcessInvokerWrapper] Finished process 22796 with exit code 0, and elapsed time 00:00:14.1575599.
[2026-09-30 19:20:05Z INFO CreateStepSummaryCommand] Step Summary file (D:\cicd\actions-runner\_work\_temp\_runner_file_commands\step_summary_b31a77ea-6acd-45dc-b835-bcb4f50f511f) is empty; skipping attachment upload
[2026-09-30 19:20:05Z INFO StepsRunner] Step result: 
[2026-09-30 19:20:05Z INFO ExecutionContext] Publish step telemetry for current step {
  "action": "actions/checkout",
  "ref": "v4",
  "type": "node24",
  "stage": "Main",
  "stepId": "427b1673-0aca-49a9-be29-fdf5e4c3d021",
  "stepContextName": "__actions_checkout",
  "hasPreStep": false,
  "hasPostStep": true,
  "result": "succeeded",
  "errorMessages": [],
  "executionTimeInSeconds": 15,
  "startTime": "2026-09-30T19:19:51.2964338Z",
  "finishTime": "2026-09-30T19:20:05.8523429Z"
}.
[2026-09-30 19:20:05Z INFO StepsRunner] No need for updating job result with current step result 'Succeeded'.
[2026-09-30 19:20:05Z INFO StepsRunner] Current state: job state = ''
[2026-09-30 19:20:05Z INFO StepsRunner] Processing step: DisplayName='Docker Login'
[2026-09-30 19:20:05Z INFO StepsRunner] Evaluating: success()
[2026-09-30 19:20:05Z INFO StepsRunner] Result: true
[2026-09-30 19:20:05Z INFO StepsRunner] Starting the step.
[2026-09-30 19:20:05Z INFO HostContext] Well known directory 'Bin': 'D:\cicd\actions-runner\bin'
[2026-09-30 19:20:05Z INFO HostContext] Well known directory 'Root': 'D:\cicd\actions-runner'
[2026-09-30 19:20:05Z INFO HostContext] Well known directory 'Work': 'D:\cicd\actions-runner\_work'
[2026-09-30 19:20:05Z INFO StepsRunner] Which2: 'chcp'
[2026-09-30 19:20:05Z INFO StepsRunner] Location: 'C:\WINDOWS\system32\chcp.COM'
[2026-09-30 19:20:05Z INFO ProcessInvokerWrapper] Starting process:
[2026-09-30 19:20:05Z INFO ProcessInvokerWrapper]   File name: 'C:\WINDOWS\system32\chcp.COM'
[2026-09-30 19:20:05Z INFO ProcessInvokerWrapper]   Arguments: '65001'
[2026-09-30 19:20:05Z INFO ProcessInvokerWrapper]   Working directory: 'D:\cicd\actions-runner\_work'
[2026-09-30 19:20:05Z INFO ProcessInvokerWrapper]   Require exit code zero: 'False'
[2026-09-30 19:20:05Z INFO ProcessInvokerWrapper]   Encoding web name:  ; code page: ''
[2026-09-30 19:20:05Z INFO ProcessInvokerWrapper]   Force kill process on cancellation: 'False'
[2026-09-30 19:20:05Z INFO ProcessInvokerWrapper]   Redirected STDIN: 'False'
[2026-09-30 19:20:05Z INFO ProcessInvokerWrapper]   Persist current code page: 'True'
[2026-09-30 19:20:05Z INFO ProcessInvokerWrapper]   Keep redirected STDIN open: 'False'
[2026-09-30 19:20:05Z INFO ProcessInvokerWrapper]   High priority process: 'False'
[2026-09-30 19:20:05Z INFO ProcessInvokerWrapper] Process started with process id 18856, waiting for process exit.
[2026-09-30 19:20:05Z INFO ProcessInvokerWrapper] STDOUT/STDERR stream read finished.
[2026-09-30 19:20:05Z INFO ProcessInvokerWrapper] STDOUT/STDERR stream read finished.
[2026-09-30 19:20:05Z INFO ProcessInvokerWrapper] Finished process 18856 with exit code 0, and elapsed time 00:00:00.0501275.
[2026-09-30 19:20:05Z INFO StepsRunner] Successfully returned to code page 65001 (UTF8)
[2026-09-30 19:20:05Z INFO HostContext] Well known directory 'Bin': 'D:\cicd\actions-runner\bin'
[2026-09-30 19:20:05Z INFO HostContext] Well known directory 'Root': 'D:\cicd\actions-runner'
[2026-09-30 19:20:05Z INFO HostContext] Well known directory 'Work': 'D:\cicd\actions-runner\_work'
[2026-09-30 19:20:05Z INFO HostContext] Well known directory 'Temp': 'D:\cicd\actions-runner\_work\_temp'
[2026-09-30 19:20:05Z INFO ExecutionContext] Write event payload to D:\cicd\actions-runner\_work\_temp\_github_workflow\event.json
[2026-09-30 19:20:05Z INFO HostContext] Well known directory 'Bin': 'D:\cicd\actions-runner\bin'
[2026-09-30 19:20:05Z INFO HostContext] Well known directory 'Root': 'D:\cicd\actions-runner'
[2026-09-30 19:20:05Z INFO HostContext] Well known directory 'Work': 'D:\cicd\actions-runner\_work'
[2026-09-30 19:20:05Z INFO HostContext] Well known directory 'Temp': 'D:\cicd\actions-runner\_work\_temp'
[2026-09-30 19:20:05Z INFO ExtensionManager] Getting extensions for interface: 'GitHub.Runner.Worker.IFileCommandExtension'
[2026-09-30 19:20:05Z INFO ExtensionManager] Getting extensions for interface: 'GitHub.Runner.Worker.IActionCommandExtension'
[2026-09-30 19:20:05Z INFO ActionCommandManager] Register action command extension for command internal-set-repo-path
[2026-09-30 19:20:05Z INFO ActionCommandManager] Register action command extension for command set-env
[2026-09-30 19:20:05Z INFO ActionCommandManager] Register action command extension for command set-output
[2026-09-30 19:20:05Z INFO ActionCommandManager] Register action command extension for command save-state
[2026-09-30 19:20:05Z INFO ActionCommandManager] Register action command extension for command add-path
[2026-09-30 19:20:05Z INFO ActionCommandManager] Register action command extension for command add-mask
[2026-09-30 19:20:05Z INFO ActionCommandManager] Register action command extension for command add-matcher
[2026-09-30 19:20:05Z INFO ActionCommandManager] Register action command extension for command remove-matcher
[2026-09-30 19:20:05Z INFO ActionCommandManager] Register action command extension for command warning
[2026-09-30 19:20:05Z INFO ActionCommandManager] Register action command extension for command error
[2026-09-30 19:20:05Z INFO ActionCommandManager] Register action command extension for command notice
[2026-09-30 19:20:05Z INFO ActionCommandManager] Register action command extension for command debug
[2026-09-30 19:20:05Z INFO ActionCommandManager] Register action command extension for command group
[2026-09-30 19:20:05Z INFO ActionCommandManager] Register action command extension for command endgroup
[2026-09-30 19:20:05Z INFO ActionCommandManager] Register action command extension for command echo
[2026-09-30 19:20:05Z INFO ScriptHandler] Which2: 'pwsh'
[2026-09-30 19:20:05Z INFO ScriptHandler] Location: 'C:\Program Files\PowerShell\7\pwsh.EXE'
[2026-09-30 19:20:05Z INFO HostContext] Well known directory 'Bin': 'D:\cicd\actions-runner\bin'
[2026-09-30 19:20:05Z INFO HostContext] Well known directory 'Root': 'D:\cicd\actions-runner'
[2026-09-30 19:20:05Z INFO HostContext] Well known directory 'Work': 'D:\cicd\actions-runner\_work'
[2026-09-30 19:20:05Z INFO HostContext] Well known directory 'Temp': 'D:\cicd\actions-runner\_work\_temp'
[2026-09-30 19:20:05Z INFO ScriptHandler] Which2: 'pwsh'
[2026-09-30 19:20:05Z INFO ScriptHandler] Location: 'C:\Program Files\PowerShell\7\pwsh.EXE'
[2026-09-30 19:20:05Z INFO ProcessInvokerWrapper] Starting process:
[2026-09-30 19:20:05Z INFO ProcessInvokerWrapper]   File name: 'C:\Program Files\PowerShell\7\pwsh.EXE'
[2026-09-30 19:20:05Z INFO ProcessInvokerWrapper]   Arguments: '-command ". 'D:\cicd\actions-runner\_work\_temp\187be964-85ac-4e63-9760-4fa97dec272b.ps1'"'
[2026-09-30 19:20:05Z INFO ProcessInvokerWrapper]   Working directory: 'D:\cicd\actions-runner\_work\my-repo\my-repo'
[2026-09-30 19:20:05Z INFO ProcessInvokerWrapper]   Require exit code zero: 'False'
[2026-09-30 19:20:05Z INFO ProcessInvokerWrapper]   Encoding web name:  ; code page: ''
[2026-09-30 19:20:05Z INFO ProcessInvokerWrapper]   Force kill process on cancellation: 'False'
[2026-09-30 19:20:05Z INFO ProcessInvokerWrapper]   Redirected STDIN: 'False'
[2026-09-30 19:20:05Z INFO ProcessInvokerWrapper]   Persist current code page: 'True'
[2026-09-30 19:20:05Z INFO ProcessInvokerWrapper]   Keep redirected STDIN open: 'False'
[2026-09-30 19:20:05Z INFO ProcessInvokerWrapper]   High priority process: 'False'
[2026-09-30 19:20:05Z INFO JobServerQueue] Try to append 1 batches web console lines for record '427b1673-0aca-49a9-be29-fdf5e4c3d021', success rate: 1/1.
[2026-09-30 19:20:05Z INFO JobServerQueue] Try to append 1 batches web console lines for record 'fccb978d-a8bf-481f-9963-ebf43fe6acd8', success rate: 1/1.
[2026-09-30 19:20:05Z INFO ProcessInvokerWrapper] Process started with process id 23056, waiting for process exit.
[2026-09-30 19:20:06Z INFO JobServerQueue] Try to upload 1 log files or attachments, success rate: 1/1.
[2026-09-30 19:20:06Z INFO JobServerQueue] Got a step log file to send to results service.
[2026-09-30 19:20:06Z INFO JobServerQueue] Starting upload of step log file to results service ResultsLog, D:\cicd\actions-runner\_diag\blocks\7d621874-35f4-82a4-83b0-b175adee5a7f_427b1673-0aca-49a9-be29-fdf5e4c3d021.1
[2026-09-30 19:20:07Z INFO JobServerQueue] Tried to upload 1 file(s) to results, success rate: 1/1.
[2026-09-30 19:20:09Z INFO JobServerQueue] Try to append 1 batches web console lines for record 'fccb978d-a8bf-481f-9963-ebf43fe6acd8', success rate: 1/1.
[2026-09-30 19:20:09Z INFO ProcessInvokerWrapper] STDOUT/STDERR stream read finished.
[2026-09-30 19:20:09Z INFO ProcessInvokerWrapper] STDOUT/STDERR stream read finished.
[2026-09-30 19:20:09Z INFO ProcessInvokerWrapper] Finished process 23056 with exit code 0, and elapsed time 00:00:03.4841009.
[2026-09-30 19:20:09Z INFO CreateStepSummaryCommand] Step Summary file (D:\cicd\actions-runner\_work\_temp\_runner_file_commands\step_summary_2a5b6640-c1d9-4cc4-a4e8-b10ea6bf4fd4) is empty; skipping attachment upload
[2026-09-30 19:20:09Z INFO StepsRunner] Step result: 
[2026-09-30 19:20:09Z INFO ExecutionContext] Publish step telemetry for current step {
  "action": "pwsh",
  "type": "run",
  "stage": "Main",
  "stepId": "fccb978d-a8bf-481f-9963-ebf43fe6acd8",
  "stepContextName": "__run",
  "result": "succeeded",
  "errorMessages": [],
  "executionTimeInSeconds": 4,
  "startTime": "2026-09-30T19:20:05.8541281Z",
  "finishTime": "2026-09-30T19:20:09.4250752Z"
}.
[2026-09-30 19:20:09Z INFO StepsRunner] No need for updating job result with current step result 'Succeeded'.
[2026-09-30 19:20:09Z INFO StepsRunner] Current state: job state = ''
[2026-09-30 19:20:09Z INFO StepsRunner] Processing step: DisplayName='Build Docker Image'
[2026-09-30 19:20:09Z INFO StepsRunner] Evaluating: success()
[2026-09-30 19:20:09Z INFO StepsRunner] Result: true
[2026-09-30 19:20:09Z INFO StepsRunner] Starting the step.
[2026-09-30 19:20:09Z INFO HostContext] Well known directory 'Bin': 'D:\cicd\actions-runner\bin'
[2026-09-30 19:20:09Z INFO HostContext] Well known directory 'Root': 'D:\cicd\actions-runner'
[2026-09-30 19:20:09Z INFO HostContext] Well known directory 'Work': 'D:\cicd\actions-runner\_work'
[2026-09-30 19:20:09Z INFO StepsRunner] Which2: 'chcp'
[2026-09-30 19:20:09Z INFO StepsRunner] Location: 'C:\WINDOWS\system32\chcp.COM'
[2026-09-30 19:20:09Z INFO ProcessInvokerWrapper] Starting process:
[2026-09-30 19:20:09Z INFO ProcessInvokerWrapper]   File name: 'C:\WINDOWS\system32\chcp.COM'
[2026-09-30 19:20:09Z INFO ProcessInvokerWrapper]   Arguments: '65001'
[2026-09-30 19:20:09Z INFO ProcessInvokerWrapper]   Working directory: 'D:\cicd\actions-runner\_work'
[2026-09-30 19:20:09Z INFO ProcessInvokerWrapper]   Require exit code zero: 'False'
[2026-09-30 19:20:09Z INFO ProcessInvokerWrapper]   Encoding web name:  ; code page: ''
[2026-09-30 19:20:09Z INFO ProcessInvokerWrapper]   Force kill process on cancellation: 'False'
[2026-09-30 19:20:09Z INFO ProcessInvokerWrapper]   Redirected STDIN: 'False'
[2026-09-30 19:20:09Z INFO ProcessInvokerWrapper]   Persist current code page: 'True'
[2026-09-30 19:20:09Z INFO ProcessInvokerWrapper]   Keep redirected STDIN open: 'False'
[2026-09-30 19:20:09Z INFO ProcessInvokerWrapper]   High priority process: 'False'
[2026-09-30 19:20:09Z INFO ProcessInvokerWrapper] Process started with process id 11152, waiting for process exit.
[2026-09-30 19:20:09Z INFO ProcessInvokerWrapper] STDOUT/STDERR stream read finished.
[2026-09-30 19:20:09Z INFO ProcessInvokerWrapper] STDOUT/STDERR stream read finished.
[2026-09-30 19:20:09Z INFO ProcessInvokerWrapper] Finished process 11152 with exit code 0, and elapsed time 00:00:00.0401741.
[2026-09-30 19:20:09Z INFO StepsRunner] Successfully returned to code page 65001 (UTF8)
[2026-09-30 19:20:09Z INFO HostContext] Well known directory 'Bin': 'D:\cicd\actions-runner\bin'
[2026-09-30 19:20:09Z INFO HostContext] Well known directory 'Root': 'D:\cicd\actions-runner'
[2026-09-30 19:20:09Z INFO HostContext] Well known directory 'Work': 'D:\cicd\actions-runner\_work'
[2026-09-30 19:20:09Z INFO HostContext] Well known directory 'Temp': 'D:\cicd\actions-runner\_work\_temp'
[2026-09-30 19:20:09Z INFO ExecutionContext] Write event payload to D:\cicd\actions-runner\_work\_temp\_github_workflow\event.json
[2026-09-30 19:20:09Z INFO HostContext] Well known directory 'Bin': 'D:\cicd\actions-runner\bin'
[2026-09-30 19:20:09Z INFO HostContext] Well known directory 'Root': 'D:\cicd\actions-runner'
[2026-09-30 19:20:09Z INFO HostContext] Well known directory 'Work': 'D:\cicd\actions-runner\_work'
[2026-09-30 19:20:09Z INFO HostContext] Well known directory 'Temp': 'D:\cicd\actions-runner\_work\_temp'
[2026-09-30 19:20:09Z INFO ExtensionManager] Getting extensions for interface: 'GitHub.Runner.Worker.IFileCommandExtension'
[2026-09-30 19:20:09Z INFO ExtensionManager] Getting extensions for interface: 'GitHub.Runner.Worker.IActionCommandExtension'
[2026-09-30 19:20:09Z INFO ActionCommandManager] Register action command extension for command internal-set-repo-path
[2026-09-30 19:20:09Z INFO ActionCommandManager] Register action command extension for command set-env
[2026-09-30 19:20:09Z INFO ActionCommandManager] Register action command extension for command set-output
[2026-09-30 19:20:09Z INFO ActionCommandManager] Register action command extension for command save-state
[2026-09-30 19:20:09Z INFO ActionCommandManager] Register action command extension for command add-path
[2026-09-30 19:20:09Z INFO ActionCommandManager] Register action command extension for command add-mask
[2026-09-30 19:20:09Z INFO ActionCommandManager] Register action command extension for command add-matcher
[2026-09-30 19:20:09Z INFO ActionCommandManager] Register action command extension for command remove-matcher
[2026-09-30 19:20:09Z INFO ActionCommandManager] Register action command extension for command warning
[2026-09-30 19:20:09Z INFO ActionCommandManager] Register action command extension for command error
[2026-09-30 19:20:09Z INFO ActionCommandManager] Register action command extension for command notice
[2026-09-30 19:20:09Z INFO ActionCommandManager] Register action command extension for command debug
[2026-09-30 19:20:09Z INFO ActionCommandManager] Register action command extension for command group
[2026-09-30 19:20:09Z INFO ActionCommandManager] Register action command extension for command endgroup
[2026-09-30 19:20:09Z INFO ActionCommandManager] Register action command extension for command echo
[2026-09-30 19:20:09Z INFO ScriptHandler] Which2: 'pwsh'
[2026-09-30 19:20:09Z INFO ScriptHandler] Location: 'C:\Program Files\PowerShell\7\pwsh.EXE'
[2026-09-30 19:20:09Z INFO HostContext] Well known directory 'Bin': 'D:\cicd\actions-runner\bin'
[2026-09-30 19:20:09Z INFO HostContext] Well known directory 'Root': 'D:\cicd\actions-runner'
[2026-09-30 19:20:09Z INFO HostContext] Well known directory 'Work': 'D:\cicd\actions-runner\_work'
[2026-09-30 19:20:09Z INFO HostContext] Well known directory 'Temp': 'D:\cicd\actions-runner\_work\_temp'
[2026-09-30 19:20:09Z INFO ScriptHandler] Which2: 'pwsh'
[2026-09-30 19:20:09Z INFO ScriptHandler] Location: 'C:\Program Files\PowerShell\7\pwsh.EXE'
[2026-09-30 19:20:09Z INFO ProcessInvokerWrapper] Starting process:
[2026-09-30 19:20:09Z INFO ProcessInvokerWrapper]   File name: 'C:\Program Files\PowerShell\7\pwsh.EXE'
[2026-09-30 19:20:09Z INFO ProcessInvokerWrapper]   Arguments: '-command ". 'D:\cicd\actions-runner\_work\_temp\b16088b9-333a-4add-ab70-5c5d6f11ef5b.ps1'"'
[2026-09-30 19:20:09Z INFO ProcessInvokerWrapper]   Working directory: 'D:\cicd\actions-runner\_work\my-repo\my-repo'
[2026-09-30 19:20:09Z INFO ProcessInvokerWrapper]   Require exit code zero: 'False'
[2026-09-30 19:20:09Z INFO ProcessInvokerWrapper]   Encoding web name:  ; code page: ''
[2026-09-30 19:20:09Z INFO ProcessInvokerWrapper]   Force kill process on cancellation: 'False'
[2026-09-30 19:20:09Z INFO ProcessInvokerWrapper]   Redirected STDIN: 'False'
[2026-09-30 19:20:09Z INFO ProcessInvokerWrapper]   Persist current code page: 'True'
[2026-09-30 19:20:09Z INFO ProcessInvokerWrapper]   Keep redirected STDIN open: 'False'
[2026-09-30 19:20:09Z INFO ProcessInvokerWrapper]   High priority process: 'False'
[2026-09-30 19:20:09Z INFO ProcessInvokerWrapper] Process started with process id 21996, waiting for process exit.
[2026-09-30 19:20:09Z INFO JobServerQueue] Try to append 1 batches web console lines for record '089e2ee6-2efd-4148-9ca5-f055ae7db97d', success rate: 1/1.
[2026-09-30 19:20:09Z INFO JobServerQueue] Got a step log file to send to results service.
[2026-09-30 19:20:09Z INFO JobServerQueue] Starting upload of step log file to results service ResultsLog, D:\cicd\actions-runner\_diag\blocks\7d621874-35f4-82a4-83b0-b175adee5a7f_fccb978d-a8bf-481f-9963-ebf43fe6acd8.1
[2026-09-30 19:20:10Z INFO JobServerQueue] Try to upload 1 log files or attachments, success rate: 1/1.
[2026-09-30 19:20:10Z INFO JobServerQueue] Tried to upload 1 file(s) to results, success rate: 1/1.
[2026-09-30 19:20:11Z INFO HostContext] Well known directory 'Bin': 'D:\cicd\actions-runner\bin'
[2026-09-30 19:20:11Z INFO HostContext] Well known directory 'Root': 'D:\cicd\actions-runner'
[2026-09-30 19:20:11Z INFO HostContext] Well known directory 'Work': 'D:\cicd\actions-runner\_work'
[2026-09-30 19:20:11Z INFO JobServerQueue] Try to append 1 batches web console lines for record '089e2ee6-2efd-4148-9ca5-f055ae7db97d', success rate: 1/1.
[2026-09-30 19:20:12Z INFO JobServerQueue] Try to append 1 batches web console lines for record '089e2ee6-2efd-4148-9ca5-f055ae7db97d', success rate: 1/1.
[2026-09-30 19:20:13Z INFO JobServerQueue] Try to append 1 batches web console lines for record '089e2ee6-2efd-4148-9ca5-f055ae7db97d', success rate: 1/1.
[2026-09-30 19:20:13Z INFO JobServerQueue] Try to append 1 batches web console lines for record '089e2ee6-2efd-4148-9ca5-f055ae7db97d', success rate: 1/1.
[2026-09-30 19:20:13Z INFO JobServerQueue] Try to append 1 batches web console lines for record '089e2ee6-2efd-4148-9ca5-f055ae7db97d', success rate: 1/1.
[2026-09-30 19:20:14Z INFO JobServerQueue] Try to append 1 batches web console lines for record '089e2ee6-2efd-4148-9ca5-f055ae7db97d', success rate: 1/1.
[2026-09-30 19:20:14Z INFO JobServerQueue] Try to append 1 batches web console lines for record '089e2ee6-2efd-4148-9ca5-f055ae7db97d', success rate: 1/1.
[2026-09-30 19:20:14Z INFO JobServerQueue] Try to append 1 batches web console lines for record '089e2ee6-2efd-4148-9ca5-f055ae7db97d', success rate: 1/1.
[2026-09-30 19:20:15Z INFO JobServerQueue] Try to append 1 batches web console lines for record '089e2ee6-2efd-4148-9ca5-f055ae7db97d', success rate: 1/1.
[2026-09-30 19:20:15Z INFO JobServerQueue] Try to append 1 batches web console lines for record '089e2ee6-2efd-4148-9ca5-f055ae7db97d', success rate: 1/1.
[2026-09-30 19:20:15Z INFO JobServerQueue] Try to append 1 batches web console lines for record '089e2ee6-2efd-4148-9ca5-f055ae7db97d', success rate: 1/1.
[2026-09-30 19:20:15Z INFO JobServerQueue] Try to append 1 batches web console lines for record '089e2ee6-2efd-4148-9ca5-f055ae7db97d', success rate: 1/1.
[2026-09-30 19:20:16Z INFO JobServerQueue] Try to append 1 batches web console lines for record '089e2ee6-2efd-4148-9ca5-f055ae7db97d', success rate: 1/1.
[2026-09-30 19:20:16Z INFO JobServerQueue] Try to append 1 batches web console lines for record '089e2ee6-2efd-4148-9ca5-f055ae7db97d', success rate: 1/1.
[2026-09-30 19:20:16Z INFO JobServerQueue] Try to append 1 batches web console lines for record '089e2ee6-2efd-4148-9ca5-f055ae7db97d', success rate: 1/1.
[2026-09-30 19:20:17Z INFO JobServerQueue] Try to append 1 batches web console lines for record '089e2ee6-2efd-4148-9ca5-f055ae7db97d', success rate: 1/1.
[2026-09-30 19:20:20Z INFO ProcessInvokerWrapper] STDOUT/STDERR stream read finished.
[2026-09-30 19:20:20Z INFO ProcessInvokerWrapper] STDOUT/STDERR stream read finished.
[2026-09-30 19:20:20Z INFO ProcessInvokerWrapper] Finished process 21996 with exit code 0, and elapsed time 00:00:11.1678002.
[2026-09-30 19:20:20Z INFO CreateStepSummaryCommand] Step Summary file (D:\cicd\actions-runner\_work\_temp\_runner_file_commands\step_summary_0a40b465-8a00-4fef-84cd-e3283f4f6067) is empty; skipping attachment upload
[2026-09-30 19:20:20Z INFO StepsRunner] Step result: 
[2026-09-30 19:20:20Z INFO ExecutionContext] Publish step telemetry for current step {
  "action": "pwsh",
  "type": "run",
  "stage": "Main",
  "stepId": "089e2ee6-2efd-4148-9ca5-f055ae7db97d",
  "stepContextName": "__run_2",
  "result": "succeeded",
  "errorMessages": [],
  "executionTimeInSeconds": 12,
  "startTime": "2026-09-30T19:20:09.4344492Z",
  "finishTime": "2026-09-30T19:20:20.6581468Z"
}.
[2026-09-30 19:20:20Z INFO StepsRunner] No need for updating job result with current step result 'Succeeded'.
[2026-09-30 19:20:20Z INFO StepsRunner] Current state: job state = ''
[2026-09-30 19:20:20Z INFO StepsRunner] Processing step: DisplayName='Terraform Init'
[2026-09-30 19:20:20Z INFO StepsRunner] Evaluating: success()
[2026-09-30 19:20:20Z INFO StepsRunner] Result: true
[2026-09-30 19:20:20Z INFO StepsRunner] Starting the step.
[2026-09-30 19:20:20Z INFO HostContext] Well known directory 'Bin': 'D:\cicd\actions-runner\bin'
[2026-09-30 19:20:20Z INFO HostContext] Well known directory 'Root': 'D:\cicd\actions-runner'
[2026-09-30 19:20:20Z INFO HostContext] Well known directory 'Work': 'D:\cicd\actions-runner\_work'
[2026-09-30 19:20:20Z INFO StepsRunner] Which2: 'chcp'
[2026-09-30 19:20:20Z INFO StepsRunner] Location: 'C:\WINDOWS\system32\chcp.COM'
[2026-09-30 19:20:20Z INFO ProcessInvokerWrapper] Starting process:
[2026-09-30 19:20:20Z INFO ProcessInvokerWrapper]   File name: 'C:\WINDOWS\system32\chcp.COM'
[2026-09-30 19:20:20Z INFO ProcessInvokerWrapper]   Arguments: '65001'
[2026-09-30 19:20:20Z INFO ProcessInvokerWrapper]   Working directory: 'D:\cicd\actions-runner\_work'
[2026-09-30 19:20:20Z INFO ProcessInvokerWrapper]   Require exit code zero: 'False'
[2026-09-30 19:20:20Z INFO ProcessInvokerWrapper]   Encoding web name:  ; code page: ''
[2026-09-30 19:20:20Z INFO ProcessInvokerWrapper]   Force kill process on cancellation: 'False'
[2026-09-30 19:20:20Z INFO ProcessInvokerWrapper]   Redirected STDIN: 'False'
[2026-09-30 19:20:20Z INFO ProcessInvokerWrapper]   Persist current code page: 'True'
[2026-09-30 19:20:20Z INFO ProcessInvokerWrapper]   Keep redirected STDIN open: 'False'
[2026-09-30 19:20:20Z INFO ProcessInvokerWrapper]   High priority process: 'False'
[2026-09-30 19:20:20Z INFO ProcessInvokerWrapper] Process started with process id 7208, waiting for process exit.
[2026-09-30 19:20:20Z INFO ProcessInvokerWrapper] STDOUT/STDERR stream read finished.
[2026-09-30 19:20:20Z INFO ProcessInvokerWrapper] STDOUT/STDERR stream read finished.
[2026-09-30 19:20:20Z INFO ProcessInvokerWrapper] Finished process 7208 with exit code 0, and elapsed time 00:00:00.0271665.
[2026-09-30 19:20:20Z INFO StepsRunner] Successfully returned to code page 65001 (UTF8)
[2026-09-30 19:20:20Z INFO HostContext] Well known directory 'Bin': 'D:\cicd\actions-runner\bin'
[2026-09-30 19:20:20Z INFO HostContext] Well known directory 'Root': 'D:\cicd\actions-runner'
[2026-09-30 19:20:20Z INFO HostContext] Well known directory 'Work': 'D:\cicd\actions-runner\_work'
[2026-09-30 19:20:20Z INFO HostContext] Well known directory 'Temp': 'D:\cicd\actions-runner\_work\_temp'
[2026-09-30 19:20:20Z INFO ExecutionContext] Write event payload to D:\cicd\actions-runner\_work\_temp\_github_workflow\event.json
[2026-09-30 19:20:20Z INFO HostContext] Well known directory 'Bin': 'D:\cicd\actions-runner\bin'
[2026-09-30 19:20:20Z INFO HostContext] Well known directory 'Root': 'D:\cicd\actions-runner'
[2026-09-30 19:20:20Z INFO HostContext] Well known directory 'Work': 'D:\cicd\actions-runner\_work'
[2026-09-30 19:20:20Z INFO HostContext] Well known directory 'Temp': 'D:\cicd\actions-runner\_work\_temp'
[2026-09-30 19:20:20Z INFO ExtensionManager] Getting extensions for interface: 'GitHub.Runner.Worker.IFileCommandExtension'
[2026-09-30 19:20:20Z INFO JobServerQueue] Try to append 1 batches web console lines for record '089e2ee6-2efd-4148-9ca5-f055ae7db97d', success rate: 1/1.
[2026-09-30 19:20:20Z INFO ExtensionManager] Getting extensions for interface: 'GitHub.Runner.Worker.IActionCommandExtension'
[2026-09-30 19:20:20Z INFO ActionCommandManager] Register action command extension for command internal-set-repo-path
[2026-09-30 19:20:20Z INFO ActionCommandManager] Register action command extension for command set-env
[2026-09-30 19:20:20Z INFO ActionCommandManager] Register action command extension for command set-output
[2026-09-30 19:20:20Z INFO ActionCommandManager] Register action command extension for command save-state
[2026-09-30 19:20:20Z INFO ActionCommandManager] Register action command extension for command add-path
[2026-09-30 19:20:20Z INFO ActionCommandManager] Register action command extension for command add-mask
[2026-09-30 19:20:20Z INFO ActionCommandManager] Register action command extension for command add-matcher
[2026-09-30 19:20:20Z INFO ActionCommandManager] Register action command extension for command remove-matcher
[2026-09-30 19:20:20Z INFO ActionCommandManager] Register action command extension for command warning
[2026-09-30 19:20:20Z INFO ActionCommandManager] Register action command extension for command error
[2026-09-30 19:20:20Z INFO ActionCommandManager] Register action command extension for command notice
[2026-09-30 19:20:20Z INFO ActionCommandManager] Register action command extension for command debug
[2026-09-30 19:20:20Z INFO ActionCommandManager] Register action command extension for command group
[2026-09-30 19:20:20Z INFO ActionCommandManager] Register action command extension for command endgroup
[2026-09-30 19:20:20Z INFO ActionCommandManager] Register action command extension for command echo
[2026-09-30 19:20:20Z INFO ScriptHandler] Which2: 'pwsh'
[2026-09-30 19:20:20Z INFO ScriptHandler] Location: 'C:\Program Files\PowerShell\7\pwsh.EXE'
[2026-09-30 19:20:20Z INFO HostContext] Well known directory 'Bin': 'D:\cicd\actions-runner\bin'
[2026-09-30 19:20:20Z INFO HostContext] Well known directory 'Root': 'D:\cicd\actions-runner'
[2026-09-30 19:20:20Z INFO HostContext] Well known directory 'Work': 'D:\cicd\actions-runner\_work'
[2026-09-30 19:20:20Z INFO HostContext] Well known directory 'Temp': 'D:\cicd\actions-runner\_work\_temp'
[2026-09-30 19:20:20Z INFO ScriptHandler] Which2: 'pwsh'
[2026-09-30 19:20:20Z INFO ScriptHandler] Location: 'C:\Program Files\PowerShell\7\pwsh.EXE'
[2026-09-30 19:20:20Z INFO ProcessInvokerWrapper] Starting process:
[2026-09-30 19:20:20Z INFO ProcessInvokerWrapper]   File name: 'C:\Program Files\PowerShell\7\pwsh.EXE'
[2026-09-30 19:20:20Z INFO ProcessInvokerWrapper]   Arguments: '-command ". 'D:\cicd\actions-runner\_work\_temp\30f1c2f0-e3a2-414d-8eee-87aa73f7e77b.ps1'"'
[2026-09-30 19:20:20Z INFO ProcessInvokerWrapper]   Working directory: 'D:\cicd\actions-runner\_work\my-repo\my-repo\terraform_pipeline/infra'
[2026-09-30 19:20:20Z INFO ProcessInvokerWrapper]   Require exit code zero: 'False'
[2026-09-30 19:20:20Z INFO ProcessInvokerWrapper]   Encoding web name:  ; code page: ''
[2026-09-30 19:20:20Z INFO ProcessInvokerWrapper]   Force kill process on cancellation: 'False'
[2026-09-30 19:20:20Z INFO ProcessInvokerWrapper]   Redirected STDIN: 'False'
[2026-09-30 19:20:20Z INFO ProcessInvokerWrapper]   Persist current code page: 'True'
[2026-09-30 19:20:20Z INFO ProcessInvokerWrapper]   Keep redirected STDIN open: 'False'
[2026-09-30 19:20:20Z INFO ProcessInvokerWrapper]   High priority process: 'False'
[2026-09-30 19:20:20Z INFO ProcessInvokerWrapper] Process started with process id 26944, waiting for process exit.
[2026-09-30 19:20:20Z INFO JobServerQueue] Got a step log file to send to results service.
[2026-09-30 19:20:20Z INFO JobServerQueue] Starting upload of step log file to results service ResultsLog, D:\cicd\actions-runner\_diag\blocks\7d621874-35f4-82a4-83b0-b175adee5a7f_089e2ee6-2efd-4148-9ca5-f055ae7db97d.1
[2026-09-30 19:20:20Z INFO JobServerQueue] Try to append 1 batches web console lines for record '97bf36d3-f3f2-424c-8158-989411aa4d03', success rate: 1/1.
[2026-09-30 19:20:21Z INFO HostContext] Well known directory 'Bin': 'D:\cicd\actions-runner\bin'
[2026-09-30 19:20:21Z INFO HostContext] Well known directory 'Root': 'D:\cicd\actions-runner'
[2026-09-30 19:20:21Z INFO HostContext] Well known directory 'Work': 'D:\cicd\actions-runner\_work'
[2026-09-30 19:20:21Z INFO JobServerQueue] Try to upload 1 log files or attachments, success rate: 1/1.
[2026-09-30 19:20:21Z INFO JobServerQueue] Try to append 1 batches web console lines for record '97bf36d3-f3f2-424c-8158-989411aa4d03', success rate: 1/1.
[2026-09-30 19:20:21Z INFO JobServerQueue] Tried to upload 1 file(s) to results, success rate: 1/1.
[2026-09-30 19:20:21Z INFO JobServerQueue] Try to append 1 batches web console lines for record '97bf36d3-f3f2-424c-8158-989411aa4d03', success rate: 1/1.
[2026-09-30 19:20:26Z INFO JobServerQueue] Try to append 1 batches web console lines for record '97bf36d3-f3f2-424c-8158-989411aa4d03', success rate: 1/1.
[2026-09-30 19:20:26Z INFO ProcessInvokerWrapper] STDOUT/STDERR stream read finished.
[2026-09-30 19:20:26Z INFO ProcessInvokerWrapper] STDOUT/STDERR stream read finished.
[2026-09-30 19:20:26Z INFO ProcessInvokerWrapper] Finished process 26944 with exit code 0, and elapsed time 00:00:06.2004740.
[2026-09-30 19:20:26Z INFO CreateStepSummaryCommand] Step Summary file (D:\cicd\actions-runner\_work\_temp\_runner_file_commands\step_summary_b957207d-5312-45ca-a6a2-f8159d3592ec) is empty; skipping attachment upload
[2026-09-30 19:20:26Z INFO StepsRunner] Step result: 
[2026-09-30 19:20:26Z INFO ExecutionContext] Publish step telemetry for current step {
  "action": "pwsh",
  "type": "run",
  "stage": "Main",
  "stepId": "97bf36d3-f3f2-424c-8158-989411aa4d03",
  "stepContextName": "__run_3",
  "result": "succeeded",
  "errorMessages": [],
  "executionTimeInSeconds": 7,
  "startTime": "2026-09-30T19:20:20.6591516Z",
  "finishTime": "2026-09-30T19:20:26.9033081Z"
}.
[2026-09-30 19:20:26Z INFO StepsRunner] No need for updating job result with current step result 'Succeeded'.
[2026-09-30 19:20:26Z INFO StepsRunner] Current state: job state = ''
[2026-09-30 19:20:26Z INFO StepsRunner] Processing step: DisplayName='Terraform Validate'
[2026-09-30 19:20:26Z INFO StepsRunner] Evaluating: success()
[2026-09-30 19:20:26Z INFO StepsRunner] Result: true
[2026-09-30 19:20:26Z INFO StepsRunner] Starting the step.
[2026-09-30 19:20:26Z INFO HostContext] Well known directory 'Bin': 'D:\cicd\actions-runner\bin'
[2026-09-30 19:20:26Z INFO HostContext] Well known directory 'Root': 'D:\cicd\actions-runner'
[2026-09-30 19:20:26Z INFO HostContext] Well known directory 'Work': 'D:\cicd\actions-runner\_work'
[2026-09-30 19:20:26Z INFO StepsRunner] Which2: 'chcp'
[2026-09-30 19:20:26Z INFO StepsRunner] Location: 'C:\WINDOWS\system32\chcp.COM'
[2026-09-30 19:20:26Z INFO ProcessInvokerWrapper] Starting process:
[2026-09-30 19:20:26Z INFO ProcessInvokerWrapper]   File name: 'C:\WINDOWS\system32\chcp.COM'
[2026-09-30 19:20:26Z INFO ProcessInvokerWrapper]   Arguments: '65001'
[2026-09-30 19:20:26Z INFO ProcessInvokerWrapper]   Working directory: 'D:\cicd\actions-runner\_work'
[2026-09-30 19:20:26Z INFO ProcessInvokerWrapper]   Require exit code zero: 'False'
[2026-09-30 19:20:26Z INFO ProcessInvokerWrapper]   Encoding web name:  ; code page: ''
[2026-09-30 19:20:26Z INFO ProcessInvokerWrapper]   Force kill process on cancellation: 'False'
[2026-09-30 19:20:26Z INFO ProcessInvokerWrapper]   Redirected STDIN: 'False'
[2026-09-30 19:20:26Z INFO ProcessInvokerWrapper]   Persist current code page: 'True'
[2026-09-30 19:20:26Z INFO ProcessInvokerWrapper]   Keep redirected STDIN open: 'False'
[2026-09-30 19:20:26Z INFO ProcessInvokerWrapper]   High priority process: 'False'
[2026-09-30 19:20:26Z INFO ProcessInvokerWrapper] Process started with process id 27008, waiting for process exit.
[2026-09-30 19:20:26Z INFO ProcessInvokerWrapper] STDOUT/STDERR stream read finished.
[2026-09-30 19:20:26Z INFO ProcessInvokerWrapper] STDOUT/STDERR stream read finished.
[2026-09-30 19:20:26Z INFO ProcessInvokerWrapper] Finished process 27008 with exit code 0, and elapsed time 00:00:00.0333499.
[2026-09-30 19:20:26Z INFO StepsRunner] Successfully returned to code page 65001 (UTF8)
[2026-09-30 19:20:26Z INFO HostContext] Well known directory 'Bin': 'D:\cicd\actions-runner\bin'
[2026-09-30 19:20:26Z INFO HostContext] Well known directory 'Root': 'D:\cicd\actions-runner'
[2026-09-30 19:20:26Z INFO HostContext] Well known directory 'Work': 'D:\cicd\actions-runner\_work'
[2026-09-30 19:20:26Z INFO HostContext] Well known directory 'Temp': 'D:\cicd\actions-runner\_work\_temp'
[2026-09-30 19:20:26Z INFO ExecutionContext] Write event payload to D:\cicd\actions-runner\_work\_temp\_github_workflow\event.json
[2026-09-30 19:20:26Z INFO HostContext] Well known directory 'Bin': 'D:\cicd\actions-runner\bin'
[2026-09-30 19:20:26Z INFO HostContext] Well known directory 'Root': 'D:\cicd\actions-runner'
[2026-09-30 19:20:26Z INFO HostContext] Well known directory 'Work': 'D:\cicd\actions-runner\_work'
[2026-09-30 19:20:26Z INFO HostContext] Well known directory 'Temp': 'D:\cicd\actions-runner\_work\_temp'
[2026-09-30 19:20:26Z INFO ExtensionManager] Getting extensions for interface: 'GitHub.Runner.Worker.IFileCommandExtension'
[2026-09-30 19:20:26Z INFO ExtensionManager] Getting extensions for interface: 'GitHub.Runner.Worker.IActionCommandExtension'
[2026-09-30 19:20:26Z INFO ActionCommandManager] Register action command extension for command internal-set-repo-path
[2026-09-30 19:20:26Z INFO ActionCommandManager] Register action command extension for command set-env
[2026-09-30 19:20:26Z INFO ActionCommandManager] Register action command extension for command set-output
[2026-09-30 19:20:26Z INFO ActionCommandManager] Register action command extension for command save-state
[2026-09-30 19:20:26Z INFO ActionCommandManager] Register action command extension for command add-path
[2026-09-30 19:20:26Z INFO ActionCommandManager] Register action command extension for command add-mask
[2026-09-30 19:20:26Z INFO ActionCommandManager] Register action command extension for command add-matcher
[2026-09-30 19:20:26Z INFO ActionCommandManager] Register action command extension for command remove-matcher
[2026-09-30 19:20:26Z INFO ActionCommandManager] Register action command extension for command warning
[2026-09-30 19:20:26Z INFO ActionCommandManager] Register action command extension for command error
[2026-09-30 19:20:26Z INFO ActionCommandManager] Register action command extension for command notice
[2026-09-30 19:20:26Z INFO ActionCommandManager] Register action command extension for command debug
[2026-09-30 19:20:26Z INFO ActionCommandManager] Register action command extension for command group
[2026-09-30 19:20:26Z INFO ActionCommandManager] Register action command extension for command endgroup
[2026-09-30 19:20:26Z INFO ActionCommandManager] Register action command extension for command echo
[2026-09-30 19:20:26Z INFO ScriptHandler] Which2: 'pwsh'
[2026-09-30 19:20:26Z INFO ScriptHandler] Location: 'C:\Program Files\PowerShell\7\pwsh.EXE'
[2026-09-30 19:20:26Z INFO HostContext] Well known directory 'Bin': 'D:\cicd\actions-runner\bin'
[2026-09-30 19:20:26Z INFO HostContext] Well known directory 'Root': 'D:\cicd\actions-runner'
[2026-09-30 19:20:26Z INFO HostContext] Well known directory 'Work': 'D:\cicd\actions-runner\_work'
[2026-09-30 19:20:26Z INFO HostContext] Well known directory 'Temp': 'D:\cicd\actions-runner\_work\_temp'
[2026-09-30 19:20:26Z INFO ScriptHandler] Which2: 'pwsh'
[2026-09-30 19:20:26Z INFO ScriptHandler] Location: 'C:\Program Files\PowerShell\7\pwsh.EXE'
[2026-09-30 19:20:26Z INFO ProcessInvokerWrapper] Starting process:
[2026-09-30 19:20:26Z INFO ProcessInvokerWrapper]   File name: 'C:\Program Files\PowerShell\7\pwsh.EXE'
[2026-09-30 19:20:26Z INFO ProcessInvokerWrapper]   Arguments: '-command ". 'D:\cicd\actions-runner\_work\_temp\b263c49e-4853-4def-a9f9-de1d620385ed.ps1'"'
[2026-09-30 19:20:26Z INFO ProcessInvokerWrapper]   Working directory: 'D:\cicd\actions-runner\_work\my-repo\my-repo\terraform_pipeline/infra'
[2026-09-30 19:20:26Z INFO ProcessInvokerWrapper]   Require exit code zero: 'False'
[2026-09-30 19:20:26Z INFO ProcessInvokerWrapper]   Encoding web name:  ; code page: ''
[2026-09-30 19:20:26Z INFO ProcessInvokerWrapper]   Force kill process on cancellation: 'False'
[2026-09-30 19:20:26Z INFO ProcessInvokerWrapper]   Redirected STDIN: 'False'
[2026-09-30 19:20:26Z INFO ProcessInvokerWrapper]   Persist current code page: 'True'
[2026-09-30 19:20:26Z INFO ProcessInvokerWrapper]   Keep redirected STDIN open: 'False'
[2026-09-30 19:20:26Z INFO ProcessInvokerWrapper]   High priority process: 'False'
[2026-09-30 19:20:27Z INFO ProcessInvokerWrapper] Process started with process id 22284, waiting for process exit.
[2026-09-30 19:20:27Z INFO JobServerQueue] Try to append 1 batches web console lines for record '031d7c4d-7560-48c5-b7a5-fba21047ded1', success rate: 1/1.
[2026-09-30 19:20:27Z INFO JobServerQueue] Try to upload 1 log files or attachments, success rate: 1/1.
[2026-09-30 19:20:27Z INFO JobServerQueue] Got a step log file to send to results service.
[2026-09-30 19:20:27Z INFO JobServerQueue] Starting upload of step log file to results service ResultsLog, D:\cicd\actions-runner\_diag\blocks\7d621874-35f4-82a4-83b0-b175adee5a7f_97bf36d3-f3f2-424c-8158-989411aa4d03.1
[2026-09-30 19:20:28Z INFO JobServerQueue] Tried to upload 1 file(s) to results, success rate: 1/1.
[2026-09-30 19:20:29Z INFO JobServerQueue] Try to append 1 batches web console lines for record '031d7c4d-7560-48c5-b7a5-fba21047ded1', success rate: 1/1.
[2026-09-30 19:20:30Z INFO ProcessInvokerWrapper] STDOUT/STDERR stream read finished.
[2026-09-30 19:20:30Z INFO ProcessInvokerWrapper] STDOUT/STDERR stream read finished.
[2026-09-30 19:20:30Z INFO ProcessInvokerWrapper] Finished process 22284 with exit code 0, and elapsed time 00:00:03.0769573.
[2026-09-30 19:20:30Z INFO CreateStepSummaryCommand] Step Summary file (D:\cicd\actions-runner\_work\_temp\_runner_file_commands\step_summary_2d9257fe-4680-4e54-807c-01a4b4cc10ab) is empty; skipping attachment upload
[2026-09-30 19:20:30Z INFO StepsRunner] Step result: 
[2026-09-30 19:20:30Z INFO ExecutionContext] Publish step telemetry for current step {
  "action": "pwsh",
  "type": "run",
  "stage": "Main",
  "stepId": "031d7c4d-7560-48c5-b7a5-fba21047ded1",
  "stepContextName": "__run_4",
  "result": "succeeded",
  "errorMessages": [],
  "executionTimeInSeconds": 4,
  "startTime": "2026-09-30T19:20:26.9056614Z",
  "finishTime": "2026-09-30T19:20:30.040159Z"
}.
[2026-09-30 19:20:30Z INFO StepsRunner] No need for updating job result with current step result 'Succeeded'.
[2026-09-30 19:20:30Z INFO StepsRunner] Current state: job state = ''
[2026-09-30 19:20:30Z INFO StepsRunner] Processing step: DisplayName='Terraform Plan'
[2026-09-30 19:20:30Z INFO StepsRunner] Evaluating: success()
[2026-09-30 19:20:30Z INFO StepsRunner] Result: true
[2026-09-30 19:20:30Z INFO StepsRunner] Starting the step.
[2026-09-30 19:20:30Z INFO HostContext] Well known directory 'Bin': 'D:\cicd\actions-runner\bin'
[2026-09-30 19:20:30Z INFO HostContext] Well known directory 'Root': 'D:\cicd\actions-runner'
[2026-09-30 19:20:30Z INFO HostContext] Well known directory 'Work': 'D:\cicd\actions-runner\_work'
[2026-09-30 19:20:30Z INFO StepsRunner] Which2: 'chcp'
[2026-09-30 19:20:30Z INFO StepsRunner] Location: 'C:\WINDOWS\system32\chcp.COM'
[2026-09-30 19:20:30Z INFO ProcessInvokerWrapper] Starting process:
[2026-09-30 19:20:30Z INFO ProcessInvokerWrapper]   File name: 'C:\WINDOWS\system32\chcp.COM'
[2026-09-30 19:20:30Z INFO ProcessInvokerWrapper]   Arguments: '65001'
[2026-09-30 19:20:30Z INFO ProcessInvokerWrapper]   Working directory: 'D:\cicd\actions-runner\_work'
[2026-09-30 19:20:30Z INFO ProcessInvokerWrapper]   Require exit code zero: 'False'
[2026-09-30 19:20:30Z INFO ProcessInvokerWrapper]   Encoding web name:  ; code page: ''
[2026-09-30 19:20:30Z INFO ProcessInvokerWrapper]   Force kill process on cancellation: 'False'
[2026-09-30 19:20:30Z INFO ProcessInvokerWrapper]   Redirected STDIN: 'False'
[2026-09-30 19:20:30Z INFO ProcessInvokerWrapper]   Persist current code page: 'True'
[2026-09-30 19:20:30Z INFO ProcessInvokerWrapper]   Keep redirected STDIN open: 'False'
[2026-09-30 19:20:30Z INFO ProcessInvokerWrapper]   High priority process: 'False'
[2026-09-30 19:20:30Z INFO ProcessInvokerWrapper] Process started with process id 20076, waiting for process exit.
[2026-09-30 19:20:30Z INFO ProcessInvokerWrapper] STDOUT/STDERR stream read finished.
[2026-09-30 19:20:30Z INFO ProcessInvokerWrapper] STDOUT/STDERR stream read finished.
[2026-09-30 19:20:30Z INFO ProcessInvokerWrapper] Finished process 20076 with exit code 0, and elapsed time 00:00:00.0331568.
[2026-09-30 19:20:30Z INFO StepsRunner] Successfully returned to code page 65001 (UTF8)
[2026-09-30 19:20:30Z INFO HostContext] Well known directory 'Bin': 'D:\cicd\actions-runner\bin'
[2026-09-30 19:20:30Z INFO HostContext] Well known directory 'Root': 'D:\cicd\actions-runner'
[2026-09-30 19:20:30Z INFO HostContext] Well known directory 'Work': 'D:\cicd\actions-runner\_work'
[2026-09-30 19:20:30Z INFO HostContext] Well known directory 'Temp': 'D:\cicd\actions-runner\_work\_temp'
[2026-09-30 19:20:30Z INFO ExecutionContext] Write event payload to D:\cicd\actions-runner\_work\_temp\_github_workflow\event.json
[2026-09-30 19:20:30Z INFO HostContext] Well known directory 'Bin': 'D:\cicd\actions-runner\bin'
[2026-09-30 19:20:30Z INFO HostContext] Well known directory 'Root': 'D:\cicd\actions-runner'
[2026-09-30 19:20:30Z INFO HostContext] Well known directory 'Work': 'D:\cicd\actions-runner\_work'
[2026-09-30 19:20:30Z INFO HostContext] Well known directory 'Temp': 'D:\cicd\actions-runner\_work\_temp'
[2026-09-30 19:20:30Z INFO ExtensionManager] Getting extensions for interface: 'GitHub.Runner.Worker.IFileCommandExtension'
[2026-09-30 19:20:30Z INFO ExtensionManager] Getting extensions for interface: 'GitHub.Runner.Worker.IActionCommandExtension'
[2026-09-30 19:20:30Z INFO ActionCommandManager] Register action command extension for command internal-set-repo-path
[2026-09-30 19:20:30Z INFO ActionCommandManager] Register action command extension for command set-env
[2026-09-30 19:20:30Z INFO ActionCommandManager] Register action command extension for command set-output
[2026-09-30 19:20:30Z INFO ActionCommandManager] Register action command extension for command save-state
[2026-09-30 19:20:30Z INFO ActionCommandManager] Register action command extension for command add-path
[2026-09-30 19:20:30Z INFO ActionCommandManager] Register action command extension for command add-mask
[2026-09-30 19:20:30Z INFO ActionCommandManager] Register action command extension for command add-matcher
[2026-09-30 19:20:30Z INFO ActionCommandManager] Register action command extension for command remove-matcher
[2026-09-30 19:20:30Z INFO ActionCommandManager] Register action command extension for command warning
[2026-09-30 19:20:30Z INFO ActionCommandManager] Register action command extension for command error
[2026-09-30 19:20:30Z INFO ActionCommandManager] Register action command extension for command notice
[2026-09-30 19:20:30Z INFO ActionCommandManager] Register action command extension for command debug
[2026-09-30 19:20:30Z INFO ActionCommandManager] Register action command extension for command group
[2026-09-30 19:20:30Z INFO ActionCommandManager] Register action command extension for command endgroup
[2026-09-30 19:20:30Z INFO ActionCommandManager] Register action command extension for command echo
[2026-09-30 19:20:30Z INFO ScriptHandler] Which2: 'pwsh'
[2026-09-30 19:20:30Z INFO ScriptHandler] Location: 'C:\Program Files\PowerShell\7\pwsh.EXE'
[2026-09-30 19:20:30Z INFO HostContext] Well known directory 'Bin': 'D:\cicd\actions-runner\bin'
[2026-09-30 19:20:30Z INFO HostContext] Well known directory 'Root': 'D:\cicd\actions-runner'
[2026-09-30 19:20:30Z INFO HostContext] Well known directory 'Work': 'D:\cicd\actions-runner\_work'
[2026-09-30 19:20:30Z INFO HostContext] Well known directory 'Temp': 'D:\cicd\actions-runner\_work\_temp'
[2026-09-30 19:20:30Z INFO ScriptHandler] Which2: 'pwsh'
[2026-09-30 19:20:30Z INFO ScriptHandler] Location: 'C:\Program Files\PowerShell\7\pwsh.EXE'
[2026-09-30 19:20:30Z INFO ProcessInvokerWrapper] Starting process:
[2026-09-30 19:20:30Z INFO ProcessInvokerWrapper]   File name: 'C:\Program Files\PowerShell\7\pwsh.EXE'
[2026-09-30 19:20:30Z INFO ProcessInvokerWrapper]   Arguments: '-command ". 'D:\cicd\actions-runner\_work\_temp\635053f7-9430-4441-af9a-8199287ef53c.ps1'"'
[2026-09-30 19:20:30Z INFO ProcessInvokerWrapper]   Working directory: 'D:\cicd\actions-runner\_work\my-repo\my-repo\terraform_pipeline/infra'
[2026-09-30 19:20:30Z INFO ProcessInvokerWrapper]   Require exit code zero: 'False'
[2026-09-30 19:20:30Z INFO ProcessInvokerWrapper]   Encoding web name:  ; code page: ''
[2026-09-30 19:20:30Z INFO ProcessInvokerWrapper]   Force kill process on cancellation: 'False'
[2026-09-30 19:20:30Z INFO ProcessInvokerWrapper]   Redirected STDIN: 'False'
[2026-09-30 19:20:30Z INFO ProcessInvokerWrapper]   Persist current code page: 'True'
[2026-09-30 19:20:30Z INFO ProcessInvokerWrapper]   Keep redirected STDIN open: 'False'
[2026-09-30 19:20:30Z INFO ProcessInvokerWrapper]   High priority process: 'False'
[2026-09-30 19:20:30Z INFO JobServerQueue] Try to append 1 batches web console lines for record '031d7c4d-7560-48c5-b7a5-fba21047ded1', success rate: 1/1.
[2026-09-30 19:20:30Z INFO JobServerQueue] Try to append 1 batches web console lines for record 'e3db21ba-9e68-4c11-9d37-d9638af75ee9', success rate: 1/1.
[2026-09-30 19:20:30Z INFO ProcessInvokerWrapper] Process started with process id 26992, waiting for process exit.
[2026-09-30 19:20:30Z INFO JobServerQueue] Try to upload 1 log files or attachments, success rate: 1/1.
[2026-09-30 19:20:30Z INFO JobServerQueue] Got a step log file to send to results service.
[2026-09-30 19:20:30Z INFO JobServerQueue] Starting upload of step log file to results service ResultsLog, D:\cicd\actions-runner\_diag\blocks\7d621874-35f4-82a4-83b0-b175adee5a7f_031d7c4d-7560-48c5-b7a5-fba21047ded1.1
[2026-09-30 19:20:31Z INFO HostContext] Well known directory 'Bin': 'D:\cicd\actions-runner\bin'
[2026-09-30 19:20:31Z INFO HostContext] Well known directory 'Root': 'D:\cicd\actions-runner'
[2026-09-30 19:20:31Z INFO HostContext] Well known directory 'Work': 'D:\cicd\actions-runner\_work'
[2026-09-30 19:20:31Z INFO JobServerQueue] Tried to upload 1 file(s) to results, success rate: 1/1.
[2026-09-30 19:20:31Z INFO JobServerQueue] Try to append 1 batches web console lines for record 'e3db21ba-9e68-4c11-9d37-d9638af75ee9', success rate: 1/1.
[2026-09-30 19:20:31Z INFO ProcessInvokerWrapper] STDOUT/STDERR stream read finished.
[2026-09-30 19:20:31Z INFO ProcessInvokerWrapper] STDOUT/STDERR stream read finished.
[2026-09-30 19:20:31Z INFO ProcessInvokerWrapper] Finished process 26992 with exit code 1, and elapsed time 00:00:01.8743643.
[2026-09-30 19:20:31Z INFO CreateStepSummaryCommand] Step Summary file (D:\cicd\actions-runner\_work\_temp\_runner_file_commands\step_summary_32feec0a-773a-44c9-9a77-87ffd80d43c1) is empty; skipping attachment upload
[2026-09-30 19:20:31Z INFO StepsRunner] Step result: Failed
[2026-09-30 19:20:31Z INFO ExecutionContext] Publish step telemetry for current step {
  "action": "pwsh",
  "type": "run",
  "stage": "Main",
  "stepId": "e3db21ba-9e68-4c11-9d37-d9638af75ee9",
  "stepContextName": "__run_5",
  "result": "failed",
  "errorMessages": [
    "Process completed with exit code 1."
  ],
  "executionTimeInSeconds": 2,
  "startTime": "2026-09-30T19:20:30.0414288Z",
  "finishTime": "2026-09-30T19:20:31.9944956Z"
}.
[2026-09-30 19:20:31Z INFO StepsRunner] Update job result with current step result 'Failed'.
[2026-09-30 19:20:31Z INFO StepsRunner] Current state: job state = 'Failed'
[2026-09-30 19:20:31Z INFO StepsRunner] Processing step: DisplayName='Terraform Apply'
[2026-09-30 19:20:31Z INFO StepsRunner] Evaluating: success()
[2026-09-30 19:20:31Z INFO StepsRunner] Result: false
[2026-09-30 19:20:31Z INFO StepsRunner] Skipping step due to condition evaluation.
[2026-09-30 19:20:31Z INFO StepsRunner] No need for updating job result with current step result 'Skipped'.
[2026-09-30 19:20:31Z INFO StepsRunner] Current state: job state = 'Failed'
[2026-09-30 19:20:31Z INFO StepsRunner] Processing step: DisplayName='Wait for Deployment'
[2026-09-30 19:20:31Z INFO StepsRunner] Evaluating: success()
[2026-09-30 19:20:31Z INFO StepsRunner] Result: false
[2026-09-30 19:20:31Z INFO StepsRunner] Skipping step due to condition evaluation.
[2026-09-30 19:20:31Z INFO StepsRunner] No need for updating job result with current step result 'Skipped'.
[2026-09-30 19:20:31Z INFO StepsRunner] Current state: job state = 'Failed'
[2026-09-30 19:20:31Z INFO StepsRunner] Processing step: DisplayName='Verify Pods'
[2026-09-30 19:20:31Z INFO StepsRunner] Evaluating: success()
[2026-09-30 19:20:31Z INFO StepsRunner] Result: false
[2026-09-30 19:20:31Z INFO StepsRunner] Skipping step due to condition evaluation.
[2026-09-30 19:20:31Z INFO StepsRunner] No need for updating job result with current step result 'Skipped'.
[2026-09-30 19:20:31Z INFO StepsRunner] Current state: job state = 'Failed'
[2026-09-30 19:20:32Z INFO StepsRunner] Processing step: DisplayName='Post Checkout Code'
[2026-09-30 19:20:32Z INFO StepsRunner] Evaluating: always()
[2026-09-30 19:20:32Z INFO StepsRunner] Result: true
[2026-09-30 19:20:32Z INFO StepsRunner] Starting the step.
[2026-09-30 19:20:32Z INFO HostContext] Well known directory 'Bin': 'D:\cicd\actions-runner\bin'
[2026-09-30 19:20:32Z INFO HostContext] Well known directory 'Root': 'D:\cicd\actions-runner'
[2026-09-30 19:20:32Z INFO HostContext] Well known directory 'Work': 'D:\cicd\actions-runner\_work'
[2026-09-30 19:20:32Z INFO StepsRunner] Which2: 'chcp'
[2026-09-30 19:20:32Z INFO StepsRunner] Location: 'C:\WINDOWS\system32\chcp.COM'
[2026-09-30 19:20:32Z INFO ProcessInvokerWrapper] Starting process:
[2026-09-30 19:20:32Z INFO ProcessInvokerWrapper]   File name: 'C:\WINDOWS\system32\chcp.COM'
[2026-09-30 19:20:32Z INFO ProcessInvokerWrapper]   Arguments: '65001'
[2026-09-30 19:20:32Z INFO ProcessInvokerWrapper]   Working directory: 'D:\cicd\actions-runner\_work'
[2026-09-30 19:20:32Z INFO ProcessInvokerWrapper]   Require exit code zero: 'False'
[2026-09-30 19:20:32Z INFO ProcessInvokerWrapper]   Encoding web name:  ; code page: ''
[2026-09-30 19:20:32Z INFO ProcessInvokerWrapper]   Force kill process on cancellation: 'False'
[2026-09-30 19:20:32Z INFO ProcessInvokerWrapper]   Redirected STDIN: 'False'
[2026-09-30 19:20:32Z INFO ProcessInvokerWrapper]   Persist current code page: 'True'
[2026-09-30 19:20:32Z INFO ProcessInvokerWrapper]   Keep redirected STDIN open: 'False'
[2026-09-30 19:20:32Z INFO ProcessInvokerWrapper]   High priority process: 'False'
[2026-09-30 19:20:32Z INFO ProcessInvokerWrapper] Process started with process id 22984, waiting for process exit.
[2026-09-30 19:20:32Z INFO ProcessInvokerWrapper] STDOUT/STDERR stream read finished.
[2026-09-30 19:20:32Z INFO ProcessInvokerWrapper] STDOUT/STDERR stream read finished.
[2026-09-30 19:20:32Z INFO ProcessInvokerWrapper] Finished process 22984 with exit code 0, and elapsed time 00:00:00.0213294.
[2026-09-30 19:20:32Z INFO StepsRunner] Successfully returned to code page 65001 (UTF8)
[2026-09-30 19:20:32Z INFO HostContext] Well known directory 'Bin': 'D:\cicd\actions-runner\bin'
[2026-09-30 19:20:32Z INFO HostContext] Well known directory 'Root': 'D:\cicd\actions-runner'
[2026-09-30 19:20:32Z INFO HostContext] Well known directory 'Work': 'D:\cicd\actions-runner\_work'
[2026-09-30 19:20:32Z INFO HostContext] Well known directory 'Actions': 'D:\cicd\actions-runner\_work\_actions'
[2026-09-30 19:20:32Z INFO ActionManager] Load action that reference repository from 'D:\cicd\actions-runner\_work\_actions\actions\checkout\v4'
[2026-09-30 19:20:32Z INFO HostContext] Well known directory 'Bin': 'D:\cicd\actions-runner\bin'
[2026-09-30 19:20:32Z INFO HostContext] Well known directory 'Root': 'D:\cicd\actions-runner'
[2026-09-30 19:20:32Z INFO HostContext] Well known directory 'Work': 'D:\cicd\actions-runner\_work'
[2026-09-30 19:20:32Z INFO HostContext] Well known directory 'Actions': 'D:\cicd\actions-runner\_work\_actions'
[2026-09-30 19:20:32Z INFO ActionManifestManagerLegacy] Loaded action.yml file: {
  "name": "Checkout",
  "description": "Checkout a Git repository at a particular version",
  "inputs": {
    "type": 2,
    "map": [
      {
        "key": {
          "type": 0,
          "file": 2,
          "line": 4,
          "col": 3,
          "lit": "repository"
        },
        "value": {
          "type": 3,
          "file": 2,
          "line": 6,
          "col": 14,
          "expr": "github.repository"
        }
      },
      {
        "key": {
          "type": 0,
          "file": 2,
          "line": 7,
          "col": 3,
          "lit": "ref"
        },
        "value": ""
      },
      {
        "key": {
          "type": 0,
          "file": 2,
          "line": 12,
          "col": 3,
          "lit": "token"
        },
        "value": {
          "type": 3,
          "file": 2,
          "line": 24,
          "col": 14,
          "expr": "github.token"
        }
      },
      {
        "key": {
          "type": 0,
          "file": 2,
          "line": 25,
          "col": 3,
          "lit": "ssh-key"
        },
        "value": ""
      },
      {
        "key": {
          "type": 0,
          "file": 2,
          "line": 37,
          "col": 3,
          "lit": "ssh-known-hosts"
        },
        "value": ""
      },
      {
        "key": {
          "type": 0,
          "file": 2,
          "line": 42,
          "col": 3,
          "lit": "ssh-strict"
        },
        "value": {
          "type": 0,
          "file": 2,
          "line": 47,
          "col": 14,
          "lit": "true"
        }
      },
      {
        "key": {
          "type": 0,
          "file": 2,
          "line": 48,
          "col": 3,
          "lit": "ssh-user"
        },
        "value": {
          "type": 0,
          "file": 2,
          "line": 51,
          "col": 14,
          "lit": "git"
        }
      },
      {
        "key": {
          "type": 0,
          "file": 2,
          "line": 52,
          "col": 3,
          "lit": "persist-credentials"
        },
        "value": {
          "type": 0,
          "file": 2,
          "line": 54,
          "col": 14,
          "lit": "true"
        }
      },
      {
        "key": {
          "type": 0,
          "file": 2,
          "line": 55,
          "col": 3,
          "lit": "path"
        },
        "value": ""
      },
      {
        "key": {
          "type": 0,
          "file": 2,
          "line": 57,
          "col": 3,
          "lit": "clean"
        },
        "value": {
          "type": 0,
          "file": 2,
          "line": 59,
          "col": 14,
          "lit": "true"
        }
      },
      {
        "key": {
          "type": 0,
          "file": 2,
          "line": 60,
          "col": 3,
          "lit": "filter"
        },
        "value": {
          "type": 0,
          "file": 2,
          "line": 64,
          "col": 14,
          "lit": ""
        }
      },
      {
        "key": {
          "type": 0,
          "file": 2,
          "line": 65,
          "col": 3,
          "lit": "sparse-checkout"
        },
        "value": {
          "type": 0,
          "file": 2,
          "line": 69,
          "col": 14,
          "lit": ""
        }
      },
      {
        "key": {
          "type": 0,
          "file": 2,
          "line": 70,
          "col": 3,
          "lit": "sparse-checkout-cone-mode"
        },
        "value": {
          "type": 0,
          "file": 2,
          "line": 73,
          "col": 14,
          "lit": "true"
        }
      },
      {
        "key": {
          "type": 0,
          "file": 2,
          "line": 74,
          "col": 3,
          "lit": "fetch-depth"
        },
        "value": {
          "type": 0,
          "file": 2,
          "line": 76,
          "col": 14,
          "lit": "1"
        }
      },
      {
        "key": {
          "type": 0,
          "file": 2,
          "line": 77,
          "col": 3,
          "lit": "fetch-tags"
        },
        "value": {
          "type": 0,
          "file": 2,
          "line": 79,
          "col": 14,
          "lit": "false"
        }
      },
      {
        "key": {
          "type": 0,
          "file": 2,
          "line": 80,
          "col": 3,
          "lit": "show-progress"
        },
        "value": {
          "type": 0,
          "file": 2,
          "line": 82,
          "col": 14,
          "lit": "true"
        }
      },
      {
        "key": {
          "type": 0,
          "file": 2,
          "line": 83,
          "col": 3,
          "lit": "lfs"
        },
        "value": {
          "type": 0,
          "file": 2,
          "line": 85,
          "col": 14,
          "lit": "false"
        }
      },
      {
        "key": {
          "type": 0,
          "file": 2,
          "line": 86,
          "col": 3,
          "lit": "submodules"
        },
        "value": {
          "type": 0,
          "file": 2,
          "line": 94,
          "col": 14,
          "lit": "false"
        }
      },
      {
        "key": {
          "type": 0,
          "file": 2,
          "line": 95,
          "col": 3,
          "lit": "set-safe-directory"
        },
        "value": {
          "type": 0,
          "file": 2,
          "line": 97,
          "col": 14,
          "lit": "true"
        }
      },
      {
        "key": {
          "type": 0,
          "file": 2,
          "line": 98,
          "col": 3,
          "lit": "github-server-url"
        },
        "value": ""
      },
      {
        "key": {
          "type": 0,
          "file": 2,
          "line": 101,
          "col": 3,
          "lit": "allow-unsafe-pr-checkout"
        },
        "value": {
          "type": 0,
          "file": 2,
          "line": 109,
          "col": 14,
          "lit": "false"
        }
      }
    ]
  },
  "execution": {
    "executionType": "nodeJS",
    "hasPre": false,
    "hasPost": true,
    "script": "dist/index.js",
    "pre": null,
    "post": "dist/index.js",
    "nodeVersion": "node20",
    "cleanupCondition": "always()",
    "initCondition": "always()"
  },
  "deprecated": null
}
[2026-09-30 19:20:32Z INFO ActionManager] Action pre node.js file: N/A.
[2026-09-30 19:20:32Z INFO ActionManager] Action node.js file: dist/index.js.
[2026-09-30 19:20:32Z INFO ActionManager] Action post node.js file: dist/index.js.
[2026-09-30 19:20:32Z INFO HostContext] Well known directory 'Bin': 'D:\cicd\actions-runner\bin'
[2026-09-30 19:20:32Z INFO HostContext] Well known directory 'Root': 'D:\cicd\actions-runner'
[2026-09-30 19:20:32Z INFO HostContext] Well known directory 'Work': 'D:\cicd\actions-runner\_work'
[2026-09-30 19:20:32Z INFO HostContext] Well known directory 'Temp': 'D:\cicd\actions-runner\_work\_temp'
[2026-09-30 19:20:32Z INFO ExecutionContext] Write event payload to D:\cicd\actions-runner\_work\_temp\_github_workflow\event.json
[2026-09-30 19:20:32Z INFO HostContext] Well known directory 'Bin': 'D:\cicd\actions-runner\bin'
[2026-09-30 19:20:32Z INFO HostContext] Well known directory 'Root': 'D:\cicd\actions-runner'
[2026-09-30 19:20:32Z INFO HostContext] Well known directory 'Work': 'D:\cicd\actions-runner\_work'
[2026-09-30 19:20:32Z INFO HostContext] Well known directory 'Temp': 'D:\cicd\actions-runner\_work\_temp'
[2026-09-30 19:20:32Z INFO ExtensionManager] Getting extensions for interface: 'GitHub.Runner.Worker.IFileCommandExtension'
[2026-09-30 19:20:32Z INFO ActionManifestManagerLegacy] Input 'repository': default value evaluate result: {
  "type": 0,
  "file": 2,
  "line": 6,
  "col": 14,
  "lit": "***-ops/my-repo"
}
[2026-09-30 19:20:32Z INFO ActionManifestManagerLegacy] Input 'ref': default value evaluate result: ""
[2026-09-30 19:20:32Z INFO ActionManifestManagerLegacy] Input 'token': default value evaluate result: {
  "type": 0,
  "file": 2,
  "line": 24,
  "col": 14,
  "lit": "***"
}
[2026-09-30 19:20:32Z INFO ActionManifestManagerLegacy] Input 'ssh-key': default value evaluate result: ""
[2026-09-30 19:20:32Z INFO ActionManifestManagerLegacy] Input 'ssh-known-hosts': default value evaluate result: ""
[2026-09-30 19:20:32Z INFO ActionManifestManagerLegacy] Input 'ssh-strict': default value evaluate result: {
  "type": 0,
  "file": 2,
  "line": 47,
  "col": 14,
  "lit": "true"
}
[2026-09-30 19:20:32Z INFO ActionManifestManagerLegacy] Input 'ssh-user': default value evaluate result: {
  "type": 0,
  "file": 2,
  "line": 51,
  "col": 14,
  "lit": "git"
}
[2026-09-30 19:20:32Z INFO ActionManifestManagerLegacy] Input 'persist-credentials': default value evaluate result: {
  "type": 0,
  "file": 2,
  "line": 54,
  "col": 14,
  "lit": "true"
}
[2026-09-30 19:20:32Z INFO ActionManifestManagerLegacy] Input 'path': default value evaluate result: ""
[2026-09-30 19:20:32Z INFO ActionManifestManagerLegacy] Input 'clean': default value evaluate result: {
  "type": 0,
  "file": 2,
  "line": 59,
  "col": 14,
  "lit": "true"
}
[2026-09-30 19:20:32Z INFO ActionManifestManagerLegacy] Input 'filter': default value evaluate result: {
  "type": 0,
  "file": 2,
  "line": 64,
  "col": 14,
  "lit": ""
}
[2026-09-30 19:20:32Z INFO ActionManifestManagerLegacy] Input 'sparse-checkout': default value evaluate result: {
  "type": 0,
  "file": 2,
  "line": 69,
  "col": 14,
  "lit": ""
}
[2026-09-30 19:20:32Z INFO ActionManifestManagerLegacy] Input 'sparse-checkout-cone-mode': default value evaluate result: {
  "type": 0,
  "file": 2,
  "line": 73,
  "col": 14,
  "lit": "true"
}
[2026-09-30 19:20:32Z INFO ActionManifestManagerLegacy] Input 'fetch-depth': default value evaluate result: {
  "type": 0,
  "file": 2,
  "line": 76,
  "col": 14,
  "lit": "1"
}
[2026-09-30 19:20:32Z INFO ActionManifestManagerLegacy] Input 'fetch-tags': default value evaluate result: {
  "type": 0,
  "file": 2,
  "line": 79,
  "col": 14,
  "lit": "false"
}
[2026-09-30 19:20:32Z INFO ActionManifestManagerLegacy] Input 'show-progress': default value evaluate result: {
  "type": 0,
  "file": 2,
  "line": 82,
  "col": 14,
  "lit": "true"
}
[2026-09-30 19:20:32Z INFO ActionManifestManagerLegacy] Input 'lfs': default value evaluate result: {
  "type": 0,
  "file": 2,
  "line": 85,
  "col": 14,
  "lit": "false"
}
[2026-09-30 19:20:32Z INFO ActionManifestManagerLegacy] Input 'submodules': default value evaluate result: {
  "type": 0,
  "file": 2,
  "line": 94,
  "col": 14,
  "lit": "false"
}
[2026-09-30 19:20:32Z INFO ActionManifestManagerLegacy] Input 'set-safe-directory': default value evaluate result: {
  "type": 0,
  "file": 2,
  "line": 97,
  "col": 14,
  "lit": "true"
}
[2026-09-30 19:20:32Z INFO ActionManifestManagerLegacy] Input 'github-server-url': default value evaluate result: ""
[2026-09-30 19:20:32Z INFO ActionManifestManagerLegacy] Input 'allow-unsafe-pr-checkout': default value evaluate result: {
  "type": 0,
  "file": 2,
  "line": 109,
  "col": 14,
  "lit": "false"
}
[2026-09-30 19:20:32Z INFO ExtensionManager] Getting extensions for interface: 'GitHub.Runner.Worker.IActionCommandExtension'
[2026-09-30 19:20:32Z INFO ActionCommandManager] Register action command extension for command internal-set-repo-path
[2026-09-30 19:20:32Z INFO ActionCommandManager] Register action command extension for command set-env
[2026-09-30 19:20:32Z INFO ActionCommandManager] Register action command extension for command set-output
[2026-09-30 19:20:32Z INFO ActionCommandManager] Register action command extension for command save-state
[2026-09-30 19:20:32Z INFO ActionCommandManager] Register action command extension for command add-path
[2026-09-30 19:20:32Z INFO ActionCommandManager] Register action command extension for command add-mask
[2026-09-30 19:20:32Z INFO ActionCommandManager] Register action command extension for command add-matcher
[2026-09-30 19:20:32Z INFO ActionCommandManager] Register action command extension for command remove-matcher
[2026-09-30 19:20:32Z INFO ActionCommandManager] Register action command extension for command warning
[2026-09-30 19:20:32Z INFO ActionCommandManager] Register action command extension for command error
[2026-09-30 19:20:32Z INFO ActionCommandManager] Register action command extension for command notice
[2026-09-30 19:20:32Z INFO ActionCommandManager] Register action command extension for command debug
[2026-09-30 19:20:32Z INFO ActionCommandManager] Register action command extension for command group
[2026-09-30 19:20:32Z INFO ActionCommandManager] Register action command extension for command endgroup
[2026-09-30 19:20:32Z INFO ActionCommandManager] Register action command extension for command echo
[2026-09-30 19:20:32Z INFO HostContext] Well known directory 'Bin': 'D:\cicd\actions-runner\bin'
[2026-09-30 19:20:32Z INFO HostContext] Well known directory 'Root': 'D:\cicd\actions-runner'
[2026-09-30 19:20:32Z INFO HostContext] Well known directory 'Externals': 'D:\cicd\actions-runner\externals'
[2026-09-30 19:20:32Z INFO ProcessInvokerWrapper] Starting process:
[2026-09-30 19:20:32Z INFO ProcessInvokerWrapper]   File name: 'D:\cicd\actions-runner\externals\node24\bin\node.exe'
[2026-09-30 19:20:32Z INFO ProcessInvokerWrapper]   Arguments: '"D:\cicd\actions-runner\_work\_actions\actions\checkout\v4\dist/index.js"'
[2026-09-30 19:20:32Z INFO ProcessInvokerWrapper]   Working directory: 'D:\cicd\actions-runner\_work\my-repo\my-repo'
[2026-09-30 19:20:32Z INFO ProcessInvokerWrapper]   Require exit code zero: 'False'
[2026-09-30 19:20:32Z INFO ProcessInvokerWrapper]   Encoding web name: utf-8 ; code page: '65001'
[2026-09-30 19:20:32Z INFO ProcessInvokerWrapper]   Force kill process on cancellation: 'False'
[2026-09-30 19:20:32Z INFO ProcessInvokerWrapper]   Redirected STDIN: 'False'
[2026-09-30 19:20:32Z INFO ProcessInvokerWrapper]   Persist current code page: 'True'
[2026-09-30 19:20:32Z INFO ProcessInvokerWrapper]   Keep redirected STDIN open: 'False'
[2026-09-30 19:20:32Z INFO ProcessInvokerWrapper]   High priority process: 'False'
[2026-09-30 19:20:32Z INFO ProcessInvokerWrapper] Process started with process id 17108, waiting for process exit.
[2026-09-30 19:20:32Z INFO JobServerQueue] Try to append 1 batches web console lines for record 'e3db21ba-9e68-4c11-9d37-d9638af75ee9', success rate: 1/1.
[2026-09-30 19:20:32Z INFO JobServerQueue] Try to append 1 batches web console lines for record 'f3038e33-adbd-4bde-84af-bab7b7274619', success rate: 1/1.
[2026-09-30 19:20:32Z INFO JobServerQueue] Try to upload 1 log files or attachments, success rate: 1/1.
[2026-09-30 19:20:32Z INFO AddMaskCommandExtension] Add new secret mask with length of 32
[2026-09-30 19:20:32Z INFO JobServerQueue] Try to append 1 batches web console lines for record 'f3038e33-adbd-4bde-84af-bab7b7274619', success rate: 1/1.
[2026-09-30 19:20:32Z INFO JobServerQueue] Got a step log file to send to results service.
[2026-09-30 19:20:32Z INFO JobServerQueue] Starting upload of step log file to results service ResultsLog, D:\cicd\actions-runner\_diag\blocks\7d621874-35f4-82a4-83b0-b175adee5a7f_e3db21ba-9e68-4c11-9d37-d9638af75ee9.1
[2026-09-30 19:20:32Z INFO JobServerQueue] Try to append 1 batches web console lines for record 'f3038e33-adbd-4bde-84af-bab7b7274619', success rate: 1/1.
[2026-09-30 19:20:33Z INFO JobServerQueue] Tried to upload 1 file(s) to results, success rate: 1/1.
[2026-09-30 19:20:35Z INFO JobServerQueue] Try to append 1 batches web console lines for record 'f3038e33-adbd-4bde-84af-bab7b7274619', success rate: 1/1.
[2026-09-30 19:20:35Z INFO JobServerQueue] Try to append 1 batches web console lines for record 'f3038e33-adbd-4bde-84af-bab7b7274619', success rate: 1/1.
[2026-09-30 19:20:37Z INFO JobServerQueue] Try to append 1 batches web console lines for record 'f3038e33-adbd-4bde-84af-bab7b7274619', success rate: 1/1.
[2026-09-30 19:20:37Z INFO JobServerQueue] Try to append 1 batches web console lines for record 'f3038e33-adbd-4bde-84af-bab7b7274619', success rate: 1/1.
[2026-09-30 19:20:39Z INFO ProcessInvokerWrapper] STDOUT/STDERR stream read finished.
[2026-09-30 19:20:39Z INFO ProcessInvokerWrapper] STDOUT/STDERR stream read finished.
[2026-09-30 19:20:39Z INFO ProcessInvokerWrapper] Finished process 17108 with exit code 0, and elapsed time 00:00:07.4555339.
[2026-09-30 19:20:39Z INFO CreateStepSummaryCommand] Step Summary file (D:\cicd\actions-runner\_work\_temp\_runner_file_commands\step_summary_e7dab37c-91e1-4d2c-ac38-3c58e51297a5) is empty; skipping attachment upload
[2026-09-30 19:20:39Z INFO StepsRunner] Step result: 
[2026-09-30 19:20:39Z INFO ExecutionContext] Publish step telemetry for current step {
  "action": "actions/checkout",
  "ref": "v4",
  "type": "node24",
  "stage": "Post",
  "stepId": "f3038e33-adbd-4bde-84af-bab7b7274619",
  "result": "succeeded",
  "errorMessages": [],
  "executionTimeInSeconds": 8,
  "startTime": "2026-09-30T19:20:32.003527Z",
  "finishTime": "2026-09-30T19:20:39.5031793Z"
}.
[2026-09-30 19:20:39Z INFO StepsRunner] No need for updating job result with current step result 'Succeeded'.
[2026-09-30 19:20:39Z INFO StepsRunner] Current state: job state = 'Failed'
[2026-09-30 19:20:39Z INFO JobRunner] Finalize job.
[2026-09-30 19:20:39Z INFO HostContext] Well known directory 'Bin': 'D:\cicd\actions-runner\bin'
[2026-09-30 19:20:39Z INFO HostContext] Well known directory 'Root': 'D:\cicd\actions-runner'
[2026-09-30 19:20:39Z INFO HostContext] Well known directory 'Diag': 'D:\cicd\actions-runner\_diag'
[2026-09-30 19:20:39Z INFO HostContext] Well known directory 'Bin': 'D:\cicd\actions-runner\bin'
[2026-09-30 19:20:39Z INFO HostContext] Well known directory 'Root': 'D:\cicd\actions-runner'
[2026-09-30 19:20:39Z INFO HostContext] Well known directory 'Diag': 'D:\cicd\actions-runner\_diag'
[2026-09-30 19:20:39Z INFO JobExtension] Initialize Env context
[2026-09-30 19:20:39Z INFO JobExtension] Initialize steps context
[2026-09-30 19:20:39Z INFO JobExtension] Total accessible running process: 352.
[2026-09-30 19:20:39Z INFO JobExtension] Inspecting process environment variables. PID: 6924 (chrome)
[2026-09-30 19:20:39Z INFO JobExtension] Wait for all connectivity checks to finish.
[2026-09-30 19:20:39Z INFO JobExtension] Connectivity check result: {
  "endpointUrl": "https://broker.actions.githubusercontent.com/health",
  "endpointIPs": null,
  "startTime": "2026-09-30T19:19:51.1716332Z",
  "statusCode": "http_OK",
  "requestId": "C5EA:2923B:25DE3A:27892D:6ABD60D8",
  "httpRequestDurationInMs": 785,
  "dnsResolutionDurationInMs": 0,
  "dnsError": null
}
[2026-09-30 19:20:39Z INFO JobExtension] Connectivity check result: {
  "endpointUrl": "https://token.actions.githubusercontent.com/ready",
  "endpointIPs": null,
  "startTime": "2026-09-30T19:19:51.1730605Z",
  "statusCode": "http_NoContent",
  "requestId": "C5EB:10478C:2457C5:2731D2:6ABD60D8",
  "httpRequestDurationInMs": 939,
  "dnsResolutionDurationInMs": 0,
  "dnsError": null
}
[2026-09-30 19:20:39Z INFO JobExtension] Connectivity check result: {
  "endpointUrl": "https://run.actions.githubusercontent.com/health",
  "endpointIPs": null,
  "startTime": "2026-09-30T19:19:51.1733962Z",
  "statusCode": "http_OK",
  "requestId": "C5EC:12985:25CF71:277816:6ABD60D8",
  "httpRequestDurationInMs": 840,
  "dnsResolutionDurationInMs": 0,
  "dnsError": null
}
[2026-09-30 19:20:39Z INFO ExecutionContext] Publish step telemetry for current step {
  "action": "complete_job",
  "type": "runner",
  "stage": "Post",
  "stepId": "a547e84b-29d7-42b0-a248-61e37a150ab9",
  "result": "succeeded",
  "errorMessages": [
    "Node.js 20 is deprecated. The following actions target Node.js 20 but are being forced to run on Node.js 24: actions/checkout@v4. For more information see: https://github.blog/changelog/2025-09-19-deprecation-of-node-20-on-github-actions-runners/"
  ],
  "executionTimeInSeconds": 1,
  "startTime": "2026-09-30T19:20:39.5195891Z",
  "finishTime": "2026-09-30T19:20:39.5529107Z"
}.
[2026-09-30 19:20:39Z INFO JobRunner] Job result after all job steps finish: Failed
[2026-09-30 19:20:39Z INFO JobRunner] Completing the job execution context.
[2026-09-30 19:20:39Z INFO JobRunner] Shutting down the job server queue.
[2026-09-30 19:20:39Z INFO JobServerQueue] Fire signal to shutdown all queues.
[2026-09-30 19:20:39Z INFO JobServerQueue] All queue process task stopped.
[2026-09-30 19:20:39Z INFO JobServerQueue] Try to append 1 batches web console lines for record 'a547e84b-29d7-42b0-a248-61e37a150ab9', success rate: 1/1.
[2026-09-30 19:20:39Z INFO JobServerQueue] Web console line queue drained.
[2026-09-30 19:20:39Z INFO JobServerQueue] Uploading 3 files in one shot.
[2026-09-30 19:20:39Z INFO JobServerQueue] Try to upload 3 log files or attachments, success rate: 3/3.
[2026-09-30 19:20:39Z INFO JobServerQueue] File upload queue drained.
[2026-09-30 19:20:39Z INFO JobServerQueue] Starting results-based upload queue...
[2026-09-30 19:20:39Z INFO JobServerQueue] Uploading 3 file(s) in one shot through results service.
[2026-09-30 19:20:39Z INFO JobServerQueue] Got a step log file to send to results service.
[2026-09-30 19:20:39Z INFO JobServerQueue] Starting upload of step log file to results service ResultsLog, D:\cicd\actions-runner\_diag\blocks\7d621874-35f4-82a4-83b0-b175adee5a7f_f3038e33-adbd-4bde-84af-bab7b7274619.1
[2026-09-30 19:20:40Z INFO JobServerQueue] Got a step log file to send to results service.
[2026-09-30 19:20:40Z INFO JobServerQueue] Starting upload of step log file to results service ResultsLog, D:\cicd\actions-runner\_diag\blocks\7d621874-35f4-82a4-83b0-b175adee5a7f_a547e84b-29d7-42b0-a248-61e37a150ab9.1
[2026-09-30 19:20:41Z INFO JobServerQueue] Got a job log file to send to results service.
[2026-09-30 19:20:41Z INFO JobServerQueue] Starting upload of job log file to results service ResultsLog, D:\cicd\actions-runner\_diag\blocks\7d621874-35f4-82a4-83b0-b175adee5a7f_0e6778be-77ea-56b9-b836-e7c2f1e5e8b1.1
[2026-09-30 19:20:42Z INFO JobServerQueue] Tried to upload 3 file(s) to results, success rate: 3/3.
[2026-09-30 19:20:42Z INFO JobServerQueue] Results upload queue drained.
[2026-09-30 19:20:42Z INFO JobServerQueue] Timeline update queue drained.
[2026-09-30 19:20:42Z INFO JobServerQueue] Disposing job server ...
[2026-09-30 19:20:42Z INFO JobServerQueue] Disposing results server ...
[2026-09-30 19:20:42Z INFO JobServerQueue] All queue process tasks have been stopped, and all queues are drained.
[2026-09-30 19:20:42Z INFO TempDirectoryManager] Cleaning runner temp folder: D:\cicd\actions-runner\_work\_temp
[2026-09-30 19:20:42Z INFO HostContext] Well known directory 'Bin': 'D:\cicd\actions-runner\bin'
[2026-09-30 19:20:42Z INFO HostContext] Well known directory 'Root': 'D:\cicd\actions-runner'
[2026-09-30 19:20:42Z INFO HostContext] Well known directory 'Diag': 'D:\cicd\actions-runner\_diag'
[2026-09-30 19:20:42Z INFO HostContext] Well known config file 'Telemetry': 'D:\cicd\actions-runner\_diag\.telemetry'
[2026-09-30 19:20:42Z INFO JobRunner] Raising job completed against run service
[2026-09-30 19:20:43Z INFO Worker] Job completed.
