[2026-09-30 18:47:51Z INFO HostContext] No proxy settings were found based on environmental variables (http_proxy/https_proxy/HTTP_PROXY/HTTPS_PROXY)
[2026-09-30 18:47:52Z INFO HostContext] Well known directory 'Bin': 'D:\cicd\actions-runner\bin'
[2026-09-30 18:47:52Z INFO HostContext] Well known directory 'Root': 'D:\cicd\actions-runner'
[2026-09-30 18:47:52Z INFO HostContext] Well known config file 'Credentials': 'D:\cicd\actions-runner\.credentials'
[2026-09-30 18:47:52Z INFO HostContext] Well known directory 'Bin': 'D:\cicd\actions-runner\bin'
[2026-09-30 18:47:52Z INFO HostContext] Well known directory 'Root': 'D:\cicd\actions-runner'
[2026-09-30 18:47:52Z INFO HostContext] Well known config file 'Runner': 'D:\cicd\actions-runner\.runner'
[2026-09-30 18:47:52Z INFO Worker] Version: 2.337.0
[2026-09-30 18:47:52Z INFO Worker] Commit: 397b032cbf865e9c3ddfab89d533ec19325e1273
[2026-09-30 18:47:52Z INFO Worker] Culture: en-IN
[2026-09-30 18:47:52Z INFO Worker] UI Culture: en-US
[2026-09-30 18:47:52Z INFO Worker] Waiting to receive the job message from the channel.
[2026-09-30 18:47:52Z INFO ProcessChannel] Receiving message of length 26017, with hash '9132d6a3122d40e3ad539dfab7c0e8058bc1fcc8cb14cdbb48078e2cb2161615'
[2026-09-30 18:47:52Z INFO Worker] Message received.
[2026-09-30 18:47:52Z INFO Worker] Job message:
 {
  "fileTable": [
    ".github/workflows/k8s_by_terraform.yaml"
  ],
  "mask": [
    {
      "type": "regex",
      "value": "***"
    },
    {
      "type": "regex",
      "value": "***"
    },
    {
      "type": "regex",
      "value": "***"
    },
    {
      "type": "regex",
      "value": "***"
    },
    {
      "type": "regex",
      "value": "***"
    },
    {
      "type": "regex",
      "value": "***"
    },
    {
      "type": "regex",
      "value": "***"
    },
    {
      "type": "regex",
      "value": "***"
    },
    {
      "type": "regex",
      "value": "***"
    },
    {
      "type": "regex",
      "value": "***"
    },
    {
      "type": "regex",
      "value": "***"
    },
    {
      "type": "regex",
      "value": "***"
    },
    {
      "type": "regex",
      "value": "***"
    },
    {
      "type": "regex",
      "value": "***"
    },
    {
      "type": "regex",
      "value": "***"
    },
    {
      "type": "regex",
      "value": "***"
    },
    {
      "type": "regex",
      "value": "***"
    },
    {
      "type": "regex",
      "value": "***"
    },
    {
      "type": "regex",
      "value": "***"
    },
    {
      "type": "regex",
      "value": "***"
    },
    {
      "type": "regex",
      "value": "***"
    },
    {
      "type": "regex",
      "value": "***"
    },
    {
      "type": "regex",
      "value": "***"
    },
    {
      "type": "regex",
      "value": "***"
    }
  ],
  "steps": [
    {
      "type": "action",
      "reference": {
        "type": "repository",
        "name": "actions/checkout",
        "ref": "v4",
        "repositoryType": "GitHub"
      },
      "displayNameToken": {
        "type": 0,
        "file": 1,
        "line": 12,
        "col": 15,
        "lit": "Checkout Code"
      },
      "contextName": "__actions_checkout",
      "condition": "success()",
      "id": "4f888f02-cfd6-4a22-8157-cab08e342ed3",
      "name": "__actions_checkout"
    },
    {
      "type": "action",
      "reference": {
        "type": "script"
      },
      "displayNameToken": {
        "type": 0,
        "file": 1,
        "line": 15,
        "col": 15,
        "lit": "Docker Login"
      },
      "contextName": "__run",
      "inputs": {
        "type": 2,
        "map": [
          {
            "key": "script",
            "value": {
              "type": 3,
              "file": 1,
              "line": 16,
              "col": 14,
              "expr": "format('echo \"{0}\" | docker login -u \"{1}\" --password-stdin', secrets.DOCKERHUB_TOKEN, secrets.DOCKERHUB_USERNAME)"
            }
          }
        ]
      },
      "condition": "success()",
      "id": "59efcaa8-e18f-449d-9849-68ad809f3cb0",
      "name": "__run"
    },
    {
      "type": "action",
      "reference": {
        "type": "script"
      },
      "displayNameToken": {
        "type": 0,
        "file": 1,
        "line": 18,
        "col": 15,
        "lit": "Build Docker Image"
      },
      "contextName": "__run_2",
      "inputs": {
        "type": 2,
        "map": [
          {
            "key": "script",
            "value": {
              "type": 3,
              "file": 1,
              "line": 19,
              "col": 14,
              "expr": "format('docker build -t ***/devops:{0} .\ndocker push ***/devops:{1}\n', github.run_number, github.run_number)"
            }
          }
        ]
      },
      "condition": "success()",
      "id": "51e69800-9891-42d8-bcb6-87ac6ac51af0",
      "name": "__run_2"
    },
    {
      "type": "action",
      "reference": {
        "type": "script"
      },
      "displayNameToken": {
        "type": 0,
        "file": 1,
        "line": 23,
        "col": 15,
        "lit": "Terraform Init"
      },
      "contextName": "__run_3",
      "inputs": {
        "type": 2,
        "map": [
          {
            "key": "script",
            "value": {
              "type": 0,
              "file": 1,
              "line": 25,
              "col": 14,
              "lit": "terraform init"
            }
          },
          {
            "key": "workingDirectory",
            "value": {
              "type": 0,
              "file": 1,
              "line": 24,
              "col": 28,
              "lit": "terraform_pipeline/infra"
            }
          }
        ]
      },
      "condition": "success()",
      "id": "8728685b-1eb9-47fa-9827-1af72c8d4409",
      "name": "__run_3"
    },
    {
      "type": "action",
      "reference": {
        "type": "script"
      },
      "displayNameToken": {
        "type": 0,
        "file": 1,
        "line": 27,
        "col": 15,
        "lit": "Terraform Validate"
      },
      "contextName": "__run_4",
      "inputs": {
        "type": 2,
        "map": [
          {
            "key": "script",
            "value": {
              "type": 0,
              "file": 1,
              "line": 29,
              "col": 14,
              "lit": "terraform validate"
            }
          },
          {
            "key": "workingDirectory",
            "value": {
              "type": 0,
              "file": 1,
              "line": 28,
              "col": 28,
              "lit": "terraform_pipeline/infra"
            }
          }
        ]
      },
      "condition": "success()",
      "id": "5df63409-aeae-4607-8a29-850c5606efdc",
      "name": "__run_4"
    },
    {
      "type": "action",
      "reference": {
        "type": "script"
      },
      "displayNameToken": {
        "type": 0,
        "file": 1,
        "line": 31,
        "col": 15,
        "lit": "Terraform Plan"
      },
      "contextName": "__run_5",
      "inputs": {
        "type": 2,
        "map": [
          {
            "key": "script",
            "value": {
              "type": 3,
              "file": 1,
              "line": 33,
              "col": 14,
              "expr": "format('terraform plan -var=\"image_tag={0}\"', github.run_number)"
            }
          },
          {
            "key": "workingDirectory",
            "value": {
              "type": 0,
              "file": 1,
              "line": 32,
              "col": 28,
              "lit": "terraform_pipeline/infra"
            }
          }
        ]
      },
      "condition": "success()",
      "id": "461bfcc6-5f84-47fe-afa1-7f57630541fd",
      "name": "__run_5"
    },
    {
      "type": "action",
      "reference": {
        "type": "script"
      },
      "displayNameToken": {
        "type": 0,
        "file": 1,
        "line": 35,
        "col": 15,
        "lit": "Terraform Apply"
      },
      "contextName": "__run_6",
      "inputs": {
        "type": 2,
        "map": [
          {
            "key": "script",
            "value": {
              "type": 0,
              "file": 1,
              "line": 37,
              "col": 14,
              "lit": "terraform apply -auto-approve"
            }
          },
          {
            "key": "workingDirectory",
            "value": {
              "type": 0,
              "file": 1,
              "line": 36,
              "col": 28,
              "lit": "terraform_pipeline/infra"
            }
          }
        ]
      },
      "condition": "success()",
      "id": "4bfcb3ab-cc06-40c2-a7cf-d0c988836b0d",
      "name": "__run_6"
    },
    {
      "type": "action",
      "reference": {
        "type": "script"
      },
      "displayNameToken": {
        "type": 0,
        "file": 1,
        "line": 39,
        "col": 15,
        "lit": "Wait for Deployment"
      },
      "contextName": "__run_7",
      "inputs": {
        "type": 2,
        "map": [
          {
            "key": "script",
            "value": {
              "type": 0,
              "file": 1,
              "line": 40,
              "col": 14,
              "lit": "kubectl rollout status deployment/devops-app"
            }
          }
        ]
      },
      "condition": "success()",
      "id": "b7ef7e4f-cb3b-41b5-a81e-01e2d7e61a9b",
      "name": "__run_7"
    },
    {
      "type": "action",
      "reference": {
        "type": "script"
      },
      "displayNameToken": {
        "type": 0,
        "file": 1,
        "line": 42,
        "col": 15,
        "lit": "Verify Pods"
      },
      "contextName": "__run_8",
      "inputs": {
        "type": 2,
        "map": [
          {
            "key": "script",
            "value": {
              "type": 0,
              "file": 1,
              "line": 43,
              "col": 14,
              "lit": "kubectl get pods -o wide"
            }
          }
        ]
      },
      "condition": "success()",
      "id": "0a542c6f-04d0-4e63-9998-46cb0f268058",
      "name": "__run_8"
    }
  ],
  "variables": {
    "Actions.EnableHttpRedirects": {
      "value": "true"
    },
    "DOCKERHUB_TOKEN": {
      "value": "***",
      "isSecret": true
    },
    "DOCKERHUB_USERNAME": {
      "value": "***",
      "isSecret": true
    },
    "DistributedTask.AddWarningToNode12Action": {
      "value": "true"
    },
    "DistributedTask.AddWarningToNode16Action": {
      "value": "true"
    },
    "DistributedTask.AllowRunnerContainerHooks": {
      "value": "true"
    },
    "DistributedTask.DeprecateStepOutputCommands": {
      "value": "true"
    },
    "DistributedTask.DetailUntarFailure": {
      "value": "true"
    },
    "DistributedTask.EnableCompositeActions": {
      "value": "true"
    },
    "DistributedTask.EnableJobServerQueueTelemetry": {
      "value": "true"
    },
    "DistributedTask.EnhancedAnnotations": {
      "value": "true"
    },
    "DistributedTask.ForceGithubJavascriptActionsToNode16": {
      "value": "true"
    },
    "DistributedTask.ForceGithubJavascriptActionsToNode20": {
      "value": "true"
    },
    "DistributedTask.LogTemplateErrorsAsDebugMessages": {
      "value": "true"
    },
    "DistributedTask.MarkJobAsFailedOnWorkerCrash": {
      "value": "true"
    },
    "DistributedTask.NewActionMetadata": {
      "value": "true"
    },
    "DistributedTask.UploadStepSummary": {
      "value": "true"
    },
    "DistributedTask.UseActionArchiveCache": {
      "value": "true"
    },
    "DistributedTask.UseWhich2": {
      "value": "true"
    },
    "RunService.FixEmbeddedIssues": {
      "value": "true"
    },
    "actions.runner.requirenode24": {
      "value": "true"
    },
    "actions.runner.usenode24bydefault": {
      "value": "true"
    },
    "actions.runner.warnonnode20": {
      "value": "true"
    },
    "actions_add_check_run_id_to_job_context": {
      "value": "true"
    },
    "actions_batch_action_resolution": {
      "value": "false"
    },
    "actions_cache_mode": {
      "value": "write"
    },
    "actions_container_action_runner_temp": {
      "value": "true"
    },
    "actions_display_helpful_actions_download_errors": {
      "value": "true"
    },
    "actions_runner_allow_artifacts_file": {
      "value": "false"
    },
    "actions_runner_compare_workflow_parser": {
      "value": "false"
    },
    "actions_runner_deprecate_linux_arm32": {
      "value": "true"
    },
    "actions_runner_emit_composite_markers": {
      "value": "true"
    },
    "actions_runner_kill_linux_arm32": {
      "value": "false"
    },
    "actions_runner_node20_removal_date": {
      "value": "September 23rd, 2026"
    },
    "actions_runner_node24_default_date": {
      "value": "June 16th, 2026"
    },
    "actions_self_repository": {
      "value": "true"
    },
    "actions_service_container_command": {
      "value": "true"
    },
    "actions_set_orchestration_id_env_for_actions": {
      "value": "true"
    },
    "actions_skip_retry_complete_job_upon_known_errors": {
      "value": "true"
    },
    "actions_snapshot_preflight_hosted_runner_check": {
      "value": "false"
    },
    "actions_snapshot_preflight_image_gen_pool_check": {
      "value": "false"
    },
    "actions_use_bearer_token_for_codeload": {
      "value": "false"
    },
    "actions_uses_cache_service_v2": {
      "value": "true"
    },
    "github_token": {
      "value": "***",
      "isSecret": true
    },
    "system.from_run_service": {
      "value": "true"
    },
    "system.github.job": {
      "value": "deploy"
    },
    "system.github.launch_endpoint": {
      "value": "https://launch.actions.githubusercontent.com"
    },
    "system.github.results_endpoint": {
      "value": "https://results-receiver.actions.githubusercontent.com/"
    },
    "system.github.results_upload_with_sdk": {
      "value": "true"
    },
    "system.github.token": {
      "value": "***",
      "isSecret": true
    },
    "system.github.token.permissions": {
      "value": "{\"Contents\":\"read\",\"Metadata\":\"read\",\"Packages\":\"read\"}"
    },
    "system.orchestrationId": {
      "value": "cf00a99b-3dc2-8354-a021-6ed2dd7ad4c4.deploy.__default"
    },
    "system.phaseDisplayName": {
      "value": "deploy"
    },
    "system.runner.lowdiskspacethreshold": {
      "value": "100"
    },
    "system.runnerEnvironment": {
      "value": "self-hosted"
    },
    "system.runnerGroupName": {
      "value": "Default"
    }
  },
  "messageType": "RunnerJobRequest",
  "plan": {
    "scopeIdentifier": "00000000-0000-0000-0000-000000000000",
    "planType": "actions",
    "version": 0,
    "planId": "cf00a99b-3dc2-8354-a021-6ed2dd7ad4c4",
    "planGroup": null,
    "artifactUri": null,
    "artifactLocation": null,
    "definition": null,
    "owner": null
  },
  "timeline": {
    "id": "cf00a99b-3dc2-8354-a021-6ed2dd7ad4c4",
    "changeId": 0,
    "location": null
  },
  "jobId": "dc42ff90-90ad-52b6-b54e-8f71d770803d",
  "jobDisplayName": "deploy",
  "jobName": "__default",
  "requestId": 0,
  "lockedUntil": "0001-01-01T00:00:00",
  "resources": {
    "endpoints": [
      {
        "data": {
          "ServerId": "",
          "ServerName": "",
          "CacheServerUrl": "https://artifactcache.actions.githubusercontent.com/vNJajpvbF6IjDhJJK2oJL6aFAilgYF0ASuY1lz9oWwnetORATd/",
          "FeedStreamUrl": "wss://results-receiver.actions.githubusercontent.com/_ws/ingest.sock",
          "ResultsServiceUrl": "https://results-receiver.actions.githubusercontent.com/",
          "PipelinesServiceUrl": "https://pipelinesghubeus4.actions.githubusercontent.com/vNJajpvbF6IjDhJJK2oJL6aFAilgYF0ASuY1lz9oWwnetORATd/",
          "GenerateIdTokenUrl": "",
          "ConnectivityChecks": "[\"https://broker.actions.githubusercontent.com/health\",\"https://token.actions.githubusercontent.com/ready\",\"https://run.actions.githubusercontent.com/health\"]",
          "ConnectivityAndDNSChecks": ""
        },
        "name": "SystemVssConnection",
        "url": "https://run-actions-1-azure-eastus.actions.githubusercontent.com/118/",
        "authorization": {
          "parameters": {
            "AccessToken": "***"
          },
          "scheme": "OAuth"
        },
        "isShared": false,
        "isReady": true
      }
    ]
  },
  "contextData": {
    "github": {
      "t": 2,
      "d": [
        {
          "k": "ref",
          "v": "refs/heads/main"
        },
        {
          "k": "sha",
          "v": "586fa4fdff70a129a6e67ca6a4a66eb515cd71e5"
        },
        {
          "k": "repository",
          "v": "***-ops/my-repo"
        },
        {
          "k": "repository_owner",
          "v": "***-ops"
        },
        {
          "k": "repository_owner_id",
          "v": "328057542"
        },
        {
          "k": "repositoryUrl",
          "v": "git://github.com/***-ops/my-repo.git"
        },
        {
          "k": "run_id",
          "v": "36760994619"
        },
        {
          "k": "run_number",
          "v": "4"
        },
        {
          "k": "retention_days",
          "v": "90"
        },
        {
          "k": "run_attempt",
          "v": "1"
        },
        {
          "k": "artifact_cache_size_limit",
          "v": "10"
        },
        {
          "k": "repository_visibility",
          "v": "public"
        },
        {
          "k": "actor_id",
          "v": "328057542"
        },
        {
          "k": "actor",
          "v": "***-ops"
        },
        {
          "k": "workflow",
          "v": "Local CI-CD Pipelines"
        },
        {
          "k": "head_ref",
          "v": ""
        },
        {
          "k": "base_ref",
          "v": ""
        },
        {
          "k": "event_name",
          "v": "push"
        },
        {
          "k": "server_url",
          "v": "https://github.com"
        },
        {
          "k": "api_url",
          "v": "https://api.github.com"
        },
        {
          "k": "graphql_url",
          "v": "https://api.github.com/graphql"
        },
        {
          "k": "ref_name",
          "v": "main"
        },
        {
          "k": "ref_protected",
          "v": false
        },
        {
          "k": "ref_type",
          "v": "branch"
        },
        {
          "k": "secret_source",
          "v": "Actions"
        },
        {
          "k": "event",
          "v": {
            "t": 2,
            "d": [
              {
                "k": "after",
                "v": "586fa4fdff70a129a6e67ca6a4a66eb515cd71e5"
              },
              {
                "k": "base_ref",
                "v": null
              },
              {
                "k": "before",
                "v": "56029b2f69f4bfbf88999815dfeb7f6e4f1bb038"
              },
              {
                "k": "commits",
                "v": {
                  "t": 1,
                  "a": [
                    {
                      "t": 2,
                      "d": [
                        {
                          "k": "author",
                          "v": {
                            "t": 2,
                            "d": [
                              {
                                "k": "email",
                                "v": "***@gmail.com"
                              },
                              {
                                "k": "name",
                                "v": "***"
                              },
                              {
                                "k": "username",
                                "v": "***-ops"
                              }
                            ]
                          }
                        },
                        {
                          "k": "committer",
                          "v": {
                            "t": 2,
                            "d": [
                              {
                                "k": "email",
                                "v": "***@gmail.com"
                              },
                              {
                                "k": "name",
                                "v": "***"
                              },
                              {
                                "k": "username",
                                "v": "***-ops"
                              }
                            ]
                          }
                        },
                        {
                          "k": "distinct",
                          "v": true
                        },
                        {
                          "k": "id",
                          "v": "586fa4fdff70a129a6e67ca6a4a66eb515cd71e5"
                        },
                        {
                          "k": "message",
                          "v": "newcommitrecentddddddff"
                        },
                        {
                          "k": "timestamp",
                          "v": "2026-10-01T00:16:26+05:30"
                        },
                        {
                          "k": "tree_id",
                          "v": "dbda73bd3b74d46932b10dd477c16701f23b26b3"
                        },
                        {
                          "k": "url",
                          "v": "https://github.com/***-ops/my-repo/commit/586fa4fdff70a129a6e67ca6a4a66eb515cd71e5"
                        }
                      ]
                    }
                  ]
                }
              },
              {
                "k": "compare",
                "v": "https://github.com/***-ops/my-repo/compare/56029b2f69f4...586fa4fdff70"
              },
              {
                "k": "created",
                "v": false
              },
              {
                "k": "deleted",
                "v": false
              },
              {
                "k": "forced",
                "v": false
              },
              {
                "k": "head_commit",
                "v": {
                  "t": 2,
                  "d": [
                    {
                      "k": "author",
                      "v": {
                        "t": 2,
                        "d": [
                          {
                            "k": "email",
                            "v": "***@gmail.com"
                          },
                          {
                            "k": "name",
                            "v": "***"
                          },
                          {
                            "k": "username",
                            "v": "***-ops"
                          }
                        ]
                      }
                    },
                    {
                      "k": "committer",
                      "v": {
                        "t": 2,
                        "d": [
                          {
                            "k": "email",
                            "v": "***@gmail.com"
                          },
                          {
                            "k": "name",
                            "v": "***"
                          },
                          {
                            "k": "username",
                            "v": "***-ops"
                          }
                        ]
                      }
                    },
                    {
                      "k": "distinct",
                      "v": true
                    },
                    {
                      "k": "id",
                      "v": "586fa4fdff70a129a6e67ca6a4a66eb515cd71e5"
                    },
                    {
                      "k": "message",
                      "v": "newcommitrecentddddddff"
                    },
                    {
                      "k": "timestamp",
                      "v": "2026-10-01T00:16:26+05:30"
                    },
                    {
                      "k": "tree_id",
                      "v": "dbda73bd3b74d46932b10dd477c16701f23b26b3"
                    },
                    {
                      "k": "url",
                      "v": "https://github.com/***-ops/my-repo/commit/586fa4fdff70a129a6e67ca6a4a66eb515cd71e5"
                    }
                  ]
                }
              },
              {
                "k": "pusher",
                "v": {
                  "t": 2,
                  "d": [
                    {
                      "k": "email",
                      "v": "***@gmail.com"
                    },
                    {
                      "k": "name",
                      "v": "***-ops"
                    }
                  ]
                }
              },
              {
                "k": "ref",
                "v": "refs/heads/main"
              },
              {
                "k": "repository",
                "v": {
                  "t": 2,
                  "d": [
                    {
                      "k": "allow_forking",
                      "v": true
                    },
                    {
                      "k": "archive_url",
                      "v": "https://api.github.com/repos/***-ops/my-repo/{archive_format}{/ref}"
                    },
                    {
                      "k": "archived",
                      "v": false
                    },
                    {
                      "k": "assignees_url",
                      "v": "https://api.github.com/repos/***-ops/my-repo/assignees{/user}"
                    },
                    {
                      "k": "blobs_url",
                      "v": "https://api.github.com/repos/***-ops/my-repo/git/blobs{/sha}"
                    },
                    {
                      "k": "branches_url",
                      "v": "https://api.github.com/repos/***-ops/my-repo/branches{/branch}"
                    },
                    {
                      "k": "clone_url",
                      "v": "https://github.com/***-ops/my-repo.git"
                    },
                    {
                      "k": "collaborators_url",
                      "v": "https://api.github.com/repos/***-ops/my-repo/collaborators{/collaborator}"
                    },
                    {
                      "k": "comments_url",
                      "v": "https://api.github.com/repos/***-ops/my-repo/comments{/number}"
                    },
                    {
                      "k": "commits_url",
                      "v": "https://api.github.com/repos/***-ops/my-repo/commits{/sha}"
                    },
                    {
                      "k": "compare_url",
                      "v": "https://api.github.com/repos/***-ops/my-repo/compare/{base}...{head}"
                    },
                    {
                      "k": "contents_url",
                      "v": "https://api.github.com/repos/***-ops/my-repo/contents/{+path}"
                    },
                    {
                      "k": "contributors_url",
                      "v": "https://api.github.com/repos/***-ops/my-repo/contributors"
                    },
                    {
                      "k": "created_at",
                      "v": 1789143027.0
                    },
                    {
                      "k": "default_branch",
                      "v": "main"
                    },
                    {
                      "k": "deployments_url",
                      "v": "https://api.github.com/repos/***-ops/my-repo/deployments"
                    },
                    {
                      "k": "description",
                      "v": "my repository "
                    },
                    {
                      "k": "disabled",
                      "v": false
                    },
                    {
                      "k": "downloads_url",
                      "v": "https://api.github.com/repos/***-ops/my-repo/downloads"
                    },
                    {
                      "k": "events_url",
                      "v": "https://api.github.com/repos/***-ops/my-repo/events"
                    },
                    {
                      "k": "fork",
                      "v": false
                    },
                    {
                      "k": "forks",
                      "v": 0.0
                    },
                    {
                      "k": "forks_count",
                      "v": 0.0
                    },
                    {
                      "k": "forks_url",
                      "v": "https://api.github.com/repos/***-ops/my-repo/forks"
                    },
                    {
                      "k": "full_name",
                      "v": "***-ops/my-repo"
                    },
                    {
                      "k": "git_commits_url",
                      "v": "https://api.github.com/repos/***-ops/my-repo/git/commits{/sha}"
                    },
                    {
                      "k": "git_refs_url",
                      "v": "https://api.github.com/repos/***-ops/my-repo/git/refs{/sha}"
                    },
                    {
                      "k": "git_tags_url",
                      "v": "https://api.github.com/repos/***-ops/my-repo/git/tags{/sha}"
                    },
                    {
                      "k": "git_url",
                      "v": "git://github.com/***-ops/my-repo.git"
                    },
                    {
                      "k": "has_discussions",
                      "v": false
                    },
                    {
                      "k": "has_downloads",
                      "v": true
                    },
                    {
                      "k": "has_issues",
                      "v": true
                    },
                    {
                      "k": "has_pages",
                      "v": false
                    },
                    {
                      "k": "has_projects",
                      "v": true
                    },
                    {
                      "k": "has_pull_requests",
                      "v": true
                    },
                    {
                      "k": "has_wiki",
                      "v": true
                    },
                    {
                      "k": "homepage",
                      "v": null
                    },
                    {
                      "k": "hooks_url",
                      "v": "https://api.github.com/repos/***-ops/my-repo/hooks"
                    },
                    {
                      "k": "html_url",
                      "v": "https://github.com/***-ops/my-repo"
                    },
                    {
                      "k": "id",
                      "v": 1366412515.0
                    },
                    {
                      "k": "is_template",
                      "v": false
                    },
                    {
                      "k": "issue_comment_url",
                      "v": "https://api.github.com/repos/***-ops/my-repo/issues/comments{/number}"
                    },
                    {
                      "k": "issue_events_url",
                      "v": "https://api.github.com/repos/***-ops/my-repo/issues/events{/number}"
                    },
                    {
                      "k": "issues_url",
                      "v": "https://api.github.com/repos/***-ops/my-repo/issues{/number}"
                    },
                    {
                      "k": "keys_url",
                      "v": "https://api.github.com/repos/***-ops/my-repo/keys{/key_id}"
                    },
                    {
                      "k": "labels_url",
                      "v": "https://api.github.com/repos/***-ops/my-repo/labels{/name}"
                    },
                    {
                      "k": "language",
                      "v": "HCL"
                    },
                    {
                      "k": "languages_url",
                      "v": "https://api.github.com/repos/***-ops/my-repo/languages"
                    },
                    {
                      "k": "license",
                      "v": null
                    },
                    {
                      "k": "master_branch",
                      "v": "main"
                    },
                    {
                      "k": "merges_url",
                      "v": "https://api.github.com/repos/***-ops/my-repo/merges"
                    },
                    {
                      "k": "milestones_url",
                      "v": "https://api.github.com/repos/***-ops/my-repo/milestones{/number}"
                    },
                    {
                      "k": "mirror_url",
                      "v": null
                    },
                    {
                      "k": "name",
                      "v": "my-repo"
                    },
                    {
                      "k": "node_id",
                      "v": "R_kgDOUXHM4w"
                    },
                    {
                      "k": "notifications_url",
                      "v": "https://api.github.com/repos/***-ops/my-repo/notifications{?since,all,participating}"
                    },
                    {
                      "k": "open_issues",
                      "v": 0.0
                    },
                    {
                      "k": "open_issues_count",
                      "v": 0.0
                    },
                    {
                      "k": "owner",
                      "v": {
                        "t": 2,
                        "d": [
                          {
                            "k": "avatar_url",
                            "v": "https://avatars.githubusercontent.com/u/328057542?v=4"
                          },
                          {
                            "k": "email",
                            "v": "***@gmail.com"
                          },
                          {
                            "k": "events_url",
                            "v": "https://api.github.com/users/***-ops/events{/privacy}"
                          },
                          {
                            "k": "followers_url",
                            "v": "https://api.github.com/users/***-ops/followers"
                          },
                          {
                            "k": "following_url",
                            "v": "https://api.github.com/users/***-ops/following{/other_user}"
                          },
                          {
                            "k": "gists_url",
                            "v": "https://api.github.com/users/***-ops/gists{/gist_id}"
                          },
                          {
                            "k": "gravatar_id",
                            "v": ""
                          },
                          {
                            "k": "html_url",
                            "v": "https://github.com/***-ops"
                          },
                          {
                            "k": "id",
                            "v": 328057542.0
                          },
                          {
                            "k": "login",
                            "v": "***-ops"
                          },
                          {
                            "k": "name",
                            "v": "***-ops"
                          },
                          {
                            "k": "node_id",
                            "v": "U_kgDOE43Cxg"
                          },
                          {
                            "k": "organizations_url",
                            "v": "https://api.github.com/users/***-ops/orgs"
                          },
                          {
                            "k": "received_events_url",
                            "v": "https://api.github.com/users/***-ops/received_events"
                          },
                          {
                            "k": "repos_url",
                            "v": "https://api.github.com/users/***-ops/repos"
                          },
                          {
                            "k": "site_admin",
                            "v": false
                          },
                          {
                            "k": "starred_url",
                            "v": "https://api.github.com/users/***-ops/starred{/owner}{/repo}"
                          },
                          {
                            "k": "subscriptions_url",
                            "v": "https://api.github.com/users/***-ops/subscriptions"
                          },
                          {
                            "k": "type",
                            "v": "User"
                          },
                          {
                            "k": "url",
                            "v": "https://api.github.com/users/***-ops"
                          },
                          {
                            "k": "user_view_type",
                            "v": "public"
                          }
                        ]
                      }
                    },
                    {
                      "k": "private",
                      "v": false
                    },
                    {
                      "k": "pull_request_creation_policy",
                      "v": "all"
                    },
                    {
                      "k": "pulls_url",
                      "v": "https://api.github.com/repos/***-ops/my-repo/pulls{/number}"
                    },
                    {
                      "k": "pushed_at",
                      "v": 1790793995.0
                    },
                    {
                      "k": "releases_url",
                      "v": "https://api.github.com/repos/***-ops/my-repo/releases{/id}"
                    },
                    {
                      "k": "size",
                      "v": 13727.0
                    },
                    {
                      "k": "ssh_url",
                      "v": "git@github.com:***-ops/my-repo.git"
                    },
                    {
                      "k": "stargazers",
                      "v": 0.0
                    },
                    {
                      "k": "stargazers_count",
                      "v": 0.0
                    },
                    {
                      "k": "stargazers_url",
                      "v": "https://api.github.com/repos/***-ops/my-repo/stargazers"
                    },
                    {
                      "k": "statuses_url",
                      "v": "https://api.github.com/repos/***-ops/my-repo/statuses/{sha}"
                    },
                    {
                      "k": "subscribers_url",
                      "v": "https://api.github.com/repos/***-ops/my-repo/subscribers"
                    },
                    {
                      "k": "subscription_url",
                      "v": "https://api.github.com/repos/***-ops/my-repo/subscription"
                    },
                    {
                      "k": "svn_url",
                      "v": "https://github.com/***-ops/my-repo"
                    },
                    {
                      "k": "tags_url",
                      "v": "https://api.github.com/repos/***-ops/my-repo/tags"
                    },
                    {
                      "k": "teams_url",
                      "v": "https://api.github.com/repos/***-ops/my-repo/teams"
                    },
                    {
                      "k": "topics",
                      "v": {
                        "t": 1
                      }
                    },
                    {
                      "k": "trees_url",
                      "v": "https://api.github.com/repos/***-ops/my-repo/git/trees{/sha}"
                    },
                    {
                      "k": "updated_at",
                      "v": "2026-09-30T18:19:57Z"
                    },
                    {
                      "k": "url",
                      "v": "https://api.github.com/repos/***-ops/my-repo"
                    },
                    {
                      "k": "visibility",
                      "v": "public"
                    },
                    {
                      "k": "watchers",
                      "v": 0.0
                    },
                    {
                      "k": "watchers_count",
                      "v": 0.0
                    },
                    {
                      "k": "web_commit_signoff_required",
                      "v": false
                    }
                  ]
                }
              },
              {
                "k": "sender",
                "v": {
                  "t": 2,
                  "d": [
                    {
                      "k": "avatar_url",
                      "v": "https://avatars.githubusercontent.com/u/328057542?v=4"
                    },
                    {
                      "k": "events_url",
                      "v": "https://api.github.com/users/***-ops/events{/privacy}"
                    },
                    {
                      "k": "followers_url",
                      "v": "https://api.github.com/users/***-ops/followers"
                    },
                    {
                      "k": "following_url",
                      "v": "https://api.github.com/users/***-ops/following{/other_user}"
                    },
                    {
                      "k": "gists_url",
                      "v": "https://api.github.com/users/***-ops/gists{/gist_id}"
                    },
                    {
                      "k": "gravatar_id",
                      "v": ""
                    },
                    {
                      "k": "html_url",
                      "v": "https://github.com/***-ops"
                    },
                    {
                      "k": "id",
                      "v": 328057542.0
                    },
                    {
                      "k": "login",
                      "v": "***-ops"
                    },
                    {
                      "k": "node_id",
                      "v": "U_kgDOE43Cxg"
                    },
                    {
                      "k": "organizations_url",
                      "v": "https://api.github.com/users/***-ops/orgs"
                    },
                    {
                      "k": "received_events_url",
                      "v": "https://api.github.com/users/***-ops/received_events"
                    },
                    {
                      "k": "repos_url",
                      "v": "https://api.github.com/users/***-ops/repos"
                    },
                    {
                      "k": "site_admin",
                      "v": false
                    },
                    {
                      "k": "starred_url",
                      "v": "https://api.github.com/users/***-ops/starred{/owner}{/repo}"
                    },
                    {
                      "k": "subscriptions_url",
                      "v": "https://api.github.com/users/***-ops/subscriptions"
                    },
                    {
                      "k": "type",
                      "v": "User"
                    },
                    {
                      "k": "url",
                      "v": "https://api.github.com/users/***-ops"
                    },
                    {
                      "k": "user_view_type",
                      "v": "public"
                    }
                  ]
                }
              }
            ]
          }
        },
        {
          "k": "workflow_ref",
          "v": "***-ops/my-repo/.github/workflows/k8s_by_terraform.yaml@refs/heads/main"
        },
        {
          "k": "workflow_sha",
          "v": "586fa4fdff70a129a6e67ca6a4a66eb515cd71e5"
        },
        {
          "k": "repository_id",
          "v": "1366412515"
        },
        {
          "k": "triggering_actor",
          "v": "***-ops"
        }
      ]
    },
    "inputs": {
      "t": 2
    },
    "job": {
      "t": 2,
      "d": [
        {
          "k": "check_run_id",
          "v": 110043191421.0
        },
        {
          "k": "workflow_ref",
          "v": "***-ops/my-repo/.github/workflows/k8s_by_terraform.yaml@refs/heads/main"
        },
        {
          "k": "workflow_sha",
          "v": "586fa4fdff70a129a6e67ca6a4a66eb515cd71e5"
        },
        {
          "k": "workflow_repository",
          "v": "***-ops/my-repo"
        },
        {
          "k": "workflow_file_path",
          "v": ".github/workflows/k8s_by_terraform.yaml"
        }
      ]
    },
    "matrix": null,
    "needs": {
      "t": 2
    },
    "strategy": {
      "t": 2,
      "d": [
        {
          "k": "fail-fast",
          "v": true
        },
        {
          "k": "job-index",
          "v": 0.0
        },
        {
          "k": "job-total",
          "v": 1.0
        },
        {
          "k": "max-parallel",
          "v": 1.0
        }
      ]
    },
    "vars": {
      "t": 2
    }
  },
  "billingOwnerId": "U_kgDOE43Cxg"
}
[2026-09-30 18:47:52Z INFO JobRunner] Job ID dc42ff90-90ad-52b6-b54e-8f71d770803d
[2026-09-30 18:47:52Z INFO ConfigurationStore] currentAssemblyLocation: D:\cicd\actions-runner\bin\Runner.Worker.dll
[2026-09-30 18:47:52Z INFO HostContext] Well known directory 'Bin': 'D:\cicd\actions-runner\bin'
[2026-09-30 18:47:52Z INFO ConfigurationStore] binPath: D:\cicd\actions-runner\bin
[2026-09-30 18:47:52Z INFO HostContext] Well known directory 'Bin': 'D:\cicd\actions-runner\bin'
[2026-09-30 18:47:52Z INFO HostContext] Well known directory 'Root': 'D:\cicd\actions-runner'
[2026-09-30 18:47:52Z INFO ConfigurationStore] RootFolder: D:\cicd\actions-runner
[2026-09-30 18:47:52Z INFO HostContext] Well known directory 'Bin': 'D:\cicd\actions-runner\bin'
[2026-09-30 18:47:52Z INFO HostContext] Well known directory 'Root': 'D:\cicd\actions-runner'
[2026-09-30 18:47:52Z INFO HostContext] Well known config file 'Runner': 'D:\cicd\actions-runner\.runner'
[2026-09-30 18:47:52Z INFO ConfigurationStore] ConfigFilePath: D:\cicd\actions-runner\.runner
[2026-09-30 18:47:52Z INFO HostContext] Well known directory 'Bin': 'D:\cicd\actions-runner\bin'
[2026-09-30 18:47:52Z INFO HostContext] Well known directory 'Root': 'D:\cicd\actions-runner'
[2026-09-30 18:47:52Z INFO HostContext] Well known config file 'MigratedRunner': 'D:\cicd\actions-runner\.runner_migrated'
[2026-09-30 18:47:52Z INFO ConfigurationStore] MigratedConfigFilePath: D:\cicd\actions-runner\.runner_migrated
[2026-09-30 18:47:52Z INFO HostContext] Well known directory 'Bin': 'D:\cicd\actions-runner\bin'
[2026-09-30 18:47:52Z INFO HostContext] Well known directory 'Root': 'D:\cicd\actions-runner'
[2026-09-30 18:47:52Z INFO HostContext] Well known config file 'Credentials': 'D:\cicd\actions-runner\.credentials'
[2026-09-30 18:47:52Z INFO ConfigurationStore] CredFilePath: D:\cicd\actions-runner\.credentials
[2026-09-30 18:47:52Z INFO HostContext] Well known directory 'Bin': 'D:\cicd\actions-runner\bin'
[2026-09-30 18:47:52Z INFO HostContext] Well known directory 'Root': 'D:\cicd\actions-runner'
[2026-09-30 18:47:52Z INFO HostContext] Well known config file 'MigratedCredentials': 'D:\cicd\actions-runner\.credentials_migrated'
[2026-09-30 18:47:52Z INFO ConfigurationStore] MigratedCredFilePath: D:\cicd\actions-runner\.credentials_migrated
[2026-09-30 18:47:52Z INFO HostContext] Well known directory 'Bin': 'D:\cicd\actions-runner\bin'
[2026-09-30 18:47:52Z INFO HostContext] Well known directory 'Root': 'D:\cicd\actions-runner'
[2026-09-30 18:47:52Z INFO HostContext] Well known config file 'Service': 'D:\cicd\actions-runner\.service'
[2026-09-30 18:47:52Z INFO ConfigurationStore] ServiceConfigFilePath: D:\cicd\actions-runner\.service
[2026-09-30 18:47:52Z INFO ConfigurationStore] Read setting file: 398 chars
[2026-09-30 18:47:52Z INFO JobRunner] Initializing launch client
[2026-09-30 18:47:52Z INFO JobServerQueue] Initializing results client
[2026-09-30 18:47:52Z INFO ResultServer] Creating websocket client ...wss://results-receiver.actions.githubusercontent.com/_ws/ingest.sock
[2026-09-30 18:47:52Z INFO ResultServer] Attempting to start websocket client with delay 00:00:00.
[2026-09-30 18:47:52Z INFO JobServerQueue] Start process web console line queue.
[2026-09-30 18:47:52Z INFO JobServerQueue] Start process file upload queue.
[2026-09-30 18:47:52Z INFO JobServerQueue] Start results file upload queue.
[2026-09-30 18:47:52Z INFO JobServerQueue] Starting results-based upload queue...
[2026-09-30 18:47:52Z INFO JobServerQueue] Start process timeline update queue.
[2026-09-30 18:47:52Z INFO ExecutionContext] Initializing Job context
[2026-09-30 18:47:52Z INFO ExecutionContext] Initialize GitHub context
[2026-09-30 18:47:52Z INFO ExecutionContext] Initialize Env context
[2026-09-30 18:47:52Z INFO HostContext] Well known directory 'Bin': 'D:\cicd\actions-runner\bin'
[2026-09-30 18:47:52Z INFO HostContext] Well known directory 'Root': 'D:\cicd\actions-runner'
[2026-09-30 18:47:52Z INFO HostContext] Well known directory 'Diag': 'D:\cicd\actions-runner\_diag'
[2026-09-30 18:47:52Z INFO HostContext] Well known directory 'Bin': 'D:\cicd\actions-runner\bin'
[2026-09-30 18:47:52Z INFO HostContext] Well known directory 'Root': 'D:\cicd\actions-runner'
[2026-09-30 18:47:52Z INFO HostContext] Well known directory 'Diag': 'D:\cicd\actions-runner\_diag'
[2026-09-30 18:47:52Z INFO JobRunner] Starting the job execution context.
[2026-09-30 18:47:52Z INFO HostContext] Well known directory 'Bin': 'D:\cicd\actions-runner\bin'
[2026-09-30 18:47:52Z INFO HostContext] Well known directory 'Root': 'D:\cicd\actions-runner'
[2026-09-30 18:47:52Z INFO HostContext] Well known directory 'Work': 'D:\cicd\actions-runner\_work'
[2026-09-30 18:47:52Z INFO JobRunner] Validating directory permissions for: 'D:\cicd\actions-runner\_work'
[2026-09-30 18:47:52Z INFO HostContext] Well known directory 'Bin': 'D:\cicd\actions-runner\bin'
[2026-09-30 18:47:52Z INFO HostContext] Well known directory 'Root': 'D:\cicd\actions-runner'
[2026-09-30 18:47:52Z INFO HostContext] Well known directory 'Work': 'D:\cicd\actions-runner\_work'
[2026-09-30 18:47:52Z INFO HostContext] Well known directory 'Tools': 'D:\cicd\actions-runner\_work\_tool'
[2026-09-30 18:47:52Z INFO HostContext] Well known directory 'Bin': 'D:\cicd\actions-runner\bin'
[2026-09-30 18:47:52Z INFO HostContext] Well known directory 'Root': 'D:\cicd\actions-runner'
[2026-09-30 18:47:52Z INFO HostContext] Well known directory 'Work': 'D:\cicd\actions-runner\_work'
[2026-09-30 18:47:52Z INFO HostContext] Well known directory 'Temp': 'D:\cicd\actions-runner\_work\_temp'
[2026-09-30 18:47:52Z INFO JobRunner] Getting job extension.
[2026-09-30 18:47:52Z INFO JobRunner] Initialize job. Getting all job steps.
[2026-09-30 18:47:52Z INFO HostContext] Well known directory 'Bin': 'D:\cicd\actions-runner\bin'
[2026-09-30 18:47:52Z INFO HostContext] Well known directory 'Root': 'D:\cicd\actions-runner'
[2026-09-30 18:47:52Z INFO HostContext] Well known directory 'Diag': 'D:\cicd\actions-runner\_diag'
[2026-09-30 18:47:52Z INFO HostContext] Well known directory 'Bin': 'D:\cicd\actions-runner\bin'
[2026-09-30 18:47:52Z INFO HostContext] Well known directory 'Root': 'D:\cicd\actions-runner'
[2026-09-30 18:47:52Z INFO HostContext] Well known directory 'Diag': 'D:\cicd\actions-runner\_diag'
[2026-09-30 18:47:52Z INFO HostContext] Well known directory 'Bin': 'D:\cicd\actions-runner\bin'
[2026-09-30 18:47:52Z INFO HostContext] Well known directory 'Root': 'D:\cicd\actions-runner'
[2026-09-30 18:47:52Z INFO HostContext] Well known config file 'Credentials': 'D:\cicd\actions-runner\.credentials'
[2026-09-30 18:47:52Z INFO HostContext] Well known directory 'Bin': 'D:\cicd\actions-runner\bin'
[2026-09-30 18:47:52Z INFO HostContext] Well known directory 'Root': 'D:\cicd\actions-runner'
[2026-09-30 18:47:52Z INFO HostContext] Well known config file 'SetupInfo': 'D:\cicd\actions-runner\.setup_info'
[2026-09-30 18:47:52Z INFO HostContext] Well known directory 'Bin': 'D:\cicd\actions-runner\bin'
[2026-09-30 18:47:52Z INFO HostContext] Well known directory 'Root': 'D:\cicd\actions-runner'
[2026-09-30 18:47:52Z INFO HostContext] Well known directory 'Work': 'D:\cicd\actions-runner\_work'
[2026-09-30 18:47:52Z INFO PipelineDirectoryManager] Loading tracking config if exists: D:\cicd\actions-runner\_work\_PipelineMapping\***-ops/my-repo\PipelineFolder.json
[2026-09-30 18:47:52Z INFO PipelineDirectoryManager] Updating job run properties.
[2026-09-30 18:47:52Z INFO HostContext] Well known directory 'Bin': 'D:\cicd\actions-runner\bin'
[2026-09-30 18:47:52Z INFO HostContext] Well known directory 'Root': 'D:\cicd\actions-runner'
[2026-09-30 18:47:52Z INFO HostContext] Well known directory 'Work': 'D:\cicd\actions-runner\_work'
[2026-09-30 18:47:52Z INFO HostContext] Well known directory 'Bin': 'D:\cicd\actions-runner\bin'
[2026-09-30 18:47:52Z INFO HostContext] Well known directory 'Root': 'D:\cicd\actions-runner'
[2026-09-30 18:47:52Z INFO HostContext] Well known directory 'Work': 'D:\cicd\actions-runner\_work'
[2026-09-30 18:47:52Z INFO HostContext] Well known directory 'Bin': 'D:\cicd\actions-runner\bin'
[2026-09-30 18:47:52Z INFO HostContext] Well known directory 'Root': 'D:\cicd\actions-runner'
[2026-09-30 18:47:52Z INFO HostContext] Well known directory 'Work': 'D:\cicd\actions-runner\_work'
[2026-09-30 18:47:52Z INFO JobExtension] Downloading actions
[2026-09-30 18:47:52Z INFO HostContext] Well known directory 'Bin': 'D:\cicd\actions-runner\bin'
[2026-09-30 18:47:52Z INFO HostContext] Well known directory 'Root': 'D:\cicd\actions-runner'
[2026-09-30 18:47:52Z INFO HostContext] Well known directory 'Work': 'D:\cicd\actions-runner\_work'
[2026-09-30 18:47:52Z INFO HostContext] Well known directory 'Actions': 'D:\cicd\actions-runner\_work\_actions'
[2026-09-30 18:47:52Z INFO Worker] Listening for cancel message from the channel.
[2026-09-30 18:47:52Z INFO Worker] Waiting for the job to complete or for a cancel message from the channel.
[2026-09-30 18:47:53Z INFO ResultServer] Successfully started websocket client.
[2026-09-30 18:47:53Z INFO JobServerQueue] Try to append 1 batches web console lines for record 'cc88133b-493c-48c8-8367-d3e170e03961', success rate: 1/1.
[2026-09-30 18:47:53Z INFO HostContext] Well known directory 'Bin': 'D:\cicd\actions-runner\bin'
[2026-09-30 18:47:53Z INFO HostContext] Well known directory 'Root': 'D:\cicd\actions-runner'
[2026-09-30 18:47:53Z INFO HostContext] Well known directory 'Work': 'D:\cicd\actions-runner\_work'
[2026-09-30 18:47:53Z INFO HostContext] Well known directory 'Actions': 'D:\cicd\actions-runner\_work\_actions'
[2026-09-30 18:47:53Z INFO HostContext] Well known directory 'Bin': 'D:\cicd\actions-runner\bin'
[2026-09-30 18:47:53Z INFO HostContext] Well known directory 'Root': 'D:\cicd\actions-runner'
[2026-09-30 18:47:53Z INFO HostContext] Well known directory 'Work': 'D:\cicd\actions-runner\_work'
[2026-09-30 18:47:53Z INFO HostContext] Well known directory 'Actions': 'D:\cicd\actions-runner\_work\_actions'
[2026-09-30 18:47:53Z INFO ActionManager] Save archive 'https://codeload.github.com/actions/checkout/zip/11d5960a326750d5838078e36cf38b85af677262' into D:\cicd\actions-runner\_work\_actions\_temp_f2e2a6f9-7936-4457-ab07-9412b0e68d21\d37658c9-0009-47ae-b523-35bb4c454b9c.zip.
[2026-09-30 18:47:53Z INFO ActionManager] Using Basic token for action archive download.
[2026-09-30 18:47:53Z INFO JobServerQueue] Try to append 1 batches web console lines for record 'cc88133b-493c-48c8-8367-d3e170e03961', success rate: 1/1.
[2026-09-30 18:47:53Z INFO JobServerQueue] Job timeline record has been updated for the first time.
[2026-09-30 18:47:54Z INFO ActionManager] Request URL: https://codeload.github.com/actions/checkout/zip/11d5960a326750d5838078e36cf38b85af677262 X-GitHub-Request-Id: E427:ED677:3DBF6:257043:6ABD595B Http Status: OK
[2026-09-30 18:47:55Z INFO ActionManager] Finished getting action repository.
[2026-09-30 18:47:55Z INFO HostContext] Well known directory 'Bin': 'D:\cicd\actions-runner\bin'
[2026-09-30 18:47:55Z INFO HostContext] Well known directory 'Root': 'D:\cicd\actions-runner'
[2026-09-30 18:47:55Z INFO HostContext] Well known directory 'Work': 'D:\cicd\actions-runner\_work'
[2026-09-30 18:47:55Z INFO HostContext] Well known directory 'Actions': 'D:\cicd\actions-runner\_work\_actions'
[2026-09-30 18:47:55Z INFO ActionManifestManagerLegacy] Load schema file with definitions: [
  "null",
  "boolean",
  "number",
  "string",
  "sequence",
  "mapping",
  "any",
  "action-root",
  "inputs",
  "input",
  "outputs",
  "output-definition",
  "runs",
  "container-runs",
  "container-runs-args",
  "container-runs-env",
  "node-runs",
  "plugin-runs",
  "composite-runs",
  "composite-steps",
  "composite-step",
  "run-step",
  "uses-step",
  "container-runs-context",
  "output-value",
  "input-default-context",
  "non-empty-string",
  "string-steps-context",
  "boolean-steps-context",
  "step-env",
  "step-if",
  "step-with"
]
[2026-09-30 18:47:55Z INFO ActionManifestManager] Load schema file with definitions: [
  "null",
  "boolean",
  "number",
  "string",
  "sequence",
  "mapping",
  "any",
  "action-root",
  "inputs",
  "input",
  "outputs",
  "output-definition",
  "runs",
  "container-runs",
  "container-runs-args",
  "container-runs-env",
  "node-runs",
  "plugin-runs",
  "composite-runs",
  "composite-steps",
  "composite-step",
  "run-step",
  "uses-step",
  "container-runs-context",
  "output-value",
  "input-default-context",
  "non-empty-string",
  "string-steps-context",
  "boolean-steps-context",
  "step-env",
  "step-if",
  "step-with"
]
[2026-09-30 18:47:55Z INFO HostContext] Well known directory 'Bin': 'D:\cicd\actions-runner\bin'
[2026-09-30 18:47:55Z INFO HostContext] Well known directory 'Root': 'D:\cicd\actions-runner'
[2026-09-30 18:47:55Z INFO HostContext] Well known directory 'Work': 'D:\cicd\actions-runner\_work'
[2026-09-30 18:47:55Z INFO HostContext] Well known directory 'Actions': 'D:\cicd\actions-runner\_work\_actions'
[2026-09-30 18:47:55Z INFO ActionManifestManagerLegacy] Loaded action.yml file: {
  "name": "Checkout",
  "description": "Checkout a Git repository at a particular version",
  "inputs": {
    "type": 2,
    "map": [
      {
        "key": {
          "type": 0,
          "file": 2,
          "line": 4,
          "col": 3,
          "lit": "repository"
        },
        "value": {
          "type": 3,
          "file": 2,
          "line": 6,
          "col": 14,
          "expr": "github.repository"
        }
      },
      {
        "key": {
          "type": 0,
          "file": 2,
          "line": 7,
          "col": 3,
          "lit": "ref"
        },
        "value": ""
      },
      {
        "key": {
          "type": 0,
          "file": 2,
          "line": 12,
          "col": 3,
          "lit": "token"
        },
        "value": {
          "type": 3,
          "file": 2,
          "line": 24,
          "col": 14,
          "expr": "github.token"
        }
      },
      {
        "key": {
          "type": 0,
          "file": 2,
          "line": 25,
          "col": 3,
          "lit": "ssh-key"
        },
        "value": ""
      },
      {
        "key": {
          "type": 0,
          "file": 2,
          "line": 37,
          "col": 3,
          "lit": "ssh-known-hosts"
        },
        "value": ""
      },
      {
        "key": {
          "type": 0,
          "file": 2,
          "line": 42,
          "col": 3,
          "lit": "ssh-strict"
        },
        "value": {
          "type": 0,
          "file": 2,
          "line": 47,
          "col": 14,
          "lit": "true"
        }
      },
      {
        "key": {
          "type": 0,
          "file": 2,
          "line": 48,
          "col": 3,
          "lit": "ssh-user"
        },
        "value": {
          "type": 0,
          "file": 2,
          "line": 51,
          "col": 14,
          "lit": "git"
        }
      },
      {
        "key": {
          "type": 0,
          "file": 2,
          "line": 52,
          "col": 3,
          "lit": "persist-credentials"
        },
        "value": {
          "type": 0,
          "file": 2,
          "line": 54,
          "col": 14,
          "lit": "true"
        }
      },
      {
        "key": {
          "type": 0,
          "file": 2,
          "line": 55,
          "col": 3,
          "lit": "path"
        },
        "value": ""
      },
      {
        "key": {
          "type": 0,
          "file": 2,
          "line": 57,
          "col": 3,
          "lit": "clean"
        },
        "value": {
          "type": 0,
          "file": 2,
          "line": 59,
          "col": 14,
          "lit": "true"
        }
      },
      {
        "key": {
          "type": 0,
          "file": 2,
          "line": 60,
          "col": 3,
          "lit": "filter"
        },
        "value": {
          "type": 0,
          "file": 2,
          "line": 64,
          "col": 14,
          "lit": ""
        }
      },
      {
        "key": {
          "type": 0,
          "file": 2,
          "line": 65,
          "col": 3,
          "lit": "sparse-checkout"
        },
        "value": {
          "type": 0,
          "file": 2,
          "line": 69,
          "col": 14,
          "lit": ""
        }
      },
      {
        "key": {
          "type": 0,
          "file": 2,
          "line": 70,
          "col": 3,
          "lit": "sparse-checkout-cone-mode"
        },
        "value": {
          "type": 0,
          "file": 2,
          "line": 73,
          "col": 14,
          "lit": "true"
        }
      },
      {
        "key": {
          "type": 0,
          "file": 2,
          "line": 74,
          "col": 3,
          "lit": "fetch-depth"
        },
        "value": {
          "type": 0,
          "file": 2,
          "line": 76,
          "col": 14,
          "lit": "1"
        }
      },
      {
        "key": {
          "type": 0,
          "file": 2,
          "line": 77,
          "col": 3,
          "lit": "fetch-tags"
        },
        "value": {
          "type": 0,
          "file": 2,
          "line": 79,
          "col": 14,
          "lit": "false"
        }
      },
      {
        "key": {
          "type": 0,
          "file": 2,
          "line": 80,
          "col": 3,
          "lit": "show-progress"
        },
        "value": {
          "type": 0,
          "file": 2,
          "line": 82,
          "col": 14,
          "lit": "true"
        }
      },
      {
        "key": {
          "type": 0,
          "file": 2,
          "line": 83,
          "col": 3,
          "lit": "lfs"
        },
        "value": {
          "type": 0,
          "file": 2,
          "line": 85,
          "col": 14,
          "lit": "false"
        }
      },
      {
        "key": {
          "type": 0,
          "file": 2,
          "line": 86,
          "col": 3,
          "lit": "submodules"
        },
        "value": {
          "type": 0,
          "file": 2,
          "line": 94,
          "col": 14,
          "lit": "false"
        }
      },
      {
        "key": {
          "type": 0,
          "file": 2,
          "line": 95,
          "col": 3,
          "lit": "set-safe-directory"
        },
        "value": {
          "type": 0,
          "file": 2,
          "line": 97,
          "col": 14,
          "lit": "true"
        }
      },
      {
        "key": {
          "type": 0,
          "file": 2,
          "line": 98,
          "col": 3,
          "lit": "github-server-url"
        },
        "value": ""
      },
      {
        "key": {
          "type": 0,
          "file": 2,
          "line": 101,
          "col": 3,
          "lit": "allow-unsafe-pr-checkout"
        },
        "value": {
          "type": 0,
          "file": 2,
          "line": 109,
          "col": 14,
          "lit": "false"
        }
      }
    ]
  },
  "execution": {
    "executionType": "nodeJS",
    "hasPre": false,
    "hasPost": true,
    "script": "dist/index.js",
    "pre": null,
    "post": "dist/index.js",
    "nodeVersion": "node20",
    "cleanupCondition": "always()",
    "initCondition": "always()"
  },
  "deprecated": null
}
[2026-09-30 18:47:55Z INFO ActionManager] Action node.js file: dist/index.js, no more preparation.
[2026-09-30 18:47:55Z INFO HostContext] Well known directory 'Bin': 'D:\cicd\actions-runner\bin'
[2026-09-30 18:47:55Z INFO HostContext] Well known directory 'Root': 'D:\cicd\actions-runner'
[2026-09-30 18:47:55Z INFO HostContext] Well known directory 'Work': 'D:\cicd\actions-runner\_work'
[2026-09-30 18:47:55Z INFO HostContext] Well known directory 'Actions': 'D:\cicd\actions-runner\_work\_actions'
[2026-09-30 18:47:55Z INFO ActionManager] Load action that reference repository from 'D:\cicd\actions-runner\_work\_actions\actions\checkout\v4'
[2026-09-30 18:47:55Z INFO HostContext] Well known directory 'Bin': 'D:\cicd\actions-runner\bin'
[2026-09-30 18:47:55Z INFO HostContext] Well known directory 'Root': 'D:\cicd\actions-runner'
[2026-09-30 18:47:55Z INFO HostContext] Well known directory 'Work': 'D:\cicd\actions-runner\_work'
[2026-09-30 18:47:55Z INFO HostContext] Well known directory 'Actions': 'D:\cicd\actions-runner\_work\_actions'
[2026-09-30 18:47:55Z INFO ActionManifestManagerLegacy] Loaded action.yml file: {
  "name": "Checkout",
  "description": "Checkout a Git repository at a particular version",
  "inputs": {
    "type": 2,
    "map": [
      {
        "key": {
          "type": 0,
          "file": 2,
          "line": 4,
          "col": 3,
          "lit": "repository"
        },
        "value": {
          "type": 3,
          "file": 2,
          "line": 6,
          "col": 14,
          "expr": "github.repository"
        }
      },
      {
        "key": {
          "type": 0,
          "file": 2,
          "line": 7,
          "col": 3,
          "lit": "ref"
        },
        "value": ""
      },
      {
        "key": {
          "type": 0,
          "file": 2,
          "line": 12,
          "col": 3,
          "lit": "token"
        },
        "value": {
          "type": 3,
          "file": 2,
          "line": 24,
          "col": 14,
          "expr": "github.token"
        }
      },
      {
        "key": {
          "type": 0,
          "file": 2,
          "line": 25,
          "col": 3,
          "lit": "ssh-key"
        },
        "value": ""
      },
      {
        "key": {
          "type": 0,
          "file": 2,
          "line": 37,
          "col": 3,
          "lit": "ssh-known-hosts"
        },
        "value": ""
      },
      {
        "key": {
          "type": 0,
          "file": 2,
          "line": 42,
          "col": 3,
          "lit": "ssh-strict"
        },
        "value": {
          "type": 0,
          "file": 2,
          "line": 47,
          "col": 14,
          "lit": "true"
        }
      },
      {
        "key": {
          "type": 0,
          "file": 2,
          "line": 48,
          "col": 3,
          "lit": "ssh-user"
        },
        "value": {
          "type": 0,
          "file": 2,
          "line": 51,
          "col": 14,
          "lit": "git"
        }
      },
      {
        "key": {
          "type": 0,
          "file": 2,
          "line": 52,
          "col": 3,
          "lit": "persist-credentials"
        },
        "value": {
          "type": 0,
          "file": 2,
          "line": 54,
          "col": 14,
          "lit": "true"
        }
      },
      {
        "key": {
          "type": 0,
          "file": 2,
          "line": 55,
          "col": 3,
          "lit": "path"
        },
        "value": ""
      },
      {
        "key": {
          "type": 0,
          "file": 2,
          "line": 57,
          "col": 3,
          "lit": "clean"
        },
        "value": {
          "type": 0,
          "file": 2,
          "line": 59,
          "col": 14,
          "lit": "true"
        }
      },
      {
        "key": {
          "type": 0,
          "file": 2,
          "line": 60,
          "col": 3,
          "lit": "filter"
        },
        "value": {
          "type": 0,
          "file": 2,
          "line": 64,
          "col": 14,
          "lit": ""
        }
      },
      {
        "key": {
          "type": 0,
          "file": 2,
          "line": 65,
          "col": 3,
          "lit": "sparse-checkout"
        },
        "value": {
          "type": 0,
          "file": 2,
          "line": 69,
          "col": 14,
          "lit": ""
        }
      },
      {
        "key": {
          "type": 0,
          "file": 2,
          "line": 70,
          "col": 3,
          "lit": "sparse-checkout-cone-mode"
        },
        "value": {
          "type": 0,
          "file": 2,
          "line": 73,
          "col": 14,
          "lit": "true"
        }
      },
      {
        "key": {
          "type": 0,
          "file": 2,
          "line": 74,
          "col": 3,
          "lit": "fetch-depth"
        },
        "value": {
          "type": 0,
          "file": 2,
          "line": 76,
          "col": 14,
          "lit": "1"
        }
      },
      {
        "key": {
          "type": 0,
          "file": 2,
          "line": 77,
          "col": 3,
          "lit": "fetch-tags"
        },
        "value": {
          "type": 0,
          "file": 2,
          "line": 79,
          "col": 14,
          "lit": "false"
        }
      },
      {
        "key": {
          "type": 0,
          "file": 2,
          "line": 80,
          "col": 3,
          "lit": "show-progress"
        },
        "value": {
          "type": 0,
          "file": 2,
          "line": 82,
          "col": 14,
          "lit": "true"
        }
      },
      {
        "key": {
          "type": 0,
          "file": 2,
          "line": 83,
          "col": 3,
          "lit": "lfs"
        },
        "value": {
          "type": 0,
          "file": 2,
          "line": 85,
          "col": 14,
          "lit": "false"
        }
      },
      {
        "key": {
          "type": 0,
          "file": 2,
          "line": 86,
          "col": 3,
          "lit": "submodules"
        },
        "value": {
          "type": 0,
          "file": 2,
          "line": 94,
          "col": 14,
          "lit": "false"
        }
      },
      {
        "key": {
          "type": 0,
          "file": 2,
          "line": 95,
          "col": 3,
          "lit": "set-safe-directory"
        },
        "value": {
          "type": 0,
          "file": 2,
          "line": 97,
          "col": 14,
          "lit": "true"
        }
      },
      {
        "key": {
          "type": 0,
          "file": 2,
          "line": 98,
          "col": 3,
          "lit": "github-server-url"
        },
        "value": ""
      },
      {
        "key": {
          "type": 0,
          "file": 2,
          "line": 101,
          "col": 3,
          "lit": "allow-unsafe-pr-checkout"
        },
        "value": {
          "type": 0,
          "file": 2,
          "line": 109,
          "col": 14,
          "lit": "false"
        }
      }
    ]
  },
  "execution": {
    "executionType": "nodeJS",
    "hasPre": false,
    "hasPost": true,
    "script": "dist/index.js",
    "pre": null,
    "post": "dist/index.js",
    "nodeVersion": "node20",
    "cleanupCondition": "always()",
    "initCondition": "always()"
  },
  "deprecated": null
}
[2026-09-30 18:47:55Z INFO ActionManager] Action pre node.js file: N/A.
[2026-09-30 18:47:55Z INFO ActionManager] Action node.js file: dist/index.js.
[2026-09-30 18:47:55Z INFO ActionManager] Action post node.js file: dist/index.js.
[2026-09-30 18:47:55Z INFO JobExtension] Adding .
[2026-09-30 18:47:55Z INFO JobExtension] Adding .
[2026-09-30 18:47:55Z INFO JobExtension] Adding .
[2026-09-30 18:47:55Z INFO JobExtension] Adding .
[2026-09-30 18:47:55Z INFO JobExtension] Adding .
[2026-09-30 18:47:55Z INFO JobExtension] Adding .
[2026-09-30 18:47:55Z INFO JobExtension] Adding .
[2026-09-30 18:47:55Z INFO JobExtension] Adding .
[2026-09-30 18:47:55Z INFO JobExtension] Adding .
[2026-09-30 18:47:55Z INFO HostContext] Well known directory 'Bin': 'D:\cicd\actions-runner\bin'
[2026-09-30 18:47:55Z INFO HostContext] Well known directory 'Root': 'D:\cicd\actions-runner'
[2026-09-30 18:47:55Z INFO HostContext] Well known directory 'Diag': 'D:\cicd\actions-runner\_diag'
[2026-09-30 18:47:55Z INFO HostContext] Well known directory 'Bin': 'D:\cicd\actions-runner\bin'
[2026-09-30 18:47:55Z INFO HostContext] Well known directory 'Root': 'D:\cicd\actions-runner'
[2026-09-30 18:47:55Z INFO HostContext] Well known directory 'Diag': 'D:\cicd\actions-runner\_diag'
[2026-09-30 18:47:55Z INFO HostContext] Well known directory 'Bin': 'D:\cicd\actions-runner\bin'
[2026-09-30 18:47:55Z INFO HostContext] Well known directory 'Root': 'D:\cicd\actions-runner'
[2026-09-30 18:47:55Z INFO HostContext] Well known directory 'Diag': 'D:\cicd\actions-runner\_diag'
[2026-09-30 18:47:55Z INFO HostContext] Well known directory 'Bin': 'D:\cicd\actions-runner\bin'
[2026-09-30 18:47:55Z INFO HostContext] Well known directory 'Root': 'D:\cicd\actions-runner'
[2026-09-30 18:47:55Z INFO HostContext] Well known directory 'Diag': 'D:\cicd\actions-runner\_diag'
[2026-09-30 18:47:55Z INFO HostContext] Well known directory 'Bin': 'D:\cicd\actions-runner\bin'
[2026-09-30 18:47:55Z INFO HostContext] Well known directory 'Root': 'D:\cicd\actions-runner'
[2026-09-30 18:47:55Z INFO HostContext] Well known directory 'Diag': 'D:\cicd\actions-runner\_diag'
[2026-09-30 18:47:55Z INFO HostContext] Well known directory 'Bin': 'D:\cicd\actions-runner\bin'
[2026-09-30 18:47:55Z INFO HostContext] Well known directory 'Root': 'D:\cicd\actions-runner'
[2026-09-30 18:47:55Z INFO HostContext] Well known directory 'Diag': 'D:\cicd\actions-runner\_diag'
[2026-09-30 18:47:55Z INFO HostContext] Well known directory 'Bin': 'D:\cicd\actions-runner\bin'
[2026-09-30 18:47:55Z INFO HostContext] Well known directory 'Root': 'D:\cicd\actions-runner'
[2026-09-30 18:47:55Z INFO HostContext] Well known directory 'Diag': 'D:\cicd\actions-runner\_diag'
[2026-09-30 18:47:55Z INFO HostContext] Well known directory 'Bin': 'D:\cicd\actions-runner\bin'
[2026-09-30 18:47:55Z INFO HostContext] Well known directory 'Root': 'D:\cicd\actions-runner'
[2026-09-30 18:47:55Z INFO HostContext] Well known directory 'Diag': 'D:\cicd\actions-runner\_diag'
[2026-09-30 18:47:55Z INFO HostContext] Well known directory 'Bin': 'D:\cicd\actions-runner\bin'
[2026-09-30 18:47:55Z INFO HostContext] Well known directory 'Root': 'D:\cicd\actions-runner'
[2026-09-30 18:47:55Z INFO HostContext] Well known directory 'Diag': 'D:\cicd\actions-runner\_diag'
[2026-09-30 18:47:55Z INFO HostContext] Well known directory 'Bin': 'D:\cicd\actions-runner\bin'
[2026-09-30 18:47:55Z INFO HostContext] Well known directory 'Root': 'D:\cicd\actions-runner'
[2026-09-30 18:47:55Z INFO HostContext] Well known directory 'Diag': 'D:\cicd\actions-runner\_diag'
[2026-09-30 18:47:55Z INFO HostContext] Well known directory 'Bin': 'D:\cicd\actions-runner\bin'
[2026-09-30 18:47:55Z INFO HostContext] Well known directory 'Root': 'D:\cicd\actions-runner'
[2026-09-30 18:47:55Z INFO HostContext] Well known directory 'Diag': 'D:\cicd\actions-runner\_diag'
[2026-09-30 18:47:55Z INFO HostContext] Well known directory 'Bin': 'D:\cicd\actions-runner\bin'
[2026-09-30 18:47:55Z INFO HostContext] Well known directory 'Root': 'D:\cicd\actions-runner'
[2026-09-30 18:47:55Z INFO HostContext] Well known directory 'Diag': 'D:\cicd\actions-runner\_diag'
[2026-09-30 18:47:55Z INFO HostContext] Well known directory 'Bin': 'D:\cicd\actions-runner\bin'
[2026-09-30 18:47:55Z INFO HostContext] Well known directory 'Root': 'D:\cicd\actions-runner'
[2026-09-30 18:47:55Z INFO HostContext] Well known directory 'Diag': 'D:\cicd\actions-runner\_diag'
[2026-09-30 18:47:55Z INFO HostContext] Well known directory 'Bin': 'D:\cicd\actions-runner\bin'
[2026-09-30 18:47:55Z INFO HostContext] Well known directory 'Root': 'D:\cicd\actions-runner'
[2026-09-30 18:47:55Z INFO HostContext] Well known directory 'Diag': 'D:\cicd\actions-runner\_diag'
[2026-09-30 18:47:55Z INFO HostContext] Well known directory 'Bin': 'D:\cicd\actions-runner\bin'
[2026-09-30 18:47:55Z INFO HostContext] Well known directory 'Root': 'D:\cicd\actions-runner'
[2026-09-30 18:47:55Z INFO HostContext] Well known directory 'Diag': 'D:\cicd\actions-runner\_diag'
[2026-09-30 18:47:55Z INFO HostContext] Well known directory 'Bin': 'D:\cicd\actions-runner\bin'
[2026-09-30 18:47:55Z INFO HostContext] Well known directory 'Root': 'D:\cicd\actions-runner'
[2026-09-30 18:47:55Z INFO HostContext] Well known directory 'Diag': 'D:\cicd\actions-runner\_diag'
[2026-09-30 18:47:55Z INFO HostContext] Well known directory 'Bin': 'D:\cicd\actions-runner\bin'
[2026-09-30 18:47:55Z INFO HostContext] Well known directory 'Root': 'D:\cicd\actions-runner'
[2026-09-30 18:47:55Z INFO HostContext] Well known directory 'Diag': 'D:\cicd\actions-runner\_diag'
[2026-09-30 18:47:55Z INFO HostContext] Well known directory 'Bin': 'D:\cicd\actions-runner\bin'
[2026-09-30 18:47:55Z INFO HostContext] Well known directory 'Root': 'D:\cicd\actions-runner'
[2026-09-30 18:47:55Z INFO HostContext] Well known directory 'Diag': 'D:\cicd\actions-runner\_diag'
[2026-09-30 18:47:55Z INFO JobExtension] Total accessible running process: 353.
[2026-09-30 18:47:55Z INFO HostContext] Well known directory 'Bin': 'D:\cicd\actions-runner\bin'
[2026-09-30 18:47:55Z INFO HostContext] Well known directory 'Root': 'D:\cicd\actions-runner'
[2026-09-30 18:47:55Z INFO HostContext] Well known directory 'Work': 'D:\cicd\actions-runner\_work'
[2026-09-30 18:47:55Z INFO JobExtension] Start checking server connectivity.
[2026-09-30 18:47:55Z INFO JobExtension] Check server connectivity for https://broker.actions.githubusercontent.com/health.
[2026-09-30 18:47:55Z INFO JobExtension] Check server connectivity for https://token.actions.githubusercontent.com/ready.
[2026-09-30 18:47:55Z INFO JobExtension] Check server connectivity for https://run.actions.githubusercontent.com/health.
[2026-09-30 18:47:55Z INFO JobExtension] Start checking service connectivity in background.
[2026-09-30 18:47:55Z INFO ExecutionContext] Publish step telemetry for current step {
  "action": "setup_job",
  "type": "runner",
  "stage": "Pre",
  "stepId": "cc88133b-493c-48c8-8367-d3e170e03961",
  "result": "succeeded",
  "errorMessages": [],
  "executionTimeInSeconds": 4,
  "startTime": "2026-09-30T18:47:52.6497258Z",
  "finishTime": "2026-09-30T18:47:55.8379312Z"
}.
[2026-09-30 18:47:55Z INFO JobRunner] Total job steps: 9.
[2026-09-30 18:47:55Z INFO JobRunner] Run all job steps.
[2026-09-30 18:47:55Z INFO DapDebugger] DapDebugger initialized
[2026-09-30 18:47:55Z INFO StepsRunner] Processing step: DisplayName='Checkout Code'
[2026-09-30 18:47:55Z INFO StepsRunner] Evaluating: success()
[2026-09-30 18:47:55Z INFO StepsRunner] Result: true
[2026-09-30 18:47:55Z INFO StepsRunner] Starting the step.
[2026-09-30 18:47:55Z INFO HostContext] Well known directory 'Bin': 'D:\cicd\actions-runner\bin'
[2026-09-30 18:47:55Z INFO HostContext] Well known directory 'Root': 'D:\cicd\actions-runner'
[2026-09-30 18:47:55Z INFO HostContext] Well known directory 'Work': 'D:\cicd\actions-runner\_work'
[2026-09-30 18:47:55Z INFO StepsRunner] Which2: 'chcp'
[2026-09-30 18:47:55Z INFO StepsRunner] Location: 'C:\WINDOWS\system32\chcp.COM'
[2026-09-30 18:47:55Z INFO ProcessInvokerWrapper] Starting process:
[2026-09-30 18:47:55Z INFO ProcessInvokerWrapper]   File name: 'C:\WINDOWS\system32\chcp.COM'
[2026-09-30 18:47:55Z INFO ProcessInvokerWrapper]   Arguments: '65001'
[2026-09-30 18:47:55Z INFO ProcessInvokerWrapper]   Working directory: 'D:\cicd\actions-runner\_work'
[2026-09-30 18:47:55Z INFO ProcessInvokerWrapper]   Require exit code zero: 'False'
[2026-09-30 18:47:55Z INFO ProcessInvokerWrapper]   Encoding web name:  ; code page: ''
[2026-09-30 18:47:55Z INFO ProcessInvokerWrapper]   Force kill process on cancellation: 'False'
[2026-09-30 18:47:55Z INFO ProcessInvokerWrapper]   Redirected STDIN: 'False'
[2026-09-30 18:47:55Z INFO ProcessInvokerWrapper]   Persist current code page: 'True'
[2026-09-30 18:47:55Z INFO ProcessInvokerWrapper]   Keep redirected STDIN open: 'False'
[2026-09-30 18:47:55Z INFO ProcessInvokerWrapper]   High priority process: 'False'
[2026-09-30 18:47:55Z INFO JobServerQueue] Try to append 1 batches web console lines for record 'cc88133b-493c-48c8-8367-d3e170e03961', success rate: 1/1.
[2026-09-30 18:47:55Z INFO ProcessInvokerWrapper] Process started with process id 20312, waiting for process exit.
[2026-09-30 18:47:55Z INFO ProcessInvokerWrapper] STDOUT/STDERR stream read finished.
[2026-09-30 18:47:55Z INFO ProcessInvokerWrapper] STDOUT/STDERR stream read finished.
[2026-09-30 18:47:55Z INFO ProcessInvokerWrapper] Finished process 20312 with exit code 0, and elapsed time 00:00:00.0410868.
[2026-09-30 18:47:55Z INFO StepsRunner] Successfully returned to code page 65001 (UTF8)
[2026-09-30 18:47:55Z INFO HostContext] Well known directory 'Bin': 'D:\cicd\actions-runner\bin'
[2026-09-30 18:47:55Z INFO HostContext] Well known directory 'Root': 'D:\cicd\actions-runner'
[2026-09-30 18:47:55Z INFO HostContext] Well known directory 'Work': 'D:\cicd\actions-runner\_work'
[2026-09-30 18:47:55Z INFO HostContext] Well known directory 'Actions': 'D:\cicd\actions-runner\_work\_actions'
[2026-09-30 18:47:55Z INFO ActionManager] Load action that reference repository from 'D:\cicd\actions-runner\_work\_actions\actions\checkout\v4'
[2026-09-30 18:47:55Z INFO HostContext] Well known directory 'Bin': 'D:\cicd\actions-runner\bin'
[2026-09-30 18:47:55Z INFO HostContext] Well known directory 'Root': 'D:\cicd\actions-runner'
[2026-09-30 18:47:55Z INFO HostContext] Well known directory 'Work': 'D:\cicd\actions-runner\_work'
[2026-09-30 18:47:55Z INFO HostContext] Well known directory 'Actions': 'D:\cicd\actions-runner\_work\_actions'
[2026-09-30 18:47:55Z INFO ActionManifestManagerLegacy] Loaded action.yml file: {
  "name": "Checkout",
  "description": "Checkout a Git repository at a particular version",
  "inputs": {
    "type": 2,
    "map": [
      {
        "key": {
          "type": 0,
          "file": 2,
          "line": 4,
          "col": 3,
          "lit": "repository"
        },
        "value": {
          "type": 3,
          "file": 2,
          "line": 6,
          "col": 14,
          "expr": "github.repository"
        }
      },
      {
        "key": {
          "type": 0,
          "file": 2,
          "line": 7,
          "col": 3,
          "lit": "ref"
        },
        "value": ""
      },
      {
        "key": {
          "type": 0,
          "file": 2,
          "line": 12,
          "col": 3,
          "lit": "token"
        },
        "value": {
          "type": 3,
          "file": 2,
          "line": 24,
          "col": 14,
          "expr": "github.token"
        }
      },
      {
        "key": {
          "type": 0,
          "file": 2,
          "line": 25,
          "col": 3,
          "lit": "ssh-key"
        },
        "value": ""
      },
      {
        "key": {
          "type": 0,
          "file": 2,
          "line": 37,
          "col": 3,
          "lit": "ssh-known-hosts"
        },
        "value": ""
      },
      {
        "key": {
          "type": 0,
          "file": 2,
          "line": 42,
          "col": 3,
          "lit": "ssh-strict"
        },
        "value": {
          "type": 0,
          "file": 2,
          "line": 47,
          "col": 14,
          "lit": "true"
        }
      },
      {
        "key": {
          "type": 0,
          "file": 2,
          "line": 48,
          "col": 3,
          "lit": "ssh-user"
        },
        "value": {
          "type": 0,
          "file": 2,
          "line": 51,
          "col": 14,
          "lit": "git"
        }
      },
      {
        "key": {
          "type": 0,
          "file": 2,
          "line": 52,
          "col": 3,
          "lit": "persist-credentials"
        },
        "value": {
          "type": 0,
          "file": 2,
          "line": 54,
          "col": 14,
          "lit": "true"
        }
      },
      {
        "key": {
          "type": 0,
          "file": 2,
          "line": 55,
          "col": 3,
          "lit": "path"
        },
        "value": ""
      },
      {
        "key": {
          "type": 0,
          "file": 2,
          "line": 57,
          "col": 3,
          "lit": "clean"
        },
        "value": {
          "type": 0,
          "file": 2,
          "line": 59,
          "col": 14,
          "lit": "true"
        }
      },
      {
        "key": {
          "type": 0,
          "file": 2,
          "line": 60,
          "col": 3,
          "lit": "filter"
        },
        "value": {
          "type": 0,
          "file": 2,
          "line": 64,
          "col": 14,
          "lit": ""
        }
      },
      {
        "key": {
          "type": 0,
          "file": 2,
          "line": 65,
          "col": 3,
          "lit": "sparse-checkout"
        },
        "value": {
          "type": 0,
          "file": 2,
          "line": 69,
          "col": 14,
          "lit": ""
        }
      },
      {
        "key": {
          "type": 0,
          "file": 2,
          "line": 70,
          "col": 3,
          "lit": "sparse-checkout-cone-mode"
        },
        "value": {
          "type": 0,
          "file": 2,
          "line": 73,
          "col": 14,
          "lit": "true"
        }
      },
      {
        "key": {
          "type": 0,
          "file": 2,
          "line": 74,
          "col": 3,
          "lit": "fetch-depth"
        },
        "value": {
          "type": 0,
          "file": 2,
          "line": 76,
          "col": 14,
          "lit": "1"
        }
      },
      {
        "key": {
          "type": 0,
          "file": 2,
          "line": 77,
          "col": 3,
          "lit": "fetch-tags"
        },
        "value": {
          "type": 0,
          "file": 2,
          "line": 79,
          "col": 14,
          "lit": "false"
        }
      },
      {
        "key": {
          "type": 0,
          "file": 2,
          "line": 80,
          "col": 3,
          "lit": "show-progress"
        },
        "value": {
          "type": 0,
          "file": 2,
          "line": 82,
          "col": 14,
          "lit": "true"
        }
      },
      {
        "key": {
          "type": 0,
          "file": 2,
          "line": 83,
          "col": 3,
          "lit": "lfs"
        },
        "value": {
          "type": 0,
          "file": 2,
          "line": 85,
          "col": 14,
          "lit": "false"
        }
      },
      {
        "key": {
          "type": 0,
          "file": 2,
          "line": 86,
          "col": 3,
          "lit": "submodules"
        },
        "value": {
          "type": 0,
          "file": 2,
          "line": 94,
          "col": 14,
          "lit": "false"
        }
      },
      {
        "key": {
          "type": 0,
          "file": 2,
          "line": 95,
          "col": 3,
          "lit": "set-safe-directory"
        },
        "value": {
          "type": 0,
          "file": 2,
          "line": 97,
          "col": 14,
          "lit": "true"
        }
      },
      {
        "key": {
          "type": 0,
          "file": 2,
          "line": 98,
          "col": 3,
          "lit": "github-server-url"
        },
        "value": ""
      },
      {
        "key": {
          "type": 0,
          "file": 2,
          "line": 101,
          "col": 3,
          "lit": "allow-unsafe-pr-checkout"
        },
        "value": {
          "type": 0,
          "file": 2,
          "line": 109,
          "col": 14,
          "lit": "false"
        }
      }
    ]
  },
  "execution": {
    "executionType": "nodeJS",
    "hasPre": false,
    "hasPost": true,
    "script": "dist/index.js",
    "pre": null,
    "post": "dist/index.js",
    "nodeVersion": "node20",
    "cleanupCondition": "always()",
    "initCondition": "always()"
  },
  "deprecated": null
}
[2026-09-30 18:47:55Z INFO ActionManager] Action pre node.js file: N/A.
[2026-09-30 18:47:55Z INFO ActionManager] Action node.js file: dist/index.js.
[2026-09-30 18:47:55Z INFO ActionManager] Action post node.js file: dist/index.js.
[2026-09-30 18:47:55Z INFO ExecutionContext] Reserve record order 11 to 20 for post job actions.
[2026-09-30 18:47:55Z INFO HostContext] Well known directory 'Bin': 'D:\cicd\actions-runner\bin'
[2026-09-30 18:47:55Z INFO HostContext] Well known directory 'Root': 'D:\cicd\actions-runner'
[2026-09-30 18:47:55Z INFO HostContext] Well known directory 'Diag': 'D:\cicd\actions-runner\_diag'
[2026-09-30 18:47:55Z INFO HostContext] Well known directory 'Bin': 'D:\cicd\actions-runner\bin'
[2026-09-30 18:47:55Z INFO HostContext] Well known directory 'Root': 'D:\cicd\actions-runner'
[2026-09-30 18:47:55Z INFO HostContext] Well known directory 'Diag': 'D:\cicd\actions-runner\_diag'
[2026-09-30 18:47:55Z INFO HostContext] Well known directory 'Bin': 'D:\cicd\actions-runner\bin'
[2026-09-30 18:47:55Z INFO HostContext] Well known directory 'Root': 'D:\cicd\actions-runner'
[2026-09-30 18:47:55Z INFO HostContext] Well known directory 'Work': 'D:\cicd\actions-runner\_work'
[2026-09-30 18:47:55Z INFO HostContext] Well known directory 'Temp': 'D:\cicd\actions-runner\_work\_temp'
[2026-09-30 18:47:55Z INFO ExecutionContext] Write event payload to D:\cicd\actions-runner\_work\_temp\_github_workflow\event.json
[2026-09-30 18:47:55Z INFO HostContext] Well known directory 'Bin': 'D:\cicd\actions-runner\bin'
[2026-09-30 18:47:55Z INFO HostContext] Well known directory 'Root': 'D:\cicd\actions-runner'
[2026-09-30 18:47:55Z INFO HostContext] Well known directory 'Work': 'D:\cicd\actions-runner\_work'
[2026-09-30 18:47:55Z INFO HostContext] Well known directory 'Temp': 'D:\cicd\actions-runner\_work\_temp'
[2026-09-30 18:47:56Z INFO ExtensionManager] Getting extensions for interface: 'GitHub.Runner.Worker.IFileCommandExtension'
[2026-09-30 18:47:56Z INFO ExtensionManager] Creating instance: GitHub.Runner.Worker.AddPathFileCommand, Runner.Worker
[2026-09-30 18:47:56Z INFO ExtensionManager] Creating instance: GitHub.Runner.Worker.SetEnvFileCommand, Runner.Worker
[2026-09-30 18:47:56Z INFO ExtensionManager] Creating instance: GitHub.Runner.Worker.CreateStepSummaryCommand, Runner.Worker
[2026-09-30 18:47:56Z INFO ExtensionManager] Creating instance: GitHub.Runner.Worker.SaveStateFileCommand, Runner.Worker
[2026-09-30 18:47:56Z INFO ExtensionManager] Creating instance: GitHub.Runner.Worker.SetOutputFileCommand, Runner.Worker
[2026-09-30 18:47:56Z INFO ExtensionManager] Creating instance: GitHub.Runner.Worker.CreateArtifactsFileCommand, Runner.Worker
[2026-09-30 18:47:56Z INFO ExtensionManager] Creating instance: GitHub.Runner.Worker.ArtifactsListFileCommand, Runner.Worker
[2026-09-30 18:47:56Z INFO ActionManifestManagerLegacy] Input 'repository': default value evaluate result: {
  "type": 0,
  "file": 2,
  "line": 6,
  "col": 14,
  "lit": "***-ops/my-repo"
}
[2026-09-30 18:47:56Z INFO ActionManifestManagerLegacy] Input 'ref': default value evaluate result: ""
[2026-09-30 18:47:56Z INFO ActionManifestManagerLegacy] Input 'token': default value evaluate result: {
  "type": 0,
  "file": 2,
  "line": 24,
  "col": 14,
  "lit": "***"
}
[2026-09-30 18:47:56Z INFO ActionManifestManagerLegacy] Input 'ssh-key': default value evaluate result: ""
[2026-09-30 18:47:56Z INFO ActionManifestManagerLegacy] Input 'ssh-known-hosts': default value evaluate result: ""
[2026-09-30 18:47:56Z INFO ActionManifestManagerLegacy] Input 'ssh-strict': default value evaluate result: {
  "type": 0,
  "file": 2,
  "line": 47,
  "col": 14,
  "lit": "true"
}
[2026-09-30 18:47:56Z INFO ActionManifestManagerLegacy] Input 'ssh-user': default value evaluate result: {
  "type": 0,
  "file": 2,
  "line": 51,
  "col": 14,
  "lit": "git"
}
[2026-09-30 18:47:56Z INFO ActionManifestManagerLegacy] Input 'persist-credentials': default value evaluate result: {
  "type": 0,
  "file": 2,
  "line": 54,
  "col": 14,
  "lit": "true"
}
[2026-09-30 18:47:56Z INFO ActionManifestManagerLegacy] Input 'path': default value evaluate result: ""
[2026-09-30 18:47:56Z INFO ActionManifestManagerLegacy] Input 'clean': default value evaluate result: {
  "type": 0,
  "file": 2,
  "line": 59,
  "col": 14,
  "lit": "true"
}
[2026-09-30 18:47:56Z INFO ActionManifestManagerLegacy] Input 'filter': default value evaluate result: {
  "type": 0,
  "file": 2,
  "line": 64,
  "col": 14,
  "lit": ""
}
[2026-09-30 18:47:56Z INFO ActionManifestManagerLegacy] Input 'sparse-checkout': default value evaluate result: {
  "type": 0,
  "file": 2,
  "line": 69,
  "col": 14,
  "lit": ""
}
[2026-09-30 18:47:56Z INFO ActionManifestManagerLegacy] Input 'sparse-checkout-cone-mode': default value evaluate result: {
  "type": 0,
  "file": 2,
  "line": 73,
  "col": 14,
  "lit": "true"
}
[2026-09-30 18:47:56Z INFO ActionManifestManagerLegacy] Input 'fetch-depth': default value evaluate result: {
  "type": 0,
  "file": 2,
  "line": 76,
  "col": 14,
  "lit": "1"
}
[2026-09-30 18:47:56Z INFO ActionManifestManagerLegacy] Input 'fetch-tags': default value evaluate result: {
  "type": 0,
  "file": 2,
  "line": 79,
  "col": 14,
  "lit": "false"
}
[2026-09-30 18:47:56Z INFO ActionManifestManagerLegacy] Input 'show-progress': default value evaluate result: {
  "type": 0,
  "file": 2,
  "line": 82,
  "col": 14,
  "lit": "true"
}
[2026-09-30 18:47:56Z INFO ActionManifestManagerLegacy] Input 'lfs': default value evaluate result: {
  "type": 0,
  "file": 2,
  "line": 85,
  "col": 14,
  "lit": "false"
}
[2026-09-30 18:47:56Z INFO ActionManifestManagerLegacy] Input 'submodules': default value evaluate result: {
  "type": 0,
  "file": 2,
  "line": 94,
  "col": 14,
  "lit": "false"
}
[2026-09-30 18:47:56Z INFO ActionManifestManagerLegacy] Input 'set-safe-directory': default value evaluate result: {
  "type": 0,
  "file": 2,
  "line": 97,
  "col": 14,
  "lit": "true"
}
[2026-09-30 18:47:56Z INFO ActionManifestManagerLegacy] Input 'github-server-url': default value evaluate result: ""
[2026-09-30 18:47:56Z INFO ActionManifestManagerLegacy] Input 'allow-unsafe-pr-checkout': default value evaluate result: {
  "type": 0,
  "file": 2,
  "line": 109,
  "col": 14,
  "lit": "false"
}
[2026-09-30 18:47:56Z INFO ExtensionManager] Getting extensions for interface: 'GitHub.Runner.Worker.IActionCommandExtension'
[2026-09-30 18:47:56Z INFO ExtensionManager] Creating instance: GitHub.Runner.Worker.InternalPluginSetRepoPathCommandExtension, Runner.Worker
[2026-09-30 18:47:56Z INFO ExtensionManager] Creating instance: GitHub.Runner.Worker.SetEnvCommandExtension, Runner.Worker
[2026-09-30 18:47:56Z INFO ExtensionManager] Creating instance: GitHub.Runner.Worker.SetOutputCommandExtension, Runner.Worker
[2026-09-30 18:47:56Z INFO ExtensionManager] Creating instance: GitHub.Runner.Worker.SaveStateCommandExtension, Runner.Worker
[2026-09-30 18:47:56Z INFO ExtensionManager] Creating instance: GitHub.Runner.Worker.AddPathCommandExtension, Runner.Worker
[2026-09-30 18:47:56Z INFO ExtensionManager] Creating instance: GitHub.Runner.Worker.AddMaskCommandExtension, Runner.Worker
[2026-09-30 18:47:56Z INFO ExtensionManager] Creating instance: GitHub.Runner.Worker.AddMatcherCommandExtension, Runner.Worker
[2026-09-30 18:47:56Z INFO ExtensionManager] Creating instance: GitHub.Runner.Worker.RemoveMatcherCommandExtension, Runner.Worker
[2026-09-30 18:47:56Z INFO ExtensionManager] Creating instance: GitHub.Runner.Worker.WarningCommandExtension, Runner.Worker
[2026-09-30 18:47:56Z INFO ExtensionManager] Creating instance: GitHub.Runner.Worker.ErrorCommandExtension, Runner.Worker
[2026-09-30 18:47:56Z INFO ExtensionManager] Creating instance: GitHub.Runner.Worker.NoticeCommandExtension, Runner.Worker
[2026-09-30 18:47:56Z INFO ExtensionManager] Creating instance: GitHub.Runner.Worker.DebugCommandExtension, Runner.Worker
[2026-09-30 18:47:56Z INFO ExtensionManager] Creating instance: GitHub.Runner.Worker.GroupCommandExtension, Runner.Worker
[2026-09-30 18:47:56Z INFO ExtensionManager] Creating instance: GitHub.Runner.Worker.EndGroupCommandExtension, Runner.Worker
[2026-09-30 18:47:56Z INFO ExtensionManager] Creating instance: GitHub.Runner.Worker.EchoCommandExtension, Runner.Worker
[2026-09-30 18:47:56Z INFO ActionCommandManager] Register action command extension for command internal-set-repo-path
[2026-09-30 18:47:56Z INFO ActionCommandManager] Register action command extension for command set-env
[2026-09-30 18:47:56Z INFO ActionCommandManager] Register action command extension for command set-output
[2026-09-30 18:47:56Z INFO ActionCommandManager] Register action command extension for command save-state
[2026-09-30 18:47:56Z INFO ActionCommandManager] Register action command extension for command add-path
[2026-09-30 18:47:56Z INFO ActionCommandManager] Register action command extension for command add-mask
[2026-09-30 18:47:56Z INFO ActionCommandManager] Register action command extension for command add-matcher
[2026-09-30 18:47:56Z INFO ActionCommandManager] Register action command extension for command remove-matcher
[2026-09-30 18:47:56Z INFO ActionCommandManager] Register action command extension for command warning
[2026-09-30 18:47:56Z INFO ActionCommandManager] Register action command extension for command error
[2026-09-30 18:47:56Z INFO ActionCommandManager] Register action command extension for command notice
[2026-09-30 18:47:56Z INFO ActionCommandManager] Register action command extension for command debug
[2026-09-30 18:47:56Z INFO ActionCommandManager] Register action command extension for command group
[2026-09-30 18:47:56Z INFO ActionCommandManager] Register action command extension for command endgroup
[2026-09-30 18:47:56Z INFO ActionCommandManager] Register action command extension for command echo
[2026-09-30 18:47:56Z INFO HostContext] Well known directory 'Bin': 'D:\cicd\actions-runner\bin'
[2026-09-30 18:47:56Z INFO HostContext] Well known directory 'Root': 'D:\cicd\actions-runner'
[2026-09-30 18:47:56Z INFO HostContext] Well known directory 'Externals': 'D:\cicd\actions-runner\externals'
[2026-09-30 18:47:56Z INFO ProcessInvokerWrapper] Starting process:
[2026-09-30 18:47:56Z INFO ProcessInvokerWrapper]   File name: 'D:\cicd\actions-runner\externals\node24\bin\node.exe'
[2026-09-30 18:47:56Z INFO ProcessInvokerWrapper]   Arguments: '"D:\cicd\actions-runner\_work\_actions\actions\checkout\v4\dist/index.js"'
[2026-09-30 18:47:56Z INFO ProcessInvokerWrapper]   Working directory: 'D:\cicd\actions-runner\_work\my-repo\my-repo'
[2026-09-30 18:47:56Z INFO ProcessInvokerWrapper]   Require exit code zero: 'False'
[2026-09-30 18:47:56Z INFO ProcessInvokerWrapper]   Encoding web name: utf-8 ; code page: '65001'
[2026-09-30 18:47:56Z INFO ProcessInvokerWrapper]   Force kill process on cancellation: 'False'
[2026-09-30 18:47:56Z INFO ProcessInvokerWrapper]   Redirected STDIN: 'False'
[2026-09-30 18:47:56Z INFO ProcessInvokerWrapper]   Persist current code page: 'True'
[2026-09-30 18:47:56Z INFO ProcessInvokerWrapper]   Keep redirected STDIN open: 'False'
[2026-09-30 18:47:56Z INFO ProcessInvokerWrapper]   High priority process: 'False'
[2026-09-30 18:47:56Z INFO ProcessInvokerWrapper] Process started with process id 23928, waiting for process exit.
[2026-09-30 18:47:56Z INFO JobServerQueue] Try to append 1 batches web console lines for record '4f888f02-cfd6-4a22-8157-cab08e342ed3', success rate: 1/1.
[2026-09-30 18:47:56Z INFO JobServerQueue] Got a step log file to send to results service.
[2026-09-30 18:47:56Z INFO JobServerQueue] Starting upload of step log file to results service ResultsLog, D:\cicd\actions-runner\_diag\blocks\cf00a99b-3dc2-8354-a021-6ed2dd7ad4c4_cc88133b-493c-48c8-8367-d3e170e03961.1
[2026-09-30 18:47:56Z INFO JobServerQueue] Try to upload 1 log files or attachments, success rate: 1/1.
[2026-09-30 18:47:56Z INFO JobServerQueue] Try to append 1 batches web console lines for record '4f888f02-cfd6-4a22-8157-cab08e342ed3', success rate: 1/1.
[2026-09-30 18:47:56Z INFO JobServerQueue] Try to append 1 batches web console lines for record '4f888f02-cfd6-4a22-8157-cab08e342ed3', success rate: 1/1.
[2026-09-30 18:47:56Z INFO AddMaskCommandExtension] Add new secret mask with length of 524
[2026-09-30 18:47:57Z INFO JobServerQueue] Try to append 1 batches web console lines for record '4f888f02-cfd6-4a22-8157-cab08e342ed3', success rate: 1/1.
[2026-09-30 18:47:57Z INFO JobServerQueue] Try to append 1 batches web console lines for record '4f888f02-cfd6-4a22-8157-cab08e342ed3', success rate: 1/1.
[2026-09-30 18:47:57Z INFO JobServerQueue] Try to append 1 batches web console lines for record '4f888f02-cfd6-4a22-8157-cab08e342ed3', success rate: 1/1.
[2026-09-30 18:47:58Z INFO JobServerQueue] Try to append 1 batches web console lines for record '4f888f02-cfd6-4a22-8157-cab08e342ed3', success rate: 1/1.
[2026-09-30 18:47:58Z INFO JobServerQueue] Tried to upload 1 file(s) to results, success rate: 1/1.
[2026-09-30 18:48:00Z INFO JobServerQueue] Try to append 1 batches web console lines for record '4f888f02-cfd6-4a22-8157-cab08e342ed3', success rate: 1/1.
[2026-09-30 18:48:00Z INFO JobServerQueue] Try to append 1 batches web console lines for record '4f888f02-cfd6-4a22-8157-cab08e342ed3', success rate: 1/1.
[2026-09-30 18:48:00Z INFO JobServerQueue] Try to append 1 batches web console lines for record '4f888f02-cfd6-4a22-8157-cab08e342ed3', success rate: 1/1.
[2026-09-30 18:48:02Z INFO JobServerQueue] Try to append 1 batches web console lines for record '4f888f02-cfd6-4a22-8157-cab08e342ed3', success rate: 1/1.
[2026-09-30 18:48:04Z INFO JobServerQueue] Try to append 1 batches web console lines for record '4f888f02-cfd6-4a22-8157-cab08e342ed3', success rate: 1/1.
[2026-09-30 18:48:05Z INFO HostContext] Well known directory 'Bin': 'D:\cicd\actions-runner\bin'
[2026-09-30 18:48:05Z INFO HostContext] Well known directory 'Root': 'D:\cicd\actions-runner'
[2026-09-30 18:48:05Z INFO HostContext] Well known directory 'Work': 'D:\cicd\actions-runner\_work'
[2026-09-30 18:48:06Z INFO JobServerQueue] Try to append 1 batches web console lines for record '4f888f02-cfd6-4a22-8157-cab08e342ed3', success rate: 1/1.
[2026-09-30 18:48:08Z INFO JobServerQueue] Try to append 1 batches web console lines for record '4f888f02-cfd6-4a22-8157-cab08e342ed3', success rate: 1/1.
[2026-09-30 18:48:08Z INFO JobServerQueue] Try to append 1 batches web console lines for record '4f888f02-cfd6-4a22-8157-cab08e342ed3', success rate: 1/1.
[2026-09-30 18:48:08Z INFO JobServerQueue] Try to append 1 batches web console lines for record '4f888f02-cfd6-4a22-8157-cab08e342ed3', success rate: 1/1.
[2026-09-30 18:48:09Z INFO JobServerQueue] Try to append 1 batches web console lines for record '4f888f02-cfd6-4a22-8157-cab08e342ed3', success rate: 1/1.
[2026-09-30 18:48:09Z INFO JobServerQueue] Try to append 1 batches web console lines for record '4f888f02-cfd6-4a22-8157-cab08e342ed3', success rate: 1/1.
[2026-09-30 18:48:09Z INFO ProcessInvokerWrapper] STDOUT/STDERR stream read finished.
[2026-09-30 18:48:09Z INFO ProcessInvokerWrapper] STDOUT/STDERR stream read finished.
[2026-09-30 18:48:09Z INFO ProcessInvokerWrapper] Finished process 23928 with exit code 0, and elapsed time 00:00:13.5475169.
[2026-09-30 18:48:09Z INFO CreateStepSummaryCommand] Step Summary file (D:\cicd\actions-runner\_work\_temp\_runner_file_commands\step_summary_17dfa1e5-5b57-4534-b193-71fd3d01e630) is empty; skipping attachment upload
[2026-09-30 18:48:09Z INFO StepsRunner] Step result: 
[2026-09-30 18:48:09Z INFO ExecutionContext] Publish step telemetry for current step {
  "action": "actions/checkout",
  "ref": "v4",
  "type": "node24",
  "stage": "Main",
  "stepId": "4f888f02-cfd6-4a22-8157-cab08e342ed3",
  "stepContextName": "__actions_checkout",
  "hasPreStep": false,
  "hasPostStep": true,
  "result": "succeeded",
  "errorMessages": [],
  "executionTimeInSeconds": 14,
  "startTime": "2026-09-30T18:47:55.8783437Z",
  "finishTime": "2026-09-30T18:48:09.639675Z"
}.
[2026-09-30 18:48:09Z INFO StepsRunner] No need for updating job result with current step result 'Succeeded'.
[2026-09-30 18:48:09Z INFO StepsRunner] Current state: job state = ''
[2026-09-30 18:48:09Z INFO StepsRunner] Processing step: DisplayName='Docker Login'
[2026-09-30 18:48:09Z INFO StepsRunner] Evaluating: success()
[2026-09-30 18:48:09Z INFO StepsRunner] Result: true
[2026-09-30 18:48:09Z INFO StepsRunner] Starting the step.
[2026-09-30 18:48:09Z INFO HostContext] Well known directory 'Bin': 'D:\cicd\actions-runner\bin'
[2026-09-30 18:48:09Z INFO HostContext] Well known directory 'Root': 'D:\cicd\actions-runner'
[2026-09-30 18:48:09Z INFO HostContext] Well known directory 'Work': 'D:\cicd\actions-runner\_work'
[2026-09-30 18:48:09Z INFO StepsRunner] Which2: 'chcp'
[2026-09-30 18:48:09Z INFO StepsRunner] Location: 'C:\WINDOWS\system32\chcp.COM'
[2026-09-30 18:48:09Z INFO ProcessInvokerWrapper] Starting process:
[2026-09-30 18:48:09Z INFO ProcessInvokerWrapper]   File name: 'C:\WINDOWS\system32\chcp.COM'
[2026-09-30 18:48:09Z INFO ProcessInvokerWrapper]   Arguments: '65001'
[2026-09-30 18:48:09Z INFO ProcessInvokerWrapper]   Working directory: 'D:\cicd\actions-runner\_work'
[2026-09-30 18:48:09Z INFO ProcessInvokerWrapper]   Require exit code zero: 'False'
[2026-09-30 18:48:09Z INFO ProcessInvokerWrapper]   Encoding web name:  ; code page: ''
[2026-09-30 18:48:09Z INFO ProcessInvokerWrapper]   Force kill process on cancellation: 'False'
[2026-09-30 18:48:09Z INFO ProcessInvokerWrapper]   Redirected STDIN: 'False'
[2026-09-30 18:48:09Z INFO ProcessInvokerWrapper]   Persist current code page: 'True'
[2026-09-30 18:48:09Z INFO ProcessInvokerWrapper]   Keep redirected STDIN open: 'False'
[2026-09-30 18:48:09Z INFO ProcessInvokerWrapper]   High priority process: 'False'
[2026-09-30 18:48:09Z INFO ProcessInvokerWrapper] Process started with process id 12200, waiting for process exit.
[2026-09-30 18:48:09Z INFO ProcessInvokerWrapper] STDOUT/STDERR stream read finished.
[2026-09-30 18:48:09Z INFO ProcessInvokerWrapper] STDOUT/STDERR stream read finished.
[2026-09-30 18:48:09Z INFO ProcessInvokerWrapper] Finished process 12200 with exit code 0, and elapsed time 00:00:00.0448715.
[2026-09-30 18:48:09Z INFO StepsRunner] Successfully returned to code page 65001 (UTF8)
[2026-09-30 18:48:09Z INFO HostContext] Well known directory 'Bin': 'D:\cicd\actions-runner\bin'
[2026-09-30 18:48:09Z INFO HostContext] Well known directory 'Root': 'D:\cicd\actions-runner'
[2026-09-30 18:48:09Z INFO HostContext] Well known directory 'Work': 'D:\cicd\actions-runner\_work'
[2026-09-30 18:48:09Z INFO HostContext] Well known directory 'Temp': 'D:\cicd\actions-runner\_work\_temp'
[2026-09-30 18:48:09Z INFO ExecutionContext] Write event payload to D:\cicd\actions-runner\_work\_temp\_github_workflow\event.json
[2026-09-30 18:48:09Z INFO HostContext] Well known directory 'Bin': 'D:\cicd\actions-runner\bin'
[2026-09-30 18:48:09Z INFO HostContext] Well known directory 'Root': 'D:\cicd\actions-runner'
[2026-09-30 18:48:09Z INFO HostContext] Well known directory 'Work': 'D:\cicd\actions-runner\_work'
[2026-09-30 18:48:09Z INFO HostContext] Well known directory 'Temp': 'D:\cicd\actions-runner\_work\_temp'
[2026-09-30 18:48:09Z INFO ExtensionManager] Getting extensions for interface: 'GitHub.Runner.Worker.IFileCommandExtension'
[2026-09-30 18:48:09Z INFO ExtensionManager] Getting extensions for interface: 'GitHub.Runner.Worker.IActionCommandExtension'
[2026-09-30 18:48:09Z INFO ActionCommandManager] Register action command extension for command internal-set-repo-path
[2026-09-30 18:48:09Z INFO ActionCommandManager] Register action command extension for command set-env
[2026-09-30 18:48:09Z INFO ActionCommandManager] Register action command extension for command set-output
[2026-09-30 18:48:09Z INFO ActionCommandManager] Register action command extension for command save-state
[2026-09-30 18:48:09Z INFO ActionCommandManager] Register action command extension for command add-path
[2026-09-30 18:48:09Z INFO ActionCommandManager] Register action command extension for command add-mask
[2026-09-30 18:48:09Z INFO ActionCommandManager] Register action command extension for command add-matcher
[2026-09-30 18:48:09Z INFO ActionCommandManager] Register action command extension for command remove-matcher
[2026-09-30 18:48:09Z INFO ActionCommandManager] Register action command extension for command warning
[2026-09-30 18:48:09Z INFO ActionCommandManager] Register action command extension for command error
[2026-09-30 18:48:09Z INFO ActionCommandManager] Register action command extension for command notice
[2026-09-30 18:48:09Z INFO ActionCommandManager] Register action command extension for command debug
[2026-09-30 18:48:09Z INFO ActionCommandManager] Register action command extension for command group
[2026-09-30 18:48:09Z INFO ActionCommandManager] Register action command extension for command endgroup
[2026-09-30 18:48:09Z INFO ActionCommandManager] Register action command extension for command echo
[2026-09-30 18:48:09Z INFO ScriptHandler] Which2: 'pwsh'
[2026-09-30 18:48:09Z INFO ScriptHandler] Location: 'C:\Program Files\PowerShell\7\pwsh.EXE'
[2026-09-30 18:48:09Z INFO HostContext] Well known directory 'Bin': 'D:\cicd\actions-runner\bin'
[2026-09-30 18:48:09Z INFO HostContext] Well known directory 'Root': 'D:\cicd\actions-runner'
[2026-09-30 18:48:09Z INFO HostContext] Well known directory 'Work': 'D:\cicd\actions-runner\_work'
[2026-09-30 18:48:09Z INFO HostContext] Well known directory 'Temp': 'D:\cicd\actions-runner\_work\_temp'
[2026-09-30 18:48:09Z INFO ScriptHandler] Which2: 'pwsh'
[2026-09-30 18:48:09Z INFO ScriptHandler] Location: 'C:\Program Files\PowerShell\7\pwsh.EXE'
[2026-09-30 18:48:09Z INFO ProcessInvokerWrapper] Starting process:
[2026-09-30 18:48:09Z INFO ProcessInvokerWrapper]   File name: 'C:\Program Files\PowerShell\7\pwsh.EXE'
[2026-09-30 18:48:09Z INFO ProcessInvokerWrapper]   Arguments: '-command ". 'D:\cicd\actions-runner\_work\_temp\c1dba986-c50f-4b00-b577-ca02877a7341.ps1'"'
[2026-09-30 18:48:09Z INFO ProcessInvokerWrapper]   Working directory: 'D:\cicd\actions-runner\_work\my-repo\my-repo'
[2026-09-30 18:48:09Z INFO ProcessInvokerWrapper]   Require exit code zero: 'False'
[2026-09-30 18:48:09Z INFO ProcessInvokerWrapper]   Encoding web name:  ; code page: ''
[2026-09-30 18:48:09Z INFO ProcessInvokerWrapper]   Force kill process on cancellation: 'False'
[2026-09-30 18:48:09Z INFO ProcessInvokerWrapper]   Redirected STDIN: 'False'
[2026-09-30 18:48:09Z INFO ProcessInvokerWrapper]   Persist current code page: 'True'
[2026-09-30 18:48:09Z INFO ProcessInvokerWrapper]   Keep redirected STDIN open: 'False'
[2026-09-30 18:48:09Z INFO ProcessInvokerWrapper]   High priority process: 'False'
[2026-09-30 18:48:09Z INFO JobServerQueue] Try to append 1 batches web console lines for record '4f888f02-cfd6-4a22-8157-cab08e342ed3', success rate: 1/1.
[2026-09-30 18:48:09Z INFO JobServerQueue] Try to upload 1 log files or attachments, success rate: 1/1.
[2026-09-30 18:48:09Z INFO JobServerQueue] Try to append 1 batches web console lines for record '59efcaa8-e18f-449d-9849-68ad809f3cb0', success rate: 1/1.
[2026-09-30 18:48:09Z INFO ProcessInvokerWrapper] Process started with process id 15012, waiting for process exit.
[2026-09-30 18:48:10Z INFO JobServerQueue] Got a step log file to send to results service.
[2026-09-30 18:48:10Z INFO JobServerQueue] Starting upload of step log file to results service ResultsLog, D:\cicd\actions-runner\_diag\blocks\cf00a99b-3dc2-8354-a021-6ed2dd7ad4c4_4f888f02-cfd6-4a22-8157-cab08e342ed3.1
[2026-09-30 18:48:11Z INFO JobServerQueue] Tried to upload 1 file(s) to results, success rate: 1/1.
[2026-09-30 18:48:13Z INFO JobServerQueue] Try to append 1 batches web console lines for record '59efcaa8-e18f-449d-9849-68ad809f3cb0', success rate: 1/1.
[2026-09-30 18:48:14Z INFO ProcessInvokerWrapper] STDOUT/STDERR stream read finished.
[2026-09-30 18:48:14Z INFO ProcessInvokerWrapper] STDOUT/STDERR stream read finished.
[2026-09-30 18:48:14Z INFO ProcessInvokerWrapper] Finished process 15012 with exit code 0, and elapsed time 00:00:04.3278467.
[2026-09-30 18:48:14Z INFO CreateStepSummaryCommand] Step Summary file (D:\cicd\actions-runner\_work\_temp\_runner_file_commands\step_summary_c6e572ee-a779-4584-8aa2-1cc25880148f) is empty; skipping attachment upload
[2026-09-30 18:48:14Z INFO StepsRunner] Step result: 
[2026-09-30 18:48:14Z INFO ExecutionContext] Publish step telemetry for current step {
  "action": "pwsh",
  "type": "run",
  "stage": "Main",
  "stepId": "59efcaa8-e18f-449d-9849-68ad809f3cb0",
  "stepContextName": "__run",
  "result": "succeeded",
  "errorMessages": [],
  "executionTimeInSeconds": 5,
  "startTime": "2026-09-30T18:48:09.6423931Z",
  "finishTime": "2026-09-30T18:48:14.0599617Z"
}.
[2026-09-30 18:48:14Z INFO StepsRunner] No need for updating job result with current step result 'Succeeded'.
[2026-09-30 18:48:14Z INFO StepsRunner] Current state: job state = ''
[2026-09-30 18:48:14Z INFO StepsRunner] Processing step: DisplayName='Build Docker Image'
[2026-09-30 18:48:14Z INFO StepsRunner] Evaluating: success()
[2026-09-30 18:48:14Z INFO StepsRunner] Result: true
[2026-09-30 18:48:14Z INFO StepsRunner] Starting the step.
[2026-09-30 18:48:14Z INFO HostContext] Well known directory 'Bin': 'D:\cicd\actions-runner\bin'
[2026-09-30 18:48:14Z INFO HostContext] Well known directory 'Root': 'D:\cicd\actions-runner'
[2026-09-30 18:48:14Z INFO HostContext] Well known directory 'Work': 'D:\cicd\actions-runner\_work'
[2026-09-30 18:48:14Z INFO StepsRunner] Which2: 'chcp'
[2026-09-30 18:48:14Z INFO StepsRunner] Location: 'C:\WINDOWS\system32\chcp.COM'
[2026-09-30 18:48:14Z INFO ProcessInvokerWrapper] Starting process:
[2026-09-30 18:48:14Z INFO ProcessInvokerWrapper]   File name: 'C:\WINDOWS\system32\chcp.COM'
[2026-09-30 18:48:14Z INFO ProcessInvokerWrapper]   Arguments: '65001'
[2026-09-30 18:48:14Z INFO ProcessInvokerWrapper]   Working directory: 'D:\cicd\actions-runner\_work'
[2026-09-30 18:48:14Z INFO ProcessInvokerWrapper]   Require exit code zero: 'False'
[2026-09-30 18:48:14Z INFO ProcessInvokerWrapper]   Encoding web name:  ; code page: ''
[2026-09-30 18:48:14Z INFO ProcessInvokerWrapper]   Force kill process on cancellation: 'False'
[2026-09-30 18:48:14Z INFO ProcessInvokerWrapper]   Redirected STDIN: 'False'
[2026-09-30 18:48:14Z INFO ProcessInvokerWrapper]   Persist current code page: 'True'
[2026-09-30 18:48:14Z INFO ProcessInvokerWrapper]   Keep redirected STDIN open: 'False'
[2026-09-30 18:48:14Z INFO ProcessInvokerWrapper]   High priority process: 'False'
[2026-09-30 18:48:14Z INFO ProcessInvokerWrapper] Process started with process id 25720, waiting for process exit.
[2026-09-30 18:48:14Z INFO ProcessInvokerWrapper] STDOUT/STDERR stream read finished.
[2026-09-30 18:48:14Z INFO ProcessInvokerWrapper] STDOUT/STDERR stream read finished.
[2026-09-30 18:48:14Z INFO ProcessInvokerWrapper] Finished process 25720 with exit code 0, and elapsed time 00:00:00.0243300.
[2026-09-30 18:48:14Z INFO StepsRunner] Successfully returned to code page 65001 (UTF8)
[2026-09-30 18:48:14Z INFO HostContext] Well known directory 'Bin': 'D:\cicd\actions-runner\bin'
[2026-09-30 18:48:14Z INFO HostContext] Well known directory 'Root': 'D:\cicd\actions-runner'
[2026-09-30 18:48:14Z INFO HostContext] Well known directory 'Work': 'D:\cicd\actions-runner\_work'
[2026-09-30 18:48:14Z INFO HostContext] Well known directory 'Temp': 'D:\cicd\actions-runner\_work\_temp'
[2026-09-30 18:48:14Z INFO ExecutionContext] Write event payload to D:\cicd\actions-runner\_work\_temp\_github_workflow\event.json
[2026-09-30 18:48:14Z INFO HostContext] Well known directory 'Bin': 'D:\cicd\actions-runner\bin'
[2026-09-30 18:48:14Z INFO HostContext] Well known directory 'Root': 'D:\cicd\actions-runner'
[2026-09-30 18:48:14Z INFO HostContext] Well known directory 'Work': 'D:\cicd\actions-runner\_work'
[2026-09-30 18:48:14Z INFO HostContext] Well known directory 'Temp': 'D:\cicd\actions-runner\_work\_temp'
[2026-09-30 18:48:14Z INFO ExtensionManager] Getting extensions for interface: 'GitHub.Runner.Worker.IFileCommandExtension'
[2026-09-30 18:48:14Z INFO ExtensionManager] Getting extensions for interface: 'GitHub.Runner.Worker.IActionCommandExtension'
[2026-09-30 18:48:14Z INFO ActionCommandManager] Register action command extension for command internal-set-repo-path
[2026-09-30 18:48:14Z INFO ActionCommandManager] Register action command extension for command set-env
[2026-09-30 18:48:14Z INFO ActionCommandManager] Register action command extension for command set-output
[2026-09-30 18:48:14Z INFO ActionCommandManager] Register action command extension for command save-state
[2026-09-30 18:48:14Z INFO ActionCommandManager] Register action command extension for command add-path
[2026-09-30 18:48:14Z INFO ActionCommandManager] Register action command extension for command add-mask
[2026-09-30 18:48:14Z INFO ActionCommandManager] Register action command extension for command add-matcher
[2026-09-30 18:48:14Z INFO ActionCommandManager] Register action command extension for command remove-matcher
[2026-09-30 18:48:14Z INFO ActionCommandManager] Register action command extension for command warning
[2026-09-30 18:48:14Z INFO ActionCommandManager] Register action command extension for command error
[2026-09-30 18:48:14Z INFO ActionCommandManager] Register action command extension for command notice
[2026-09-30 18:48:14Z INFO ActionCommandManager] Register action command extension for command debug
[2026-09-30 18:48:14Z INFO ActionCommandManager] Register action command extension for command group
[2026-09-30 18:48:14Z INFO ActionCommandManager] Register action command extension for command endgroup
[2026-09-30 18:48:14Z INFO ActionCommandManager] Register action command extension for command echo
[2026-09-30 18:48:14Z INFO ScriptHandler] Which2: 'pwsh'
[2026-09-30 18:48:14Z INFO ScriptHandler] Location: 'C:\Program Files\PowerShell\7\pwsh.EXE'
[2026-09-30 18:48:14Z INFO HostContext] Well known directory 'Bin': 'D:\cicd\actions-runner\bin'
[2026-09-30 18:48:14Z INFO HostContext] Well known directory 'Root': 'D:\cicd\actions-runner'
[2026-09-30 18:48:14Z INFO HostContext] Well known directory 'Work': 'D:\cicd\actions-runner\_work'
[2026-09-30 18:48:14Z INFO HostContext] Well known directory 'Temp': 'D:\cicd\actions-runner\_work\_temp'
[2026-09-30 18:48:14Z INFO ScriptHandler] Which2: 'pwsh'
[2026-09-30 18:48:14Z INFO ScriptHandler] Location: 'C:\Program Files\PowerShell\7\pwsh.EXE'
[2026-09-30 18:48:14Z INFO ProcessInvokerWrapper] Starting process:
[2026-09-30 18:48:14Z INFO ProcessInvokerWrapper]   File name: 'C:\Program Files\PowerShell\7\pwsh.EXE'
[2026-09-30 18:48:14Z INFO ProcessInvokerWrapper]   Arguments: '-command ". 'D:\cicd\actions-runner\_work\_temp\05adafab-8ec6-4979-a098-0c39b800d33f.ps1'"'
[2026-09-30 18:48:14Z INFO ProcessInvokerWrapper]   Working directory: 'D:\cicd\actions-runner\_work\my-repo\my-repo'
[2026-09-30 18:48:14Z INFO ProcessInvokerWrapper]   Require exit code zero: 'False'
[2026-09-30 18:48:14Z INFO ProcessInvokerWrapper]   Encoding web name:  ; code page: ''
[2026-09-30 18:48:14Z INFO ProcessInvokerWrapper]   Force kill process on cancellation: 'False'
[2026-09-30 18:48:14Z INFO ProcessInvokerWrapper]   Redirected STDIN: 'False'
[2026-09-30 18:48:14Z INFO ProcessInvokerWrapper]   Persist current code page: 'True'
[2026-09-30 18:48:14Z INFO ProcessInvokerWrapper]   Keep redirected STDIN open: 'False'
[2026-09-30 18:48:14Z INFO ProcessInvokerWrapper]   High priority process: 'False'
[2026-09-30 18:48:14Z INFO ProcessInvokerWrapper] Process started with process id 17604, waiting for process exit.
[2026-09-30 18:48:14Z INFO JobServerQueue] Try to append 1 batches web console lines for record '51e69800-9891-42d8-bcb6-87ac6ac51af0', success rate: 1/1.
[2026-09-30 18:48:14Z INFO JobServerQueue] Got a step log file to send to results service.
[2026-09-30 18:48:14Z INFO JobServerQueue] Starting upload of step log file to results service ResultsLog, D:\cicd\actions-runner\_diag\blocks\cf00a99b-3dc2-8354-a021-6ed2dd7ad4c4_59efcaa8-e18f-449d-9849-68ad809f3cb0.1
[2026-09-30 18:48:14Z INFO JobServerQueue] Try to upload 1 log files or attachments, success rate: 1/1.
[2026-09-30 18:48:15Z INFO JobServerQueue] Tried to upload 1 file(s) to results, success rate: 1/1.
[2026-09-30 18:48:15Z INFO HostContext] Well known directory 'Bin': 'D:\cicd\actions-runner\bin'
[2026-09-30 18:48:15Z INFO HostContext] Well known directory 'Root': 'D:\cicd\actions-runner'
[2026-09-30 18:48:15Z INFO HostContext] Well known directory 'Work': 'D:\cicd\actions-runner\_work'
[2026-09-30 18:48:16Z INFO JobServerQueue] Try to append 1 batches web console lines for record '51e69800-9891-42d8-bcb6-87ac6ac51af0', success rate: 1/1.
[2026-09-30 18:48:18Z INFO JobServerQueue] Try to append 1 batches web console lines for record '51e69800-9891-42d8-bcb6-87ac6ac51af0', success rate: 1/1.
[2026-09-30 18:48:18Z INFO JobServerQueue] Try to append 1 batches web console lines for record '51e69800-9891-42d8-bcb6-87ac6ac51af0', success rate: 1/1.
[2026-09-30 18:48:21Z INFO JobServerQueue] Try to append 1 batches web console lines for record '51e69800-9891-42d8-bcb6-87ac6ac51af0', success rate: 1/1.
[2026-09-30 18:48:21Z INFO JobServerQueue] Try to append 1 batches web console lines for record '51e69800-9891-42d8-bcb6-87ac6ac51af0', success rate: 1/1.
[2026-09-30 18:48:21Z INFO JobServerQueue] Try to append 1 batches web console lines for record '51e69800-9891-42d8-bcb6-87ac6ac51af0', success rate: 1/1.
[2026-09-30 18:48:22Z INFO JobServerQueue] Try to append 1 batches web console lines for record '51e69800-9891-42d8-bcb6-87ac6ac51af0', success rate: 1/1.
[2026-09-30 18:48:22Z INFO JobServerQueue] Try to append 1 batches web console lines for record '51e69800-9891-42d8-bcb6-87ac6ac51af0', success rate: 1/1.
[2026-09-30 18:48:23Z INFO JobServerQueue] Try to append 1 batches web console lines for record '51e69800-9891-42d8-bcb6-87ac6ac51af0', success rate: 1/1.
[2026-09-30 18:48:23Z INFO JobServerQueue] Try to append 1 batches web console lines for record '51e69800-9891-42d8-bcb6-87ac6ac51af0', success rate: 1/1.
[2026-09-30 18:48:23Z INFO JobServerQueue] Try to append 1 batches web console lines for record '51e69800-9891-42d8-bcb6-87ac6ac51af0', success rate: 1/1.
[2026-09-30 18:48:23Z INFO JobServerQueue] Try to append 1 batches web console lines for record '51e69800-9891-42d8-bcb6-87ac6ac51af0', success rate: 1/1.
[2026-09-30 18:48:24Z INFO JobServerQueue] Try to append 1 batches web console lines for record '51e69800-9891-42d8-bcb6-87ac6ac51af0', success rate: 1/1.
[2026-09-30 18:48:25Z INFO JobServerQueue] Try to append 1 batches web console lines for record '51e69800-9891-42d8-bcb6-87ac6ac51af0', success rate: 1/1.
[2026-09-30 18:48:25Z INFO JobServerQueue] Try to append 1 batches web console lines for record '51e69800-9891-42d8-bcb6-87ac6ac51af0', success rate: 1/1.
[2026-09-30 18:48:25Z INFO HostContext] Well known directory 'Bin': 'D:\cicd\actions-runner\bin'
[2026-09-30 18:48:25Z INFO HostContext] Well known directory 'Root': 'D:\cicd\actions-runner'
[2026-09-30 18:48:25Z INFO HostContext] Well known directory 'Work': 'D:\cicd\actions-runner\_work'
[2026-09-30 18:48:26Z INFO JobServerQueue] Try to append 1 batches web console lines for record '51e69800-9891-42d8-bcb6-87ac6ac51af0', success rate: 1/1.
[2026-09-30 18:48:26Z INFO JobServerQueue] Try to append 1 batches web console lines for record '51e69800-9891-42d8-bcb6-87ac6ac51af0', success rate: 1/1.
[2026-09-30 18:48:27Z INFO JobServerQueue] Try to append 1 batches web console lines for record '51e69800-9891-42d8-bcb6-87ac6ac51af0', success rate: 1/1.
[2026-09-30 18:48:28Z INFO JobServerQueue] Try to append 1 batches web console lines for record '51e69800-9891-42d8-bcb6-87ac6ac51af0', success rate: 1/1.
[2026-09-30 18:48:29Z INFO JobServerQueue] Try to append 1 batches web console lines for record '51e69800-9891-42d8-bcb6-87ac6ac51af0', success rate: 1/1.
[2026-09-30 18:48:29Z INFO JobServerQueue] Try to append 1 batches web console lines for record '51e69800-9891-42d8-bcb6-87ac6ac51af0', success rate: 1/1.
[2026-09-30 18:48:30Z INFO JobServerQueue] Try to append 1 batches web console lines for record '51e69800-9891-42d8-bcb6-87ac6ac51af0', success rate: 1/1.
[2026-09-30 18:48:30Z INFO JobServerQueue] Try to append 1 batches web console lines for record '51e69800-9891-42d8-bcb6-87ac6ac51af0', success rate: 1/1.
[2026-09-30 18:48:31Z INFO JobServerQueue] Try to append 1 batches web console lines for record '51e69800-9891-42d8-bcb6-87ac6ac51af0', success rate: 1/1.
[2026-09-30 18:48:32Z INFO JobServerQueue] Try to append 1 batches web console lines for record '51e69800-9891-42d8-bcb6-87ac6ac51af0', success rate: 1/1.
[2026-09-30 18:48:32Z INFO JobServerQueue] Try to append 1 batches web console lines for record '51e69800-9891-42d8-bcb6-87ac6ac51af0', success rate: 1/1.
[2026-09-30 18:48:32Z INFO JobServerQueue] Try to append 1 batches web console lines for record '51e69800-9891-42d8-bcb6-87ac6ac51af0', success rate: 1/1.
[2026-09-30 18:48:35Z INFO HostContext] Well known directory 'Bin': 'D:\cicd\actions-runner\bin'
[2026-09-30 18:48:35Z INFO HostContext] Well known directory 'Root': 'D:\cicd\actions-runner'
[2026-09-30 18:48:35Z INFO HostContext] Well known directory 'Work': 'D:\cicd\actions-runner\_work'
[2026-09-30 18:48:39Z INFO JobServerQueue] Try to append 1 batches web console lines for record '51e69800-9891-42d8-bcb6-87ac6ac51af0', success rate: 1/1.
[2026-09-30 18:48:40Z INFO JobServerQueue] Try to append 1 batches web console lines for record '51e69800-9891-42d8-bcb6-87ac6ac51af0', success rate: 1/1.
[2026-09-30 18:48:40Z INFO JobServerQueue] Try to append 1 batches web console lines for record '51e69800-9891-42d8-bcb6-87ac6ac51af0', success rate: 1/1.
[2026-09-30 18:48:41Z INFO JobServerQueue] Try to append 1 batches web console lines for record '51e69800-9891-42d8-bcb6-87ac6ac51af0', success rate: 1/1.
[2026-09-30 18:48:41Z INFO JobServerQueue] Try to append 1 batches web console lines for record '51e69800-9891-42d8-bcb6-87ac6ac51af0', success rate: 1/1.
[2026-09-30 18:48:45Z INFO HostContext] Well known directory 'Bin': 'D:\cicd\actions-runner\bin'
[2026-09-30 18:48:45Z INFO HostContext] Well known directory 'Root': 'D:\cicd\actions-runner'
[2026-09-30 18:48:45Z INFO HostContext] Well known directory 'Work': 'D:\cicd\actions-runner\_work'
[2026-09-30 18:48:47Z INFO JobServerQueue] Try to append 1 batches web console lines for record '51e69800-9891-42d8-bcb6-87ac6ac51af0', success rate: 1/1.
[2026-09-30 18:48:47Z INFO JobServerQueue] Try to append 1 batches web console lines for record '51e69800-9891-42d8-bcb6-87ac6ac51af0', success rate: 1/1.
[2026-09-30 18:48:48Z INFO JobServerQueue] Try to append 1 batches web console lines for record '51e69800-9891-42d8-bcb6-87ac6ac51af0', success rate: 1/1.
[2026-09-30 18:48:48Z INFO JobServerQueue] Try to append 1 batches web console lines for record '51e69800-9891-42d8-bcb6-87ac6ac51af0', success rate: 1/1.
[2026-09-30 18:48:48Z INFO JobServerQueue] Try to append 1 batches web console lines for record '51e69800-9891-42d8-bcb6-87ac6ac51af0', success rate: 1/1.
[2026-09-30 18:48:48Z INFO ProcessInvokerWrapper] STDOUT/STDERR stream read finished.
[2026-09-30 18:48:48Z INFO ProcessInvokerWrapper] STDOUT/STDERR stream read finished.
[2026-09-30 18:48:48Z INFO ProcessInvokerWrapper] Finished process 17604 with exit code 1, and elapsed time 00:00:34.6210388.
[2026-09-30 18:48:48Z INFO CreateStepSummaryCommand] Step Summary file (D:\cicd\actions-runner\_work\_temp\_runner_file_commands\step_summary_a9a5809e-8bb7-473f-8d7b-50222caf1f07) is empty; skipping attachment upload
[2026-09-30 18:48:48Z INFO StepsRunner] Step result: Failed
[2026-09-30 18:48:48Z INFO ExecutionContext] Publish step telemetry for current step {
  "action": "pwsh",
  "type": "run",
  "stage": "Main",
  "stepId": "51e69800-9891-42d8-bcb6-87ac6ac51af0",
  "stepContextName": "__run_2",
  "result": "failed",
  "errorMessages": [
    "Process completed with exit code 1."
  ],
  "executionTimeInSeconds": 35,
  "startTime": "2026-09-30T18:48:14.0612886Z",
  "finishTime": "2026-09-30T18:48:48.7322842Z"
}.
[2026-09-30 18:48:48Z INFO StepsRunner] Update job result with current step result 'Failed'.
[2026-09-30 18:48:48Z INFO StepsRunner] Current state: job state = 'Failed'
[2026-09-30 18:48:48Z INFO StepsRunner] Processing step: DisplayName='Terraform Init'
[2026-09-30 18:48:48Z INFO StepsRunner] Evaluating: success()
[2026-09-30 18:48:48Z INFO StepsRunner] Result: false
[2026-09-30 18:48:48Z INFO StepsRunner] Skipping step due to condition evaluation.
[2026-09-30 18:48:48Z INFO StepsRunner] No need for updating job result with current step result 'Skipped'.
[2026-09-30 18:48:48Z INFO StepsRunner] Current state: job state = 'Failed'
[2026-09-30 18:48:48Z INFO StepsRunner] Processing step: DisplayName='Terraform Validate'
[2026-09-30 18:48:48Z INFO StepsRunner] Evaluating: success()
[2026-09-30 18:48:48Z INFO StepsRunner] Result: false
[2026-09-30 18:48:48Z INFO StepsRunner] Skipping step due to condition evaluation.
[2026-09-30 18:48:48Z INFO StepsRunner] No need for updating job result with current step result 'Skipped'.
[2026-09-30 18:48:48Z INFO StepsRunner] Current state: job state = 'Failed'
[2026-09-30 18:48:48Z INFO StepsRunner] Processing step: DisplayName='Terraform Plan'
[2026-09-30 18:48:48Z INFO StepsRunner] Evaluating: success()
[2026-09-30 18:48:48Z INFO StepsRunner] Result: false
[2026-09-30 18:48:48Z INFO StepsRunner] Skipping step due to condition evaluation.
[2026-09-30 18:48:48Z INFO StepsRunner] No need for updating job result with current step result 'Skipped'.
[2026-09-30 18:48:48Z INFO StepsRunner] Current state: job state = 'Failed'
[2026-09-30 18:48:48Z INFO StepsRunner] Processing step: DisplayName='Terraform Apply'
[2026-09-30 18:48:48Z INFO StepsRunner] Evaluating: success()
[2026-09-30 18:48:48Z INFO StepsRunner] Result: false
[2026-09-30 18:48:48Z INFO StepsRunner] Skipping step due to condition evaluation.
[2026-09-30 18:48:48Z INFO StepsRunner] No need for updating job result with current step result 'Skipped'.
[2026-09-30 18:48:48Z INFO StepsRunner] Current state: job state = 'Failed'
[2026-09-30 18:48:48Z INFO StepsRunner] Processing step: DisplayName='Wait for Deployment'
[2026-09-30 18:48:48Z INFO StepsRunner] Evaluating: success()
[2026-09-30 18:48:48Z INFO StepsRunner] Result: false
[2026-09-30 18:48:48Z INFO StepsRunner] Skipping step due to condition evaluation.
[2026-09-30 18:48:48Z INFO StepsRunner] No need for updating job result with current step result 'Skipped'.
[2026-09-30 18:48:48Z INFO StepsRunner] Current state: job state = 'Failed'
[2026-09-30 18:48:48Z INFO StepsRunner] Processing step: DisplayName='Verify Pods'
[2026-09-30 18:48:48Z INFO StepsRunner] Evaluating: success()
[2026-09-30 18:48:48Z INFO StepsRunner] Result: false
[2026-09-30 18:48:48Z INFO StepsRunner] Skipping step due to condition evaluation.
[2026-09-30 18:48:48Z INFO StepsRunner] No need for updating job result with current step result 'Skipped'.
[2026-09-30 18:48:48Z INFO StepsRunner] Current state: job state = 'Failed'
[2026-09-30 18:48:48Z INFO StepsRunner] Processing step: DisplayName='Post Checkout Code'
[2026-09-30 18:48:48Z INFO StepsRunner] Evaluating: always()
[2026-09-30 18:48:48Z INFO StepsRunner] Result: true
[2026-09-30 18:48:48Z INFO StepsRunner] Starting the step.
[2026-09-30 18:48:48Z INFO HostContext] Well known directory 'Bin': 'D:\cicd\actions-runner\bin'
[2026-09-30 18:48:48Z INFO HostContext] Well known directory 'Root': 'D:\cicd\actions-runner'
[2026-09-30 18:48:48Z INFO HostContext] Well known directory 'Work': 'D:\cicd\actions-runner\_work'
[2026-09-30 18:48:48Z INFO StepsRunner] Which2: 'chcp'
[2026-09-30 18:48:48Z INFO StepsRunner] Location: 'C:\WINDOWS\system32\chcp.COM'
[2026-09-30 18:48:48Z INFO ProcessInvokerWrapper] Starting process:
[2026-09-30 18:48:48Z INFO ProcessInvokerWrapper]   File name: 'C:\WINDOWS\system32\chcp.COM'
[2026-09-30 18:48:48Z INFO ProcessInvokerWrapper]   Arguments: '65001'
[2026-09-30 18:48:48Z INFO ProcessInvokerWrapper]   Working directory: 'D:\cicd\actions-runner\_work'
[2026-09-30 18:48:48Z INFO ProcessInvokerWrapper]   Require exit code zero: 'False'
[2026-09-30 18:48:48Z INFO ProcessInvokerWrapper]   Encoding web name:  ; code page: ''
[2026-09-30 18:48:48Z INFO ProcessInvokerWrapper]   Force kill process on cancellation: 'False'
[2026-09-30 18:48:48Z INFO ProcessInvokerWrapper]   Redirected STDIN: 'False'
[2026-09-30 18:48:48Z INFO ProcessInvokerWrapper]   Persist current code page: 'True'
[2026-09-30 18:48:48Z INFO ProcessInvokerWrapper]   Keep redirected STDIN open: 'False'
[2026-09-30 18:48:48Z INFO ProcessInvokerWrapper]   High priority process: 'False'
[2026-09-30 18:48:48Z INFO ProcessInvokerWrapper] Process started with process id 23204, waiting for process exit.
[2026-09-30 18:48:48Z INFO ProcessInvokerWrapper] STDOUT/STDERR stream read finished.
[2026-09-30 18:48:48Z INFO ProcessInvokerWrapper] STDOUT/STDERR stream read finished.
[2026-09-30 18:48:48Z INFO ProcessInvokerWrapper] Finished process 23204 with exit code 0, and elapsed time 00:00:00.0368332.
[2026-09-30 18:48:48Z INFO StepsRunner] Successfully returned to code page 65001 (UTF8)
[2026-09-30 18:48:48Z INFO HostContext] Well known directory 'Bin': 'D:\cicd\actions-runner\bin'
[2026-09-30 18:48:48Z INFO HostContext] Well known directory 'Root': 'D:\cicd\actions-runner'
[2026-09-30 18:48:48Z INFO HostContext] Well known directory 'Work': 'D:\cicd\actions-runner\_work'
[2026-09-30 18:48:48Z INFO HostContext] Well known directory 'Actions': 'D:\cicd\actions-runner\_work\_actions'
[2026-09-30 18:48:48Z INFO ActionManager] Load action that reference repository from 'D:\cicd\actions-runner\_work\_actions\actions\checkout\v4'
[2026-09-30 18:48:48Z INFO HostContext] Well known directory 'Bin': 'D:\cicd\actions-runner\bin'
[2026-09-30 18:48:48Z INFO HostContext] Well known directory 'Root': 'D:\cicd\actions-runner'
[2026-09-30 18:48:48Z INFO HostContext] Well known directory 'Work': 'D:\cicd\actions-runner\_work'
[2026-09-30 18:48:48Z INFO HostContext] Well known directory 'Actions': 'D:\cicd\actions-runner\_work\_actions'
[2026-09-30 18:48:48Z INFO ActionManifestManagerLegacy] Loaded action.yml file: {
  "name": "Checkout",
  "description": "Checkout a Git repository at a particular version",
  "inputs": {
    "type": 2,
    "map": [
      {
        "key": {
          "type": 0,
          "file": 2,
          "line": 4,
          "col": 3,
          "lit": "repository"
        },
        "value": {
          "type": 3,
          "file": 2,
          "line": 6,
          "col": 14,
          "expr": "github.repository"
        }
      },
      {
        "key": {
          "type": 0,
          "file": 2,
          "line": 7,
          "col": 3,
          "lit": "ref"
        },
        "value": ""
      },
      {
        "key": {
          "type": 0,
          "file": 2,
          "line": 12,
          "col": 3,
          "lit": "token"
        },
        "value": {
          "type": 3,
          "file": 2,
          "line": 24,
          "col": 14,
          "expr": "github.token"
        }
      },
      {
        "key": {
          "type": 0,
          "file": 2,
          "line": 25,
          "col": 3,
          "lit": "ssh-key"
        },
        "value": ""
      },
      {
        "key": {
          "type": 0,
          "file": 2,
          "line": 37,
          "col": 3,
          "lit": "ssh-known-hosts"
        },
        "value": ""
      },
      {
        "key": {
          "type": 0,
          "file": 2,
          "line": 42,
          "col": 3,
          "lit": "ssh-strict"
        },
        "value": {
          "type": 0,
          "file": 2,
          "line": 47,
          "col": 14,
          "lit": "true"
        }
      },
      {
        "key": {
          "type": 0,
          "file": 2,
          "line": 48,
          "col": 3,
          "lit": "ssh-user"
        },
        "value": {
          "type": 0,
          "file": 2,
          "line": 51,
          "col": 14,
          "lit": "git"
        }
      },
      {
        "key": {
          "type": 0,
          "file": 2,
          "line": 52,
          "col": 3,
          "lit": "persist-credentials"
        },
        "value": {
          "type": 0,
          "file": 2,
          "line": 54,
          "col": 14,
          "lit": "true"
        }
      },
      {
        "key": {
          "type": 0,
          "file": 2,
          "line": 55,
          "col": 3,
          "lit": "path"
        },
        "value": ""
      },
      {
        "key": {
          "type": 0,
          "file": 2,
          "line": 57,
          "col": 3,
          "lit": "clean"
        },
        "value": {
          "type": 0,
          "file": 2,
          "line": 59,
          "col": 14,
          "lit": "true"
        }
      },
      {
        "key": {
          "type": 0,
          "file": 2,
          "line": 60,
          "col": 3,
          "lit": "filter"
        },
        "value": {
          "type": 0,
          "file": 2,
          "line": 64,
          "col": 14,
          "lit": ""
        }
      },
      {
        "key": {
          "type": 0,
          "file": 2,
          "line": 65,
          "col": 3,
          "lit": "sparse-checkout"
        },
        "value": {
          "type": 0,
          "file": 2,
          "line": 69,
          "col": 14,
          "lit": ""
        }
      },
      {
        "key": {
          "type": 0,
          "file": 2,
          "line": 70,
          "col": 3,
          "lit": "sparse-checkout-cone-mode"
        },
        "value": {
          "type": 0,
          "file": 2,
          "line": 73,
          "col": 14,
          "lit": "true"
        }
      },
      {
        "key": {
          "type": 0,
          "file": 2,
          "line": 74,
          "col": 3,
          "lit": "fetch-depth"
        },
        "value": {
          "type": 0,
          "file": 2,
          "line": 76,
          "col": 14,
          "lit": "1"
        }
      },
      {
        "key": {
          "type": 0,
          "file": 2,
          "line": 77,
          "col": 3,
          "lit": "fetch-tags"
        },
        "value": {
          "type": 0,
          "file": 2,
          "line": 79,
          "col": 14,
          "lit": "false"
        }
      },
      {
        "key": {
          "type": 0,
          "file": 2,
          "line": 80,
          "col": 3,
          "lit": "show-progress"
        },
        "value": {
          "type": 0,
          "file": 2,
          "line": 82,
          "col": 14,
          "lit": "true"
        }
      },
      {
        "key": {
          "type": 0,
          "file": 2,
          "line": 83,
          "col": 3,
          "lit": "lfs"
        },
        "value": {
          "type": 0,
          "file": 2,
          "line": 85,
          "col": 14,
          "lit": "false"
        }
      },
      {
        "key": {
          "type": 0,
          "file": 2,
          "line": 86,
          "col": 3,
          "lit": "submodules"
        },
        "value": {
          "type": 0,
          "file": 2,
          "line": 94,
          "col": 14,
          "lit": "false"
        }
      },
      {
        "key": {
          "type": 0,
          "file": 2,
          "line": 95,
          "col": 3,
          "lit": "set-safe-directory"
        },
        "value": {
          "type": 0,
          "file": 2,
          "line": 97,
          "col": 14,
          "lit": "true"
        }
      },
      {
        "key": {
          "type": 0,
          "file": 2,
          "line": 98,
          "col": 3,
          "lit": "github-server-url"
        },
        "value": ""
      },
      {
        "key": {
          "type": 0,
          "file": 2,
          "line": 101,
          "col": 3,
          "lit": "allow-unsafe-pr-checkout"
        },
        "value": {
          "type": 0,
          "file": 2,
          "line": 109,
          "col": 14,
          "lit": "false"
        }
      }
    ]
  },
  "execution": {
    "executionType": "nodeJS",
    "hasPre": false,
    "hasPost": true,
    "script": "dist/index.js",
    "pre": null,
    "post": "dist/index.js",
    "nodeVersion": "node20",
    "cleanupCondition": "always()",
    "initCondition": "always()"
  },
  "deprecated": null
}
[2026-09-30 18:48:48Z INFO ActionManager] Action pre node.js file: N/A.
[2026-09-30 18:48:48Z INFO ActionManager] Action node.js file: dist/index.js.
[2026-09-30 18:48:48Z INFO ActionManager] Action post node.js file: dist/index.js.
[2026-09-30 18:48:48Z INFO HostContext] Well known directory 'Bin': 'D:\cicd\actions-runner\bin'
[2026-09-30 18:48:48Z INFO HostContext] Well known directory 'Root': 'D:\cicd\actions-runner'
[2026-09-30 18:48:48Z INFO HostContext] Well known directory 'Work': 'D:\cicd\actions-runner\_work'
[2026-09-30 18:48:48Z INFO HostContext] Well known directory 'Temp': 'D:\cicd\actions-runner\_work\_temp'
[2026-09-30 18:48:48Z INFO ExecutionContext] Write event payload to D:\cicd\actions-runner\_work\_temp\_github_workflow\event.json
[2026-09-30 18:48:48Z INFO HostContext] Well known directory 'Bin': 'D:\cicd\actions-runner\bin'
[2026-09-30 18:48:48Z INFO HostContext] Well known directory 'Root': 'D:\cicd\actions-runner'
[2026-09-30 18:48:48Z INFO HostContext] Well known directory 'Work': 'D:\cicd\actions-runner\_work'
[2026-09-30 18:48:48Z INFO HostContext] Well known directory 'Temp': 'D:\cicd\actions-runner\_work\_temp'
[2026-09-30 18:48:48Z INFO ExtensionManager] Getting extensions for interface: 'GitHub.Runner.Worker.IFileCommandExtension'
[2026-09-30 18:48:48Z INFO ActionManifestManagerLegacy] Input 'repository': default value evaluate result: {
  "type": 0,
  "file": 2,
  "line": 6,
  "col": 14,
  "lit": "***-ops/my-repo"
}
[2026-09-30 18:48:48Z INFO ActionManifestManagerLegacy] Input 'ref': default value evaluate result: ""
[2026-09-30 18:48:48Z INFO ActionManifestManagerLegacy] Input 'token': default value evaluate result: {
  "type": 0,
  "file": 2,
  "line": 24,
  "col": 14,
  "lit": "***"
}
[2026-09-30 18:48:48Z INFO ActionManifestManagerLegacy] Input 'ssh-key': default value evaluate result: ""
[2026-09-30 18:48:48Z INFO ActionManifestManagerLegacy] Input 'ssh-known-hosts': default value evaluate result: ""
[2026-09-30 18:48:48Z INFO ActionManifestManagerLegacy] Input 'ssh-strict': default value evaluate result: {
  "type": 0,
  "file": 2,
  "line": 47,
  "col": 14,
  "lit": "true"
}
[2026-09-30 18:48:48Z INFO ActionManifestManagerLegacy] Input 'ssh-user': default value evaluate result: {
  "type": 0,
  "file": 2,
  "line": 51,
  "col": 14,
  "lit": "git"
}
[2026-09-30 18:48:48Z INFO ActionManifestManagerLegacy] Input 'persist-credentials': default value evaluate result: {
  "type": 0,
  "file": 2,
  "line": 54,
  "col": 14,
  "lit": "true"
}
[2026-09-30 18:48:48Z INFO ActionManifestManagerLegacy] Input 'path': default value evaluate result: ""
[2026-09-30 18:48:48Z INFO ActionManifestManagerLegacy] Input 'clean': default value evaluate result: {
  "type": 0,
  "file": 2,
  "line": 59,
  "col": 14,
  "lit": "true"
}
[2026-09-30 18:48:48Z INFO ActionManifestManagerLegacy] Input 'filter': default value evaluate result: {
  "type": 0,
  "file": 2,
  "line": 64,
  "col": 14,
  "lit": ""
}
[2026-09-30 18:48:48Z INFO ActionManifestManagerLegacy] Input 'sparse-checkout': default value evaluate result: {
  "type": 0,
  "file": 2,
  "line": 69,
  "col": 14,
  "lit": ""
}
[2026-09-30 18:48:48Z INFO ActionManifestManagerLegacy] Input 'sparse-checkout-cone-mode': default value evaluate result: {
  "type": 0,
  "file": 2,
  "line": 73,
  "col": 14,
  "lit": "true"
}
[2026-09-30 18:48:48Z INFO ActionManifestManagerLegacy] Input 'fetch-depth': default value evaluate result: {
  "type": 0,
  "file": 2,
  "line": 76,
  "col": 14,
  "lit": "1"
}
[2026-09-30 18:48:48Z INFO ActionManifestManagerLegacy] Input 'fetch-tags': default value evaluate result: {
  "type": 0,
  "file": 2,
  "line": 79,
  "col": 14,
  "lit": "false"
}
[2026-09-30 18:48:48Z INFO ActionManifestManagerLegacy] Input 'show-progress': default value evaluate result: {
  "type": 0,
  "file": 2,
  "line": 82,
  "col": 14,
  "lit": "true"
}
[2026-09-30 18:48:48Z INFO ActionManifestManagerLegacy] Input 'lfs': default value evaluate result: {
  "type": 0,
  "file": 2,
  "line": 85,
  "col": 14,
  "lit": "false"
}
[2026-09-30 18:48:48Z INFO ActionManifestManagerLegacy] Input 'submodules': default value evaluate result: {
  "type": 0,
  "file": 2,
  "line": 94,
  "col": 14,
  "lit": "false"
}
[2026-09-30 18:48:48Z INFO ActionManifestManagerLegacy] Input 'set-safe-directory': default value evaluate result: {
  "type": 0,
  "file": 2,
  "line": 97,
  "col": 14,
  "lit": "true"
}
[2026-09-30 18:48:48Z INFO ActionManifestManagerLegacy] Input 'github-server-url': default value evaluate result: ""
[2026-09-30 18:48:48Z INFO ActionManifestManagerLegacy] Input 'allow-unsafe-pr-checkout': default value evaluate result: {
  "type": 0,
  "file": 2,
  "line": 109,
  "col": 14,
  "lit": "false"
}
[2026-09-30 18:48:48Z INFO ExtensionManager] Getting extensions for interface: 'GitHub.Runner.Worker.IActionCommandExtension'
[2026-09-30 18:48:48Z INFO ActionCommandManager] Register action command extension for command internal-set-repo-path
[2026-09-30 18:48:48Z INFO ActionCommandManager] Register action command extension for command set-env
[2026-09-30 18:48:48Z INFO ActionCommandManager] Register action command extension for command set-output
[2026-09-30 18:48:48Z INFO ActionCommandManager] Register action command extension for command save-state
[2026-09-30 18:48:48Z INFO ActionCommandManager] Register action command extension for command add-path
[2026-09-30 18:48:48Z INFO ActionCommandManager] Register action command extension for command add-mask
[2026-09-30 18:48:48Z INFO ActionCommandManager] Register action command extension for command add-matcher
[2026-09-30 18:48:48Z INFO ActionCommandManager] Register action command extension for command remove-matcher
[2026-09-30 18:48:48Z INFO ActionCommandManager] Register action command extension for command warning
[2026-09-30 18:48:48Z INFO ActionCommandManager] Register action command extension for command error
[2026-09-30 18:48:48Z INFO ActionCommandManager] Register action command extension for command notice
[2026-09-30 18:48:48Z INFO ActionCommandManager] Register action command extension for command debug
[2026-09-30 18:48:48Z INFO ActionCommandManager] Register action command extension for command group
[2026-09-30 18:48:48Z INFO ActionCommandManager] Register action command extension for command endgroup
[2026-09-30 18:48:48Z INFO ActionCommandManager] Register action command extension for command echo
[2026-09-30 18:48:48Z INFO HostContext] Well known directory 'Bin': 'D:\cicd\actions-runner\bin'
[2026-09-30 18:48:48Z INFO HostContext] Well known directory 'Root': 'D:\cicd\actions-runner'
[2026-09-30 18:48:48Z INFO HostContext] Well known directory 'Externals': 'D:\cicd\actions-runner\externals'
[2026-09-30 18:48:48Z INFO ProcessInvokerWrapper] Starting process:
[2026-09-30 18:48:48Z INFO ProcessInvokerWrapper]   File name: 'D:\cicd\actions-runner\externals\node24\bin\node.exe'
[2026-09-30 18:48:48Z INFO ProcessInvokerWrapper]   Arguments: '"D:\cicd\actions-runner\_work\_actions\actions\checkout\v4\dist/index.js"'
[2026-09-30 18:48:48Z INFO ProcessInvokerWrapper]   Working directory: 'D:\cicd\actions-runner\_work\my-repo\my-repo'
[2026-09-30 18:48:48Z INFO ProcessInvokerWrapper]   Require exit code zero: 'False'
[2026-09-30 18:48:48Z INFO ProcessInvokerWrapper]   Encoding web name: utf-8 ; code page: '65001'
[2026-09-30 18:48:48Z INFO ProcessInvokerWrapper]   Force kill process on cancellation: 'False'
[2026-09-30 18:48:48Z INFO ProcessInvokerWrapper]   Redirected STDIN: 'False'
[2026-09-30 18:48:48Z INFO ProcessInvokerWrapper]   Persist current code page: 'True'
[2026-09-30 18:48:48Z INFO ProcessInvokerWrapper]   Keep redirected STDIN open: 'False'
[2026-09-30 18:48:48Z INFO ProcessInvokerWrapper]   High priority process: 'False'
[2026-09-30 18:48:48Z INFO ProcessInvokerWrapper] Process started with process id 21764, waiting for process exit.
[2026-09-30 18:48:48Z INFO JobServerQueue] Try to append 1 batches web console lines for record '51e69800-9891-42d8-bcb6-87ac6ac51af0', success rate: 1/1.
[2026-09-30 18:48:48Z INFO JobServerQueue] Try to append 1 batches web console lines for record '9fc6484e-502e-4903-9960-f70353fe06b7', success rate: 1/1.
[2026-09-30 18:48:49Z INFO JobServerQueue] Got a step log file to send to results service.
[2026-09-30 18:48:49Z INFO JobServerQueue] Starting upload of step log file to results service ResultsLog, D:\cicd\actions-runner\_diag\blocks\cf00a99b-3dc2-8354-a021-6ed2dd7ad4c4_51e69800-9891-42d8-bcb6-87ac6ac51af0.1
[2026-09-30 18:48:49Z INFO JobServerQueue] Try to upload 1 log files or attachments, success rate: 1/1.
[2026-09-30 18:48:49Z INFO JobServerQueue] Try to append 1 batches web console lines for record '9fc6484e-502e-4903-9960-f70353fe06b7', success rate: 1/1.
[2026-09-30 18:48:49Z INFO AddMaskCommandExtension] Add new secret mask with length of 32
[2026-09-30 18:48:49Z INFO JobServerQueue] Try to append 1 batches web console lines for record '9fc6484e-502e-4903-9960-f70353fe06b7', success rate: 1/1.
[2026-09-30 18:48:49Z INFO JobServerQueue] Try to append 1 batches web console lines for record '9fc6484e-502e-4903-9960-f70353fe06b7', success rate: 1/1.
[2026-09-30 18:48:50Z INFO JobServerQueue] Tried to upload 1 file(s) to results, success rate: 1/1.
[2026-09-30 18:48:52Z INFO JobServerQueue] Try to append 1 batches web console lines for record '9fc6484e-502e-4903-9960-f70353fe06b7', success rate: 1/1.
[2026-09-30 18:48:52Z INFO JobServerQueue] Try to append 1 batches web console lines for record '9fc6484e-502e-4903-9960-f70353fe06b7', success rate: 1/1.
[2026-09-30 18:48:54Z INFO JobServerQueue] Try to append 1 batches web console lines for record '9fc6484e-502e-4903-9960-f70353fe06b7', success rate: 1/1.
[2026-09-30 18:48:55Z INFO JobServerQueue] Stop aggressive process web console line queue.
[2026-09-30 18:48:55Z INFO HostContext] Well known directory 'Bin': 'D:\cicd\actions-runner\bin'
[2026-09-30 18:48:55Z INFO HostContext] Well known directory 'Root': 'D:\cicd\actions-runner'
[2026-09-30 18:48:55Z INFO HostContext] Well known directory 'Work': 'D:\cicd\actions-runner\_work'
[2026-09-30 18:48:56Z INFO ProcessInvokerWrapper] STDOUT/STDERR stream read finished.
[2026-09-30 18:48:56Z INFO ProcessInvokerWrapper] STDOUT/STDERR stream read finished.
[2026-09-30 18:48:56Z INFO ProcessInvokerWrapper] Finished process 21764 with exit code 0, and elapsed time 00:00:07.9523824.
[2026-09-30 18:48:56Z INFO CreateStepSummaryCommand] Step Summary file (D:\cicd\actions-runner\_work\_temp\_runner_file_commands\step_summary_411f43eb-ad2f-44be-97e8-3e137e19c27e) is empty; skipping attachment upload
[2026-09-30 18:48:56Z INFO StepsRunner] Step result: 
[2026-09-30 18:48:56Z INFO ExecutionContext] Publish step telemetry for current step {
  "action": "actions/checkout",
  "ref": "v4",
  "type": "node24",
  "stage": "Post",
  "stepId": "9fc6484e-502e-4903-9960-f70353fe06b7",
  "result": "succeeded",
  "errorMessages": [],
  "executionTimeInSeconds": 9,
  "startTime": "2026-09-30T18:48:48.7487171Z",
  "finishTime": "2026-09-30T18:48:56.7788638Z"
}.
[2026-09-30 18:48:56Z INFO StepsRunner] No need for updating job result with current step result 'Succeeded'.
[2026-09-30 18:48:56Z INFO StepsRunner] Current state: job state = 'Failed'
[2026-09-30 18:48:56Z INFO JobRunner] Finalize job.
[2026-09-30 18:48:56Z INFO HostContext] Well known directory 'Bin': 'D:\cicd\actions-runner\bin'
[2026-09-30 18:48:56Z INFO HostContext] Well known directory 'Root': 'D:\cicd\actions-runner'
[2026-09-30 18:48:56Z INFO HostContext] Well known directory 'Diag': 'D:\cicd\actions-runner\_diag'
[2026-09-30 18:48:56Z INFO HostContext] Well known directory 'Bin': 'D:\cicd\actions-runner\bin'
[2026-09-30 18:48:56Z INFO HostContext] Well known directory 'Root': 'D:\cicd\actions-runner'
[2026-09-30 18:48:56Z INFO HostContext] Well known directory 'Diag': 'D:\cicd\actions-runner\_diag'
[2026-09-30 18:48:56Z INFO JobExtension] Initialize Env context
[2026-09-30 18:48:56Z INFO JobExtension] Initialize steps context
[2026-09-30 18:48:56Z INFO JobExtension] Total accessible running process: 351.
[2026-09-30 18:48:56Z INFO JobExtension] Wait for all connectivity checks to finish.
[2026-09-30 18:48:56Z INFO JobExtension] Connectivity check result: {
  "endpointUrl": "https://broker.actions.githubusercontent.com/health",
  "endpointIPs": null,
  "startTime": "2026-09-30T18:47:55.8275964Z",
  "statusCode": "http_OK",
  "requestId": "E428:2DC1E7:AA28:13355:6ABD595D",
  "httpRequestDurationInMs": 965,
  "dnsResolutionDurationInMs": 0,
  "dnsError": null
}
[2026-09-30 18:48:56Z INFO JobExtension] Connectivity check result: {
  "endpointUrl": "https://token.actions.githubusercontent.com/ready",
  "endpointIPs": null,
  "startTime": "2026-09-30T18:47:55.8294579Z",
  "statusCode": "http_NoContent",
  "requestId": "E48E:261E96:9CAC5B:AAD98F:6ABD595D",
  "httpRequestDurationInMs": 1158,
  "dnsResolutionDurationInMs": 0,
  "dnsError": null
}
[2026-09-30 18:48:56Z INFO JobExtension] Connectivity check result: {
  "endpointUrl": "https://run.actions.githubusercontent.com/health",
  "endpointIPs": null,
  "startTime": "2026-09-30T18:47:55.8299661Z",
  "statusCode": "http_OK",
  "requestId": "E48D:1793EE:AEBB:1390F:6ABD595D",
  "httpRequestDurationInMs": 1174,
  "dnsResolutionDurationInMs": 0,
  "dnsError": null
}
[2026-09-30 18:48:56Z INFO ExecutionContext] Publish step telemetry for current step {
  "action": "complete_job",
  "type": "runner",
  "stage": "Post",
  "stepId": "5ca68710-bacf-4510-b7b3-ab47f013fac6",
  "result": "succeeded",
  "errorMessages": [
    "Node.js 20 is deprecated. The following actions target Node.js 20 but are being forced to run on Node.js 24: actions/checkout@v4. For more information see: https://github.blog/changelog/2025-09-19-deprecation-of-node-20-on-github-actions-runners/"
  ],
  "executionTimeInSeconds": 1,
  "startTime": "2026-09-30T18:48:56.8169391Z",
  "finishTime": "2026-09-30T18:48:56.8571183Z"
}.
[2026-09-30 18:48:56Z INFO JobRunner] Job result after all job steps finish: Failed
[2026-09-30 18:48:56Z INFO JobRunner] Completing the job execution context.
[2026-09-30 18:48:56Z INFO JobRunner] Shutting down the job server queue.
[2026-09-30 18:48:56Z INFO JobServerQueue] Fire signal to shutdown all queues.
[2026-09-30 18:48:57Z INFO JobServerQueue] All queue process task stopped.
[2026-09-30 18:48:57Z INFO JobServerQueue] Try to append 1 batches web console lines for record '5ca68710-bacf-4510-b7b3-ab47f013fac6', success rate: 1/1.
[2026-09-30 18:48:57Z INFO JobServerQueue] Web console line queue drained.
[2026-09-30 18:48:57Z INFO JobServerQueue] Uploading 3 files in one shot.
[2026-09-30 18:48:57Z INFO JobServerQueue] Try to upload 3 log files or attachments, success rate: 3/3.
[2026-09-30 18:48:57Z INFO JobServerQueue] File upload queue drained.
[2026-09-30 18:48:57Z INFO JobServerQueue] Starting results-based upload queue...
[2026-09-30 18:48:57Z INFO JobServerQueue] Uploading 3 file(s) in one shot through results service.
[2026-09-30 18:48:57Z INFO JobServerQueue] Got a step log file to send to results service.
[2026-09-30 18:48:57Z INFO JobServerQueue] Starting upload of step log file to results service ResultsLog, D:\cicd\actions-runner\_diag\blocks\cf00a99b-3dc2-8354-a021-6ed2dd7ad4c4_9fc6484e-502e-4903-9960-f70353fe06b7.1
[2026-09-30 18:48:58Z INFO JobServerQueue] Got a step log file to send to results service.
[2026-09-30 18:48:58Z INFO JobServerQueue] Starting upload of step log file to results service ResultsLog, D:\cicd\actions-runner\_diag\blocks\cf00a99b-3dc2-8354-a021-6ed2dd7ad4c4_5ca68710-bacf-4510-b7b3-ab47f013fac6.1
[2026-09-30 18:48:59Z INFO JobServerQueue] Got a job log file to send to results service.
[2026-09-30 18:48:59Z INFO JobServerQueue] Starting upload of job log file to results service ResultsLog, D:\cicd\actions-runner\_diag\blocks\cf00a99b-3dc2-8354-a021-6ed2dd7ad4c4_dc42ff90-90ad-52b6-b54e-8f71d770803d.1
[2026-09-30 18:49:00Z INFO JobServerQueue] Tried to upload 3 file(s) to results, success rate: 3/3.
[2026-09-30 18:49:00Z INFO JobServerQueue] Results upload queue drained.
[2026-09-30 18:49:00Z INFO JobServerQueue] Timeline update queue drained.
[2026-09-30 18:49:00Z INFO JobServerQueue] Disposing job server ...
[2026-09-30 18:49:00Z INFO JobServerQueue] Disposing results server ...
[2026-09-30 18:49:00Z INFO JobServerQueue] All queue process tasks have been stopped, and all queues are drained.
[2026-09-30 18:49:00Z INFO TempDirectoryManager] Cleaning runner temp folder: D:\cicd\actions-runner\_work\_temp
[2026-09-30 18:49:00Z INFO HostContext] Well known directory 'Bin': 'D:\cicd\actions-runner\bin'
[2026-09-30 18:49:00Z INFO HostContext] Well known directory 'Root': 'D:\cicd\actions-runner'
[2026-09-30 18:49:00Z INFO HostContext] Well known directory 'Diag': 'D:\cicd\actions-runner\_diag'
[2026-09-30 18:49:00Z INFO HostContext] Well known config file 'Telemetry': 'D:\cicd\actions-runner\_diag\.telemetry'
[2026-09-30 18:49:00Z INFO JobRunner] Raising job completed against run service
[2026-09-30 18:49:01Z INFO Worker] Job completed.
