[2026-09-30 03:48:22Z INFO HostContext] No proxy settings were found based on environmental variables (http_proxy/https_proxy/HTTP_PROXY/HTTPS_PROXY)
[2026-09-30 03:48:22Z INFO HostContext] Well known directory 'Bin': 'D:\cicd\actions-runner\bin'
[2026-09-30 03:48:22Z INFO HostContext] Well known directory 'Root': 'D:\cicd\actions-runner'
[2026-09-30 03:48:22Z INFO HostContext] Well known config file 'Credentials': 'D:\cicd\actions-runner\.credentials'
[2026-09-30 03:48:22Z INFO HostContext] Well known directory 'Bin': 'D:\cicd\actions-runner\bin'
[2026-09-30 03:48:22Z INFO HostContext] Well known directory 'Root': 'D:\cicd\actions-runner'
[2026-09-30 03:48:22Z INFO HostContext] Well known config file 'Runner': 'D:\cicd\actions-runner\.runner'
[2026-09-30 03:48:22Z INFO Worker] Version: 2.337.0
[2026-09-30 03:48:22Z INFO Worker] Commit: 397b032cbf865e9c3ddfab89d533ec19325e1273
[2026-09-30 03:48:22Z INFO Worker] Culture: en-IN
[2026-09-30 03:48:22Z INFO Worker] UI Culture: en-US
[2026-09-30 03:48:22Z INFO Worker] Waiting to receive the job message from the channel.
[2026-09-30 03:48:22Z INFO ProcessChannel] Receiving message of length 23298, with hash '3f7d04e703c88308b958fd24b696ac02f8745cf0665faee286e2cf5398394e12'
[2026-09-30 03:48:22Z INFO Worker] Message received.
[2026-09-30 03:48:22Z INFO Worker] Job message:
 {
  "fileTable": [
    ".github/workflows/pipeline.yaml"
  ],
  "mask": [
    {
      "type": "regex",
      "value": "***"
    },
    {
      "type": "regex",
      "value": "***"
    },
    {
      "type": "regex",
      "value": "***"
    },
    {
      "type": "regex",
      "value": "***"
    },
    {
      "type": "regex",
      "value": "***"
    },
    {
      "type": "regex",
      "value": "***"
    },
    {
      "type": "regex",
      "value": "***"
    },
    {
      "type": "regex",
      "value": "***"
    },
    {
      "type": "regex",
      "value": "***"
    },
    {
      "type": "regex",
      "value": "***"
    },
    {
      "type": "regex",
      "value": "***"
    },
    {
      "type": "regex",
      "value": "***"
    },
    {
      "type": "regex",
      "value": "***"
    },
    {
      "type": "regex",
      "value": "***"
    },
    {
      "type": "regex",
      "value": "***"
    },
    {
      "type": "regex",
      "value": "***"
    },
    {
      "type": "regex",
      "value": "***"
    },
    {
      "type": "regex",
      "value": "***"
    },
    {
      "type": "regex",
      "value": "***"
    },
    {
      "type": "regex",
      "value": "***"
    },
    {
      "type": "regex",
      "value": "***"
    },
    {
      "type": "regex",
      "value": "***"
    },
    {
      "type": "regex",
      "value": "***"
    },
    {
      "type": "regex",
      "value": "***"
    }
  ],
  "steps": [
    {
      "type": "action",
      "reference": {
        "type": "repository",
        "name": "actions/checkout",
        "ref": "v4",
        "repositoryType": "GitHub"
      },
      "displayNameToken": {
        "type": 0,
        "file": 1,
        "line": 12,
        "col": 15,
        "lit": "Checkout Code"
      },
      "contextName": "__actions_checkout",
      "condition": "success()",
      "id": "ad45d630-3190-4c9f-9f27-1cb52ca555ae",
      "name": "__actions_checkout"
    },
    {
      "type": "action",
      "reference": {
        "type": "script"
      },
      "displayNameToken": {
        "type": 0,
        "file": 1,
        "line": 15,
        "col": 15,
        "lit": "Build"
      },
      "contextName": "__run",
      "inputs": {
        "type": 2,
        "map": [
          {
            "key": "script",
            "value": {
              "type": 0,
              "file": 1,
              "line": 16,
              "col": 14,
              "lit": "echo \"Build success\""
            }
          }
        ]
      },
      "condition": "success()",
      "id": "afdc26d3-f73f-4055-be7d-92a3ec4dc5f0",
      "name": "__run"
    },
    {
      "type": "action",
      "reference": {
        "type": "script"
      },
      "displayNameToken": {
        "type": 0,
        "file": 1,
        "line": 18,
        "col": 15,
        "lit": "Test"
      },
      "contextName": "__run_2",
      "inputs": {
        "type": 2,
        "map": [
          {
            "key": "script",
            "value": {
              "type": 0,
              "file": 1,
              "line": 19,
              "col": 14,
              "lit": "echo \"Tests passed\""
            }
          }
        ]
      },
      "condition": "success()",
      "id": "0612950f-4ff8-4127-99f0-02fd453e852b",
      "name": "__run_2"
    },
    {
      "type": "action",
      "reference": {
        "type": "script"
      },
      "displayNameToken": {
        "type": 0,
        "file": 1,
        "line": 21,
        "col": 15,
        "lit": "Deploy (CD)"
      },
      "contextName": "__run_3",
      "inputs": {
        "type": 2,
        "map": [
          {
            "key": "script",
            "value": {
              "type": 0,
              "file": 1,
              "line": 23,
              "col": 14,
              "lit": "echo deployment successful"
            }
          },
          {
            "key": "shell",
            "value": {
              "type": 0,
              "file": 1,
              "line": 22,
              "col": 16,
              "lit": "cmd"
            }
          }
        ]
      },
      "condition": "success()",
      "id": "e4930875-de57-40cf-a8f8-766d66f8b9ba",
      "name": "__run_3"
    }
  ],
  "variables": {
    "Actions.EnableHttpRedirects": {
      "value": "true"
    },
    "DistributedTask.AddWarningToNode12Action": {
      "value": "true"
    },
    "DistributedTask.AddWarningToNode16Action": {
      "value": "true"
    },
    "DistributedTask.AllowRunnerContainerHooks": {
      "value": "true"
    },
    "DistributedTask.DeprecateStepOutputCommands": {
      "value": "true"
    },
    "DistributedTask.DetailUntarFailure": {
      "value": "true"
    },
    "DistributedTask.EnableCompositeActions": {
      "value": "true"
    },
    "DistributedTask.EnableJobServerQueueTelemetry": {
      "value": "true"
    },
    "DistributedTask.EnhancedAnnotations": {
      "value": "true"
    },
    "DistributedTask.ForceGithubJavascriptActionsToNode16": {
      "value": "true"
    },
    "DistributedTask.ForceGithubJavascriptActionsToNode20": {
      "value": "true"
    },
    "DistributedTask.LogTemplateErrorsAsDebugMessages": {
      "value": "true"
    },
    "DistributedTask.MarkJobAsFailedOnWorkerCrash": {
      "value": "true"
    },
    "DistributedTask.NewActionMetadata": {
      "value": "true"
    },
    "DistributedTask.UploadStepSummary": {
      "value": "true"
    },
    "DistributedTask.UseActionArchiveCache": {
      "value": "true"
    },
    "DistributedTask.UseWhich2": {
      "value": "true"
    },
    "RunService.FixEmbeddedIssues": {
      "value": "true"
    },
    "actions.runner.requirenode24": {
      "value": "true"
    },
    "actions.runner.usenode24bydefault": {
      "value": "true"
    },
    "actions.runner.warnonnode20": {
      "value": "true"
    },
    "actions_add_check_run_id_to_job_context": {
      "value": "true"
    },
    "actions_batch_action_resolution": {
      "value": "false"
    },
    "actions_cache_mode": {
      "value": "write"
    },
    "actions_container_action_runner_temp": {
      "value": "true"
    },
    "actions_display_helpful_actions_download_errors": {
      "value": "true"
    },
    "actions_runner_allow_artifacts_file": {
      "value": "false"
    },
    "actions_runner_compare_workflow_parser": {
      "value": "false"
    },
    "actions_runner_deprecate_linux_arm32": {
      "value": "true"
    },
    "actions_runner_emit_composite_markers": {
      "value": "true"
    },
    "actions_runner_kill_linux_arm32": {
      "value": "false"
    },
    "actions_runner_node20_removal_date": {
      "value": "September 23rd, 2026"
    },
    "actions_runner_node24_default_date": {
      "value": "June 16th, 2026"
    },
    "actions_self_repository": {
      "value": "true"
    },
    "actions_service_container_command": {
      "value": "true"
    },
    "actions_set_orchestration_id_env_for_actions": {
      "value": "true"
    },
    "actions_skip_retry_complete_job_upon_known_errors": {
      "value": "true"
    },
    "actions_snapshot_preflight_hosted_runner_check": {
      "value": "false"
    },
    "actions_snapshot_preflight_image_gen_pool_check": {
      "value": "false"
    },
    "actions_use_bearer_token_for_codeload": {
      "value": "false"
    },
    "actions_uses_cache_service_v2": {
      "value": "true"
    },
    "github_token": {
      "value": "***",
      "isSecret": true
    },
    "system.from_run_service": {
      "value": "true"
    },
    "system.github.job": {
      "value": "ci-cd"
    },
    "system.github.launch_endpoint": {
      "value": "https://launch.actions.githubusercontent.com"
    },
    "system.github.results_endpoint": {
      "value": "https://results-receiver.actions.githubusercontent.com/"
    },
    "system.github.results_upload_with_sdk": {
      "value": "true"
    },
    "system.github.token": {
      "value": "***",
      "isSecret": true
    },
    "system.github.token.permissions": {
      "value": "{\"Contents\":\"read\",\"Metadata\":\"read\",\"Packages\":\"read\"}"
    },
    "system.orchestrationId": {
      "value": "5f8b91ac-63e0-4fbb-a6c4-0962c9af8da9.ci-cd.__default"
    },
    "system.phaseDisplayName": {
      "value": "ci-cd"
    },
    "system.runner.lowdiskspacethreshold": {
      "value": "100"
    },
    "system.runnerEnvironment": {
      "value": "self-hosted"
    },
    "system.runnerGroupName": {
      "value": "Default"
    }
  },
  "messageType": "RunnerJobRequest",
  "plan": {
    "scopeIdentifier": "00000000-0000-0000-0000-000000000000",
    "planType": "actions",
    "version": 0,
    "planId": "5f8b91ac-63e0-4fbb-a6c4-0962c9af8da9",
    "planGroup": null,
    "artifactUri": null,
    "artifactLocation": null,
    "definition": null,
    "owner": null
  },
  "timeline": {
    "id": "5f8b91ac-63e0-4fbb-a6c4-0962c9af8da9",
    "changeId": 0,
    "location": null
  },
  "jobId": "6703e9af-6a66-5805-8794-8e1c5a1ff844",
  "jobDisplayName": "ci-cd",
  "jobName": "__default",
  "requestId": 0,
  "lockedUntil": "0001-01-01T00:00:00",
  "resources": {
    "endpoints": [
      {
        "data": {
          "ServerId": "",
          "ServerName": "",
          "CacheServerUrl": "https://artifactcache.actions.githubusercontent.com/vNJajpvbF6IjDhJJK2oJL6aFAilgYF0ASuY1lz9oWwnetORATd/",
          "FeedStreamUrl": "wss://results-receiver.actions.githubusercontent.com/_ws/ingest.sock",
          "ResultsServiceUrl": "https://results-receiver.actions.githubusercontent.com/",
          "PipelinesServiceUrl": "https://pipelinesghubeus4.actions.githubusercontent.com/vNJajpvbF6IjDhJJK2oJL6aFAilgYF0ASuY1lz9oWwnetORATd/",
          "GenerateIdTokenUrl": "",
          "ConnectivityChecks": "[\"https://broker.actions.githubusercontent.com/health\",\"https://token.actions.githubusercontent.com/ready\",\"https://run.actions.githubusercontent.com/health\"]",
          "ConnectivityAndDNSChecks": ""
        },
        "name": "SystemVssConnection",
        "url": "https://run-actions-2-azure-eastus.actions.githubusercontent.com/25/",
        "authorization": {
          "parameters": {
            "AccessToken": "***"
          },
          "scheme": "OAuth"
        },
        "isShared": false,
        "isReady": true
      }
    ]
  },
  "contextData": {
    "github": {
      "t": 2,
      "d": [
        {
          "k": "ref",
          "v": "refs/heads/main"
        },
        {
          "k": "sha",
          "v": "840167fef753c0bbc6558db4c3b479132fe836bd"
        },
        {
          "k": "repository",
          "v": "vikranttiwari988-ops/my-repo"
        },
        {
          "k": "repository_owner",
          "v": "vikranttiwari988-ops"
        },
        {
          "k": "repository_owner_id",
          "v": "328057542"
        },
        {
          "k": "repositoryUrl",
          "v": "git://github.com/vikranttiwari988-ops/my-repo.git"
        },
        {
          "k": "run_id",
          "v": "36665675861"
        },
        {
          "k": "run_number",
          "v": "5"
        },
        {
          "k": "retention_days",
          "v": "90"
        },
        {
          "k": "run_attempt",
          "v": "1"
        },
        {
          "k": "artifact_cache_size_limit",
          "v": "10"
        },
        {
          "k": "repository_visibility",
          "v": "public"
        },
        {
          "k": "actor_id",
          "v": "328057542"
        },
        {
          "k": "actor",
          "v": "vikranttiwari988-ops"
        },
        {
          "k": "workflow",
          "v": "CI-CD Pipeline"
        },
        {
          "k": "head_ref",
          "v": ""
        },
        {
          "k": "base_ref",
          "v": ""
        },
        {
          "k": "event_name",
          "v": "push"
        },
        {
          "k": "server_url",
          "v": "https://github.com"
        },
        {
          "k": "api_url",
          "v": "https://api.github.com"
        },
        {
          "k": "graphql_url",
          "v": "https://api.github.com/graphql"
        },
        {
          "k": "ref_name",
          "v": "main"
        },
        {
          "k": "ref_protected",
          "v": false
        },
        {
          "k": "ref_type",
          "v": "branch"
        },
        {
          "k": "secret_source",
          "v": "Actions"
        },
        {
          "k": "event",
          "v": {
            "t": 2,
            "d": [
              {
                "k": "after",
                "v": "840167fef753c0bbc6558db4c3b479132fe836bd"
              },
              {
                "k": "base_ref",
                "v": null
              },
              {
                "k": "before",
                "v": "3f46289c14a3f33253096c7ce3df22d3091f361b"
              },
              {
                "k": "commits",
                "v": {
                  "t": 1,
                  "a": [
                    {
                      "t": 2,
                      "d": [
                        {
                          "k": "author",
                          "v": {
                            "t": 2,
                            "d": [
                              {
                                "k": "email",
                                "v": "vikranttiwari988@gmail.com"
                              },
                              {
                                "k": "name",
                                "v": "vikranttiwari988-ops"
                              },
                              {
                                "k": "username",
                                "v": "vikranttiwari988-ops"
                              }
                            ]
                          }
                        },
                        {
                          "k": "committer",
                          "v": {
                            "t": 2,
                            "d": [
                              {
                                "k": "email",
                                "v": "noreply@github.com"
                              },
                              {
                                "k": "name",
                                "v": "GitHub"
                              },
                              {
                                "k": "username",
                                "v": "web-flow"
                              }
                            ]
                          }
                        },
                        {
                          "k": "distinct",
                          "v": true
                        },
                        {
                          "k": "id",
                          "v": "840167fef753c0bbc6558db4c3b479132fe836bd"
                        },
                        {
                          "k": "message",
                          "v": "Create k8s_pipeline.yaml"
                        },
                        {
                          "k": "timestamp",
                          "v": "2026-09-30T09:13:23+05:30"
                        },
                        {
                          "k": "tree_id",
                          "v": "fec1ddc2ef9e3ed16ed7c27d5e17bc808ed75932"
                        },
                        {
                          "k": "url",
                          "v": "https://github.com/vikranttiwari988-ops/my-repo/commit/840167fef753c0bbc6558db4c3b479132fe836bd"
                        }
                      ]
                    }
                  ]
                }
              },
              {
                "k": "compare",
                "v": "https://github.com/vikranttiwari988-ops/my-repo/compare/3f46289c14a3...840167fef753"
              },
              {
                "k": "created",
                "v": false
              },
              {
                "k": "deleted",
                "v": false
              },
              {
                "k": "forced",
                "v": false
              },
              {
                "k": "head_commit",
                "v": {
                  "t": 2,
                  "d": [
                    {
                      "k": "author",
                      "v": {
                        "t": 2,
                        "d": [
                          {
                            "k": "email",
                            "v": "vikranttiwari988@gmail.com"
                          },
                          {
                            "k": "name",
                            "v": "vikranttiwari988-ops"
                          },
                          {
                            "k": "username",
                            "v": "vikranttiwari988-ops"
                          }
                        ]
                      }
                    },
                    {
                      "k": "committer",
                      "v": {
                        "t": 2,
                        "d": [
                          {
                            "k": "email",
                            "v": "noreply@github.com"
                          },
                          {
                            "k": "name",
                            "v": "GitHub"
                          },
                          {
                            "k": "username",
                            "v": "web-flow"
                          }
                        ]
                      }
                    },
                    {
                      "k": "distinct",
                      "v": true
                    },
                    {
                      "k": "id",
                      "v": "840167fef753c0bbc6558db4c3b479132fe836bd"
                    },
                    {
                      "k": "message",
                      "v": "Create k8s_pipeline.yaml"
                    },
                    {
                      "k": "timestamp",
                      "v": "2026-09-30T09:13:23+05:30"
                    },
                    {
                      "k": "tree_id",
                      "v": "fec1ddc2ef9e3ed16ed7c27d5e17bc808ed75932"
                    },
                    {
                      "k": "url",
                      "v": "https://github.com/vikranttiwari988-ops/my-repo/commit/840167fef753c0bbc6558db4c3b479132fe836bd"
                    }
                  ]
                }
              },
              {
                "k": "pusher",
                "v": {
                  "t": 2,
                  "d": [
                    {
                      "k": "email",
                      "v": "vikranttiwari988@gmail.com"
                    },
                    {
                      "k": "name",
                      "v": "vikranttiwari988-ops"
                    }
                  ]
                }
              },
              {
                "k": "ref",
                "v": "refs/heads/main"
              },
              {
                "k": "repository",
                "v": {
                  "t": 2,
                  "d": [
                    {
                      "k": "allow_forking",
                      "v": true
                    },
                    {
                      "k": "archive_url",
                      "v": "https://api.github.com/repos/vikranttiwari988-ops/my-repo/{archive_format}{/ref}"
                    },
                    {
                      "k": "archived",
                      "v": false
                    },
                    {
                      "k": "assignees_url",
                      "v": "https://api.github.com/repos/vikranttiwari988-ops/my-repo/assignees{/user}"
                    },
                    {
                      "k": "blobs_url",
                      "v": "https://api.github.com/repos/vikranttiwari988-ops/my-repo/git/blobs{/sha}"
                    },
                    {
                      "k": "branches_url",
                      "v": "https://api.github.com/repos/vikranttiwari988-ops/my-repo/branches{/branch}"
                    },
                    {
                      "k": "clone_url",
                      "v": "https://github.com/vikranttiwari988-ops/my-repo.git"
                    },
                    {
                      "k": "collaborators_url",
                      "v": "https://api.github.com/repos/vikranttiwari988-ops/my-repo/collaborators{/collaborator}"
                    },
                    {
                      "k": "comments_url",
                      "v": "https://api.github.com/repos/vikranttiwari988-ops/my-repo/comments{/number}"
                    },
                    {
                      "k": "commits_url",
                      "v": "https://api.github.com/repos/vikranttiwari988-ops/my-repo/commits{/sha}"
                    },
                    {
                      "k": "compare_url",
                      "v": "https://api.github.com/repos/vikranttiwari988-ops/my-repo/compare/{base}...{head}"
                    },
                    {
                      "k": "contents_url",
                      "v": "https://api.github.com/repos/vikranttiwari988-ops/my-repo/contents/{+path}"
                    },
                    {
                      "k": "contributors_url",
                      "v": "https://api.github.com/repos/vikranttiwari988-ops/my-repo/contributors"
                    },
                    {
                      "k": "created_at",
                      "v": 1789143027.0
                    },
                    {
                      "k": "default_branch",
                      "v": "main"
                    },
                    {
                      "k": "deployments_url",
                      "v": "https://api.github.com/repos/vikranttiwari988-ops/my-repo/deployments"
                    },
                    {
                      "k": "description",
                      "v": "my repository "
                    },
                    {
                      "k": "disabled",
                      "v": false
                    },
                    {
                      "k": "downloads_url",
                      "v": "https://api.github.com/repos/vikranttiwari988-ops/my-repo/downloads"
                    },
                    {
                      "k": "events_url",
                      "v": "https://api.github.com/repos/vikranttiwari988-ops/my-repo/events"
                    },
                    {
                      "k": "fork",
                      "v": false
                    },
                    {
                      "k": "forks",
                      "v": 0.0
                    },
                    {
                      "k": "forks_count",
                      "v": 0.0
                    },
                    {
                      "k": "forks_url",
                      "v": "https://api.github.com/repos/vikranttiwari988-ops/my-repo/forks"
                    },
                    {
                      "k": "full_name",
                      "v": "vikranttiwari988-ops/my-repo"
                    },
                    {
                      "k": "git_commits_url",
                      "v": "https://api.github.com/repos/vikranttiwari988-ops/my-repo/git/commits{/sha}"
                    },
                    {
                      "k": "git_refs_url",
                      "v": "https://api.github.com/repos/vikranttiwari988-ops/my-repo/git/refs{/sha}"
                    },
                    {
                      "k": "git_tags_url",
                      "v": "https://api.github.com/repos/vikranttiwari988-ops/my-repo/git/tags{/sha}"
                    },
                    {
                      "k": "git_url",
                      "v": "git://github.com/vikranttiwari988-ops/my-repo.git"
                    },
                    {
                      "k": "has_discussions",
                      "v": false
                    },
                    {
                      "k": "has_downloads",
                      "v": true
                    },
                    {
                      "k": "has_issues",
                      "v": true
                    },
                    {
                      "k": "has_pages",
                      "v": false
                    },
                    {
                      "k": "has_projects",
                      "v": true
                    },
                    {
                      "k": "has_pull_requests",
                      "v": true
                    },
                    {
                      "k": "has_wiki",
                      "v": true
                    },
                    {
                      "k": "homepage",
                      "v": null
                    },
                    {
                      "k": "hooks_url",
                      "v": "https://api.github.com/repos/vikranttiwari988-ops/my-repo/hooks"
                    },
                    {
                      "k": "html_url",
                      "v": "https://github.com/vikranttiwari988-ops/my-repo"
                    },
                    {
                      "k": "id",
                      "v": 1366412515.0
                    },
                    {
                      "k": "is_template",
                      "v": false
                    },
                    {
                      "k": "issue_comment_url",
                      "v": "https://api.github.com/repos/vikranttiwari988-ops/my-repo/issues/comments{/number}"
                    },
                    {
                      "k": "issue_events_url",
                      "v": "https://api.github.com/repos/vikranttiwari988-ops/my-repo/issues/events{/number}"
                    },
                    {
                      "k": "issues_url",
                      "v": "https://api.github.com/repos/vikranttiwari988-ops/my-repo/issues{/number}"
                    },
                    {
                      "k": "keys_url",
                      "v": "https://api.github.com/repos/vikranttiwari988-ops/my-repo/keys{/key_id}"
                    },
                    {
                      "k": "labels_url",
                      "v": "https://api.github.com/repos/vikranttiwari988-ops/my-repo/labels{/name}"
                    },
                    {
                      "k": "language",
                      "v": "Shell"
                    },
                    {
                      "k": "languages_url",
                      "v": "https://api.github.com/repos/vikranttiwari988-ops/my-repo/languages"
                    },
                    {
                      "k": "license",
                      "v": null
                    },
                    {
                      "k": "master_branch",
                      "v": "main"
                    },
                    {
                      "k": "merges_url",
                      "v": "https://api.github.com/repos/vikranttiwari988-ops/my-repo/merges"
                    },
                    {
                      "k": "milestones_url",
                      "v": "https://api.github.com/repos/vikranttiwari988-ops/my-repo/milestones{/number}"
                    },
                    {
                      "k": "mirror_url",
                      "v": null
                    },
                    {
                      "k": "name",
                      "v": "my-repo"
                    },
                    {
                      "k": "node_id",
                      "v": "R_kgDOUXHM4w"
                    },
                    {
                      "k": "notifications_url",
                      "v": "https://api.github.com/repos/vikranttiwari988-ops/my-repo/notifications{?since,all,participating}"
                    },
                    {
                      "k": "open_issues",
                      "v": 0.0
                    },
                    {
                      "k": "open_issues_count",
                      "v": 0.0
                    },
                    {
                      "k": "owner",
                      "v": {
                        "t": 2,
                        "d": [
                          {
                            "k": "avatar_url",
                            "v": "https://avatars.githubusercontent.com/u/328057542?v=4"
                          },
                          {
                            "k": "email",
                            "v": "vikranttiwari988@gmail.com"
                          },
                          {
                            "k": "events_url",
                            "v": "https://api.github.com/users/vikranttiwari988-ops/events{/privacy}"
                          },
                          {
                            "k": "followers_url",
                            "v": "https://api.github.com/users/vikranttiwari988-ops/followers"
                          },
                          {
                            "k": "following_url",
                            "v": "https://api.github.com/users/vikranttiwari988-ops/following{/other_user}"
                          },
                          {
                            "k": "gists_url",
                            "v": "https://api.github.com/users/vikranttiwari988-ops/gists{/gist_id}"
                          },
                          {
                            "k": "gravatar_id",
                            "v": ""
                          },
                          {
                            "k": "html_url",
                            "v": "https://github.com/vikranttiwari988-ops"
                          },
                          {
                            "k": "id",
                            "v": 328057542.0
                          },
                          {
                            "k": "login",
                            "v": "vikranttiwari988-ops"
                          },
                          {
                            "k": "name",
                            "v": "vikranttiwari988-ops"
                          },
                          {
                            "k": "node_id",
                            "v": "U_kgDOE43Cxg"
                          },
                          {
                            "k": "organizations_url",
                            "v": "https://api.github.com/users/vikranttiwari988-ops/orgs"
                          },
                          {
                            "k": "received_events_url",
                            "v": "https://api.github.com/users/vikranttiwari988-ops/received_events"
                          },
                          {
                            "k": "repos_url",
                            "v": "https://api.github.com/users/vikranttiwari988-ops/repos"
                          },
                          {
                            "k": "site_admin",
                            "v": false
                          },
                          {
                            "k": "starred_url",
                            "v": "https://api.github.com/users/vikranttiwari988-ops/starred{/owner}{/repo}"
                          },
                          {
                            "k": "subscriptions_url",
                            "v": "https://api.github.com/users/vikranttiwari988-ops/subscriptions"
                          },
                          {
                            "k": "type",
                            "v": "User"
                          },
                          {
                            "k": "url",
                            "v": "https://api.github.com/users/vikranttiwari988-ops"
                          },
                          {
                            "k": "user_view_type",
                            "v": "public"
                          }
                        ]
                      }
                    },
                    {
                      "k": "private",
                      "v": false
                    },
                    {
                      "k": "pull_request_creation_policy",
                      "v": "all"
                    },
                    {
                      "k": "pulls_url",
                      "v": "https://api.github.com/repos/vikranttiwari988-ops/my-repo/pulls{/number}"
                    },
                    {
                      "k": "pushed_at",
                      "v": 1790739803.0
                    },
                    {
                      "k": "releases_url",
                      "v": "https://api.github.com/repos/vikranttiwari988-ops/my-repo/releases{/id}"
                    },
                    {
                      "k": "size",
                      "v": 5.0
                    },
                    {
                      "k": "ssh_url",
                      "v": "git@github.com:vikranttiwari988-ops/my-repo.git"
                    },
                    {
                      "k": "stargazers",
                      "v": 0.0
                    },
                    {
                      "k": "stargazers_count",
                      "v": 0.0
                    },
                    {
                      "k": "stargazers_url",
                      "v": "https://api.github.com/repos/vikranttiwari988-ops/my-repo/stargazers"
                    },
                    {
                      "k": "statuses_url",
                      "v": "https://api.github.com/repos/vikranttiwari988-ops/my-repo/statuses/{sha}"
                    },
                    {
                      "k": "subscribers_url",
                      "v": "https://api.github.com/repos/vikranttiwari988-ops/my-repo/subscribers"
                    },
                    {
                      "k": "subscription_url",
                      "v": "https://api.github.com/repos/vikranttiwari988-ops/my-repo/subscription"
                    },
                    {
                      "k": "svn_url",
                      "v": "https://github.com/vikranttiwari988-ops/my-repo"
                    },
                    {
                      "k": "tags_url",
                      "v": "https://api.github.com/repos/vikranttiwari988-ops/my-repo/tags"
                    },
                    {
                      "k": "teams_url",
                      "v": "https://api.github.com/repos/vikranttiwari988-ops/my-repo/teams"
                    },
                    {
                      "k": "topics",
                      "v": {
                        "t": 1
                      }
                    },
                    {
                      "k": "trees_url",
                      "v": "https://api.github.com/repos/vikranttiwari988-ops/my-repo/git/trees{/sha}"
                    },
                    {
                      "k": "updated_at",
                      "v": "2026-09-27T17:40:43Z"
                    },
                    {
                      "k": "url",
                      "v": "https://api.github.com/repos/vikranttiwari988-ops/my-repo"
                    },
                    {
                      "k": "visibility",
                      "v": "public"
                    },
                    {
                      "k": "watchers",
                      "v": 0.0
                    },
                    {
                      "k": "watchers_count",
                      "v": 0.0
                    },
                    {
                      "k": "web_commit_signoff_required",
                      "v": false
                    }
                  ]
                }
              },
              {
                "k": "sender",
                "v": {
                  "t": 2,
                  "d": [
                    {
                      "k": "avatar_url",
                      "v": "https://avatars.githubusercontent.com/u/328057542?v=4"
                    },
                    {
                      "k": "events_url",
                      "v": "https://api.github.com/users/vikranttiwari988-ops/events{/privacy}"
                    },
                    {
                      "k": "followers_url",
                      "v": "https://api.github.com/users/vikranttiwari988-ops/followers"
                    },
                    {
                      "k": "following_url",
                      "v": "https://api.github.com/users/vikranttiwari988-ops/following{/other_user}"
                    },
                    {
                      "k": "gists_url",
                      "v": "https://api.github.com/users/vikranttiwari988-ops/gists{/gist_id}"
                    },
                    {
                      "k": "gravatar_id",
                      "v": ""
                    },
                    {
                      "k": "html_url",
                      "v": "https://github.com/vikranttiwari988-ops"
                    },
                    {
                      "k": "id",
                      "v": 328057542.0
                    },
                    {
                      "k": "login",
                      "v": "vikranttiwari988-ops"
                    },
                    {
                      "k": "node_id",
                      "v": "U_kgDOE43Cxg"
                    },
                    {
                      "k": "organizations_url",
                      "v": "https://api.github.com/users/vikranttiwari988-ops/orgs"
                    },
                    {
                      "k": "received_events_url",
                      "v": "https://api.github.com/users/vikranttiwari988-ops/received_events"
                    },
                    {
                      "k": "repos_url",
                      "v": "https://api.github.com/users/vikranttiwari988-ops/repos"
                    },
                    {
                      "k": "site_admin",
                      "v": false
                    },
                    {
                      "k": "starred_url",
                      "v": "https://api.github.com/users/vikranttiwari988-ops/starred{/owner}{/repo}"
                    },
                    {
                      "k": "subscriptions_url",
                      "v": "https://api.github.com/users/vikranttiwari988-ops/subscriptions"
                    },
                    {
                      "k": "type",
                      "v": "User"
                    },
                    {
                      "k": "url",
                      "v": "https://api.github.com/users/vikranttiwari988-ops"
                    },
                    {
                      "k": "user_view_type",
                      "v": "public"
                    }
                  ]
                }
              }
            ]
          }
        },
        {
          "k": "workflow_ref",
          "v": "vikranttiwari988-ops/my-repo/.github/workflows/pipeline.yaml@refs/heads/main"
        },
        {
          "k": "workflow_sha",
          "v": "840167fef753c0bbc6558db4c3b479132fe836bd"
        },
        {
          "k": "repository_id",
          "v": "1366412515"
        },
        {
          "k": "triggering_actor",
          "v": "vikranttiwari988-ops"
        }
      ]
    },
    "inputs": {
      "t": 2
    },
    "job": {
      "t": 2,
      "d": [
        {
          "k": "check_run_id",
          "v": 109729714653.0
        },
        {
          "k": "workflow_ref",
          "v": "vikranttiwari988-ops/my-repo/.github/workflows/pipeline.yaml@refs/heads/main"
        },
        {
          "k": "workflow_sha",
          "v": "840167fef753c0bbc6558db4c3b479132fe836bd"
        },
        {
          "k": "workflow_repository",
          "v": "vikranttiwari988-ops/my-repo"
        },
        {
          "k": "workflow_file_path",
          "v": ".github/workflows/pipeline.yaml"
        }
      ]
    },
    "matrix": null,
    "needs": {
      "t": 2
    },
    "strategy": {
      "t": 2,
      "d": [
        {
          "k": "fail-fast",
          "v": true
        },
        {
          "k": "job-index",
          "v": 0.0
        },
        {
          "k": "job-total",
          "v": 1.0
        },
        {
          "k": "max-parallel",
          "v": 1.0
        }
      ]
    },
    "vars": {
      "t": 2
    }
  },
  "billingOwnerId": "U_kgDOE43Cxg"
}
[2026-09-30 03:48:22Z INFO JobRunner] Job ID 6703e9af-6a66-5805-8794-8e1c5a1ff844
[2026-09-30 03:48:22Z INFO ConfigurationStore] currentAssemblyLocation: D:\cicd\actions-runner\bin\Runner.Worker.dll
[2026-09-30 03:48:22Z INFO HostContext] Well known directory 'Bin': 'D:\cicd\actions-runner\bin'
[2026-09-30 03:48:22Z INFO ConfigurationStore] binPath: D:\cicd\actions-runner\bin
[2026-09-30 03:48:22Z INFO HostContext] Well known directory 'Bin': 'D:\cicd\actions-runner\bin'
[2026-09-30 03:48:22Z INFO HostContext] Well known directory 'Root': 'D:\cicd\actions-runner'
[2026-09-30 03:48:22Z INFO ConfigurationStore] RootFolder: D:\cicd\actions-runner
[2026-09-30 03:48:22Z INFO HostContext] Well known directory 'Bin': 'D:\cicd\actions-runner\bin'
[2026-09-30 03:48:22Z INFO HostContext] Well known directory 'Root': 'D:\cicd\actions-runner'
[2026-09-30 03:48:22Z INFO HostContext] Well known config file 'Runner': 'D:\cicd\actions-runner\.runner'
[2026-09-30 03:48:22Z INFO ConfigurationStore] ConfigFilePath: D:\cicd\actions-runner\.runner
[2026-09-30 03:48:22Z INFO HostContext] Well known directory 'Bin': 'D:\cicd\actions-runner\bin'
[2026-09-30 03:48:22Z INFO HostContext] Well known directory 'Root': 'D:\cicd\actions-runner'
[2026-09-30 03:48:22Z INFO HostContext] Well known config file 'MigratedRunner': 'D:\cicd\actions-runner\.runner_migrated'
[2026-09-30 03:48:22Z INFO ConfigurationStore] MigratedConfigFilePath: D:\cicd\actions-runner\.runner_migrated
[2026-09-30 03:48:22Z INFO HostContext] Well known directory 'Bin': 'D:\cicd\actions-runner\bin'
[2026-09-30 03:48:22Z INFO HostContext] Well known directory 'Root': 'D:\cicd\actions-runner'
[2026-09-30 03:48:22Z INFO HostContext] Well known config file 'Credentials': 'D:\cicd\actions-runner\.credentials'
[2026-09-30 03:48:22Z INFO ConfigurationStore] CredFilePath: D:\cicd\actions-runner\.credentials
[2026-09-30 03:48:22Z INFO HostContext] Well known directory 'Bin': 'D:\cicd\actions-runner\bin'
[2026-09-30 03:48:22Z INFO HostContext] Well known directory 'Root': 'D:\cicd\actions-runner'
[2026-09-30 03:48:22Z INFO HostContext] Well known config file 'MigratedCredentials': 'D:\cicd\actions-runner\.credentials_migrated'
[2026-09-30 03:48:22Z INFO ConfigurationStore] MigratedCredFilePath: D:\cicd\actions-runner\.credentials_migrated
[2026-09-30 03:48:22Z INFO HostContext] Well known directory 'Bin': 'D:\cicd\actions-runner\bin'
[2026-09-30 03:48:22Z INFO HostContext] Well known directory 'Root': 'D:\cicd\actions-runner'
[2026-09-30 03:48:22Z INFO HostContext] Well known config file 'Service': 'D:\cicd\actions-runner\.service'
[2026-09-30 03:48:22Z INFO ConfigurationStore] ServiceConfigFilePath: D:\cicd\actions-runner\.service
[2026-09-30 03:48:22Z INFO ConfigurationStore] Read setting file: 398 chars
[2026-09-30 03:48:22Z INFO JobRunner] Initializing launch client
[2026-09-30 03:48:22Z INFO JobServerQueue] Initializing results client
[2026-09-30 03:48:22Z INFO ResultServer] Creating websocket client ...wss://results-receiver.actions.githubusercontent.com/_ws/ingest.sock
[2026-09-30 03:48:22Z INFO ResultServer] Attempting to start websocket client with delay 00:00:00.
[2026-09-30 03:48:23Z INFO JobServerQueue] Start process web console line queue.
[2026-09-30 03:48:23Z INFO JobServerQueue] Start process file upload queue.
[2026-09-30 03:48:23Z INFO JobServerQueue] Start results file upload queue.
[2026-09-30 03:48:23Z INFO JobServerQueue] Starting results-based upload queue...
[2026-09-30 03:48:23Z INFO JobServerQueue] Start process timeline update queue.
[2026-09-30 03:48:23Z INFO ExecutionContext] Initializing Job context
[2026-09-30 03:48:23Z INFO ExecutionContext] Initialize GitHub context
[2026-09-30 03:48:23Z INFO ExecutionContext] Initialize Env context
[2026-09-30 03:48:23Z INFO HostContext] Well known directory 'Bin': 'D:\cicd\actions-runner\bin'
[2026-09-30 03:48:23Z INFO HostContext] Well known directory 'Root': 'D:\cicd\actions-runner'
[2026-09-30 03:48:23Z INFO HostContext] Well known directory 'Diag': 'D:\cicd\actions-runner\_diag'
[2026-09-30 03:48:23Z INFO HostContext] Well known directory 'Bin': 'D:\cicd\actions-runner\bin'
[2026-09-30 03:48:23Z INFO HostContext] Well known directory 'Root': 'D:\cicd\actions-runner'
[2026-09-30 03:48:23Z INFO HostContext] Well known directory 'Diag': 'D:\cicd\actions-runner\_diag'
[2026-09-30 03:48:23Z INFO JobRunner] Starting the job execution context.
[2026-09-30 03:48:23Z INFO HostContext] Well known directory 'Bin': 'D:\cicd\actions-runner\bin'
[2026-09-30 03:48:23Z INFO HostContext] Well known directory 'Root': 'D:\cicd\actions-runner'
[2026-09-30 03:48:23Z INFO HostContext] Well known directory 'Work': 'D:\cicd\actions-runner\_work'
[2026-09-30 03:48:23Z INFO JobRunner] Validating directory permissions for: 'D:\cicd\actions-runner\_work'
[2026-09-30 03:48:23Z INFO HostContext] Well known directory 'Bin': 'D:\cicd\actions-runner\bin'
[2026-09-30 03:48:23Z INFO HostContext] Well known directory 'Root': 'D:\cicd\actions-runner'
[2026-09-30 03:48:23Z INFO HostContext] Well known directory 'Work': 'D:\cicd\actions-runner\_work'
[2026-09-30 03:48:23Z INFO HostContext] Well known directory 'Tools': 'D:\cicd\actions-runner\_work\_tool'
[2026-09-30 03:48:23Z INFO HostContext] Well known directory 'Bin': 'D:\cicd\actions-runner\bin'
[2026-09-30 03:48:23Z INFO HostContext] Well known directory 'Root': 'D:\cicd\actions-runner'
[2026-09-30 03:48:23Z INFO HostContext] Well known directory 'Work': 'D:\cicd\actions-runner\_work'
[2026-09-30 03:48:23Z INFO HostContext] Well known directory 'Temp': 'D:\cicd\actions-runner\_work\_temp'
[2026-09-30 03:48:23Z INFO JobRunner] Getting job extension.
[2026-09-30 03:48:23Z INFO JobRunner] Initialize job. Getting all job steps.
[2026-09-30 03:48:23Z INFO HostContext] Well known directory 'Bin': 'D:\cicd\actions-runner\bin'
[2026-09-30 03:48:23Z INFO HostContext] Well known directory 'Root': 'D:\cicd\actions-runner'
[2026-09-30 03:48:23Z INFO HostContext] Well known directory 'Diag': 'D:\cicd\actions-runner\_diag'
[2026-09-30 03:48:23Z INFO HostContext] Well known directory 'Bin': 'D:\cicd\actions-runner\bin'
[2026-09-30 03:48:23Z INFO HostContext] Well known directory 'Root': 'D:\cicd\actions-runner'
[2026-09-30 03:48:23Z INFO HostContext] Well known directory 'Diag': 'D:\cicd\actions-runner\_diag'
[2026-09-30 03:48:23Z INFO HostContext] Well known directory 'Bin': 'D:\cicd\actions-runner\bin'
[2026-09-30 03:48:23Z INFO HostContext] Well known directory 'Root': 'D:\cicd\actions-runner'
[2026-09-30 03:48:23Z INFO HostContext] Well known config file 'Credentials': 'D:\cicd\actions-runner\.credentials'
[2026-09-30 03:48:23Z INFO HostContext] Well known directory 'Bin': 'D:\cicd\actions-runner\bin'
[2026-09-30 03:48:23Z INFO HostContext] Well known directory 'Root': 'D:\cicd\actions-runner'
[2026-09-30 03:48:23Z INFO HostContext] Well known config file 'SetupInfo': 'D:\cicd\actions-runner\.setup_info'
[2026-09-30 03:48:23Z INFO HostContext] Well known directory 'Bin': 'D:\cicd\actions-runner\bin'
[2026-09-30 03:48:23Z INFO HostContext] Well known directory 'Root': 'D:\cicd\actions-runner'
[2026-09-30 03:48:23Z INFO HostContext] Well known directory 'Work': 'D:\cicd\actions-runner\_work'
[2026-09-30 03:48:23Z INFO PipelineDirectoryManager] Loading tracking config if exists: D:\cicd\actions-runner\_work\_PipelineMapping\vikranttiwari988-ops/my-repo\PipelineFolder.json
[2026-09-30 03:48:23Z INFO PipelineDirectoryManager] Updating job run properties.
[2026-09-30 03:48:23Z INFO HostContext] Well known directory 'Bin': 'D:\cicd\actions-runner\bin'
[2026-09-30 03:48:23Z INFO HostContext] Well known directory 'Root': 'D:\cicd\actions-runner'
[2026-09-30 03:48:23Z INFO HostContext] Well known directory 'Work': 'D:\cicd\actions-runner\_work'
[2026-09-30 03:48:23Z INFO HostContext] Well known directory 'Bin': 'D:\cicd\actions-runner\bin'
[2026-09-30 03:48:23Z INFO HostContext] Well known directory 'Root': 'D:\cicd\actions-runner'
[2026-09-30 03:48:23Z INFO HostContext] Well known directory 'Work': 'D:\cicd\actions-runner\_work'
[2026-09-30 03:48:23Z INFO HostContext] Well known directory 'Bin': 'D:\cicd\actions-runner\bin'
[2026-09-30 03:48:23Z INFO HostContext] Well known directory 'Root': 'D:\cicd\actions-runner'
[2026-09-30 03:48:23Z INFO HostContext] Well known directory 'Work': 'D:\cicd\actions-runner\_work'
[2026-09-30 03:48:23Z INFO JobExtension] Downloading actions
[2026-09-30 03:48:23Z INFO HostContext] Well known directory 'Bin': 'D:\cicd\actions-runner\bin'
[2026-09-30 03:48:23Z INFO HostContext] Well known directory 'Root': 'D:\cicd\actions-runner'
[2026-09-30 03:48:23Z INFO HostContext] Well known directory 'Work': 'D:\cicd\actions-runner\_work'
[2026-09-30 03:48:23Z INFO HostContext] Well known directory 'Actions': 'D:\cicd\actions-runner\_work\_actions'
[2026-09-30 03:48:23Z INFO Worker] Listening for cancel message from the channel.
[2026-09-30 03:48:23Z INFO Worker] Waiting for the job to complete or for a cancel message from the channel.
[2026-09-30 03:48:24Z INFO ResultServer] Successfully started websocket client.
[2026-09-30 03:48:24Z INFO JobServerQueue] Try to append 1 batches web console lines for record 'eba3000c-727f-4d75-8f8b-461e22c8da94', success rate: 1/1.
[2026-09-30 03:48:24Z INFO JobServerQueue] Try to append 1 batches web console lines for record 'eba3000c-727f-4d75-8f8b-461e22c8da94', success rate: 1/1.
[2026-09-30 03:48:24Z INFO HostContext] Well known directory 'Bin': 'D:\cicd\actions-runner\bin'
[2026-09-30 03:48:24Z INFO HostContext] Well known directory 'Root': 'D:\cicd\actions-runner'
[2026-09-30 03:48:24Z INFO HostContext] Well known directory 'Work': 'D:\cicd\actions-runner\_work'
[2026-09-30 03:48:24Z INFO HostContext] Well known directory 'Actions': 'D:\cicd\actions-runner\_work\_actions'
[2026-09-30 03:48:24Z INFO HostContext] Well known directory 'Bin': 'D:\cicd\actions-runner\bin'
[2026-09-30 03:48:24Z INFO HostContext] Well known directory 'Root': 'D:\cicd\actions-runner'
[2026-09-30 03:48:24Z INFO HostContext] Well known directory 'Work': 'D:\cicd\actions-runner\_work'
[2026-09-30 03:48:24Z INFO HostContext] Well known directory 'Actions': 'D:\cicd\actions-runner\_work\_actions'
[2026-09-30 03:48:24Z INFO ActionManager] Save archive 'https://codeload.github.com/actions/checkout/zip/11d5960a326750d5838078e36cf38b85af677262' into D:\cicd\actions-runner\_work\_actions\_temp_096d3f91-773e-4238-af50-dd29e578ea30\7d0af742-5d04-4896-bea7-5f967b35f7a4.zip.
[2026-09-30 03:48:24Z INFO ActionManager] Using Basic token for action archive download.
[2026-09-30 03:48:24Z INFO JobServerQueue] Try to append 1 batches web console lines for record 'eba3000c-727f-4d75-8f8b-461e22c8da94', success rate: 1/1.
[2026-09-30 03:48:24Z INFO JobServerQueue] Job timeline record has been updated for the first time.
[2026-09-30 03:48:26Z INFO ActionManager] Request URL: https://codeload.github.com/actions/checkout/zip/11d5960a326750d5838078e36cf38b85af677262 X-GitHub-Request-Id: C77B:8A422:9790:BDB26:6ABC8689 Http Status: OK
[2026-09-30 03:48:28Z INFO ActionManager] Finished getting action repository.
[2026-09-30 03:48:28Z INFO HostContext] Well known directory 'Bin': 'D:\cicd\actions-runner\bin'
[2026-09-30 03:48:28Z INFO HostContext] Well known directory 'Root': 'D:\cicd\actions-runner'
[2026-09-30 03:48:28Z INFO HostContext] Well known directory 'Work': 'D:\cicd\actions-runner\_work'
[2026-09-30 03:48:28Z INFO HostContext] Well known directory 'Actions': 'D:\cicd\actions-runner\_work\_actions'
[2026-09-30 03:48:29Z INFO ActionManifestManagerLegacy] Load schema file with definitions: [
  "null",
  "boolean",
  "number",
  "string",
  "sequence",
  "mapping",
  "any",
  "action-root",
  "inputs",
  "input",
  "outputs",
  "output-definition",
  "runs",
  "container-runs",
  "container-runs-args",
  "container-runs-env",
  "node-runs",
  "plugin-runs",
  "composite-runs",
  "composite-steps",
  "composite-step",
  "run-step",
  "uses-step",
  "container-runs-context",
  "output-value",
  "input-default-context",
  "non-empty-string",
  "string-steps-context",
  "boolean-steps-context",
  "step-env",
  "step-if",
  "step-with"
]
[2026-09-30 03:48:29Z INFO ActionManifestManager] Load schema file with definitions: [
  "null",
  "boolean",
  "number",
  "string",
  "sequence",
  "mapping",
  "any",
  "action-root",
  "inputs",
  "input",
  "outputs",
  "output-definition",
  "runs",
  "container-runs",
  "container-runs-args",
  "container-runs-env",
  "node-runs",
  "plugin-runs",
  "composite-runs",
  "composite-steps",
  "composite-step",
  "run-step",
  "uses-step",
  "container-runs-context",
  "output-value",
  "input-default-context",
  "non-empty-string",
  "string-steps-context",
  "boolean-steps-context",
  "step-env",
  "step-if",
  "step-with"
]
[2026-09-30 03:48:29Z INFO HostContext] Well known directory 'Bin': 'D:\cicd\actions-runner\bin'
[2026-09-30 03:48:29Z INFO HostContext] Well known directory 'Root': 'D:\cicd\actions-runner'
[2026-09-30 03:48:29Z INFO HostContext] Well known directory 'Work': 'D:\cicd\actions-runner\_work'
[2026-09-30 03:48:29Z INFO HostContext] Well known directory 'Actions': 'D:\cicd\actions-runner\_work\_actions'
[2026-09-30 03:48:31Z INFO ActionManifestManagerLegacy] Loaded action.yml file: {
  "name": "Checkout",
  "description": "Checkout a Git repository at a particular version",
  "inputs": {
    "type": 2,
    "map": [
      {
        "key": {
          "type": 0,
          "file": 2,
          "line": 4,
          "col": 3,
          "lit": "repository"
        },
        "value": {
          "type": 3,
          "file": 2,
          "line": 6,
          "col": 14,
          "expr": "github.repository"
        }
      },
      {
        "key": {
          "type": 0,
          "file": 2,
          "line": 7,
          "col": 3,
          "lit": "ref"
        },
        "value": ""
      },
      {
        "key": {
          "type": 0,
          "file": 2,
          "line": 12,
          "col": 3,
          "lit": "token"
        },
        "value": {
          "type": 3,
          "file": 2,
          "line": 24,
          "col": 14,
          "expr": "github.token"
        }
      },
      {
        "key": {
          "type": 0,
          "file": 2,
          "line": 25,
          "col": 3,
          "lit": "ssh-key"
        },
        "value": ""
      },
      {
        "key": {
          "type": 0,
          "file": 2,
          "line": 37,
          "col": 3,
          "lit": "ssh-known-hosts"
        },
        "value": ""
      },
      {
        "key": {
          "type": 0,
          "file": 2,
          "line": 42,
          "col": 3,
          "lit": "ssh-strict"
        },
        "value": {
          "type": 0,
          "file": 2,
          "line": 47,
          "col": 14,
          "lit": "true"
        }
      },
      {
        "key": {
          "type": 0,
          "file": 2,
          "line": 48,
          "col": 3,
          "lit": "ssh-user"
        },
        "value": {
          "type": 0,
          "file": 2,
          "line": 51,
          "col": 14,
          "lit": "git"
        }
      },
      {
        "key": {
          "type": 0,
          "file": 2,
          "line": 52,
          "col": 3,
          "lit": "persist-credentials"
        },
        "value": {
          "type": 0,
          "file": 2,
          "line": 54,
          "col": 14,
          "lit": "true"
        }
      },
      {
        "key": {
          "type": 0,
          "file": 2,
          "line": 55,
          "col": 3,
          "lit": "path"
        },
        "value": ""
      },
      {
        "key": {
          "type": 0,
          "file": 2,
          "line": 57,
          "col": 3,
          "lit": "clean"
        },
        "value": {
          "type": 0,
          "file": 2,
          "line": 59,
          "col": 14,
          "lit": "true"
        }
      },
      {
        "key": {
          "type": 0,
          "file": 2,
          "line": 60,
          "col": 3,
          "lit": "filter"
        },
        "value": {
          "type": 0,
          "file": 2,
          "line": 64,
          "col": 14,
          "lit": ""
        }
      },
      {
        "key": {
          "type": 0,
          "file": 2,
          "line": 65,
          "col": 3,
          "lit": "sparse-checkout"
        },
        "value": {
          "type": 0,
          "file": 2,
          "line": 69,
          "col": 14,
          "lit": ""
        }
      },
      {
        "key": {
          "type": 0,
          "file": 2,
          "line": 70,
          "col": 3,
          "lit": "sparse-checkout-cone-mode"
        },
        "value": {
          "type": 0,
          "file": 2,
          "line": 73,
          "col": 14,
          "lit": "true"
        }
      },
      {
        "key": {
          "type": 0,
          "file": 2,
          "line": 74,
          "col": 3,
          "lit": "fetch-depth"
        },
        "value": {
          "type": 0,
          "file": 2,
          "line": 76,
          "col": 14,
          "lit": "1"
        }
      },
      {
        "key": {
          "type": 0,
          "file": 2,
          "line": 77,
          "col": 3,
          "lit": "fetch-tags"
        },
        "value": {
          "type": 0,
          "file": 2,
          "line": 79,
          "col": 14,
          "lit": "false"
        }
      },
      {
        "key": {
          "type": 0,
          "file": 2,
          "line": 80,
          "col": 3,
          "lit": "show-progress"
        },
        "value": {
          "type": 0,
          "file": 2,
          "line": 82,
          "col": 14,
          "lit": "true"
        }
      },
      {
        "key": {
          "type": 0,
          "file": 2,
          "line": 83,
          "col": 3,
          "lit": "lfs"
        },
        "value": {
          "type": 0,
          "file": 2,
          "line": 85,
          "col": 14,
          "lit": "false"
        }
      },
      {
        "key": {
          "type": 0,
          "file": 2,
          "line": 86,
          "col": 3,
          "lit": "submodules"
        },
        "value": {
          "type": 0,
          "file": 2,
          "line": 94,
          "col": 14,
          "lit": "false"
        }
      },
      {
        "key": {
          "type": 0,
          "file": 2,
          "line": 95,
          "col": 3,
          "lit": "set-safe-directory"
        },
        "value": {
          "type": 0,
          "file": 2,
          "line": 97,
          "col": 14,
          "lit": "true"
        }
      },
      {
        "key": {
          "type": 0,
          "file": 2,
          "line": 98,
          "col": 3,
          "lit": "github-server-url"
        },
        "value": ""
      },
      {
        "key": {
          "type": 0,
          "file": 2,
          "line": 101,
          "col": 3,
          "lit": "allow-unsafe-pr-checkout"
        },
        "value": {
          "type": 0,
          "file": 2,
          "line": 109,
          "col": 14,
          "lit": "false"
        }
      }
    ]
  },
  "execution": {
    "executionType": "nodeJS",
    "hasPre": false,
    "hasPost": true,
    "script": "dist/index.js",
    "pre": null,
    "post": "dist/index.js",
    "nodeVersion": "node20",
    "cleanupCondition": "always()",
    "initCondition": "always()"
  },
  "deprecated": null
}
[2026-09-30 03:48:31Z INFO ActionManager] Action node.js file: dist/index.js, no more preparation.
[2026-09-30 03:48:31Z INFO HostContext] Well known directory 'Bin': 'D:\cicd\actions-runner\bin'
[2026-09-30 03:48:31Z INFO HostContext] Well known directory 'Root': 'D:\cicd\actions-runner'
[2026-09-30 03:48:31Z INFO HostContext] Well known directory 'Work': 'D:\cicd\actions-runner\_work'
[2026-09-30 03:48:31Z INFO HostContext] Well known directory 'Actions': 'D:\cicd\actions-runner\_work\_actions'
[2026-09-30 03:48:31Z INFO ActionManager] Load action that reference repository from 'D:\cicd\actions-runner\_work\_actions\actions\checkout\v4'
[2026-09-30 03:48:31Z INFO HostContext] Well known directory 'Bin': 'D:\cicd\actions-runner\bin'
[2026-09-30 03:48:31Z INFO HostContext] Well known directory 'Root': 'D:\cicd\actions-runner'
[2026-09-30 03:48:31Z INFO HostContext] Well known directory 'Work': 'D:\cicd\actions-runner\_work'
[2026-09-30 03:48:31Z INFO HostContext] Well known directory 'Actions': 'D:\cicd\actions-runner\_work\_actions'
[2026-09-30 03:48:31Z INFO ActionManifestManagerLegacy] Loaded action.yml file: {
  "name": "Checkout",
  "description": "Checkout a Git repository at a particular version",
  "inputs": {
    "type": 2,
    "map": [
      {
        "key": {
          "type": 0,
          "file": 2,
          "line": 4,
          "col": 3,
          "lit": "repository"
        },
        "value": {
          "type": 3,
          "file": 2,
          "line": 6,
          "col": 14,
          "expr": "github.repository"
        }
      },
      {
        "key": {
          "type": 0,
          "file": 2,
          "line": 7,
          "col": 3,
          "lit": "ref"
        },
        "value": ""
      },
      {
        "key": {
          "type": 0,
          "file": 2,
          "line": 12,
          "col": 3,
          "lit": "token"
        },
        "value": {
          "type": 3,
          "file": 2,
          "line": 24,
          "col": 14,
          "expr": "github.token"
        }
      },
      {
        "key": {
          "type": 0,
          "file": 2,
          "line": 25,
          "col": 3,
          "lit": "ssh-key"
        },
        "value": ""
      },
      {
        "key": {
          "type": 0,
          "file": 2,
          "line": 37,
          "col": 3,
          "lit": "ssh-known-hosts"
        },
        "value": ""
      },
      {
        "key": {
          "type": 0,
          "file": 2,
          "line": 42,
          "col": 3,
          "lit": "ssh-strict"
        },
        "value": {
          "type": 0,
          "file": 2,
          "line": 47,
          "col": 14,
          "lit": "true"
        }
      },
      {
        "key": {
          "type": 0,
          "file": 2,
          "line": 48,
          "col": 3,
          "lit": "ssh-user"
        },
        "value": {
          "type": 0,
          "file": 2,
          "line": 51,
          "col": 14,
          "lit": "git"
        }
      },
      {
        "key": {
          "type": 0,
          "file": 2,
          "line": 52,
          "col": 3,
          "lit": "persist-credentials"
        },
        "value": {
          "type": 0,
          "file": 2,
          "line": 54,
          "col": 14,
          "lit": "true"
        }
      },
      {
        "key": {
          "type": 0,
          "file": 2,
          "line": 55,
          "col": 3,
          "lit": "path"
        },
        "value": ""
      },
      {
        "key": {
          "type": 0,
          "file": 2,
          "line": 57,
          "col": 3,
          "lit": "clean"
        },
        "value": {
          "type": 0,
          "file": 2,
          "line": 59,
          "col": 14,
          "lit": "true"
        }
      },
      {
        "key": {
          "type": 0,
          "file": 2,
          "line": 60,
          "col": 3,
          "lit": "filter"
        },
        "value": {
          "type": 0,
          "file": 2,
          "line": 64,
          "col": 14,
          "lit": ""
        }
      },
      {
        "key": {
          "type": 0,
          "file": 2,
          "line": 65,
          "col": 3,
          "lit": "sparse-checkout"
        },
        "value": {
          "type": 0,
          "file": 2,
          "line": 69,
          "col": 14,
          "lit": ""
        }
      },
      {
        "key": {
          "type": 0,
          "file": 2,
          "line": 70,
          "col": 3,
          "lit": "sparse-checkout-cone-mode"
        },
        "value": {
          "type": 0,
          "file": 2,
          "line": 73,
          "col": 14,
          "lit": "true"
        }
      },
      {
        "key": {
          "type": 0,
          "file": 2,
          "line": 74,
          "col": 3,
          "lit": "fetch-depth"
        },
        "value": {
          "type": 0,
          "file": 2,
          "line": 76,
          "col": 14,
          "lit": "1"
        }
      },
      {
        "key": {
          "type": 0,
          "file": 2,
          "line": 77,
          "col": 3,
          "lit": "fetch-tags"
        },
        "value": {
          "type": 0,
          "file": 2,
          "line": 79,
          "col": 14,
          "lit": "false"
        }
      },
      {
        "key": {
          "type": 0,
          "file": 2,
          "line": 80,
          "col": 3,
          "lit": "show-progress"
        },
        "value": {
          "type": 0,
          "file": 2,
          "line": 82,
          "col": 14,
          "lit": "true"
        }
      },
      {
        "key": {
          "type": 0,
          "file": 2,
          "line": 83,
          "col": 3,
          "lit": "lfs"
        },
        "value": {
          "type": 0,
          "file": 2,
          "line": 85,
          "col": 14,
          "lit": "false"
        }
      },
      {
        "key": {
          "type": 0,
          "file": 2,
          "line": 86,
          "col": 3,
          "lit": "submodules"
        },
        "value": {
          "type": 0,
          "file": 2,
          "line": 94,
          "col": 14,
          "lit": "false"
        }
      },
      {
        "key": {
          "type": 0,
          "file": 2,
          "line": 95,
          "col": 3,
          "lit": "set-safe-directory"
        },
        "value": {
          "type": 0,
          "file": 2,
          "line": 97,
          "col": 14,
          "lit": "true"
        }
      },
      {
        "key": {
          "type": 0,
          "file": 2,
          "line": 98,
          "col": 3,
          "lit": "github-server-url"
        },
        "value": ""
      },
      {
        "key": {
          "type": 0,
          "file": 2,
          "line": 101,
          "col": 3,
          "lit": "allow-unsafe-pr-checkout"
        },
        "value": {
          "type": 0,
          "file": 2,
          "line": 109,
          "col": 14,
          "lit": "false"
        }
      }
    ]
  },
  "execution": {
    "executionType": "nodeJS",
    "hasPre": false,
    "hasPost": true,
    "script": "dist/index.js",
    "pre": null,
    "post": "dist/index.js",
    "nodeVersion": "node20",
    "cleanupCondition": "always()",
    "initCondition": "always()"
  },
  "deprecated": null
}
[2026-09-30 03:48:31Z INFO ActionManager] Action pre node.js file: N/A.
[2026-09-30 03:48:31Z INFO ActionManager] Action node.js file: dist/index.js.
[2026-09-30 03:48:31Z INFO ActionManager] Action post node.js file: dist/index.js.
[2026-09-30 03:48:31Z INFO JobExtension] Adding .
[2026-09-30 03:48:31Z INFO JobExtension] Adding .
[2026-09-30 03:48:31Z INFO JobExtension] Adding .
[2026-09-30 03:48:31Z INFO JobExtension] Adding .
[2026-09-30 03:48:31Z INFO HostContext] Well known directory 'Bin': 'D:\cicd\actions-runner\bin'
[2026-09-30 03:48:31Z INFO HostContext] Well known directory 'Root': 'D:\cicd\actions-runner'
[2026-09-30 03:48:31Z INFO HostContext] Well known directory 'Diag': 'D:\cicd\actions-runner\_diag'
[2026-09-30 03:48:31Z INFO HostContext] Well known directory 'Bin': 'D:\cicd\actions-runner\bin'
[2026-09-30 03:48:31Z INFO HostContext] Well known directory 'Root': 'D:\cicd\actions-runner'
[2026-09-30 03:48:31Z INFO HostContext] Well known directory 'Diag': 'D:\cicd\actions-runner\_diag'
[2026-09-30 03:48:31Z INFO HostContext] Well known directory 'Bin': 'D:\cicd\actions-runner\bin'
[2026-09-30 03:48:31Z INFO HostContext] Well known directory 'Root': 'D:\cicd\actions-runner'
[2026-09-30 03:48:31Z INFO HostContext] Well known directory 'Diag': 'D:\cicd\actions-runner\_diag'
[2026-09-30 03:48:31Z INFO HostContext] Well known directory 'Bin': 'D:\cicd\actions-runner\bin'
[2026-09-30 03:48:31Z INFO HostContext] Well known directory 'Root': 'D:\cicd\actions-runner'
[2026-09-30 03:48:31Z INFO HostContext] Well known directory 'Diag': 'D:\cicd\actions-runner\_diag'
[2026-09-30 03:48:31Z INFO HostContext] Well known directory 'Bin': 'D:\cicd\actions-runner\bin'
[2026-09-30 03:48:31Z INFO HostContext] Well known directory 'Root': 'D:\cicd\actions-runner'
[2026-09-30 03:48:31Z INFO HostContext] Well known directory 'Diag': 'D:\cicd\actions-runner\_diag'
[2026-09-30 03:48:31Z INFO HostContext] Well known directory 'Bin': 'D:\cicd\actions-runner\bin'
[2026-09-30 03:48:31Z INFO HostContext] Well known directory 'Root': 'D:\cicd\actions-runner'
[2026-09-30 03:48:31Z INFO HostContext] Well known directory 'Diag': 'D:\cicd\actions-runner\_diag'
[2026-09-30 03:48:31Z INFO HostContext] Well known directory 'Bin': 'D:\cicd\actions-runner\bin'
[2026-09-30 03:48:31Z INFO HostContext] Well known directory 'Root': 'D:\cicd\actions-runner'
[2026-09-30 03:48:31Z INFO HostContext] Well known directory 'Diag': 'D:\cicd\actions-runner\_diag'
[2026-09-30 03:48:31Z INFO HostContext] Well known directory 'Bin': 'D:\cicd\actions-runner\bin'
[2026-09-30 03:48:31Z INFO HostContext] Well known directory 'Root': 'D:\cicd\actions-runner'
[2026-09-30 03:48:31Z INFO HostContext] Well known directory 'Diag': 'D:\cicd\actions-runner\_diag'
[2026-09-30 03:48:31Z INFO JobExtension] Total accessible running process: 362.
[2026-09-30 03:48:31Z INFO HostContext] Well known directory 'Bin': 'D:\cicd\actions-runner\bin'
[2026-09-30 03:48:31Z INFO HostContext] Well known directory 'Root': 'D:\cicd\actions-runner'
[2026-09-30 03:48:31Z INFO HostContext] Well known directory 'Work': 'D:\cicd\actions-runner\_work'
[2026-09-30 03:48:31Z INFO JobExtension] Start checking server connectivity.
[2026-09-30 03:48:31Z INFO JobExtension] Check server connectivity for https://broker.actions.githubusercontent.com/health.
[2026-09-30 03:48:31Z INFO JobExtension] Check server connectivity for https://token.actions.githubusercontent.com/ready.
[2026-09-30 03:48:31Z INFO JobExtension] Check server connectivity for https://run.actions.githubusercontent.com/health.
[2026-09-30 03:48:31Z INFO JobExtension] Start checking service connectivity in background.
[2026-09-30 03:48:31Z INFO ExecutionContext] Publish step telemetry for current step {
  "action": "setup_job",
  "type": "runner",
  "stage": "Pre",
  "stepId": "eba3000c-727f-4d75-8f8b-461e22c8da94",
  "result": "succeeded",
  "errorMessages": [],
  "executionTimeInSeconds": 9,
  "startTime": "2026-09-30T03:48:23.2508374Z",
  "finishTime": "2026-09-30T03:48:31.5908368Z"
}.
[2026-09-30 03:48:31Z INFO JobRunner] Total job steps: 4.
[2026-09-30 03:48:31Z INFO JobRunner] Run all job steps.
[2026-09-30 03:48:31Z INFO JobServerQueue] Try to append 1 batches web console lines for record 'eba3000c-727f-4d75-8f8b-461e22c8da94', success rate: 1/1.
[2026-09-30 03:48:31Z INFO DapDebugger] DapDebugger initialized
[2026-09-30 03:48:31Z INFO StepsRunner] Processing step: DisplayName='Checkout Code'
[2026-09-30 03:48:31Z INFO StepsRunner] Evaluating: success()
[2026-09-30 03:48:31Z INFO StepsRunner] Result: true
[2026-09-30 03:48:31Z INFO StepsRunner] Starting the step.
[2026-09-30 03:48:31Z INFO HostContext] Well known directory 'Bin': 'D:\cicd\actions-runner\bin'
[2026-09-30 03:48:31Z INFO HostContext] Well known directory 'Root': 'D:\cicd\actions-runner'
[2026-09-30 03:48:31Z INFO HostContext] Well known directory 'Work': 'D:\cicd\actions-runner\_work'
[2026-09-30 03:48:31Z INFO StepsRunner] Which2: 'chcp'
[2026-09-30 03:48:31Z INFO StepsRunner] Location: 'C:\WINDOWS\system32\chcp.COM'
[2026-09-30 03:48:31Z INFO ProcessInvokerWrapper] Starting process:
[2026-09-30 03:48:31Z INFO ProcessInvokerWrapper]   File name: 'C:\WINDOWS\system32\chcp.COM'
[2026-09-30 03:48:31Z INFO ProcessInvokerWrapper]   Arguments: '65001'
[2026-09-30 03:48:31Z INFO ProcessInvokerWrapper]   Working directory: 'D:\cicd\actions-runner\_work'
[2026-09-30 03:48:31Z INFO ProcessInvokerWrapper]   Require exit code zero: 'False'
[2026-09-30 03:48:31Z INFO ProcessInvokerWrapper]   Encoding web name:  ; code page: ''
[2026-09-30 03:48:31Z INFO ProcessInvokerWrapper]   Force kill process on cancellation: 'False'
[2026-09-30 03:48:31Z INFO ProcessInvokerWrapper]   Redirected STDIN: 'False'
[2026-09-30 03:48:31Z INFO ProcessInvokerWrapper]   Persist current code page: 'True'
[2026-09-30 03:48:31Z INFO ProcessInvokerWrapper]   Keep redirected STDIN open: 'False'
[2026-09-30 03:48:31Z INFO ProcessInvokerWrapper]   High priority process: 'False'
[2026-09-30 03:48:31Z INFO ProcessInvokerWrapper] Process started with process id 15624, waiting for process exit.
[2026-09-30 03:48:31Z INFO ProcessInvokerWrapper] STDOUT/STDERR stream read finished.
[2026-09-30 03:48:31Z INFO ProcessInvokerWrapper] STDOUT/STDERR stream read finished.
[2026-09-30 03:48:31Z INFO ProcessInvokerWrapper] Finished process 15624 with exit code 0, and elapsed time 00:00:00.0451435.
[2026-09-30 03:48:31Z INFO StepsRunner] Successfully returned to code page 65001 (UTF8)
[2026-09-30 03:48:31Z INFO HostContext] Well known directory 'Bin': 'D:\cicd\actions-runner\bin'
[2026-09-30 03:48:31Z INFO HostContext] Well known directory 'Root': 'D:\cicd\actions-runner'
[2026-09-30 03:48:31Z INFO HostContext] Well known directory 'Work': 'D:\cicd\actions-runner\_work'
[2026-09-30 03:48:31Z INFO HostContext] Well known directory 'Actions': 'D:\cicd\actions-runner\_work\_actions'
[2026-09-30 03:48:31Z INFO ActionManager] Load action that reference repository from 'D:\cicd\actions-runner\_work\_actions\actions\checkout\v4'
[2026-09-30 03:48:31Z INFO HostContext] Well known directory 'Bin': 'D:\cicd\actions-runner\bin'
[2026-09-30 03:48:31Z INFO HostContext] Well known directory 'Root': 'D:\cicd\actions-runner'
[2026-09-30 03:48:31Z INFO HostContext] Well known directory 'Work': 'D:\cicd\actions-runner\_work'
[2026-09-30 03:48:31Z INFO HostContext] Well known directory 'Actions': 'D:\cicd\actions-runner\_work\_actions'
[2026-09-30 03:48:31Z INFO ActionManifestManagerLegacy] Loaded action.yml file: {
  "name": "Checkout",
  "description": "Checkout a Git repository at a particular version",
  "inputs": {
    "type": 2,
    "map": [
      {
        "key": {
          "type": 0,
          "file": 2,
          "line": 4,
          "col": 3,
          "lit": "repository"
        },
        "value": {
          "type": 3,
          "file": 2,
          "line": 6,
          "col": 14,
          "expr": "github.repository"
        }
      },
      {
        "key": {
          "type": 0,
          "file": 2,
          "line": 7,
          "col": 3,
          "lit": "ref"
        },
        "value": ""
      },
      {
        "key": {
          "type": 0,
          "file": 2,
          "line": 12,
          "col": 3,
          "lit": "token"
        },
        "value": {
          "type": 3,
          "file": 2,
          "line": 24,
          "col": 14,
          "expr": "github.token"
        }
      },
      {
        "key": {
          "type": 0,
          "file": 2,
          "line": 25,
          "col": 3,
          "lit": "ssh-key"
        },
        "value": ""
      },
      {
        "key": {
          "type": 0,
          "file": 2,
          "line": 37,
          "col": 3,
          "lit": "ssh-known-hosts"
        },
        "value": ""
      },
      {
        "key": {
          "type": 0,
          "file": 2,
          "line": 42,
          "col": 3,
          "lit": "ssh-strict"
        },
        "value": {
          "type": 0,
          "file": 2,
          "line": 47,
          "col": 14,
          "lit": "true"
        }
      },
      {
        "key": {
          "type": 0,
          "file": 2,
          "line": 48,
          "col": 3,
          "lit": "ssh-user"
        },
        "value": {
          "type": 0,
          "file": 2,
          "line": 51,
          "col": 14,
          "lit": "git"
        }
      },
      {
        "key": {
          "type": 0,
          "file": 2,
          "line": 52,
          "col": 3,
          "lit": "persist-credentials"
        },
        "value": {
          "type": 0,
          "file": 2,
          "line": 54,
          "col": 14,
          "lit": "true"
        }
      },
      {
        "key": {
          "type": 0,
          "file": 2,
          "line": 55,
          "col": 3,
          "lit": "path"
        },
        "value": ""
      },
      {
        "key": {
          "type": 0,
          "file": 2,
          "line": 57,
          "col": 3,
          "lit": "clean"
        },
        "value": {
          "type": 0,
          "file": 2,
          "line": 59,
          "col": 14,
          "lit": "true"
        }
      },
      {
        "key": {
          "type": 0,
          "file": 2,
          "line": 60,
          "col": 3,
          "lit": "filter"
        },
        "value": {
          "type": 0,
          "file": 2,
          "line": 64,
          "col": 14,
          "lit": ""
        }
      },
      {
        "key": {
          "type": 0,
          "file": 2,
          "line": 65,
          "col": 3,
          "lit": "sparse-checkout"
        },
        "value": {
          "type": 0,
          "file": 2,
          "line": 69,
          "col": 14,
          "lit": ""
        }
      },
      {
        "key": {
          "type": 0,
          "file": 2,
          "line": 70,
          "col": 3,
          "lit": "sparse-checkout-cone-mode"
        },
        "value": {
          "type": 0,
          "file": 2,
          "line": 73,
          "col": 14,
          "lit": "true"
        }
      },
      {
        "key": {
          "type": 0,
          "file": 2,
          "line": 74,
          "col": 3,
          "lit": "fetch-depth"
        },
        "value": {
          "type": 0,
          "file": 2,
          "line": 76,
          "col": 14,
          "lit": "1"
        }
      },
      {
        "key": {
          "type": 0,
          "file": 2,
          "line": 77,
          "col": 3,
          "lit": "fetch-tags"
        },
        "value": {
          "type": 0,
          "file": 2,
          "line": 79,
          "col": 14,
          "lit": "false"
        }
      },
      {
        "key": {
          "type": 0,
          "file": 2,
          "line": 80,
          "col": 3,
          "lit": "show-progress"
        },
        "value": {
          "type": 0,
          "file": 2,
          "line": 82,
          "col": 14,
          "lit": "true"
        }
      },
      {
        "key": {
          "type": 0,
          "file": 2,
          "line": 83,
          "col": 3,
          "lit": "lfs"
        },
        "value": {
          "type": 0,
          "file": 2,
          "line": 85,
          "col": 14,
          "lit": "false"
        }
      },
      {
        "key": {
          "type": 0,
          "file": 2,
          "line": 86,
          "col": 3,
          "lit": "submodules"
        },
        "value": {
          "type": 0,
          "file": 2,
          "line": 94,
          "col": 14,
          "lit": "false"
        }
      },
      {
        "key": {
          "type": 0,
          "file": 2,
          "line": 95,
          "col": 3,
          "lit": "set-safe-directory"
        },
        "value": {
          "type": 0,
          "file": 2,
          "line": 97,
          "col": 14,
          "lit": "true"
        }
      },
      {
        "key": {
          "type": 0,
          "file": 2,
          "line": 98,
          "col": 3,
          "lit": "github-server-url"
        },
        "value": ""
      },
      {
        "key": {
          "type": 0,
          "file": 2,
          "line": 101,
          "col": 3,
          "lit": "allow-unsafe-pr-checkout"
        },
        "value": {
          "type": 0,
          "file": 2,
          "line": 109,
          "col": 14,
          "lit": "false"
        }
      }
    ]
  },
  "execution": {
    "executionType": "nodeJS",
    "hasPre": false,
    "hasPost": true,
    "script": "dist/index.js",
    "pre": null,
    "post": "dist/index.js",
    "nodeVersion": "node20",
    "cleanupCondition": "always()",
    "initCondition": "always()"
  },
  "deprecated": null
}
[2026-09-30 03:48:31Z INFO ActionManager] Action pre node.js file: N/A.
[2026-09-30 03:48:31Z INFO ActionManager] Action node.js file: dist/index.js.
[2026-09-30 03:48:31Z INFO ActionManager] Action post node.js file: dist/index.js.
[2026-09-30 03:48:31Z INFO ExecutionContext] Reserve record order 6 to 10 for post job actions.
[2026-09-30 03:48:31Z INFO HostContext] Well known directory 'Bin': 'D:\cicd\actions-runner\bin'
[2026-09-30 03:48:31Z INFO HostContext] Well known directory 'Root': 'D:\cicd\actions-runner'
[2026-09-30 03:48:31Z INFO HostContext] Well known directory 'Diag': 'D:\cicd\actions-runner\_diag'
[2026-09-30 03:48:31Z INFO HostContext] Well known directory 'Bin': 'D:\cicd\actions-runner\bin'
[2026-09-30 03:48:31Z INFO HostContext] Well known directory 'Root': 'D:\cicd\actions-runner'
[2026-09-30 03:48:31Z INFO HostContext] Well known directory 'Diag': 'D:\cicd\actions-runner\_diag'
[2026-09-30 03:48:31Z INFO HostContext] Well known directory 'Bin': 'D:\cicd\actions-runner\bin'
[2026-09-30 03:48:31Z INFO HostContext] Well known directory 'Root': 'D:\cicd\actions-runner'
[2026-09-30 03:48:31Z INFO HostContext] Well known directory 'Work': 'D:\cicd\actions-runner\_work'
[2026-09-30 03:48:31Z INFO HostContext] Well known directory 'Temp': 'D:\cicd\actions-runner\_work\_temp'
[2026-09-30 03:48:31Z INFO ExecutionContext] Write event payload to D:\cicd\actions-runner\_work\_temp\_github_workflow\event.json
[2026-09-30 03:48:31Z INFO HostContext] Well known directory 'Bin': 'D:\cicd\actions-runner\bin'
[2026-09-30 03:48:31Z INFO HostContext] Well known directory 'Root': 'D:\cicd\actions-runner'
[2026-09-30 03:48:31Z INFO HostContext] Well known directory 'Work': 'D:\cicd\actions-runner\_work'
[2026-09-30 03:48:31Z INFO HostContext] Well known directory 'Temp': 'D:\cicd\actions-runner\_work\_temp'
[2026-09-30 03:48:31Z INFO ExtensionManager] Getting extensions for interface: 'GitHub.Runner.Worker.IFileCommandExtension'
[2026-09-30 03:48:31Z INFO ExtensionManager] Creating instance: GitHub.Runner.Worker.AddPathFileCommand, Runner.Worker
[2026-09-30 03:48:31Z INFO ExtensionManager] Creating instance: GitHub.Runner.Worker.SetEnvFileCommand, Runner.Worker
[2026-09-30 03:48:31Z INFO ExtensionManager] Creating instance: GitHub.Runner.Worker.CreateStepSummaryCommand, Runner.Worker
[2026-09-30 03:48:31Z INFO ExtensionManager] Creating instance: GitHub.Runner.Worker.SaveStateFileCommand, Runner.Worker
[2026-09-30 03:48:31Z INFO ExtensionManager] Creating instance: GitHub.Runner.Worker.SetOutputFileCommand, Runner.Worker
[2026-09-30 03:48:31Z INFO ExtensionManager] Creating instance: GitHub.Runner.Worker.CreateArtifactsFileCommand, Runner.Worker
[2026-09-30 03:48:31Z INFO ExtensionManager] Creating instance: GitHub.Runner.Worker.ArtifactsListFileCommand, Runner.Worker
[2026-09-30 03:48:31Z INFO ActionManifestManagerLegacy] Input 'repository': default value evaluate result: {
  "type": 0,
  "file": 2,
  "line": 6,
  "col": 14,
  "lit": "vikranttiwari988-ops/my-repo"
}
[2026-09-30 03:48:31Z INFO ActionManifestManagerLegacy] Input 'ref': default value evaluate result: ""
[2026-09-30 03:48:31Z INFO ActionManifestManagerLegacy] Input 'token': default value evaluate result: {
  "type": 0,
  "file": 2,
  "line": 24,
  "col": 14,
  "lit": "***"
}
[2026-09-30 03:48:31Z INFO ActionManifestManagerLegacy] Input 'ssh-key': default value evaluate result: ""
[2026-09-30 03:48:31Z INFO ActionManifestManagerLegacy] Input 'ssh-known-hosts': default value evaluate result: ""
[2026-09-30 03:48:31Z INFO ActionManifestManagerLegacy] Input 'ssh-strict': default value evaluate result: {
  "type": 0,
  "file": 2,
  "line": 47,
  "col": 14,
  "lit": "true"
}
[2026-09-30 03:48:31Z INFO ActionManifestManagerLegacy] Input 'ssh-user': default value evaluate result: {
  "type": 0,
  "file": 2,
  "line": 51,
  "col": 14,
  "lit": "git"
}
[2026-09-30 03:48:31Z INFO ActionManifestManagerLegacy] Input 'persist-credentials': default value evaluate result: {
  "type": 0,
  "file": 2,
  "line": 54,
  "col": 14,
  "lit": "true"
}
[2026-09-30 03:48:31Z INFO ActionManifestManagerLegacy] Input 'path': default value evaluate result: ""
[2026-09-30 03:48:31Z INFO ActionManifestManagerLegacy] Input 'clean': default value evaluate result: {
  "type": 0,
  "file": 2,
  "line": 59,
  "col": 14,
  "lit": "true"
}
[2026-09-30 03:48:31Z INFO ActionManifestManagerLegacy] Input 'filter': default value evaluate result: {
  "type": 0,
  "file": 2,
  "line": 64,
  "col": 14,
  "lit": ""
}
[2026-09-30 03:48:31Z INFO ActionManifestManagerLegacy] Input 'sparse-checkout': default value evaluate result: {
  "type": 0,
  "file": 2,
  "line": 69,
  "col": 14,
  "lit": ""
}
[2026-09-30 03:48:31Z INFO ActionManifestManagerLegacy] Input 'sparse-checkout-cone-mode': default value evaluate result: {
  "type": 0,
  "file": 2,
  "line": 73,
  "col": 14,
  "lit": "true"
}
[2026-09-30 03:48:31Z INFO ActionManifestManagerLegacy] Input 'fetch-depth': default value evaluate result: {
  "type": 0,
  "file": 2,
  "line": 76,
  "col": 14,
  "lit": "1"
}
[2026-09-30 03:48:31Z INFO ActionManifestManagerLegacy] Input 'fetch-tags': default value evaluate result: {
  "type": 0,
  "file": 2,
  "line": 79,
  "col": 14,
  "lit": "false"
}
[2026-09-30 03:48:31Z INFO ActionManifestManagerLegacy] Input 'show-progress': default value evaluate result: {
  "type": 0,
  "file": 2,
  "line": 82,
  "col": 14,
  "lit": "true"
}
[2026-09-30 03:48:31Z INFO ActionManifestManagerLegacy] Input 'lfs': default value evaluate result: {
  "type": 0,
  "file": 2,
  "line": 85,
  "col": 14,
  "lit": "false"
}
[2026-09-30 03:48:31Z INFO ActionManifestManagerLegacy] Input 'submodules': default value evaluate result: {
  "type": 0,
  "file": 2,
  "line": 94,
  "col": 14,
  "lit": "false"
}
[2026-09-30 03:48:31Z INFO ActionManifestManagerLegacy] Input 'set-safe-directory': default value evaluate result: {
  "type": 0,
  "file": 2,
  "line": 97,
  "col": 14,
  "lit": "true"
}
[2026-09-30 03:48:31Z INFO ActionManifestManagerLegacy] Input 'github-server-url': default value evaluate result: ""
[2026-09-30 03:48:31Z INFO ActionManifestManagerLegacy] Input 'allow-unsafe-pr-checkout': default value evaluate result: {
  "type": 0,
  "file": 2,
  "line": 109,
  "col": 14,
  "lit": "false"
}
[2026-09-30 03:48:31Z INFO ExtensionManager] Getting extensions for interface: 'GitHub.Runner.Worker.IActionCommandExtension'
[2026-09-30 03:48:31Z INFO ExtensionManager] Creating instance: GitHub.Runner.Worker.InternalPluginSetRepoPathCommandExtension, Runner.Worker
[2026-09-30 03:48:31Z INFO ExtensionManager] Creating instance: GitHub.Runner.Worker.SetEnvCommandExtension, Runner.Worker
[2026-09-30 03:48:31Z INFO ExtensionManager] Creating instance: GitHub.Runner.Worker.SetOutputCommandExtension, Runner.Worker
[2026-09-30 03:48:31Z INFO ExtensionManager] Creating instance: GitHub.Runner.Worker.SaveStateCommandExtension, Runner.Worker
[2026-09-30 03:48:31Z INFO ExtensionManager] Creating instance: GitHub.Runner.Worker.AddPathCommandExtension, Runner.Worker
[2026-09-30 03:48:31Z INFO ExtensionManager] Creating instance: GitHub.Runner.Worker.AddMaskCommandExtension, Runner.Worker
[2026-09-30 03:48:31Z INFO ExtensionManager] Creating instance: GitHub.Runner.Worker.AddMatcherCommandExtension, Runner.Worker
[2026-09-30 03:48:31Z INFO ExtensionManager] Creating instance: GitHub.Runner.Worker.RemoveMatcherCommandExtension, Runner.Worker
[2026-09-30 03:48:31Z INFO ExtensionManager] Creating instance: GitHub.Runner.Worker.WarningCommandExtension, Runner.Worker
[2026-09-30 03:48:31Z INFO ExtensionManager] Creating instance: GitHub.Runner.Worker.ErrorCommandExtension, Runner.Worker
[2026-09-30 03:48:31Z INFO ExtensionManager] Creating instance: GitHub.Runner.Worker.NoticeCommandExtension, Runner.Worker
[2026-09-30 03:48:31Z INFO ExtensionManager] Creating instance: GitHub.Runner.Worker.DebugCommandExtension, Runner.Worker
[2026-09-30 03:48:31Z INFO ExtensionManager] Creating instance: GitHub.Runner.Worker.GroupCommandExtension, Runner.Worker
[2026-09-30 03:48:31Z INFO ExtensionManager] Creating instance: GitHub.Runner.Worker.EndGroupCommandExtension, Runner.Worker
[2026-09-30 03:48:31Z INFO ExtensionManager] Creating instance: GitHub.Runner.Worker.EchoCommandExtension, Runner.Worker
[2026-09-30 03:48:31Z INFO ActionCommandManager] Register action command extension for command internal-set-repo-path
[2026-09-30 03:48:31Z INFO ActionCommandManager] Register action command extension for command set-env
[2026-09-30 03:48:31Z INFO ActionCommandManager] Register action command extension for command set-output
[2026-09-30 03:48:31Z INFO ActionCommandManager] Register action command extension for command save-state
[2026-09-30 03:48:31Z INFO ActionCommandManager] Register action command extension for command add-path
[2026-09-30 03:48:31Z INFO ActionCommandManager] Register action command extension for command add-mask
[2026-09-30 03:48:31Z INFO ActionCommandManager] Register action command extension for command add-matcher
[2026-09-30 03:48:31Z INFO ActionCommandManager] Register action command extension for command remove-matcher
[2026-09-30 03:48:31Z INFO ActionCommandManager] Register action command extension for command warning
[2026-09-30 03:48:31Z INFO ActionCommandManager] Register action command extension for command error
[2026-09-30 03:48:31Z INFO ActionCommandManager] Register action command extension for command notice
[2026-09-30 03:48:31Z INFO ActionCommandManager] Register action command extension for command debug
[2026-09-30 03:48:31Z INFO ActionCommandManager] Register action command extension for command group
[2026-09-30 03:48:31Z INFO ActionCommandManager] Register action command extension for command endgroup
[2026-09-30 03:48:31Z INFO ActionCommandManager] Register action command extension for command echo
[2026-09-30 03:48:31Z INFO HostContext] Well known directory 'Bin': 'D:\cicd\actions-runner\bin'
[2026-09-30 03:48:31Z INFO HostContext] Well known directory 'Root': 'D:\cicd\actions-runner'
[2026-09-30 03:48:31Z INFO HostContext] Well known directory 'Externals': 'D:\cicd\actions-runner\externals'
[2026-09-30 03:48:31Z INFO ProcessInvokerWrapper] Starting process:
[2026-09-30 03:48:31Z INFO ProcessInvokerWrapper]   File name: 'D:\cicd\actions-runner\externals\node24\bin\node.exe'
[2026-09-30 03:48:31Z INFO ProcessInvokerWrapper]   Arguments: '"D:\cicd\actions-runner\_work\_actions\actions\checkout\v4\dist/index.js"'
[2026-09-30 03:48:31Z INFO ProcessInvokerWrapper]   Working directory: 'D:\cicd\actions-runner\_work\my-repo\my-repo'
[2026-09-30 03:48:31Z INFO ProcessInvokerWrapper]   Require exit code zero: 'False'
[2026-09-30 03:48:31Z INFO ProcessInvokerWrapper]   Encoding web name: utf-8 ; code page: '65001'
[2026-09-30 03:48:31Z INFO ProcessInvokerWrapper]   Force kill process on cancellation: 'False'
[2026-09-30 03:48:31Z INFO ProcessInvokerWrapper]   Redirected STDIN: 'False'
[2026-09-30 03:48:31Z INFO ProcessInvokerWrapper]   Persist current code page: 'True'
[2026-09-30 03:48:31Z INFO ProcessInvokerWrapper]   Keep redirected STDIN open: 'False'
[2026-09-30 03:48:31Z INFO ProcessInvokerWrapper]   High priority process: 'False'
[2026-09-30 03:48:31Z INFO JobServerQueue] Try to append 1 batches web console lines for record 'ad45d630-3190-4c9f-9f27-1cb52ca555ae', success rate: 1/1.
[2026-09-30 03:48:32Z INFO JobServerQueue] Got a step log file to send to results service.
[2026-09-30 03:48:32Z INFO JobServerQueue] Starting upload of step log file to results service ResultsLog, D:\cicd\actions-runner\_diag\blocks\5f8b91ac-63e0-4fbb-a6c4-0962c9af8da9_eba3000c-727f-4d75-8f8b-461e22c8da94.1
[2026-09-30 03:48:32Z INFO JobServerQueue] Try to upload 1 log files or attachments, success rate: 1/1.
[2026-09-30 03:48:34Z INFO ProcessInvokerWrapper] Process started with process id 21176, waiting for process exit.
[2026-09-30 03:48:35Z INFO JobServerQueue] Try to append 1 batches web console lines for record 'ad45d630-3190-4c9f-9f27-1cb52ca555ae', success rate: 1/1.
[2026-09-30 03:48:35Z INFO JobServerQueue] Tried to upload 1 file(s) to results, success rate: 1/1.
[2026-09-30 03:48:36Z INFO AddMaskCommandExtension] Add new secret mask with length of 524
[2026-09-30 03:48:36Z INFO JobServerQueue] Try to append 1 batches web console lines for record 'ad45d630-3190-4c9f-9f27-1cb52ca555ae', success rate: 1/1.
[2026-09-30 03:48:36Z INFO JobServerQueue] Try to append 1 batches web console lines for record 'ad45d630-3190-4c9f-9f27-1cb52ca555ae', success rate: 1/1.
[2026-09-30 03:48:36Z INFO JobServerQueue] Try to append 1 batches web console lines for record 'ad45d630-3190-4c9f-9f27-1cb52ca555ae', success rate: 1/1.
[2026-09-30 03:48:37Z INFO JobServerQueue] Try to append 1 batches web console lines for record 'ad45d630-3190-4c9f-9f27-1cb52ca555ae', success rate: 1/1.
[2026-09-30 03:48:37Z INFO JobServerQueue] Try to append 1 batches web console lines for record 'ad45d630-3190-4c9f-9f27-1cb52ca555ae', success rate: 1/1.
[2026-09-30 03:48:40Z INFO JobServerQueue] Try to append 1 batches web console lines for record 'ad45d630-3190-4c9f-9f27-1cb52ca555ae', success rate: 1/1.
[2026-09-30 03:48:41Z INFO JobServerQueue] Try to append 1 batches web console lines for record 'ad45d630-3190-4c9f-9f27-1cb52ca555ae', success rate: 1/1.
[2026-09-30 03:48:41Z INFO JobServerQueue] Try to append 1 batches web console lines for record 'ad45d630-3190-4c9f-9f27-1cb52ca555ae', success rate: 1/1.
[2026-09-30 03:48:41Z INFO HostContext] Well known directory 'Bin': 'D:\cicd\actions-runner\bin'
[2026-09-30 03:48:41Z INFO HostContext] Well known directory 'Root': 'D:\cicd\actions-runner'
[2026-09-30 03:48:41Z INFO HostContext] Well known directory 'Work': 'D:\cicd\actions-runner\_work'
[2026-09-30 03:48:41Z INFO JobServerQueue] Try to append 1 batches web console lines for record 'ad45d630-3190-4c9f-9f27-1cb52ca555ae', success rate: 1/1.
[2026-09-30 03:48:44Z INFO JobServerQueue] Try to append 1 batches web console lines for record 'ad45d630-3190-4c9f-9f27-1cb52ca555ae', success rate: 1/1.
[2026-09-30 03:48:46Z INFO JobServerQueue] Try to append 1 batches web console lines for record 'ad45d630-3190-4c9f-9f27-1cb52ca555ae', success rate: 1/1.
[2026-09-30 03:48:46Z INFO JobServerQueue] Try to append 1 batches web console lines for record 'ad45d630-3190-4c9f-9f27-1cb52ca555ae', success rate: 1/1.
[2026-09-30 03:48:48Z INFO JobServerQueue] Try to append 1 batches web console lines for record 'ad45d630-3190-4c9f-9f27-1cb52ca555ae', success rate: 1/1.
[2026-09-30 03:48:48Z INFO JobServerQueue] Try to append 1 batches web console lines for record 'ad45d630-3190-4c9f-9f27-1cb52ca555ae', success rate: 1/1.
[2026-09-30 03:48:49Z INFO JobServerQueue] Try to append 1 batches web console lines for record 'ad45d630-3190-4c9f-9f27-1cb52ca555ae', success rate: 1/1.
[2026-09-30 03:48:50Z INFO JobServerQueue] Try to append 1 batches web console lines for record 'ad45d630-3190-4c9f-9f27-1cb52ca555ae', success rate: 1/1.
[2026-09-30 03:48:50Z INFO JobServerQueue] Try to append 1 batches web console lines for record 'ad45d630-3190-4c9f-9f27-1cb52ca555ae', success rate: 1/1.
[2026-09-30 03:48:50Z INFO ProcessInvokerWrapper] STDOUT/STDERR stream read finished.
[2026-09-30 03:48:50Z INFO ProcessInvokerWrapper] STDOUT/STDERR stream read finished.
[2026-09-30 03:48:50Z INFO ProcessInvokerWrapper] Finished process 21176 with exit code 0, and elapsed time 00:00:18.5189883.
[2026-09-30 03:48:50Z INFO CreateStepSummaryCommand] Step Summary file (D:\cicd\actions-runner\_work\_temp\_runner_file_commands\step_summary_dfb6110a-a6a4-4569-9802-6dbfd6feee69) is empty; skipping attachment upload
[2026-09-30 03:48:50Z INFO StepsRunner] Step result: 
[2026-09-30 03:48:50Z INFO ExecutionContext] Publish step telemetry for current step {
  "action": "actions/checkout",
  "ref": "v4",
  "type": "node24",
  "stage": "Main",
  "stepId": "ad45d630-3190-4c9f-9f27-1cb52ca555ae",
  "stepContextName": "__actions_checkout",
  "hasPreStep": false,
  "hasPostStep": true,
  "result": "succeeded",
  "errorMessages": [],
  "executionTimeInSeconds": 19,
  "startTime": "2026-09-30T03:48:31.657758Z",
  "finishTime": "2026-09-30T03:48:50.4298836Z"
}.
[2026-09-30 03:48:50Z INFO StepsRunner] No need for updating job result with current step result 'Succeeded'.
[2026-09-30 03:48:50Z INFO StepsRunner] Current state: job state = ''
[2026-09-30 03:48:50Z INFO StepsRunner] Processing step: DisplayName='Build'
[2026-09-30 03:48:50Z INFO StepsRunner] Evaluating: success()
[2026-09-30 03:48:50Z INFO StepsRunner] Result: true
[2026-09-30 03:48:50Z INFO StepsRunner] Starting the step.
[2026-09-30 03:48:50Z INFO HostContext] Well known directory 'Bin': 'D:\cicd\actions-runner\bin'
[2026-09-30 03:48:50Z INFO HostContext] Well known directory 'Root': 'D:\cicd\actions-runner'
[2026-09-30 03:48:50Z INFO HostContext] Well known directory 'Work': 'D:\cicd\actions-runner\_work'
[2026-09-30 03:48:50Z INFO StepsRunner] Which2: 'chcp'
[2026-09-30 03:48:50Z INFO StepsRunner] Location: 'C:\WINDOWS\system32\chcp.COM'
[2026-09-30 03:48:50Z INFO ProcessInvokerWrapper] Starting process:
[2026-09-30 03:48:50Z INFO ProcessInvokerWrapper]   File name: 'C:\WINDOWS\system32\chcp.COM'
[2026-09-30 03:48:50Z INFO ProcessInvokerWrapper]   Arguments: '65001'
[2026-09-30 03:48:50Z INFO ProcessInvokerWrapper]   Working directory: 'D:\cicd\actions-runner\_work'
[2026-09-30 03:48:50Z INFO ProcessInvokerWrapper]   Require exit code zero: 'False'
[2026-09-30 03:48:50Z INFO ProcessInvokerWrapper]   Encoding web name:  ; code page: ''
[2026-09-30 03:48:50Z INFO ProcessInvokerWrapper]   Force kill process on cancellation: 'False'
[2026-09-30 03:48:50Z INFO ProcessInvokerWrapper]   Redirected STDIN: 'False'
[2026-09-30 03:48:50Z INFO ProcessInvokerWrapper]   Persist current code page: 'True'
[2026-09-30 03:48:50Z INFO ProcessInvokerWrapper]   Keep redirected STDIN open: 'False'
[2026-09-30 03:48:50Z INFO ProcessInvokerWrapper]   High priority process: 'False'
[2026-09-30 03:48:50Z INFO ProcessInvokerWrapper] Process started with process id 14004, waiting for process exit.
[2026-09-30 03:48:50Z INFO JobServerQueue] Try to append 1 batches web console lines for record 'ad45d630-3190-4c9f-9f27-1cb52ca555ae', success rate: 1/1.
[2026-09-30 03:48:50Z INFO ProcessInvokerWrapper] STDOUT/STDERR stream read finished.
[2026-09-30 03:48:50Z INFO ProcessInvokerWrapper] STDOUT/STDERR stream read finished.
[2026-09-30 03:48:50Z INFO ProcessInvokerWrapper] Finished process 14004 with exit code 0, and elapsed time 00:00:00.0596382.
[2026-09-30 03:48:50Z INFO StepsRunner] Successfully returned to code page 65001 (UTF8)
[2026-09-30 03:48:50Z INFO HostContext] Well known directory 'Bin': 'D:\cicd\actions-runner\bin'
[2026-09-30 03:48:50Z INFO HostContext] Well known directory 'Root': 'D:\cicd\actions-runner'
[2026-09-30 03:48:50Z INFO HostContext] Well known directory 'Work': 'D:\cicd\actions-runner\_work'
[2026-09-30 03:48:50Z INFO HostContext] Well known directory 'Temp': 'D:\cicd\actions-runner\_work\_temp'
[2026-09-30 03:48:50Z INFO ExecutionContext] Write event payload to D:\cicd\actions-runner\_work\_temp\_github_workflow\event.json
[2026-09-30 03:48:50Z INFO HostContext] Well known directory 'Bin': 'D:\cicd\actions-runner\bin'
[2026-09-30 03:48:50Z INFO HostContext] Well known directory 'Root': 'D:\cicd\actions-runner'
[2026-09-30 03:48:50Z INFO HostContext] Well known directory 'Work': 'D:\cicd\actions-runner\_work'
[2026-09-30 03:48:50Z INFO HostContext] Well known directory 'Temp': 'D:\cicd\actions-runner\_work\_temp'
[2026-09-30 03:48:50Z INFO ExtensionManager] Getting extensions for interface: 'GitHub.Runner.Worker.IFileCommandExtension'
[2026-09-30 03:48:50Z INFO ExtensionManager] Getting extensions for interface: 'GitHub.Runner.Worker.IActionCommandExtension'
[2026-09-30 03:48:50Z INFO ActionCommandManager] Register action command extension for command internal-set-repo-path
[2026-09-30 03:48:50Z INFO ActionCommandManager] Register action command extension for command set-env
[2026-09-30 03:48:50Z INFO ActionCommandManager] Register action command extension for command set-output
[2026-09-30 03:48:50Z INFO ActionCommandManager] Register action command extension for command save-state
[2026-09-30 03:48:50Z INFO ActionCommandManager] Register action command extension for command add-path
[2026-09-30 03:48:50Z INFO ActionCommandManager] Register action command extension for command add-mask
[2026-09-30 03:48:50Z INFO ActionCommandManager] Register action command extension for command add-matcher
[2026-09-30 03:48:50Z INFO ActionCommandManager] Register action command extension for command remove-matcher
[2026-09-30 03:48:50Z INFO ActionCommandManager] Register action command extension for command warning
[2026-09-30 03:48:50Z INFO ActionCommandManager] Register action command extension for command error
[2026-09-30 03:48:50Z INFO ActionCommandManager] Register action command extension for command notice
[2026-09-30 03:48:50Z INFO ActionCommandManager] Register action command extension for command debug
[2026-09-30 03:48:50Z INFO ActionCommandManager] Register action command extension for command group
[2026-09-30 03:48:50Z INFO ActionCommandManager] Register action command extension for command endgroup
[2026-09-30 03:48:50Z INFO ActionCommandManager] Register action command extension for command echo
[2026-09-30 03:48:50Z INFO ScriptHandler] Which2: 'pwsh'
[2026-09-30 03:48:50Z INFO ScriptHandler] Location: 'C:\Program Files\PowerShell\7\pwsh.EXE'
[2026-09-30 03:48:50Z INFO HostContext] Well known directory 'Bin': 'D:\cicd\actions-runner\bin'
[2026-09-30 03:48:50Z INFO HostContext] Well known directory 'Root': 'D:\cicd\actions-runner'
[2026-09-30 03:48:50Z INFO HostContext] Well known directory 'Work': 'D:\cicd\actions-runner\_work'
[2026-09-30 03:48:50Z INFO HostContext] Well known directory 'Temp': 'D:\cicd\actions-runner\_work\_temp'
[2026-09-30 03:48:50Z INFO ScriptHandler] Which2: 'pwsh'
[2026-09-30 03:48:50Z INFO ScriptHandler] Location: 'C:\Program Files\PowerShell\7\pwsh.EXE'
[2026-09-30 03:48:50Z INFO ProcessInvokerWrapper] Starting process:
[2026-09-30 03:48:50Z INFO ProcessInvokerWrapper]   File name: 'C:\Program Files\PowerShell\7\pwsh.EXE'
[2026-09-30 03:48:50Z INFO ProcessInvokerWrapper]   Arguments: '-command ". 'D:\cicd\actions-runner\_work\_temp\32a48e32-612d-41fc-a67e-ed6f8a12296d.ps1'"'
[2026-09-30 03:48:50Z INFO ProcessInvokerWrapper]   Working directory: 'D:\cicd\actions-runner\_work\my-repo\my-repo'
[2026-09-30 03:48:50Z INFO ProcessInvokerWrapper]   Require exit code zero: 'False'
[2026-09-30 03:48:50Z INFO ProcessInvokerWrapper]   Encoding web name:  ; code page: ''
[2026-09-30 03:48:50Z INFO ProcessInvokerWrapper]   Force kill process on cancellation: 'False'
[2026-09-30 03:48:50Z INFO ProcessInvokerWrapper]   Redirected STDIN: 'False'
[2026-09-30 03:48:50Z INFO ProcessInvokerWrapper]   Persist current code page: 'True'
[2026-09-30 03:48:50Z INFO ProcessInvokerWrapper]   Keep redirected STDIN open: 'False'
[2026-09-30 03:48:50Z INFO ProcessInvokerWrapper]   High priority process: 'False'
[2026-09-30 03:48:50Z INFO ProcessInvokerWrapper] Process started with process id 20532, waiting for process exit.
[2026-09-30 03:48:50Z INFO JobServerQueue] Try to append 1 batches web console lines for record 'afdc26d3-f73f-4055-be7d-92a3ec4dc5f0', success rate: 1/1.
[2026-09-30 03:48:51Z INFO JobServerQueue] Got a step log file to send to results service.
[2026-09-30 03:48:51Z INFO JobServerQueue] Starting upload of step log file to results service ResultsLog, D:\cicd\actions-runner\_diag\blocks\5f8b91ac-63e0-4fbb-a6c4-0962c9af8da9_ad45d630-3190-4c9f-9f27-1cb52ca555ae.1
[2026-09-30 03:48:51Z INFO JobServerQueue] Try to upload 1 log files or attachments, success rate: 1/1.
[2026-09-30 03:48:51Z INFO HostContext] Well known directory 'Bin': 'D:\cicd\actions-runner\bin'
[2026-09-30 03:48:51Z INFO HostContext] Well known directory 'Root': 'D:\cicd\actions-runner'
[2026-09-30 03:48:51Z INFO HostContext] Well known directory 'Work': 'D:\cicd\actions-runner\_work'
[2026-09-30 03:48:51Z INFO ProcessInvokerWrapper] STDOUT/STDERR stream read finished.
[2026-09-30 03:48:51Z INFO ProcessInvokerWrapper] STDOUT/STDERR stream read finished.
[2026-09-30 03:48:51Z INFO ProcessInvokerWrapper] Finished process 20532 with exit code 0, and elapsed time 00:00:01.1476171.
[2026-09-30 03:48:51Z INFO CreateStepSummaryCommand] Step Summary file (D:\cicd\actions-runner\_work\_temp\_runner_file_commands\step_summary_29b0bed0-db63-4453-8e4a-d319002b5f6f) is empty; skipping attachment upload
[2026-09-30 03:48:51Z INFO StepsRunner] Step result: 
[2026-09-30 03:48:51Z INFO ExecutionContext] Publish step telemetry for current step {
  "action": "pwsh",
  "type": "run",
  "stage": "Main",
  "stepId": "afdc26d3-f73f-4055-be7d-92a3ec4dc5f0",
  "stepContextName": "__run",
  "result": "succeeded",
  "errorMessages": [],
  "executionTimeInSeconds": 2,
  "startTime": "2026-09-30T03:48:50.4515401Z",
  "finishTime": "2026-09-30T03:48:51.7189522Z"
}.
[2026-09-30 03:48:51Z INFO StepsRunner] No need for updating job result with current step result 'Succeeded'.
[2026-09-30 03:48:51Z INFO StepsRunner] Current state: job state = ''
[2026-09-30 03:48:51Z INFO StepsRunner] Processing step: DisplayName='Test'
[2026-09-30 03:48:51Z INFO StepsRunner] Evaluating: success()
[2026-09-30 03:48:51Z INFO StepsRunner] Result: true
[2026-09-30 03:48:51Z INFO StepsRunner] Starting the step.
[2026-09-30 03:48:51Z INFO HostContext] Well known directory 'Bin': 'D:\cicd\actions-runner\bin'
[2026-09-30 03:48:51Z INFO HostContext] Well known directory 'Root': 'D:\cicd\actions-runner'
[2026-09-30 03:48:51Z INFO HostContext] Well known directory 'Work': 'D:\cicd\actions-runner\_work'
[2026-09-30 03:48:51Z INFO StepsRunner] Which2: 'chcp'
[2026-09-30 03:48:51Z INFO StepsRunner] Location: 'C:\WINDOWS\system32\chcp.COM'
[2026-09-30 03:48:51Z INFO ProcessInvokerWrapper] Starting process:
[2026-09-30 03:48:51Z INFO ProcessInvokerWrapper]   File name: 'C:\WINDOWS\system32\chcp.COM'
[2026-09-30 03:48:51Z INFO ProcessInvokerWrapper]   Arguments: '65001'
[2026-09-30 03:48:51Z INFO ProcessInvokerWrapper]   Working directory: 'D:\cicd\actions-runner\_work'
[2026-09-30 03:48:51Z INFO ProcessInvokerWrapper]   Require exit code zero: 'False'
[2026-09-30 03:48:51Z INFO ProcessInvokerWrapper]   Encoding web name:  ; code page: ''
[2026-09-30 03:48:51Z INFO ProcessInvokerWrapper]   Force kill process on cancellation: 'False'
[2026-09-30 03:48:51Z INFO ProcessInvokerWrapper]   Redirected STDIN: 'False'
[2026-09-30 03:48:51Z INFO ProcessInvokerWrapper]   Persist current code page: 'True'
[2026-09-30 03:48:51Z INFO ProcessInvokerWrapper]   Keep redirected STDIN open: 'False'
[2026-09-30 03:48:51Z INFO ProcessInvokerWrapper]   High priority process: 'False'
[2026-09-30 03:48:51Z INFO ProcessInvokerWrapper] Process started with process id 21836, waiting for process exit.
[2026-09-30 03:48:51Z INFO ProcessInvokerWrapper] STDOUT/STDERR stream read finished.
[2026-09-30 03:48:51Z INFO ProcessInvokerWrapper] STDOUT/STDERR stream read finished.
[2026-09-30 03:48:51Z INFO ProcessInvokerWrapper] Finished process 21836 with exit code 0, and elapsed time 00:00:00.0301864.
[2026-09-30 03:48:51Z INFO StepsRunner] Successfully returned to code page 65001 (UTF8)
[2026-09-30 03:48:51Z INFO HostContext] Well known directory 'Bin': 'D:\cicd\actions-runner\bin'
[2026-09-30 03:48:51Z INFO HostContext] Well known directory 'Root': 'D:\cicd\actions-runner'
[2026-09-30 03:48:51Z INFO HostContext] Well known directory 'Work': 'D:\cicd\actions-runner\_work'
[2026-09-30 03:48:51Z INFO HostContext] Well known directory 'Temp': 'D:\cicd\actions-runner\_work\_temp'
[2026-09-30 03:48:51Z INFO ExecutionContext] Write event payload to D:\cicd\actions-runner\_work\_temp\_github_workflow\event.json
[2026-09-30 03:48:51Z INFO HostContext] Well known directory 'Bin': 'D:\cicd\actions-runner\bin'
[2026-09-30 03:48:51Z INFO HostContext] Well known directory 'Root': 'D:\cicd\actions-runner'
[2026-09-30 03:48:51Z INFO HostContext] Well known directory 'Work': 'D:\cicd\actions-runner\_work'
[2026-09-30 03:48:51Z INFO HostContext] Well known directory 'Temp': 'D:\cicd\actions-runner\_work\_temp'
[2026-09-30 03:48:51Z INFO ExtensionManager] Getting extensions for interface: 'GitHub.Runner.Worker.IFileCommandExtension'
[2026-09-30 03:48:51Z INFO ExtensionManager] Getting extensions for interface: 'GitHub.Runner.Worker.IActionCommandExtension'
[2026-09-30 03:48:51Z INFO ActionCommandManager] Register action command extension for command internal-set-repo-path
[2026-09-30 03:48:51Z INFO ActionCommandManager] Register action command extension for command set-env
[2026-09-30 03:48:51Z INFO ActionCommandManager] Register action command extension for command set-output
[2026-09-30 03:48:51Z INFO ActionCommandManager] Register action command extension for command save-state
[2026-09-30 03:48:51Z INFO ActionCommandManager] Register action command extension for command add-path
[2026-09-30 03:48:51Z INFO ActionCommandManager] Register action command extension for command add-mask
[2026-09-30 03:48:51Z INFO ActionCommandManager] Register action command extension for command add-matcher
[2026-09-30 03:48:51Z INFO ActionCommandManager] Register action command extension for command remove-matcher
[2026-09-30 03:48:51Z INFO ActionCommandManager] Register action command extension for command warning
[2026-09-30 03:48:51Z INFO ActionCommandManager] Register action command extension for command error
[2026-09-30 03:48:51Z INFO ActionCommandManager] Register action command extension for command notice
[2026-09-30 03:48:51Z INFO ActionCommandManager] Register action command extension for command debug
[2026-09-30 03:48:51Z INFO ActionCommandManager] Register action command extension for command group
[2026-09-30 03:48:51Z INFO ActionCommandManager] Register action command extension for command endgroup
[2026-09-30 03:48:51Z INFO ActionCommandManager] Register action command extension for command echo
[2026-09-30 03:48:51Z INFO ScriptHandler] Which2: 'pwsh'
[2026-09-30 03:48:51Z INFO ScriptHandler] Location: 'C:\Program Files\PowerShell\7\pwsh.EXE'
[2026-09-30 03:48:51Z INFO HostContext] Well known directory 'Bin': 'D:\cicd\actions-runner\bin'
[2026-09-30 03:48:51Z INFO HostContext] Well known directory 'Root': 'D:\cicd\actions-runner'
[2026-09-30 03:48:51Z INFO HostContext] Well known directory 'Work': 'D:\cicd\actions-runner\_work'
[2026-09-30 03:48:51Z INFO HostContext] Well known directory 'Temp': 'D:\cicd\actions-runner\_work\_temp'
[2026-09-30 03:48:51Z INFO ScriptHandler] Which2: 'pwsh'
[2026-09-30 03:48:51Z INFO ScriptHandler] Location: 'C:\Program Files\PowerShell\7\pwsh.EXE'
[2026-09-30 03:48:51Z INFO ProcessInvokerWrapper] Starting process:
[2026-09-30 03:48:51Z INFO ProcessInvokerWrapper]   File name: 'C:\Program Files\PowerShell\7\pwsh.EXE'
[2026-09-30 03:48:51Z INFO ProcessInvokerWrapper]   Arguments: '-command ". 'D:\cicd\actions-runner\_work\_temp\ddfb4eff-5270-4bee-84f5-8607355ebe8b.ps1'"'
[2026-09-30 03:48:51Z INFO ProcessInvokerWrapper]   Working directory: 'D:\cicd\actions-runner\_work\my-repo\my-repo'
[2026-09-30 03:48:51Z INFO ProcessInvokerWrapper]   Require exit code zero: 'False'
[2026-09-30 03:48:51Z INFO ProcessInvokerWrapper]   Encoding web name:  ; code page: ''
[2026-09-30 03:48:51Z INFO ProcessInvokerWrapper]   Force kill process on cancellation: 'False'
[2026-09-30 03:48:51Z INFO ProcessInvokerWrapper]   Redirected STDIN: 'False'
[2026-09-30 03:48:51Z INFO ProcessInvokerWrapper]   Persist current code page: 'True'
[2026-09-30 03:48:51Z INFO ProcessInvokerWrapper]   Keep redirected STDIN open: 'False'
[2026-09-30 03:48:51Z INFO ProcessInvokerWrapper]   High priority process: 'False'
[2026-09-30 03:48:51Z INFO ProcessInvokerWrapper] Process started with process id 9696, waiting for process exit.
[2026-09-30 03:48:51Z INFO JobServerQueue] Try to append 1 batches web console lines for record 'afdc26d3-f73f-4055-be7d-92a3ec4dc5f0', success rate: 1/1.
[2026-09-30 03:48:51Z INFO JobServerQueue] Try to append 1 batches web console lines for record '0612950f-4ff8-4127-99f0-02fd453e852b', success rate: 1/1.
[2026-09-30 03:48:52Z INFO JobServerQueue] Tried to upload 1 file(s) to results, success rate: 1/1.
[2026-09-30 03:48:52Z INFO JobServerQueue] Try to upload 1 log files or attachments, success rate: 1/1.
[2026-09-30 03:48:52Z INFO JobServerQueue] Try to append 1 batches web console lines for record '0612950f-4ff8-4127-99f0-02fd453e852b', success rate: 1/1.
[2026-09-30 03:48:52Z INFO ProcessInvokerWrapper] STDOUT/STDERR stream read finished.
[2026-09-30 03:48:52Z INFO ProcessInvokerWrapper] STDOUT/STDERR stream read finished.
[2026-09-30 03:48:52Z INFO ProcessInvokerWrapper] Finished process 9696 with exit code 0, and elapsed time 00:00:00.8745179.
[2026-09-30 03:48:52Z INFO CreateStepSummaryCommand] Step Summary file (D:\cicd\actions-runner\_work\_temp\_runner_file_commands\step_summary_4bae49f3-0b8c-4cd9-a7a9-906872908959) is empty; skipping attachment upload
[2026-09-30 03:48:52Z INFO StepsRunner] Step result: 
[2026-09-30 03:48:52Z INFO ExecutionContext] Publish step telemetry for current step {
  "action": "pwsh",
  "type": "run",
  "stage": "Main",
  "stepId": "0612950f-4ff8-4127-99f0-02fd453e852b",
  "stepContextName": "__run_2",
  "result": "succeeded",
  "errorMessages": [],
  "executionTimeInSeconds": 1,
  "startTime": "2026-09-30T03:48:51.7200417Z",
  "finishTime": "2026-09-30T03:48:52.6397652Z"
}.
[2026-09-30 03:48:52Z INFO StepsRunner] No need for updating job result with current step result 'Succeeded'.
[2026-09-30 03:48:52Z INFO StepsRunner] Current state: job state = ''
[2026-09-30 03:48:52Z INFO StepsRunner] Processing step: DisplayName='Deploy (CD)'
[2026-09-30 03:48:52Z INFO StepsRunner] Evaluating: success()
[2026-09-30 03:48:52Z INFO StepsRunner] Result: true
[2026-09-30 03:48:52Z INFO StepsRunner] Starting the step.
[2026-09-30 03:48:52Z INFO HostContext] Well known directory 'Bin': 'D:\cicd\actions-runner\bin'
[2026-09-30 03:48:52Z INFO HostContext] Well known directory 'Root': 'D:\cicd\actions-runner'
[2026-09-30 03:48:52Z INFO HostContext] Well known directory 'Work': 'D:\cicd\actions-runner\_work'
[2026-09-30 03:48:52Z INFO StepsRunner] Which2: 'chcp'
[2026-09-30 03:48:52Z INFO StepsRunner] Location: 'C:\WINDOWS\system32\chcp.COM'
[2026-09-30 03:48:52Z INFO ProcessInvokerWrapper] Starting process:
[2026-09-30 03:48:52Z INFO ProcessInvokerWrapper]   File name: 'C:\WINDOWS\system32\chcp.COM'
[2026-09-30 03:48:52Z INFO ProcessInvokerWrapper]   Arguments: '65001'
[2026-09-30 03:48:52Z INFO ProcessInvokerWrapper]   Working directory: 'D:\cicd\actions-runner\_work'
[2026-09-30 03:48:52Z INFO ProcessInvokerWrapper]   Require exit code zero: 'False'
[2026-09-30 03:48:52Z INFO ProcessInvokerWrapper]   Encoding web name:  ; code page: ''
[2026-09-30 03:48:52Z INFO ProcessInvokerWrapper]   Force kill process on cancellation: 'False'
[2026-09-30 03:48:52Z INFO ProcessInvokerWrapper]   Redirected STDIN: 'False'
[2026-09-30 03:48:52Z INFO ProcessInvokerWrapper]   Persist current code page: 'True'
[2026-09-30 03:48:52Z INFO ProcessInvokerWrapper]   Keep redirected STDIN open: 'False'
[2026-09-30 03:48:52Z INFO ProcessInvokerWrapper]   High priority process: 'False'
[2026-09-30 03:48:52Z INFO ProcessInvokerWrapper] Process started with process id 10720, waiting for process exit.
[2026-09-30 03:48:52Z INFO ProcessInvokerWrapper] STDOUT/STDERR stream read finished.
[2026-09-30 03:48:52Z INFO ProcessInvokerWrapper] STDOUT/STDERR stream read finished.
[2026-09-30 03:48:52Z INFO ProcessInvokerWrapper] Finished process 10720 with exit code 0, and elapsed time 00:00:00.0304589.
[2026-09-30 03:48:52Z INFO StepsRunner] Successfully returned to code page 65001 (UTF8)
[2026-09-30 03:48:52Z INFO HostContext] Well known directory 'Bin': 'D:\cicd\actions-runner\bin'
[2026-09-30 03:48:52Z INFO HostContext] Well known directory 'Root': 'D:\cicd\actions-runner'
[2026-09-30 03:48:52Z INFO HostContext] Well known directory 'Work': 'D:\cicd\actions-runner\_work'
[2026-09-30 03:48:52Z INFO HostContext] Well known directory 'Temp': 'D:\cicd\actions-runner\_work\_temp'
[2026-09-30 03:48:52Z INFO ExecutionContext] Write event payload to D:\cicd\actions-runner\_work\_temp\_github_workflow\event.json
[2026-09-30 03:48:52Z INFO HostContext] Well known directory 'Bin': 'D:\cicd\actions-runner\bin'
[2026-09-30 03:48:52Z INFO HostContext] Well known directory 'Root': 'D:\cicd\actions-runner'
[2026-09-30 03:48:52Z INFO HostContext] Well known directory 'Work': 'D:\cicd\actions-runner\_work'
[2026-09-30 03:48:52Z INFO HostContext] Well known directory 'Temp': 'D:\cicd\actions-runner\_work\_temp'
[2026-09-30 03:48:52Z INFO ExtensionManager] Getting extensions for interface: 'GitHub.Runner.Worker.IFileCommandExtension'
[2026-09-30 03:48:52Z INFO ExtensionManager] Getting extensions for interface: 'GitHub.Runner.Worker.IActionCommandExtension'
[2026-09-30 03:48:52Z INFO ActionCommandManager] Register action command extension for command internal-set-repo-path
[2026-09-30 03:48:52Z INFO ActionCommandManager] Register action command extension for command set-env
[2026-09-30 03:48:52Z INFO ActionCommandManager] Register action command extension for command set-output
[2026-09-30 03:48:52Z INFO ActionCommandManager] Register action command extension for command save-state
[2026-09-30 03:48:52Z INFO ActionCommandManager] Register action command extension for command add-path
[2026-09-30 03:48:52Z INFO ActionCommandManager] Register action command extension for command add-mask
[2026-09-30 03:48:52Z INFO ActionCommandManager] Register action command extension for command add-matcher
[2026-09-30 03:48:52Z INFO ActionCommandManager] Register action command extension for command remove-matcher
[2026-09-30 03:48:52Z INFO ActionCommandManager] Register action command extension for command warning
[2026-09-30 03:48:52Z INFO ActionCommandManager] Register action command extension for command error
[2026-09-30 03:48:52Z INFO ActionCommandManager] Register action command extension for command notice
[2026-09-30 03:48:52Z INFO ActionCommandManager] Register action command extension for command debug
[2026-09-30 03:48:52Z INFO ActionCommandManager] Register action command extension for command group
[2026-09-30 03:48:52Z INFO ActionCommandManager] Register action command extension for command endgroup
[2026-09-30 03:48:52Z INFO ActionCommandManager] Register action command extension for command echo
[2026-09-30 03:48:52Z INFO ScriptHandler] Which2: 'cmd'
[2026-09-30 03:48:52Z INFO ScriptHandler] Location: 'C:\WINDOWS\system32\cmd.EXE'
[2026-09-30 03:48:52Z INFO HostContext] Well known directory 'Bin': 'D:\cicd\actions-runner\bin'
[2026-09-30 03:48:52Z INFO HostContext] Well known directory 'Root': 'D:\cicd\actions-runner'
[2026-09-30 03:48:52Z INFO HostContext] Well known directory 'Work': 'D:\cicd\actions-runner\_work'
[2026-09-30 03:48:52Z INFO HostContext] Well known directory 'Temp': 'D:\cicd\actions-runner\_work\_temp'
[2026-09-30 03:48:52Z INFO ScriptHandler] Which2: 'cmd'
[2026-09-30 03:48:52Z INFO ScriptHandler] Location: 'C:\WINDOWS\system32\cmd.EXE'
[2026-09-30 03:48:52Z INFO ProcessInvokerWrapper] Starting process:
[2026-09-30 03:48:52Z INFO ProcessInvokerWrapper]   File name: 'C:\WINDOWS\system32\cmd.EXE'
[2026-09-30 03:48:52Z INFO ProcessInvokerWrapper]   Arguments: '/D /E:ON /V:OFF /S /C "CALL "D:\cicd\actions-runner\_work\_temp\866364b8-02dc-4347-8e68-547acab97ce5.cmd""'
[2026-09-30 03:48:52Z INFO ProcessInvokerWrapper]   Working directory: 'D:\cicd\actions-runner\_work\my-repo\my-repo'
[2026-09-30 03:48:52Z INFO ProcessInvokerWrapper]   Require exit code zero: 'False'
[2026-09-30 03:48:52Z INFO ProcessInvokerWrapper]   Encoding web name:  ; code page: ''
[2026-09-30 03:48:52Z INFO ProcessInvokerWrapper]   Force kill process on cancellation: 'False'
[2026-09-30 03:48:52Z INFO ProcessInvokerWrapper]   Redirected STDIN: 'False'
[2026-09-30 03:48:52Z INFO ProcessInvokerWrapper]   Persist current code page: 'True'
[2026-09-30 03:48:52Z INFO ProcessInvokerWrapper]   Keep redirected STDIN open: 'False'
[2026-09-30 03:48:52Z INFO ProcessInvokerWrapper]   High priority process: 'False'
[2026-09-30 03:48:52Z INFO ProcessInvokerWrapper] Process started with process id 18080, waiting for process exit.
[2026-09-30 03:48:52Z INFO ProcessInvokerWrapper] STDOUT/STDERR stream read finished.
[2026-09-30 03:48:52Z INFO ProcessInvokerWrapper] STDOUT/STDERR stream read finished.
[2026-09-30 03:48:52Z INFO ProcessInvokerWrapper] Finished process 18080 with exit code 0, and elapsed time 00:00:00.0698250.
[2026-09-30 03:48:52Z INFO CreateStepSummaryCommand] Step Summary file (D:\cicd\actions-runner\_work\_temp\_runner_file_commands\step_summary_29d706b3-bdf8-436b-afdd-b0f430138550) is empty; skipping attachment upload
[2026-09-30 03:48:52Z INFO StepsRunner] Step result: 
[2026-09-30 03:48:52Z INFO ExecutionContext] Publish step telemetry for current step {
  "action": "cmd",
  "type": "run",
  "stage": "Main",
  "stepId": "e4930875-de57-40cf-a8f8-766d66f8b9ba",
  "stepContextName": "__run_3",
  "result": "succeeded",
  "errorMessages": [],
  "executionTimeInSeconds": 1,
  "startTime": "2026-09-30T03:48:52.6414027Z",
  "finishTime": "2026-09-30T03:48:52.7732077Z"
}.
[2026-09-30 03:48:52Z INFO StepsRunner] No need for updating job result with current step result 'Succeeded'.
[2026-09-30 03:48:52Z INFO StepsRunner] Current state: job state = ''
[2026-09-30 03:48:52Z INFO StepsRunner] Processing step: DisplayName='Post Checkout Code'
[2026-09-30 03:48:52Z INFO StepsRunner] Evaluating: always()
[2026-09-30 03:48:52Z INFO StepsRunner] Result: true
[2026-09-30 03:48:52Z INFO StepsRunner] Starting the step.
[2026-09-30 03:48:52Z INFO HostContext] Well known directory 'Bin': 'D:\cicd\actions-runner\bin'
[2026-09-30 03:48:52Z INFO HostContext] Well known directory 'Root': 'D:\cicd\actions-runner'
[2026-09-30 03:48:52Z INFO HostContext] Well known directory 'Work': 'D:\cicd\actions-runner\_work'
[2026-09-30 03:48:52Z INFO StepsRunner] Which2: 'chcp'
[2026-09-30 03:48:52Z INFO StepsRunner] Location: 'C:\WINDOWS\system32\chcp.COM'
[2026-09-30 03:48:52Z INFO ProcessInvokerWrapper] Starting process:
[2026-09-30 03:48:52Z INFO ProcessInvokerWrapper]   File name: 'C:\WINDOWS\system32\chcp.COM'
[2026-09-30 03:48:52Z INFO ProcessInvokerWrapper]   Arguments: '65001'
[2026-09-30 03:48:52Z INFO ProcessInvokerWrapper]   Working directory: 'D:\cicd\actions-runner\_work'
[2026-09-30 03:48:52Z INFO ProcessInvokerWrapper]   Require exit code zero: 'False'
[2026-09-30 03:48:52Z INFO ProcessInvokerWrapper]   Encoding web name:  ; code page: ''
[2026-09-30 03:48:52Z INFO ProcessInvokerWrapper]   Force kill process on cancellation: 'False'
[2026-09-30 03:48:52Z INFO ProcessInvokerWrapper]   Redirected STDIN: 'False'
[2026-09-30 03:48:52Z INFO ProcessInvokerWrapper]   Persist current code page: 'True'
[2026-09-30 03:48:52Z INFO ProcessInvokerWrapper]   Keep redirected STDIN open: 'False'
[2026-09-30 03:48:52Z INFO ProcessInvokerWrapper]   High priority process: 'False'
[2026-09-30 03:48:52Z INFO ProcessInvokerWrapper] Process started with process id 6896, waiting for process exit.
[2026-09-30 03:48:52Z INFO ProcessInvokerWrapper] STDOUT/STDERR stream read finished.
[2026-09-30 03:48:52Z INFO ProcessInvokerWrapper] STDOUT/STDERR stream read finished.
[2026-09-30 03:48:52Z INFO ProcessInvokerWrapper] Finished process 6896 with exit code 0, and elapsed time 00:00:00.0293480.
[2026-09-30 03:48:52Z INFO StepsRunner] Successfully returned to code page 65001 (UTF8)
[2026-09-30 03:48:52Z INFO HostContext] Well known directory 'Bin': 'D:\cicd\actions-runner\bin'
[2026-09-30 03:48:52Z INFO HostContext] Well known directory 'Root': 'D:\cicd\actions-runner'
[2026-09-30 03:48:52Z INFO HostContext] Well known directory 'Work': 'D:\cicd\actions-runner\_work'
[2026-09-30 03:48:52Z INFO HostContext] Well known directory 'Actions': 'D:\cicd\actions-runner\_work\_actions'
[2026-09-30 03:48:52Z INFO ActionManager] Load action that reference repository from 'D:\cicd\actions-runner\_work\_actions\actions\checkout\v4'
[2026-09-30 03:48:52Z INFO HostContext] Well known directory 'Bin': 'D:\cicd\actions-runner\bin'
[2026-09-30 03:48:52Z INFO HostContext] Well known directory 'Root': 'D:\cicd\actions-runner'
[2026-09-30 03:48:52Z INFO HostContext] Well known directory 'Work': 'D:\cicd\actions-runner\_work'
[2026-09-30 03:48:52Z INFO HostContext] Well known directory 'Actions': 'D:\cicd\actions-runner\_work\_actions'
[2026-09-30 03:48:52Z INFO ActionManifestManagerLegacy] Loaded action.yml file: {
  "name": "Checkout",
  "description": "Checkout a Git repository at a particular version",
  "inputs": {
    "type": 2,
    "map": [
      {
        "key": {
          "type": 0,
          "file": 2,
          "line": 4,
          "col": 3,
          "lit": "repository"
        },
        "value": {
          "type": 3,
          "file": 2,
          "line": 6,
          "col": 14,
          "expr": "github.repository"
        }
      },
      {
        "key": {
          "type": 0,
          "file": 2,
          "line": 7,
          "col": 3,
          "lit": "ref"
        },
        "value": ""
      },
      {
        "key": {
          "type": 0,
          "file": 2,
          "line": 12,
          "col": 3,
          "lit": "token"
        },
        "value": {
          "type": 3,
          "file": 2,
          "line": 24,
          "col": 14,
          "expr": "github.token"
        }
      },
      {
        "key": {
          "type": 0,
          "file": 2,
          "line": 25,
          "col": 3,
          "lit": "ssh-key"
        },
        "value": ""
      },
      {
        "key": {
          "type": 0,
          "file": 2,
          "line": 37,
          "col": 3,
          "lit": "ssh-known-hosts"
        },
        "value": ""
      },
      {
        "key": {
          "type": 0,
          "file": 2,
          "line": 42,
          "col": 3,
          "lit": "ssh-strict"
        },
        "value": {
          "type": 0,
          "file": 2,
          "line": 47,
          "col": 14,
          "lit": "true"
        }
      },
      {
        "key": {
          "type": 0,
          "file": 2,
          "line": 48,
          "col": 3,
          "lit": "ssh-user"
        },
        "value": {
          "type": 0,
          "file": 2,
          "line": 51,
          "col": 14,
          "lit": "git"
        }
      },
      {
        "key": {
          "type": 0,
          "file": 2,
          "line": 52,
          "col": 3,
          "lit": "persist-credentials"
        },
        "value": {
          "type": 0,
          "file": 2,
          "line": 54,
          "col": 14,
          "lit": "true"
        }
      },
      {
        "key": {
          "type": 0,
          "file": 2,
          "line": 55,
          "col": 3,
          "lit": "path"
        },
        "value": ""
      },
      {
        "key": {
          "type": 0,
          "file": 2,
          "line": 57,
          "col": 3,
          "lit": "clean"
        },
        "value": {
          "type": 0,
          "file": 2,
          "line": 59,
          "col": 14,
          "lit": "true"
        }
      },
      {
        "key": {
          "type": 0,
          "file": 2,
          "line": 60,
          "col": 3,
          "lit": "filter"
        },
        "value": {
          "type": 0,
          "file": 2,
          "line": 64,
          "col": 14,
          "lit": ""
        }
      },
      {
        "key": {
          "type": 0,
          "file": 2,
          "line": 65,
          "col": 3,
          "lit": "sparse-checkout"
        },
        "value": {
          "type": 0,
          "file": 2,
          "line": 69,
          "col": 14,
          "lit": ""
        }
      },
      {
        "key": {
          "type": 0,
          "file": 2,
          "line": 70,
          "col": 3,
          "lit": "sparse-checkout-cone-mode"
        },
        "value": {
          "type": 0,
          "file": 2,
          "line": 73,
          "col": 14,
          "lit": "true"
        }
      },
      {
        "key": {
          "type": 0,
          "file": 2,
          "line": 74,
          "col": 3,
          "lit": "fetch-depth"
        },
        "value": {
          "type": 0,
          "file": 2,
          "line": 76,
          "col": 14,
          "lit": "1"
        }
      },
      {
        "key": {
          "type": 0,
          "file": 2,
          "line": 77,
          "col": 3,
          "lit": "fetch-tags"
        },
        "value": {
          "type": 0,
          "file": 2,
          "line": 79,
          "col": 14,
          "lit": "false"
        }
      },
      {
        "key": {
          "type": 0,
          "file": 2,
          "line": 80,
          "col": 3,
          "lit": "show-progress"
        },
        "value": {
          "type": 0,
          "file": 2,
          "line": 82,
          "col": 14,
          "lit": "true"
        }
      },
      {
        "key": {
          "type": 0,
          "file": 2,
          "line": 83,
          "col": 3,
          "lit": "lfs"
        },
        "value": {
          "type": 0,
          "file": 2,
          "line": 85,
          "col": 14,
          "lit": "false"
        }
      },
      {
        "key": {
          "type": 0,
          "file": 2,
          "line": 86,
          "col": 3,
          "lit": "submodules"
        },
        "value": {
          "type": 0,
          "file": 2,
          "line": 94,
          "col": 14,
          "lit": "false"
        }
      },
      {
        "key": {
          "type": 0,
          "file": 2,
          "line": 95,
          "col": 3,
          "lit": "set-safe-directory"
        },
        "value": {
          "type": 0,
          "file": 2,
          "line": 97,
          "col": 14,
          "lit": "true"
        }
      },
      {
        "key": {
          "type": 0,
          "file": 2,
          "line": 98,
          "col": 3,
          "lit": "github-server-url"
        },
        "value": ""
      },
      {
        "key": {
          "type": 0,
          "file": 2,
          "line": 101,
          "col": 3,
          "lit": "allow-unsafe-pr-checkout"
        },
        "value": {
          "type": 0,
          "file": 2,
          "line": 109,
          "col": 14,
          "lit": "false"
        }
      }
    ]
  },
  "execution": {
    "executionType": "nodeJS",
    "hasPre": false,
    "hasPost": true,
    "script": "dist/index.js",
    "pre": null,
    "post": "dist/index.js",
    "nodeVersion": "node20",
    "cleanupCondition": "always()",
    "initCondition": "always()"
  },
  "deprecated": null
}
[2026-09-30 03:48:52Z INFO ActionManager] Action pre node.js file: N/A.
[2026-09-30 03:48:52Z INFO ActionManager] Action node.js file: dist/index.js.
[2026-09-30 03:48:52Z INFO ActionManager] Action post node.js file: dist/index.js.
[2026-09-30 03:48:52Z INFO HostContext] Well known directory 'Bin': 'D:\cicd\actions-runner\bin'
[2026-09-30 03:48:52Z INFO HostContext] Well known directory 'Root': 'D:\cicd\actions-runner'
[2026-09-30 03:48:52Z INFO HostContext] Well known directory 'Work': 'D:\cicd\actions-runner\_work'
[2026-09-30 03:48:52Z INFO HostContext] Well known directory 'Temp': 'D:\cicd\actions-runner\_work\_temp'
[2026-09-30 03:48:52Z INFO ExecutionContext] Write event payload to D:\cicd\actions-runner\_work\_temp\_github_workflow\event.json
[2026-09-30 03:48:52Z INFO HostContext] Well known directory 'Bin': 'D:\cicd\actions-runner\bin'
[2026-09-30 03:48:52Z INFO HostContext] Well known directory 'Root': 'D:\cicd\actions-runner'
[2026-09-30 03:48:52Z INFO HostContext] Well known directory 'Work': 'D:\cicd\actions-runner\_work'
[2026-09-30 03:48:52Z INFO HostContext] Well known directory 'Temp': 'D:\cicd\actions-runner\_work\_temp'
[2026-09-30 03:48:52Z INFO ExtensionManager] Getting extensions for interface: 'GitHub.Runner.Worker.IFileCommandExtension'
[2026-09-30 03:48:52Z INFO ActionManifestManagerLegacy] Input 'repository': default value evaluate result: {
  "type": 0,
  "file": 2,
  "line": 6,
  "col": 14,
  "lit": "vikranttiwari988-ops/my-repo"
}
[2026-09-30 03:48:52Z INFO ActionManifestManagerLegacy] Input 'ref': default value evaluate result: ""
[2026-09-30 03:48:52Z INFO ActionManifestManagerLegacy] Input 'token': default value evaluate result: {
  "type": 0,
  "file": 2,
  "line": 24,
  "col": 14,
  "lit": "***"
}
[2026-09-30 03:48:52Z INFO ActionManifestManagerLegacy] Input 'ssh-key': default value evaluate result: ""
[2026-09-30 03:48:52Z INFO ActionManifestManagerLegacy] Input 'ssh-known-hosts': default value evaluate result: ""
[2026-09-30 03:48:52Z INFO ActionManifestManagerLegacy] Input 'ssh-strict': default value evaluate result: {
  "type": 0,
  "file": 2,
  "line": 47,
  "col": 14,
  "lit": "true"
}
[2026-09-30 03:48:52Z INFO ActionManifestManagerLegacy] Input 'ssh-user': default value evaluate result: {
  "type": 0,
  "file": 2,
  "line": 51,
  "col": 14,
  "lit": "git"
}
[2026-09-30 03:48:52Z INFO ActionManifestManagerLegacy] Input 'persist-credentials': default value evaluate result: {
  "type": 0,
  "file": 2,
  "line": 54,
  "col": 14,
  "lit": "true"
}
[2026-09-30 03:48:52Z INFO ActionManifestManagerLegacy] Input 'path': default value evaluate result: ""
[2026-09-30 03:48:52Z INFO ActionManifestManagerLegacy] Input 'clean': default value evaluate result: {
  "type": 0,
  "file": 2,
  "line": 59,
  "col": 14,
  "lit": "true"
}
[2026-09-30 03:48:52Z INFO ActionManifestManagerLegacy] Input 'filter': default value evaluate result: {
  "type": 0,
  "file": 2,
  "line": 64,
  "col": 14,
  "lit": ""
}
[2026-09-30 03:48:52Z INFO ActionManifestManagerLegacy] Input 'sparse-checkout': default value evaluate result: {
  "type": 0,
  "file": 2,
  "line": 69,
  "col": 14,
  "lit": ""
}
[2026-09-30 03:48:52Z INFO ActionManifestManagerLegacy] Input 'sparse-checkout-cone-mode': default value evaluate result: {
  "type": 0,
  "file": 2,
  "line": 73,
  "col": 14,
  "lit": "true"
}
[2026-09-30 03:48:52Z INFO ActionManifestManagerLegacy] Input 'fetch-depth': default value evaluate result: {
  "type": 0,
  "file": 2,
  "line": 76,
  "col": 14,
  "lit": "1"
}
[2026-09-30 03:48:52Z INFO ActionManifestManagerLegacy] Input 'fetch-tags': default value evaluate result: {
  "type": 0,
  "file": 2,
  "line": 79,
  "col": 14,
  "lit": "false"
}
[2026-09-30 03:48:52Z INFO ActionManifestManagerLegacy] Input 'show-progress': default value evaluate result: {
  "type": 0,
  "file": 2,
  "line": 82,
  "col": 14,
  "lit": "true"
}
[2026-09-30 03:48:52Z INFO ActionManifestManagerLegacy] Input 'lfs': default value evaluate result: {
  "type": 0,
  "file": 2,
  "line": 85,
  "col": 14,
  "lit": "false"
}
[2026-09-30 03:48:52Z INFO ActionManifestManagerLegacy] Input 'submodules': default value evaluate result: {
  "type": 0,
  "file": 2,
  "line": 94,
  "col": 14,
  "lit": "false"
}
[2026-09-30 03:48:52Z INFO ActionManifestManagerLegacy] Input 'set-safe-directory': default value evaluate result: {
  "type": 0,
  "file": 2,
  "line": 97,
  "col": 14,
  "lit": "true"
}
[2026-09-30 03:48:52Z INFO ActionManifestManagerLegacy] Input 'github-server-url': default value evaluate result: ""
[2026-09-30 03:48:52Z INFO ActionManifestManagerLegacy] Input 'allow-unsafe-pr-checkout': default value evaluate result: {
  "type": 0,
  "file": 2,
  "line": 109,
  "col": 14,
  "lit": "false"
}
[2026-09-30 03:48:52Z INFO ExtensionManager] Getting extensions for interface: 'GitHub.Runner.Worker.IActionCommandExtension'
[2026-09-30 03:48:52Z INFO ActionCommandManager] Register action command extension for command internal-set-repo-path
[2026-09-30 03:48:52Z INFO ActionCommandManager] Register action command extension for command set-env
[2026-09-30 03:48:52Z INFO ActionCommandManager] Register action command extension for command set-output
[2026-09-30 03:48:52Z INFO ActionCommandManager] Register action command extension for command save-state
[2026-09-30 03:48:52Z INFO ActionCommandManager] Register action command extension for command add-path
[2026-09-30 03:48:52Z INFO ActionCommandManager] Register action command extension for command add-mask
[2026-09-30 03:48:52Z INFO ActionCommandManager] Register action command extension for command add-matcher
[2026-09-30 03:48:52Z INFO ActionCommandManager] Register action command extension for command remove-matcher
[2026-09-30 03:48:52Z INFO ActionCommandManager] Register action command extension for command warning
[2026-09-30 03:48:52Z INFO ActionCommandManager] Register action command extension for command error
[2026-09-30 03:48:52Z INFO ActionCommandManager] Register action command extension for command notice
[2026-09-30 03:48:52Z INFO ActionCommandManager] Register action command extension for command debug
[2026-09-30 03:48:52Z INFO ActionCommandManager] Register action command extension for command group
[2026-09-30 03:48:52Z INFO ActionCommandManager] Register action command extension for command endgroup
[2026-09-30 03:48:52Z INFO ActionCommandManager] Register action command extension for command echo
[2026-09-30 03:48:52Z INFO HostContext] Well known directory 'Bin': 'D:\cicd\actions-runner\bin'
[2026-09-30 03:48:52Z INFO HostContext] Well known directory 'Root': 'D:\cicd\actions-runner'
[2026-09-30 03:48:52Z INFO HostContext] Well known directory 'Externals': 'D:\cicd\actions-runner\externals'
[2026-09-30 03:48:52Z INFO ProcessInvokerWrapper] Starting process:
[2026-09-30 03:48:52Z INFO ProcessInvokerWrapper]   File name: 'D:\cicd\actions-runner\externals\node24\bin\node.exe'
[2026-09-30 03:48:52Z INFO ProcessInvokerWrapper]   Arguments: '"D:\cicd\actions-runner\_work\_actions\actions\checkout\v4\dist/index.js"'
[2026-09-30 03:48:52Z INFO ProcessInvokerWrapper]   Working directory: 'D:\cicd\actions-runner\_work\my-repo\my-repo'
[2026-09-30 03:48:52Z INFO ProcessInvokerWrapper]   Require exit code zero: 'False'
[2026-09-30 03:48:52Z INFO ProcessInvokerWrapper]   Encoding web name: utf-8 ; code page: '65001'
[2026-09-30 03:48:52Z INFO ProcessInvokerWrapper]   Force kill process on cancellation: 'False'
[2026-09-30 03:48:52Z INFO ProcessInvokerWrapper]   Redirected STDIN: 'False'
[2026-09-30 03:48:52Z INFO ProcessInvokerWrapper]   Persist current code page: 'True'
[2026-09-30 03:48:52Z INFO ProcessInvokerWrapper]   Keep redirected STDIN open: 'False'
[2026-09-30 03:48:52Z INFO ProcessInvokerWrapper]   High priority process: 'False'
[2026-09-30 03:48:52Z INFO ProcessInvokerWrapper] Process started with process id 2136, waiting for process exit.
[2026-09-30 03:48:52Z INFO JobServerQueue] Try to append 1 batches web console lines for record 'e4930875-de57-40cf-a8f8-766d66f8b9ba', success rate: 1/1.
[2026-09-30 03:48:52Z INFO JobServerQueue] Try to append 1 batches web console lines for record '5906d665-305b-4b9d-8f29-f3bb273bf39c', success rate: 1/1.
[2026-09-30 03:48:53Z INFO JobServerQueue] Try to append 1 batches web console lines for record '5906d665-305b-4b9d-8f29-f3bb273bf39c', success rate: 1/1.
[2026-09-30 03:48:53Z INFO AddMaskCommandExtension] Add new secret mask with length of 32
[2026-09-30 03:48:53Z INFO JobServerQueue] Got a step log file to send to results service.
[2026-09-30 03:48:53Z INFO JobServerQueue] Starting upload of step log file to results service ResultsLog, D:\cicd\actions-runner\_diag\blocks\5f8b91ac-63e0-4fbb-a6c4-0962c9af8da9_afdc26d3-f73f-4055-be7d-92a3ec4dc5f0.1
[2026-09-30 03:48:53Z INFO JobServerQueue] Try to upload 2 log files or attachments, success rate: 2/2.
[2026-09-30 03:48:53Z INFO JobServerQueue] Try to append 1 batches web console lines for record '5906d665-305b-4b9d-8f29-f3bb273bf39c', success rate: 1/1.
[2026-09-30 03:48:53Z INFO JobServerQueue] Try to append 1 batches web console lines for record '5906d665-305b-4b9d-8f29-f3bb273bf39c', success rate: 1/1.
[2026-09-30 03:48:54Z INFO JobServerQueue] Got a step log file to send to results service.
[2026-09-30 03:48:54Z INFO JobServerQueue] Starting upload of step log file to results service ResultsLog, D:\cicd\actions-runner\_diag\blocks\5f8b91ac-63e0-4fbb-a6c4-0962c9af8da9_0612950f-4ff8-4127-99f0-02fd453e852b.1
[2026-09-30 03:48:55Z INFO JobServerQueue] Got a step log file to send to results service.
[2026-09-30 03:48:55Z INFO JobServerQueue] Starting upload of step log file to results service ResultsLog, D:\cicd\actions-runner\_diag\blocks\5f8b91ac-63e0-4fbb-a6c4-0962c9af8da9_e4930875-de57-40cf-a8f8-766d66f8b9ba.1
[2026-09-30 03:48:56Z INFO JobServerQueue] Try to append 1 batches web console lines for record '5906d665-305b-4b9d-8f29-f3bb273bf39c', success rate: 1/1.
[2026-09-30 03:48:56Z INFO JobServerQueue] Try to append 1 batches web console lines for record '5906d665-305b-4b9d-8f29-f3bb273bf39c', success rate: 1/1.
[2026-09-30 03:48:56Z INFO JobServerQueue] Tried to upload 3 file(s) to results, success rate: 3/3.
[2026-09-30 03:48:58Z INFO JobServerQueue] Try to append 1 batches web console lines for record '5906d665-305b-4b9d-8f29-f3bb273bf39c', success rate: 1/1.
[2026-09-30 03:49:01Z INFO ProcessInvokerWrapper] STDOUT/STDERR stream read finished.
[2026-09-30 03:49:01Z INFO ProcessInvokerWrapper] STDOUT/STDERR stream read finished.
[2026-09-30 03:49:01Z INFO ProcessInvokerWrapper] Finished process 2136 with exit code 0, and elapsed time 00:00:08.2143338.
[2026-09-30 03:49:01Z INFO CreateStepSummaryCommand] Step Summary file (D:\cicd\actions-runner\_work\_temp\_runner_file_commands\step_summary_a3b3e303-5251-479d-b5e2-f09f3777f86f) is empty; skipping attachment upload
[2026-09-30 03:49:01Z INFO StepsRunner] Step result: 
[2026-09-30 03:49:01Z INFO ExecutionContext] Publish step telemetry for current step {
  "action": "actions/checkout",
  "ref": "v4",
  "type": "node24",
  "stage": "Post",
  "stepId": "5906d665-305b-4b9d-8f29-f3bb273bf39c",
  "result": "succeeded",
  "errorMessages": [],
  "executionTimeInSeconds": 9,
  "startTime": "2026-09-30T03:48:52.7813728Z",
  "finishTime": "2026-09-30T03:49:01.0530224Z"
}.
[2026-09-30 03:49:01Z INFO StepsRunner] No need for updating job result with current step result 'Succeeded'.
[2026-09-30 03:49:01Z INFO StepsRunner] Current state: job state = ''
[2026-09-30 03:49:01Z INFO JobRunner] Finalize job.
[2026-09-30 03:49:01Z INFO HostContext] Well known directory 'Bin': 'D:\cicd\actions-runner\bin'
[2026-09-30 03:49:01Z INFO HostContext] Well known directory 'Root': 'D:\cicd\actions-runner'
[2026-09-30 03:49:01Z INFO HostContext] Well known directory 'Diag': 'D:\cicd\actions-runner\_diag'
[2026-09-30 03:49:01Z INFO HostContext] Well known directory 'Bin': 'D:\cicd\actions-runner\bin'
[2026-09-30 03:49:01Z INFO HostContext] Well known directory 'Root': 'D:\cicd\actions-runner'
[2026-09-30 03:49:01Z INFO HostContext] Well known directory 'Diag': 'D:\cicd\actions-runner\_diag'
[2026-09-30 03:49:01Z INFO JobExtension] Initialize Env context
[2026-09-30 03:49:01Z INFO JobExtension] Initialize steps context
[2026-09-30 03:49:01Z INFO JobExtension] Total accessible running process: 360.
[2026-09-30 03:49:01Z INFO JobExtension] Wait for all connectivity checks to finish.
[2026-09-30 03:49:01Z INFO JobExtension] Connectivity check result: {
  "endpointUrl": "https://broker.actions.githubusercontent.com/health",
  "endpointIPs": null,
  "startTime": "2026-09-30T03:48:31.5738287Z",
  "statusCode": "http_OK",
  "requestId": "F5B7:4B3E8:A36C2:B41C7:6ABC8690",
  "httpRequestDurationInMs": 675,
  "dnsResolutionDurationInMs": 0,
  "dnsError": null
}
[2026-09-30 03:49:01Z INFO JobExtension] Connectivity check result: {
  "endpointUrl": "https://token.actions.githubusercontent.com/ready",
  "endpointIPs": null,
  "startTime": "2026-09-30T03:48:31.5756785Z",
  "statusCode": "http_NoContent",
  "requestId": "F5B9:337251:106548D:145B096:6ABC8690",
  "httpRequestDurationInMs": 902,
  "dnsResolutionDurationInMs": 0,
  "dnsError": null
}
[2026-09-30 03:49:01Z INFO JobExtension] Connectivity check result: {
  "endpointUrl": "https://run.actions.githubusercontent.com/health",
  "endpointIPs": null,
  "startTime": "2026-09-30T03:48:31.5764033Z",
  "statusCode": "http_OK",
  "requestId": "F5B8:3BA89D:A5767:B6360:6ABC8690",
  "httpRequestDurationInMs": 695,
  "dnsResolutionDurationInMs": 0,
  "dnsError": null
}
[2026-09-30 03:49:01Z INFO ExecutionContext] Publish step telemetry for current step {
  "action": "complete_job",
  "type": "runner",
  "stage": "Post",
  "stepId": "3aa9dc8c-3d2d-4fdd-a479-bc8b90f0bba6",
  "result": "succeeded",
  "errorMessages": [
    "Node.js 20 is deprecated. The following actions target Node.js 20 but are being forced to run on Node.js 24: actions/checkout@v4. For more information see: https://github.blog/changelog/2025-09-19-deprecation-of-node-20-on-github-actions-runners/"
  ],
  "executionTimeInSeconds": 1,
  "startTime": "2026-09-30T03:49:01.0849518Z",
  "finishTime": "2026-09-30T03:49:01.1251158Z"
}.
[2026-09-30 03:49:01Z INFO JobRunner] Job result after all job steps finish: Succeeded
[2026-09-30 03:49:01Z INFO JobRunner] Completing the job execution context.
[2026-09-30 03:49:01Z INFO JobServerQueue] Try to append 1 batches web console lines for record '3aa9dc8c-3d2d-4fdd-a479-bc8b90f0bba6', success rate: 1/1.
[2026-09-30 03:49:01Z INFO JobRunner] Shutting down the job server queue.
[2026-09-30 03:49:01Z INFO JobServerQueue] Fire signal to shutdown all queues.
[2026-09-30 03:49:01Z INFO JobServerQueue] All queue process task stopped.
[2026-09-30 03:49:01Z INFO JobServerQueue] Web console line queue drained.
[2026-09-30 03:49:01Z INFO JobServerQueue] Uploading 3 files in one shot.
[2026-09-30 03:49:01Z INFO JobServerQueue] Try to upload 3 log files or attachments, success rate: 3/3.
[2026-09-30 03:49:01Z INFO JobServerQueue] File upload queue drained.
[2026-09-30 03:49:01Z INFO JobServerQueue] Starting results-based upload queue...
[2026-09-30 03:49:01Z INFO JobServerQueue] Uploading 3 file(s) in one shot through results service.
[2026-09-30 03:49:01Z INFO JobServerQueue] Got a step log file to send to results service.
[2026-09-30 03:49:01Z INFO JobServerQueue] Starting upload of step log file to results service ResultsLog, D:\cicd\actions-runner\_diag\blocks\5f8b91ac-63e0-4fbb-a6c4-0962c9af8da9_5906d665-305b-4b9d-8f29-f3bb273bf39c.1
[2026-09-30 03:49:02Z INFO JobServerQueue] Got a step log file to send to results service.
[2026-09-30 03:49:02Z INFO JobServerQueue] Starting upload of step log file to results service ResultsLog, D:\cicd\actions-runner\_diag\blocks\5f8b91ac-63e0-4fbb-a6c4-0962c9af8da9_3aa9dc8c-3d2d-4fdd-a479-bc8b90f0bba6.1
[2026-09-30 03:49:03Z INFO JobServerQueue] Got a job log file to send to results service.
[2026-09-30 03:49:03Z INFO JobServerQueue] Starting upload of job log file to results service ResultsLog, D:\cicd\actions-runner\_diag\blocks\5f8b91ac-63e0-4fbb-a6c4-0962c9af8da9_6703e9af-6a66-5805-8794-8e1c5a1ff844.1
[2026-09-30 03:49:04Z INFO JobServerQueue] Tried to upload 3 file(s) to results, success rate: 3/3.
[2026-09-30 03:49:04Z INFO JobServerQueue] Results upload queue drained.
[2026-09-30 03:49:04Z INFO JobServerQueue] Timeline update queue drained.
[2026-09-30 03:49:04Z INFO JobServerQueue] Disposing job server ...
[2026-09-30 03:49:04Z INFO JobServerQueue] Disposing results server ...
[2026-09-30 03:49:04Z INFO JobServerQueue] All queue process tasks have been stopped, and all queues are drained.
[2026-09-30 03:49:04Z INFO TempDirectoryManager] Cleaning runner temp folder: D:\cicd\actions-runner\_work\_temp
[2026-09-30 03:49:04Z INFO HostContext] Well known directory 'Bin': 'D:\cicd\actions-runner\bin'
[2026-09-30 03:49:04Z INFO HostContext] Well known directory 'Root': 'D:\cicd\actions-runner'
[2026-09-30 03:49:04Z INFO HostContext] Well known directory 'Diag': 'D:\cicd\actions-runner\_diag'
[2026-09-30 03:49:04Z INFO HostContext] Well known config file 'Telemetry': 'D:\cicd\actions-runner\_diag\.telemetry'
[2026-09-30 03:49:04Z INFO JobRunner] Raising job completed against run service
[2026-09-30 03:49:05Z INFO Worker] Job completed.
