[2026-09-27 17:14:19Z INFO HostContext] No proxy settings were found based on environmental variables (http_proxy/https_proxy/HTTP_PROXY/HTTPS_PROXY)
[2026-09-27 17:14:19Z INFO HostContext] Well known directory 'Bin': 'D:\cicd\actions-runner\bin'
[2026-09-27 17:14:19Z INFO HostContext] Well known directory 'Root': 'D:\cicd\actions-runner'
[2026-09-27 17:14:19Z INFO HostContext] Well known config file 'Credentials': 'D:\cicd\actions-runner\.credentials'
[2026-09-27 17:14:19Z INFO HostContext] Well known directory 'Bin': 'D:\cicd\actions-runner\bin'
[2026-09-27 17:14:19Z INFO HostContext] Well known directory 'Root': 'D:\cicd\actions-runner'
[2026-09-27 17:14:19Z INFO HostContext] Well known config file 'Runner': 'D:\cicd\actions-runner\.runner'
[2026-09-27 17:14:19Z INFO Worker] Version: 2.337.0
[2026-09-27 17:14:19Z INFO Worker] Commit: 397b032cbf865e9c3ddfab89d533ec19325e1273
[2026-09-27 17:14:19Z INFO Worker] Culture: en-IN
[2026-09-27 17:14:19Z INFO Worker] UI Culture: en-US
[2026-09-27 17:14:19Z INFO Worker] Waiting to receive the job message from the channel.
[2026-09-27 17:14:19Z INFO ProcessChannel] Receiving message of length 23474, with hash 'f123750cd9265df7996a20419981f1e511dac3cd4b71c8a084836033b13379b3'
[2026-09-27 17:14:19Z INFO Worker] Message received.
[2026-09-27 17:14:20Z INFO Worker] Job message:
 {
  "fileTable": [
    ".github/workflows/pipeline.yaml"
  ],
  "mask": [
    {
      "type": "regex",
      "value": "***"
    },
    {
      "type": "regex",
      "value": "***"
    },
    {
      "type": "regex",
      "value": "***"
    },
    {
      "type": "regex",
      "value": "***"
    },
    {
      "type": "regex",
      "value": "***"
    },
    {
      "type": "regex",
      "value": "***"
    },
    {
      "type": "regex",
      "value": "***"
    },
    {
      "type": "regex",
      "value": "***"
    },
    {
      "type": "regex",
      "value": "***"
    },
    {
      "type": "regex",
      "value": "***"
    },
    {
      "type": "regex",
      "value": "***"
    },
    {
      "type": "regex",
      "value": "***"
    },
    {
      "type": "regex",
      "value": "***"
    },
    {
      "type": "regex",
      "value": "***"
    },
    {
      "type": "regex",
      "value": "***"
    },
    {
      "type": "regex",
      "value": "***"
    },
    {
      "type": "regex",
      "value": "***"
    },
    {
      "type": "regex",
      "value": "***"
    },
    {
      "type": "regex",
      "value": "***"
    },
    {
      "type": "regex",
      "value": "***"
    },
    {
      "type": "regex",
      "value": "***"
    },
    {
      "type": "regex",
      "value": "***"
    },
    {
      "type": "regex",
      "value": "***"
    },
    {
      "type": "regex",
      "value": "***"
    }
  ],
  "steps": [
    {
      "type": "action",
      "reference": {
        "type": "repository",
        "name": "actions/checkout",
        "ref": "v4",
        "repositoryType": "GitHub"
      },
      "displayNameToken": {
        "type": 0,
        "file": 1,
        "line": 12,
        "col": 15,
        "lit": "Checkout Code"
      },
      "contextName": "__actions_checkout",
      "condition": "success()",
      "id": "31763626-f215-4689-8b85-e8693a7bbbef",
      "name": "__actions_checkout"
    },
    {
      "type": "action",
      "reference": {
        "type": "script"
      },
      "displayNameToken": {
        "type": 0,
        "file": 1,
        "line": 15,
        "col": 15,
        "lit": "Build"
      },
      "contextName": "__run",
      "inputs": {
        "type": 2,
        "map": [
          {
            "key": "script",
            "value": {
              "type": 0,
              "file": 1,
              "line": 16,
              "col": 14,
              "lit": "echo \"Build success\""
            }
          }
        ]
      },
      "condition": "success()",
      "id": "5153c08a-1086-437d-84e4-c8a92e9547e6",
      "name": "__run"
    },
    {
      "type": "action",
      "reference": {
        "type": "script"
      },
      "displayNameToken": {
        "type": 0,
        "file": 1,
        "line": 18,
        "col": 15,
        "lit": "Test"
      },
      "contextName": "__run_2",
      "inputs": {
        "type": 2,
        "map": [
          {
            "key": "script",
            "value": {
              "type": 0,
              "file": 1,
              "line": 19,
              "col": 14,
              "lit": "echo \"Tests passed\""
            }
          }
        ]
      },
      "condition": "success()",
      "id": "d251d2b3-1ecb-4b99-a4e7-6bf863c9c787",
      "name": "__run_2"
    },
    {
      "type": "action",
      "reference": {
        "type": "script"
      },
      "displayNameToken": {
        "type": 0,
        "file": 1,
        "line": 21,
        "col": 15,
        "lit": "Deploy (CD)"
      },
      "contextName": "__run_3",
      "inputs": {
        "type": 2,
        "map": [
          {
            "key": "script",
            "value": {
              "type": 0,
              "file": 1,
              "line": 23,
              "col": 14,
              "lit": "Set-ExecutionPolicy -Scope Process -ExecutionPolicy Bypass\necho \"deployment successful\"\n"
            }
          },
          {
            "key": "shell",
            "value": {
              "type": 0,
              "file": 1,
              "line": 22,
              "col": 16,
              "lit": "powershell"
            }
          }
        ]
      },
      "condition": "success()",
      "id": "455ae051-fae4-4dbc-835b-05267719586c",
      "name": "__run_3"
    }
  ],
  "variables": {
    "ACTIONS_RUNNER_DEBUG": {
      "value": "true",
      "isSecret": true
    },
    "ACTIONS_STEP_DEBUG": {
      "value": "true",
      "isSecret": true
    },
    "Actions.EnableHttpRedirects": {
      "value": "true"
    },
    "DistributedTask.AddWarningToNode12Action": {
      "value": "true"
    },
    "DistributedTask.AddWarningToNode16Action": {
      "value": "true"
    },
    "DistributedTask.AllowRunnerContainerHooks": {
      "value": "true"
    },
    "DistributedTask.DeprecateStepOutputCommands": {
      "value": "true"
    },
    "DistributedTask.DetailUntarFailure": {
      "value": "true"
    },
    "DistributedTask.EnableCompositeActions": {
      "value": "true"
    },
    "DistributedTask.EnableJobServerQueueTelemetry": {
      "value": "true"
    },
    "DistributedTask.EnhancedAnnotations": {
      "value": "true"
    },
    "DistributedTask.ForceGithubJavascriptActionsToNode16": {
      "value": "true"
    },
    "DistributedTask.ForceGithubJavascriptActionsToNode20": {
      "value": "true"
    },
    "DistributedTask.LogTemplateErrorsAsDebugMessages": {
      "value": "true"
    },
    "DistributedTask.MarkJobAsFailedOnWorkerCrash": {
      "value": "true"
    },
    "DistributedTask.NewActionMetadata": {
      "value": "true"
    },
    "DistributedTask.UploadStepSummary": {
      "value": "true"
    },
    "DistributedTask.UseActionArchiveCache": {
      "value": "true"
    },
    "DistributedTask.UseWhich2": {
      "value": "true"
    },
    "RunService.FixEmbeddedIssues": {
      "value": "true"
    },
    "actions.runner.requirenode24": {
      "value": "true"
    },
    "actions.runner.usenode24bydefault": {
      "value": "true"
    },
    "actions.runner.warnonnode20": {
      "value": "true"
    },
    "actions_add_check_run_id_to_job_context": {
      "value": "true"
    },
    "actions_batch_action_resolution": {
      "value": "false"
    },
    "actions_cache_mode": {
      "value": "write"
    },
    "actions_container_action_runner_temp": {
      "value": "true"
    },
    "actions_display_helpful_actions_download_errors": {
      "value": "true"
    },
    "actions_runner_allow_artifacts_file": {
      "value": "false"
    },
    "actions_runner_compare_workflow_parser": {
      "value": "false"
    },
    "actions_runner_deprecate_linux_arm32": {
      "value": "true"
    },
    "actions_runner_emit_composite_markers": {
      "value": "true"
    },
    "actions_runner_kill_linux_arm32": {
      "value": "false"
    },
    "actions_runner_node20_removal_date": {
      "value": "September 23rd, 2026"
    },
    "actions_runner_node24_default_date": {
      "value": "June 16th, 2026"
    },
    "actions_self_repository": {
      "value": "true"
    },
    "actions_service_container_command": {
      "value": "true"
    },
    "actions_set_orchestration_id_env_for_actions": {
      "value": "true"
    },
    "actions_skip_retry_complete_job_upon_known_errors": {
      "value": "true"
    },
    "actions_snapshot_preflight_hosted_runner_check": {
      "value": "false"
    },
    "actions_snapshot_preflight_image_gen_pool_check": {
      "value": "false"
    },
    "actions_use_bearer_token_for_codeload": {
      "value": "false"
    },
    "actions_uses_cache_service_v2": {
      "value": "true"
    },
    "github_token": {
      "value": "***",
      "isSecret": true
    },
    "system.from_run_service": {
      "value": "true"
    },
    "system.github.job": {
      "value": "ci-cd"
    },
    "system.github.launch_endpoint": {
      "value": "https://launch.actions.githubusercontent.com"
    },
    "system.github.results_endpoint": {
      "value": "https://results-receiver.actions.githubusercontent.com/"
    },
    "system.github.results_upload_with_sdk": {
      "value": "true"
    },
    "system.github.token": {
      "value": "***",
      "isSecret": true
    },
    "system.github.token.permissions": {
      "value": "{\"Contents\":\"read\",\"Metadata\":\"read\",\"Packages\":\"read\"}"
    },
    "system.orchestrationId": {
      "value": "6278e716-adbe-4bc3-8490-4ca6be58b13e.ci-cd.__default"
    },
    "system.phaseDisplayName": {
      "value": "ci-cd"
    },
    "system.runner.lowdiskspacethreshold": {
      "value": "100"
    },
    "system.runnerEnvironment": {
      "value": "self-hosted"
    },
    "system.runnerGroupName": {
      "value": "Default"
    }
  },
  "messageType": "RunnerJobRequest",
  "plan": {
    "scopeIdentifier": "00000000-0000-0000-0000-000000000000",
    "planType": "actions",
    "version": 0,
    "planId": "6278e716-adbe-4bc3-8490-4ca6be58b13e",
    "planGroup": null,
    "artifactUri": null,
    "artifactLocation": null,
    "definition": null,
    "owner": null
  },
  "timeline": {
    "id": "6278e716-adbe-4bc3-8490-4ca6be58b13e",
    "changeId": 0,
    "location": null
  },
  "jobId": "d93a9662-306a-5e8e-a501-cac4a4d374b8",
  "jobDisplayName": "ci-cd",
  "jobName": "__default",
  "requestId": 0,
  "lockedUntil": "0001-01-01T00:00:00",
  "resources": {
    "endpoints": [
      {
        "data": {
          "ServerId": "",
          "ServerName": "",
          "CacheServerUrl": "https://artifactcache.actions.githubusercontent.com/vNJajpvbF6IjDhJJK2oJL6aFAilgYF0ASuY1lz9oWwnetORATd/",
          "FeedStreamUrl": "wss://results-receiver.actions.githubusercontent.com/_ws/ingest.sock",
          "ResultsServiceUrl": "https://results-receiver.actions.githubusercontent.com/",
          "PipelinesServiceUrl": "https://pipelinesghubeus4.actions.githubusercontent.com/vNJajpvbF6IjDhJJK2oJL6aFAilgYF0ASuY1lz9oWwnetORATd/",
          "GenerateIdTokenUrl": "",
          "ConnectivityChecks": "[\"https://broker.actions.githubusercontent.com/health\",\"https://token.actions.githubusercontent.com/ready\",\"https://run.actions.githubusercontent.com/health\"]",
          "ConnectivityAndDNSChecks": ""
        },
        "name": "SystemVssConnection",
        "url": "https://run-actions-2-azure-eastus.actions.githubusercontent.com/171/",
        "authorization": {
          "parameters": {
            "AccessToken": "***"
          },
          "scheme": "OAuth"
        },
        "isShared": false,
        "isReady": true
      }
    ]
  },
  "contextData": {
    "github": {
      "t": 2,
      "d": [
        {
          "k": "ref",
          "v": "refs/heads/main"
        },
        {
          "k": "sha",
          "v": "36ff74317f249481f3952a8c93eb87c538ca257d"
        },
        {
          "k": "repository",
          "v": "vikranttiwari988-ops/my-repo"
        },
        {
          "k": "repository_owner",
          "v": "vikranttiwari988-ops"
        },
        {
          "k": "repository_owner_id",
          "v": "328057542"
        },
        {
          "k": "repositoryUrl",
          "v": "git://github.com/vikranttiwari988-ops/my-repo.git"
        },
        {
          "k": "run_id",
          "v": "36335703299"
        },
        {
          "k": "run_number",
          "v": "2"
        },
        {
          "k": "retention_days",
          "v": "90"
        },
        {
          "k": "run_attempt",
          "v": "3"
        },
        {
          "k": "artifact_cache_size_limit",
          "v": "10"
        },
        {
          "k": "repository_visibility",
          "v": "public"
        },
        {
          "k": "actor_id",
          "v": "328057542"
        },
        {
          "k": "actor",
          "v": "vikranttiwari988-ops"
        },
        {
          "k": "workflow",
          "v": "CI-CD Pipeline"
        },
        {
          "k": "head_ref",
          "v": ""
        },
        {
          "k": "base_ref",
          "v": ""
        },
        {
          "k": "event_name",
          "v": "push"
        },
        {
          "k": "server_url",
          "v": "https://github.com"
        },
        {
          "k": "api_url",
          "v": "https://api.github.com"
        },
        {
          "k": "graphql_url",
          "v": "https://api.github.com/graphql"
        },
        {
          "k": "ref_name",
          "v": "main"
        },
        {
          "k": "ref_protected",
          "v": false
        },
        {
          "k": "ref_type",
          "v": "branch"
        },
        {
          "k": "secret_source",
          "v": "Actions"
        },
        {
          "k": "event",
          "v": {
            "t": 2,
            "d": [
              {
                "k": "after",
                "v": "36ff74317f249481f3952a8c93eb87c538ca257d"
              },
              {
                "k": "base_ref",
                "v": null
              },
              {
                "k": "before",
                "v": "08d9577d470c2465723800771a2c7e007675d900"
              },
              {
                "k": "commits",
                "v": {
                  "t": 1,
                  "a": [
                    {
                      "t": 2,
                      "d": [
                        {
                          "k": "author",
                          "v": {
                            "t": 2,
                            "d": [
                              {
                                "k": "email",
                                "v": "vikranttiwari988@gmail.com"
                              },
                              {
                                "k": "name",
                                "v": "vikranttiwari988-ops"
                              },
                              {
                                "k": "username",
                                "v": "vikranttiwari988-ops"
                              }
                            ]
                          }
                        },
                        {
                          "k": "committer",
                          "v": {
                            "t": 2,
                            "d": [
                              {
                                "k": "email",
                                "v": "noreply@github.com"
                              },
                              {
                                "k": "name",
                                "v": "GitHub"
                              },
                              {
                                "k": "username",
                                "v": "web-flow"
                              }
                            ]
                          }
                        },
                        {
                          "k": "distinct",
                          "v": true
                        },
                        {
                          "k": "id",
                          "v": "36ff74317f249481f3952a8c93eb87c538ca257d"
                        },
                        {
                          "k": "message",
                          "v": "Update pipeline.yaml"
                        },
                        {
                          "k": "timestamp",
                          "v": "2026-09-27T22:36:35+05:30"
                        },
                        {
                          "k": "tree_id",
                          "v": "9ecfd970e878fa07cf265b73be704ed7e594c37c"
                        },
                        {
                          "k": "url",
                          "v": "https://github.com/vikranttiwari988-ops/my-repo/commit/36ff74317f249481f3952a8c93eb87c538ca257d"
                        }
                      ]
                    }
                  ]
                }
              },
              {
                "k": "compare",
                "v": "https://github.com/vikranttiwari988-ops/my-repo/compare/08d9577d470c...36ff74317f24"
              },
              {
                "k": "created",
                "v": false
              },
              {
                "k": "deleted",
                "v": false
              },
              {
                "k": "forced",
                "v": false
              },
              {
                "k": "head_commit",
                "v": {
                  "t": 2,
                  "d": [
                    {
                      "k": "author",
                      "v": {
                        "t": 2,
                        "d": [
                          {
                            "k": "email",
                            "v": "vikranttiwari988@gmail.com"
                          },
                          {
                            "k": "name",
                            "v": "vikranttiwari988-ops"
                          },
                          {
                            "k": "username",
                            "v": "vikranttiwari988-ops"
                          }
                        ]
                      }
                    },
                    {
                      "k": "committer",
                      "v": {
                        "t": 2,
                        "d": [
                          {
                            "k": "email",
                            "v": "noreply@github.com"
                          },
                          {
                            "k": "name",
                            "v": "GitHub"
                          },
                          {
                            "k": "username",
                            "v": "web-flow"
                          }
                        ]
                      }
                    },
                    {
                      "k": "distinct",
                      "v": true
                    },
                    {
                      "k": "id",
                      "v": "36ff74317f249481f3952a8c93eb87c538ca257d"
                    },
                    {
                      "k": "message",
                      "v": "Update pipeline.yaml"
                    },
                    {
                      "k": "timestamp",
                      "v": "2026-09-27T22:36:35+05:30"
                    },
                    {
                      "k": "tree_id",
                      "v": "9ecfd970e878fa07cf265b73be704ed7e594c37c"
                    },
                    {
                      "k": "url",
                      "v": "https://github.com/vikranttiwari988-ops/my-repo/commit/36ff74317f249481f3952a8c93eb87c538ca257d"
                    }
                  ]
                }
              },
              {
                "k": "pusher",
                "v": {
                  "t": 2,
                  "d": [
                    {
                      "k": "email",
                      "v": "vikranttiwari988@gmail.com"
                    },
                    {
                      "k": "name",
                      "v": "vikranttiwari988-ops"
                    }
                  ]
                }
              },
              {
                "k": "ref",
                "v": "refs/heads/main"
              },
              {
                "k": "repository",
                "v": {
                  "t": 2,
                  "d": [
                    {
                      "k": "allow_forking",
                      "v": true
                    },
                    {
                      "k": "archive_url",
                      "v": "https://api.github.com/repos/vikranttiwari988-ops/my-repo/{archive_format}{/ref}"
                    },
                    {
                      "k": "archived",
                      "v": false
                    },
                    {
                      "k": "assignees_url",
                      "v": "https://api.github.com/repos/vikranttiwari988-ops/my-repo/assignees{/user}"
                    },
                    {
                      "k": "blobs_url",
                      "v": "https://api.github.com/repos/vikranttiwari988-ops/my-repo/git/blobs{/sha}"
                    },
                    {
                      "k": "branches_url",
                      "v": "https://api.github.com/repos/vikranttiwari988-ops/my-repo/branches{/branch}"
                    },
                    {
                      "k": "clone_url",
                      "v": "https://github.com/vikranttiwari988-ops/my-repo.git"
                    },
                    {
                      "k": "collaborators_url",
                      "v": "https://api.github.com/repos/vikranttiwari988-ops/my-repo/collaborators{/collaborator}"
                    },
                    {
                      "k": "comments_url",
                      "v": "https://api.github.com/repos/vikranttiwari988-ops/my-repo/comments{/number}"
                    },
                    {
                      "k": "commits_url",
                      "v": "https://api.github.com/repos/vikranttiwari988-ops/my-repo/commits{/sha}"
                    },
                    {
                      "k": "compare_url",
                      "v": "https://api.github.com/repos/vikranttiwari988-ops/my-repo/compare/{base}...{head}"
                    },
                    {
                      "k": "contents_url",
                      "v": "https://api.github.com/repos/vikranttiwari988-ops/my-repo/contents/{+path}"
                    },
                    {
                      "k": "contributors_url",
                      "v": "https://api.github.com/repos/vikranttiwari988-ops/my-repo/contributors"
                    },
                    {
                      "k": "created_at",
                      "v": 1789143027.0
                    },
                    {
                      "k": "default_branch",
                      "v": "main"
                    },
                    {
                      "k": "deployments_url",
                      "v": "https://api.github.com/repos/vikranttiwari988-ops/my-repo/deployments"
                    },
                    {
                      "k": "description",
                      "v": "my repository "
                    },
                    {
                      "k": "disabled",
                      "v": false
                    },
                    {
                      "k": "downloads_url",
                      "v": "https://api.github.com/repos/vikranttiwari988-ops/my-repo/downloads"
                    },
                    {
                      "k": "events_url",
                      "v": "https://api.github.com/repos/vikranttiwari988-ops/my-repo/events"
                    },
                    {
                      "k": "fork",
                      "v": false
                    },
                    {
                      "k": "forks",
                      "v": 0.0
                    },
                    {
                      "k": "forks_count",
                      "v": 0.0
                    },
                    {
                      "k": "forks_url",
                      "v": "https://api.github.com/repos/vikranttiwari988-ops/my-repo/forks"
                    },
                    {
                      "k": "full_name",
                      "v": "vikranttiwari988-ops/my-repo"
                    },
                    {
                      "k": "git_commits_url",
                      "v": "https://api.github.com/repos/vikranttiwari988-ops/my-repo/git/commits{/sha}"
                    },
                    {
                      "k": "git_refs_url",
                      "v": "https://api.github.com/repos/vikranttiwari988-ops/my-repo/git/refs{/sha}"
                    },
                    {
                      "k": "git_tags_url",
                      "v": "https://api.github.com/repos/vikranttiwari988-ops/my-repo/git/tags{/sha}"
                    },
                    {
                      "k": "git_url",
                      "v": "git://github.com/vikranttiwari988-ops/my-repo.git"
                    },
                    {
                      "k": "has_discussions",
                      "v": false
                    },
                    {
                      "k": "has_downloads",
                      "v": true
                    },
                    {
                      "k": "has_issues",
                      "v": true
                    },
                    {
                      "k": "has_pages",
                      "v": false
                    },
                    {
                      "k": "has_projects",
                      "v": true
                    },
                    {
                      "k": "has_pull_requests",
                      "v": true
                    },
                    {
                      "k": "has_wiki",
                      "v": true
                    },
                    {
                      "k": "homepage",
                      "v": null
                    },
                    {
                      "k": "hooks_url",
                      "v": "https://api.github.com/repos/vikranttiwari988-ops/my-repo/hooks"
                    },
                    {
                      "k": "html_url",
                      "v": "https://github.com/vikranttiwari988-ops/my-repo"
                    },
                    {
                      "k": "id",
                      "v": 1366412515.0
                    },
                    {
                      "k": "is_template",
                      "v": false
                    },
                    {
                      "k": "issue_comment_url",
                      "v": "https://api.github.com/repos/vikranttiwari988-ops/my-repo/issues/comments{/number}"
                    },
                    {
                      "k": "issue_events_url",
                      "v": "https://api.github.com/repos/vikranttiwari988-ops/my-repo/issues/events{/number}"
                    },
                    {
                      "k": "issues_url",
                      "v": "https://api.github.com/repos/vikranttiwari988-ops/my-repo/issues{/number}"
                    },
                    {
                      "k": "keys_url",
                      "v": "https://api.github.com/repos/vikranttiwari988-ops/my-repo/keys{/key_id}"
                    },
                    {
                      "k": "labels_url",
                      "v": "https://api.github.com/repos/vikranttiwari988-ops/my-repo/labels{/name}"
                    },
                    {
                      "k": "language",
                      "v": "Shell"
                    },
                    {
                      "k": "languages_url",
                      "v": "https://api.github.com/repos/vikranttiwari988-ops/my-repo/languages"
                    },
                    {
                      "k": "license",
                      "v": null
                    },
                    {
                      "k": "master_branch",
                      "v": "main"
                    },
                    {
                      "k": "merges_url",
                      "v": "https://api.github.com/repos/vikranttiwari988-ops/my-repo/merges"
                    },
                    {
                      "k": "milestones_url",
                      "v": "https://api.github.com/repos/vikranttiwari988-ops/my-repo/milestones{/number}"
                    },
                    {
                      "k": "mirror_url",
                      "v": null
                    },
                    {
                      "k": "name",
                      "v": "my-repo"
                    },
                    {
                      "k": "node_id",
                      "v": "R_kgDOUXHM4w"
                    },
                    {
                      "k": "notifications_url",
                      "v": "https://api.github.com/repos/vikranttiwari988-ops/my-repo/notifications{?since,all,participating}"
                    },
                    {
                      "k": "open_issues",
                      "v": 0.0
                    },
                    {
                      "k": "open_issues_count",
                      "v": 0.0
                    },
                    {
                      "k": "owner",
                      "v": {
                        "t": 2,
                        "d": [
                          {
                            "k": "avatar_url",
                            "v": "https://avatars.githubusercontent.com/u/328057542?v=4"
                          },
                          {
                            "k": "email",
                            "v": "vikranttiwari988@gmail.com"
                          },
                          {
                            "k": "events_url",
                            "v": "https://api.github.com/users/vikranttiwari988-ops/events{/privacy}"
                          },
                          {
                            "k": "followers_url",
                            "v": "https://api.github.com/users/vikranttiwari988-ops/followers"
                          },
                          {
                            "k": "following_url",
                            "v": "https://api.github.com/users/vikranttiwari988-ops/following{/other_user}"
                          },
                          {
                            "k": "gists_url",
                            "v": "https://api.github.com/users/vikranttiwari988-ops/gists{/gist_id}"
                          },
                          {
                            "k": "gravatar_id",
                            "v": ""
                          },
                          {
                            "k": "html_url",
                            "v": "https://github.com/vikranttiwari988-ops"
                          },
                          {
                            "k": "id",
                            "v": 328057542.0
                          },
                          {
                            "k": "login",
                            "v": "vikranttiwari988-ops"
                          },
                          {
                            "k": "name",
                            "v": "vikranttiwari988-ops"
                          },
                          {
                            "k": "node_id",
                            "v": "U_kgDOE43Cxg"
                          },
                          {
                            "k": "organizations_url",
                            "v": "https://api.github.com/users/vikranttiwari988-ops/orgs"
                          },
                          {
                            "k": "received_events_url",
                            "v": "https://api.github.com/users/vikranttiwari988-ops/received_events"
                          },
                          {
                            "k": "repos_url",
                            "v": "https://api.github.com/users/vikranttiwari988-ops/repos"
                          },
                          {
                            "k": "site_admin",
                            "v": false
                          },
                          {
                            "k": "starred_url",
                            "v": "https://api.github.com/users/vikranttiwari988-ops/starred{/owner}{/repo}"
                          },
                          {
                            "k": "subscriptions_url",
                            "v": "https://api.github.com/users/vikranttiwari988-ops/subscriptions"
                          },
                          {
                            "k": "type",
                            "v": "User"
                          },
                          {
                            "k": "url",
                            "v": "https://api.github.com/users/vikranttiwari988-ops"
                          },
                          {
                            "k": "user_view_type",
                            "v": "public"
                          }
                        ]
                      }
                    },
                    {
                      "k": "private",
                      "v": false
                    },
                    {
                      "k": "pull_request_creation_policy",
                      "v": "all"
                    },
                    {
                      "k": "pulls_url",
                      "v": "https://api.github.com/repos/vikranttiwari988-ops/my-repo/pulls{/number}"
                    },
                    {
                      "k": "pushed_at",
                      "v": 1790528795.0
                    },
                    {
                      "k": "releases_url",
                      "v": "https://api.github.com/repos/vikranttiwari988-ops/my-repo/releases{/id}"
                    },
                    {
                      "k": "size",
                      "v": 0.0
                    },
                    {
                      "k": "ssh_url",
                      "v": "git@github.com:vikranttiwari988-ops/my-repo.git"
                    },
                    {
                      "k": "stargazers",
                      "v": 0.0
                    },
                    {
                      "k": "stargazers_count",
                      "v": 0.0
                    },
                    {
                      "k": "stargazers_url",
                      "v": "https://api.github.com/repos/vikranttiwari988-ops/my-repo/stargazers"
                    },
                    {
                      "k": "statuses_url",
                      "v": "https://api.github.com/repos/vikranttiwari988-ops/my-repo/statuses/{sha}"
                    },
                    {
                      "k": "subscribers_url",
                      "v": "https://api.github.com/repos/vikranttiwari988-ops/my-repo/subscribers"
                    },
                    {
                      "k": "subscription_url",
                      "v": "https://api.github.com/repos/vikranttiwari988-ops/my-repo/subscription"
                    },
                    {
                      "k": "svn_url",
                      "v": "https://github.com/vikranttiwari988-ops/my-repo"
                    },
                    {
                      "k": "tags_url",
                      "v": "https://api.github.com/repos/vikranttiwari988-ops/my-repo/tags"
                    },
                    {
                      "k": "teams_url",
                      "v": "https://api.github.com/repos/vikranttiwari988-ops/my-repo/teams"
                    },
                    {
                      "k": "topics",
                      "v": {
                        "t": 1
                      }
                    },
                    {
                      "k": "trees_url",
                      "v": "https://api.github.com/repos/vikranttiwari988-ops/my-repo/git/trees{/sha}"
                    },
                    {
                      "k": "updated_at",
                      "v": "2026-09-27T17:03:00Z"
                    },
                    {
                      "k": "url",
                      "v": "https://api.github.com/repos/vikranttiwari988-ops/my-repo"
                    },
                    {
                      "k": "visibility",
                      "v": "public"
                    },
                    {
                      "k": "watchers",
                      "v": 0.0
                    },
                    {
                      "k": "watchers_count",
                      "v": 0.0
                    },
                    {
                      "k": "web_commit_signoff_required",
                      "v": false
                    }
                  ]
                }
              },
              {
                "k": "sender",
                "v": {
                  "t": 2,
                  "d": [
                    {
                      "k": "avatar_url",
                      "v": "https://avatars.githubusercontent.com/u/328057542?v=4"
                    },
                    {
                      "k": "events_url",
                      "v": "https://api.github.com/users/vikranttiwari988-ops/events{/privacy}"
                    },
                    {
                      "k": "followers_url",
                      "v": "https://api.github.com/users/vikranttiwari988-ops/followers"
                    },
                    {
                      "k": "following_url",
                      "v": "https://api.github.com/users/vikranttiwari988-ops/following{/other_user}"
                    },
                    {
                      "k": "gists_url",
                      "v": "https://api.github.com/users/vikranttiwari988-ops/gists{/gist_id}"
                    },
                    {
                      "k": "gravatar_id",
                      "v": ""
                    },
                    {
                      "k": "html_url",
                      "v": "https://github.com/vikranttiwari988-ops"
                    },
                    {
                      "k": "id",
                      "v": 328057542.0
                    },
                    {
                      "k": "login",
                      "v": "vikranttiwari988-ops"
                    },
                    {
                      "k": "node_id",
                      "v": "U_kgDOE43Cxg"
                    },
                    {
                      "k": "organizations_url",
                      "v": "https://api.github.com/users/vikranttiwari988-ops/orgs"
                    },
                    {
                      "k": "received_events_url",
                      "v": "https://api.github.com/users/vikranttiwari988-ops/received_events"
                    },
                    {
                      "k": "repos_url",
                      "v": "https://api.github.com/users/vikranttiwari988-ops/repos"
                    },
                    {
                      "k": "site_admin",
                      "v": false
                    },
                    {
                      "k": "starred_url",
                      "v": "https://api.github.com/users/vikranttiwari988-ops/starred{/owner}{/repo}"
                    },
                    {
                      "k": "subscriptions_url",
                      "v": "https://api.github.com/users/vikranttiwari988-ops/subscriptions"
                    },
                    {
                      "k": "type",
                      "v": "User"
                    },
                    {
                      "k": "url",
                      "v": "https://api.github.com/users/vikranttiwari988-ops"
                    },
                    {
                      "k": "user_view_type",
                      "v": "public"
                    }
                  ]
                }
              }
            ]
          }
        },
        {
          "k": "workflow_ref",
          "v": "vikranttiwari988-ops/my-repo/.github/workflows/pipeline.yaml@refs/heads/main"
        },
        {
          "k": "workflow_sha",
          "v": "36ff74317f249481f3952a8c93eb87c538ca257d"
        },
        {
          "k": "repository_id",
          "v": "1366412515"
        },
        {
          "k": "triggering_actor",
          "v": "vikranttiwari988-ops"
        }
      ]
    },
    "inputs": {
      "t": 2
    },
    "job": {
      "t": 2,
      "d": [
        {
          "k": "check_run_id",
          "v": 108667337127.0
        },
        {
          "k": "workflow_ref",
          "v": "vikranttiwari988-ops/my-repo/.github/workflows/pipeline.yaml@refs/heads/main"
        },
        {
          "k": "workflow_sha",
          "v": "36ff74317f249481f3952a8c93eb87c538ca257d"
        },
        {
          "k": "workflow_repository",
          "v": "vikranttiwari988-ops/my-repo"
        },
        {
          "k": "workflow_file_path",
          "v": ".github/workflows/pipeline.yaml"
        }
      ]
    },
    "matrix": null,
    "needs": {
      "t": 2
    },
    "strategy": {
      "t": 2,
      "d": [
        {
          "k": "fail-fast",
          "v": true
        },
        {
          "k": "job-index",
          "v": 0.0
        },
        {
          "k": "job-total",
          "v": 1.0
        },
        {
          "k": "max-parallel",
          "v": 1.0
        }
      ]
    },
    "vars": {
      "t": 2
    }
  },
  "billingOwnerId": "U_kgDOE43Cxg"
}
[2026-09-27 17:14:20Z INFO JobRunner] Job ID d93a9662-306a-5e8e-a501-cac4a4d374b8
[2026-09-27 17:14:20Z INFO ConfigurationStore] currentAssemblyLocation: D:\cicd\actions-runner\bin\Runner.Worker.dll
[2026-09-27 17:14:20Z INFO HostContext] Well known directory 'Bin': 'D:\cicd\actions-runner\bin'
[2026-09-27 17:14:20Z INFO ConfigurationStore] binPath: D:\cicd\actions-runner\bin
[2026-09-27 17:14:20Z INFO HostContext] Well known directory 'Bin': 'D:\cicd\actions-runner\bin'
[2026-09-27 17:14:20Z INFO HostContext] Well known directory 'Root': 'D:\cicd\actions-runner'
[2026-09-27 17:14:20Z INFO ConfigurationStore] RootFolder: D:\cicd\actions-runner
[2026-09-27 17:14:20Z INFO HostContext] Well known directory 'Bin': 'D:\cicd\actions-runner\bin'
[2026-09-27 17:14:20Z INFO HostContext] Well known directory 'Root': 'D:\cicd\actions-runner'
[2026-09-27 17:14:20Z INFO HostContext] Well known config file 'Runner': 'D:\cicd\actions-runner\.runner'
[2026-09-27 17:14:20Z INFO ConfigurationStore] ConfigFilePath: D:\cicd\actions-runner\.runner
[2026-09-27 17:14:20Z INFO HostContext] Well known directory 'Bin': 'D:\cicd\actions-runner\bin'
[2026-09-27 17:14:20Z INFO HostContext] Well known directory 'Root': 'D:\cicd\actions-runner'
[2026-09-27 17:14:20Z INFO HostContext] Well known config file 'MigratedRunner': 'D:\cicd\actions-runner\.runner_migrated'
[2026-09-27 17:14:20Z INFO ConfigurationStore] MigratedConfigFilePath: D:\cicd\actions-runner\.runner_migrated
[2026-09-27 17:14:20Z INFO HostContext] Well known directory 'Bin': 'D:\cicd\actions-runner\bin'
[2026-09-27 17:14:20Z INFO HostContext] Well known directory 'Root': 'D:\cicd\actions-runner'
[2026-09-27 17:14:20Z INFO HostContext] Well known config file 'Credentials': 'D:\cicd\actions-runner\.credentials'
[2026-09-27 17:14:20Z INFO ConfigurationStore] CredFilePath: D:\cicd\actions-runner\.credentials
[2026-09-27 17:14:20Z INFO HostContext] Well known directory 'Bin': 'D:\cicd\actions-runner\bin'
[2026-09-27 17:14:20Z INFO HostContext] Well known directory 'Root': 'D:\cicd\actions-runner'
[2026-09-27 17:14:20Z INFO HostContext] Well known config file 'MigratedCredentials': 'D:\cicd\actions-runner\.credentials_migrated'
[2026-09-27 17:14:20Z INFO ConfigurationStore] MigratedCredFilePath: D:\cicd\actions-runner\.credentials_migrated
[2026-09-27 17:14:20Z INFO HostContext] Well known directory 'Bin': 'D:\cicd\actions-runner\bin'
[2026-09-27 17:14:20Z INFO HostContext] Well known directory 'Root': 'D:\cicd\actions-runner'
[2026-09-27 17:14:20Z INFO HostContext] Well known config file 'Service': 'D:\cicd\actions-runner\.service'
[2026-09-27 17:14:20Z INFO ConfigurationStore] ServiceConfigFilePath: D:\cicd\actions-runner\.service
[2026-09-27 17:14:20Z INFO ConfigurationStore] Read setting file: 398 chars
[2026-09-27 17:14:20Z INFO JobRunner] Initializing launch client
[2026-09-27 17:14:20Z INFO JobServerQueue] Initializing results client
[2026-09-27 17:14:20Z INFO ResultServer] Creating websocket client ...wss://results-receiver.actions.githubusercontent.com/_ws/ingest.sock
[2026-09-27 17:14:20Z INFO ResultServer] Attempting to start websocket client with delay 00:00:00.
[2026-09-27 17:14:20Z INFO JobServerQueue] Start process web console line queue.
[2026-09-27 17:14:20Z INFO JobServerQueue] Start process file upload queue.
[2026-09-27 17:14:20Z INFO JobServerQueue] Start results file upload queue.
[2026-09-27 17:14:20Z INFO JobServerQueue] Starting results-based upload queue...
[2026-09-27 17:14:20Z INFO JobServerQueue] Start process timeline update queue.
[2026-09-27 17:14:20Z INFO ExecutionContext] Initializing Job context
[2026-09-27 17:14:20Z INFO ExecutionContext] Initialize GitHub context
[2026-09-27 17:14:20Z INFO ExecutionContext] Initialize Env context
[2026-09-27 17:14:20Z INFO HostContext] Well known directory 'Bin': 'D:\cicd\actions-runner\bin'
[2026-09-27 17:14:20Z INFO HostContext] Well known directory 'Root': 'D:\cicd\actions-runner'
[2026-09-27 17:14:20Z INFO HostContext] Well known directory 'Diag': 'D:\cicd\actions-runner\_diag'
[2026-09-27 17:14:20Z INFO HostContext] Well known directory 'Bin': 'D:\cicd\actions-runner\bin'
[2026-09-27 17:14:20Z INFO HostContext] Well known directory 'Root': 'D:\cicd\actions-runner'
[2026-09-27 17:14:20Z INFO HostContext] Well known directory 'Diag': 'D:\cicd\actions-runner\_diag'
[2026-09-27 17:14:20Z INFO JobRunner] Starting the job execution context.
[2026-09-27 17:14:20Z INFO HostContext] Well known directory 'Bin': 'D:\cicd\actions-runner\bin'
[2026-09-27 17:14:20Z INFO HostContext] Well known directory 'Root': 'D:\cicd\actions-runner'
[2026-09-27 17:14:20Z INFO HostContext] Well known directory 'Work': 'D:\cicd\actions-runner\_work'
[2026-09-27 17:14:20Z INFO JobRunner] Validating directory permissions for: 'D:\cicd\actions-runner\_work'
[2026-09-27 17:14:20Z INFO HostContext] Well known directory 'Bin': 'D:\cicd\actions-runner\bin'
[2026-09-27 17:14:20Z INFO HostContext] Well known directory 'Root': 'D:\cicd\actions-runner'
[2026-09-27 17:14:20Z INFO HostContext] Well known directory 'Work': 'D:\cicd\actions-runner\_work'
[2026-09-27 17:14:20Z INFO HostContext] Well known directory 'Tools': 'D:\cicd\actions-runner\_work\_tool'
[2026-09-27 17:14:20Z INFO HostContext] Well known directory 'Bin': 'D:\cicd\actions-runner\bin'
[2026-09-27 17:14:20Z INFO HostContext] Well known directory 'Root': 'D:\cicd\actions-runner'
[2026-09-27 17:14:20Z INFO HostContext] Well known directory 'Work': 'D:\cicd\actions-runner\_work'
[2026-09-27 17:14:20Z INFO HostContext] Well known directory 'Temp': 'D:\cicd\actions-runner\_work\_temp'
[2026-09-27 17:14:20Z INFO JobRunner] Getting job extension.
[2026-09-27 17:14:20Z INFO JobRunner] Initialize job. Getting all job steps.
[2026-09-27 17:14:20Z INFO HostContext] Well known directory 'Bin': 'D:\cicd\actions-runner\bin'
[2026-09-27 17:14:20Z INFO HostContext] Well known directory 'Root': 'D:\cicd\actions-runner'
[2026-09-27 17:14:20Z INFO HostContext] Well known directory 'Diag': 'D:\cicd\actions-runner\_diag'
[2026-09-27 17:14:20Z INFO HostContext] Well known directory 'Bin': 'D:\cicd\actions-runner\bin'
[2026-09-27 17:14:20Z INFO HostContext] Well known directory 'Root': 'D:\cicd\actions-runner'
[2026-09-27 17:14:20Z INFO HostContext] Well known directory 'Diag': 'D:\cicd\actions-runner\_diag'
[2026-09-27 17:14:20Z INFO HostContext] Well known directory 'Bin': 'D:\cicd\actions-runner\bin'
[2026-09-27 17:14:20Z INFO HostContext] Well known directory 'Root': 'D:\cicd\actions-runner'
[2026-09-27 17:14:20Z INFO HostContext] Well known config file 'Credentials': 'D:\cicd\actions-runner\.credentials'
[2026-09-27 17:14:20Z INFO HostContext] Well known directory 'Bin': 'D:\cicd\actions-runner\bin'
[2026-09-27 17:14:20Z INFO HostContext] Well known directory 'Root': 'D:\cicd\actions-runner'
[2026-09-27 17:14:20Z INFO HostContext] Well known config file 'SetupInfo': 'D:\cicd\actions-runner\.setup_info'
[2026-09-27 17:14:20Z INFO HostContext] Well known directory 'Bin': 'D:\cicd\actions-runner\bin'
[2026-09-27 17:14:20Z INFO HostContext] Well known directory 'Root': 'D:\cicd\actions-runner'
[2026-09-27 17:14:20Z INFO HostContext] Well known directory 'Work': 'D:\cicd\actions-runner\_work'
[2026-09-27 17:14:20Z INFO PipelineDirectoryManager] Loading tracking config if exists: D:\cicd\actions-runner\_work\_PipelineMapping\vikranttiwari988-ops/my-repo\PipelineFolder.json
[2026-09-27 17:14:20Z INFO PipelineDirectoryManager] Updating job run properties.
[2026-09-27 17:14:20Z INFO HostContext] Well known directory 'Bin': 'D:\cicd\actions-runner\bin'
[2026-09-27 17:14:20Z INFO HostContext] Well known directory 'Root': 'D:\cicd\actions-runner'
[2026-09-27 17:14:20Z INFO HostContext] Well known directory 'Work': 'D:\cicd\actions-runner\_work'
[2026-09-27 17:14:20Z INFO HostContext] Well known directory 'Bin': 'D:\cicd\actions-runner\bin'
[2026-09-27 17:14:20Z INFO HostContext] Well known directory 'Root': 'D:\cicd\actions-runner'
[2026-09-27 17:14:20Z INFO HostContext] Well known directory 'Work': 'D:\cicd\actions-runner\_work'
[2026-09-27 17:14:20Z INFO HostContext] Well known directory 'Bin': 'D:\cicd\actions-runner\bin'
[2026-09-27 17:14:20Z INFO HostContext] Well known directory 'Root': 'D:\cicd\actions-runner'
[2026-09-27 17:14:20Z INFO HostContext] Well known directory 'Work': 'D:\cicd\actions-runner\_work'
[2026-09-27 17:14:20Z INFO JobExtension] Downloading actions
[2026-09-27 17:14:20Z INFO HostContext] Well known directory 'Bin': 'D:\cicd\actions-runner\bin'
[2026-09-27 17:14:20Z INFO HostContext] Well known directory 'Root': 'D:\cicd\actions-runner'
[2026-09-27 17:14:20Z INFO HostContext] Well known directory 'Work': 'D:\cicd\actions-runner\_work'
[2026-09-27 17:14:20Z INFO HostContext] Well known directory 'Actions': 'D:\cicd\actions-runner\_work\_actions'
[2026-09-27 17:14:20Z INFO Worker] Listening for cancel message from the channel.
[2026-09-27 17:14:20Z INFO Worker] Waiting for the job to complete or for a cancel message from the channel.
[2026-09-27 17:14:21Z INFO ResultServer] Successfully started websocket client.
[2026-09-27 17:14:21Z INFO JobServerQueue] Try to append 1 batches web console lines for record 'd93a9662-306a-5e8e-a501-cac4a4d374b8', success rate: 1/1.
[2026-09-27 17:14:21Z INFO JobServerQueue] Try to append 1 batches web console lines for record 'f4857559-2e63-4bbc-89f9-dfec57b5c001', success rate: 1/1.
[2026-09-27 17:14:21Z INFO HostContext] Well known directory 'Bin': 'D:\cicd\actions-runner\bin'
[2026-09-27 17:14:21Z INFO HostContext] Well known directory 'Root': 'D:\cicd\actions-runner'
[2026-09-27 17:14:21Z INFO HostContext] Well known directory 'Work': 'D:\cicd\actions-runner\_work'
[2026-09-27 17:14:21Z INFO HostContext] Well known directory 'Actions': 'D:\cicd\actions-runner\_work\_actions'
[2026-09-27 17:14:21Z INFO HostContext] Well known directory 'Bin': 'D:\cicd\actions-runner\bin'
[2026-09-27 17:14:21Z INFO HostContext] Well known directory 'Root': 'D:\cicd\actions-runner'
[2026-09-27 17:14:21Z INFO HostContext] Well known directory 'Work': 'D:\cicd\actions-runner\_work'
[2026-09-27 17:14:21Z INFO HostContext] Well known directory 'Actions': 'D:\cicd\actions-runner\_work\_actions'
[2026-09-27 17:14:21Z INFO ActionManager] Save archive 'https://codeload.github.com/actions/checkout/zip/11d5960a326750d5838078e36cf38b85af677262' into D:\cicd\actions-runner\_work\_actions\_temp_e4813f88-f924-4e9a-89a7-9fb05e761451\e29da88f-eb81-4bef-8c09-cba2e71f9b57.zip.
[2026-09-27 17:14:21Z INFO ActionManager] Using Basic token for action archive download.
[2026-09-27 17:14:21Z INFO JobServerQueue] Try to append 1 batches web console lines for record 'f4857559-2e63-4bbc-89f9-dfec57b5c001', success rate: 1/1.
[2026-09-27 17:14:21Z INFO JobServerQueue] Job timeline record has been updated for the first time.
[2026-09-27 17:14:22Z INFO ActionManager] Request URL: https://codeload.github.com/actions/checkout/zip/11d5960a326750d5838078e36cf38b85af677262 X-GitHub-Request-Id: E98A:0A64:56C917:366F0D5:6AB94EEE Http Status: OK
[2026-09-27 17:14:22Z INFO JobServerQueue] Try to append 1 batches web console lines for record 'f4857559-2e63-4bbc-89f9-dfec57b5c001', success rate: 1/1.
[2026-09-27 17:14:22Z INFO JobServerQueue] Try to append 1 batches web console lines for record 'f4857559-2e63-4bbc-89f9-dfec57b5c001', success rate: 1/1.
[2026-09-27 17:14:22Z INFO ActionManager] Finished getting action repository.
[2026-09-27 17:14:22Z INFO HostContext] Well known directory 'Bin': 'D:\cicd\actions-runner\bin'
[2026-09-27 17:14:22Z INFO HostContext] Well known directory 'Root': 'D:\cicd\actions-runner'
[2026-09-27 17:14:22Z INFO HostContext] Well known directory 'Work': 'D:\cicd\actions-runner\_work'
[2026-09-27 17:14:22Z INFO HostContext] Well known directory 'Actions': 'D:\cicd\actions-runner\_work\_actions'
[2026-09-27 17:14:22Z INFO ActionManifestManagerLegacy] Load schema file with definitions: [
  "null",
  "boolean",
  "number",
  "string",
  "sequence",
  "mapping",
  "any",
  "action-root",
  "inputs",
  "input",
  "outputs",
  "output-definition",
  "runs",
  "container-runs",
  "container-runs-args",
  "container-runs-env",
  "node-runs",
  "plugin-runs",
  "composite-runs",
  "composite-steps",
  "composite-step",
  "run-step",
  "uses-step",
  "container-runs-context",
  "output-value",
  "input-default-context",
  "non-empty-string",
  "string-steps-context",
  "boolean-steps-context",
  "step-env",
  "step-if",
  "step-with"
]
[2026-09-27 17:14:23Z INFO JobServerQueue] Try to append 1 batches web console lines for record 'f4857559-2e63-4bbc-89f9-dfec57b5c001', success rate: 1/1.
[2026-09-27 17:14:23Z INFO ActionManifestManager] Load schema file with definitions: [
  "null",
  "boolean",
  "number",
  "string",
  "sequence",
  "mapping",
  "any",
  "action-root",
  "inputs",
  "input",
  "outputs",
  "output-definition",
  "runs",
  "container-runs",
  "container-runs-args",
  "container-runs-env",
  "node-runs",
  "plugin-runs",
  "composite-runs",
  "composite-steps",
  "composite-step",
  "run-step",
  "uses-step",
  "container-runs-context",
  "output-value",
  "input-default-context",
  "non-empty-string",
  "string-steps-context",
  "boolean-steps-context",
  "step-env",
  "step-if",
  "step-with"
]
[2026-09-27 17:14:23Z INFO HostContext] Well known directory 'Bin': 'D:\cicd\actions-runner\bin'
[2026-09-27 17:14:23Z INFO HostContext] Well known directory 'Root': 'D:\cicd\actions-runner'
[2026-09-27 17:14:23Z INFO HostContext] Well known directory 'Work': 'D:\cicd\actions-runner\_work'
[2026-09-27 17:14:23Z INFO HostContext] Well known directory 'Actions': 'D:\cicd\actions-runner\_work\_actions'
[2026-09-27 17:14:23Z INFO ActionManifestManagerLegacy] Loaded action.yml file: {
  "name": "Checkout",
  "description": "Checkout a Git repository at a particular version",
  "inputs": {
    "type": 2,
    "map": [
      {
        "key": {
          "type": 0,
          "file": 2,
          "line": 4,
          "col": 3,
          "lit": "repository"
        },
        "value": {
          "type": 3,
          "file": 2,
          "line": 6,
          "col": 14,
          "expr": "github.repository"
        }
      },
      {
        "key": {
          "type": 0,
          "file": 2,
          "line": 7,
          "col": 3,
          "lit": "ref"
        },
        "value": ""
      },
      {
        "key": {
          "type": 0,
          "file": 2,
          "line": 12,
          "col": 3,
          "lit": "token"
        },
        "value": {
          "type": 3,
          "file": 2,
          "line": 24,
          "col": 14,
          "expr": "github.token"
        }
      },
      {
        "key": {
          "type": 0,
          "file": 2,
          "line": 25,
          "col": 3,
          "lit": "ssh-key"
        },
        "value": ""
      },
      {
        "key": {
          "type": 0,
          "file": 2,
          "line": 37,
          "col": 3,
          "lit": "ssh-known-hosts"
        },
        "value": ""
      },
      {
        "key": {
          "type": 0,
          "file": 2,
          "line": 42,
          "col": 3,
          "lit": "ssh-strict"
        },
        "value": {
          "type": 0,
          "file": 2,
          "line": 47,
          "col": 14,
          "lit": "true"
        }
      },
      {
        "key": {
          "type": 0,
          "file": 2,
          "line": 48,
          "col": 3,
          "lit": "ssh-user"
        },
        "value": {
          "type": 0,
          "file": 2,
          "line": 51,
          "col": 14,
          "lit": "git"
        }
      },
      {
        "key": {
          "type": 0,
          "file": 2,
          "line": 52,
          "col": 3,
          "lit": "persist-credentials"
        },
        "value": {
          "type": 0,
          "file": 2,
          "line": 54,
          "col": 14,
          "lit": "true"
        }
      },
      {
        "key": {
          "type": 0,
          "file": 2,
          "line": 55,
          "col": 3,
          "lit": "path"
        },
        "value": ""
      },
      {
        "key": {
          "type": 0,
          "file": 2,
          "line": 57,
          "col": 3,
          "lit": "clean"
        },
        "value": {
          "type": 0,
          "file": 2,
          "line": 59,
          "col": 14,
          "lit": "true"
        }
      },
      {
        "key": {
          "type": 0,
          "file": 2,
          "line": 60,
          "col": 3,
          "lit": "filter"
        },
        "value": {
          "type": 0,
          "file": 2,
          "line": 64,
          "col": 14,
          "lit": ""
        }
      },
      {
        "key": {
          "type": 0,
          "file": 2,
          "line": 65,
          "col": 3,
          "lit": "sparse-checkout"
        },
        "value": {
          "type": 0,
          "file": 2,
          "line": 69,
          "col": 14,
          "lit": ""
        }
      },
      {
        "key": {
          "type": 0,
          "file": 2,
          "line": 70,
          "col": 3,
          "lit": "sparse-checkout-cone-mode"
        },
        "value": {
          "type": 0,
          "file": 2,
          "line": 73,
          "col": 14,
          "lit": "true"
        }
      },
      {
        "key": {
          "type": 0,
          "file": 2,
          "line": 74,
          "col": 3,
          "lit": "fetch-depth"
        },
        "value": {
          "type": 0,
          "file": 2,
          "line": 76,
          "col": 14,
          "lit": "1"
        }
      },
      {
        "key": {
          "type": 0,
          "file": 2,
          "line": 77,
          "col": 3,
          "lit": "fetch-tags"
        },
        "value": {
          "type": 0,
          "file": 2,
          "line": 79,
          "col": 14,
          "lit": "false"
        }
      },
      {
        "key": {
          "type": 0,
          "file": 2,
          "line": 80,
          "col": 3,
          "lit": "show-progress"
        },
        "value": {
          "type": 0,
          "file": 2,
          "line": 82,
          "col": 14,
          "lit": "true"
        }
      },
      {
        "key": {
          "type": 0,
          "file": 2,
          "line": 83,
          "col": 3,
          "lit": "lfs"
        },
        "value": {
          "type": 0,
          "file": 2,
          "line": 85,
          "col": 14,
          "lit": "false"
        }
      },
      {
        "key": {
          "type": 0,
          "file": 2,
          "line": 86,
          "col": 3,
          "lit": "submodules"
        },
        "value": {
          "type": 0,
          "file": 2,
          "line": 94,
          "col": 14,
          "lit": "false"
        }
      },
      {
        "key": {
          "type": 0,
          "file": 2,
          "line": 95,
          "col": 3,
          "lit": "set-safe-directory"
        },
        "value": {
          "type": 0,
          "file": 2,
          "line": 97,
          "col": 14,
          "lit": "true"
        }
      },
      {
        "key": {
          "type": 0,
          "file": 2,
          "line": 98,
          "col": 3,
          "lit": "github-server-url"
        },
        "value": ""
      },
      {
        "key": {
          "type": 0,
          "file": 2,
          "line": 101,
          "col": 3,
          "lit": "allow-unsafe-pr-checkout"
        },
        "value": {
          "type": 0,
          "file": 2,
          "line": 109,
          "col": 14,
          "lit": "false"
        }
      }
    ]
  },
  "execution": {
    "executionType": "nodeJS",
    "hasPre": false,
    "hasPost": true,
    "script": "dist/index.js",
    "pre": null,
    "post": "dist/index.js",
    "nodeVersion": "node20",
    "cleanupCondition": "always()",
    "initCondition": "always()"
  },
  "deprecated": null
}
[2026-09-27 17:14:23Z INFO ActionManager] Action node.js file: dist/index.js, no more preparation.
[2026-09-27 17:14:23Z INFO HostContext] Well known directory 'Bin': 'D:\cicd\actions-runner\bin'
[2026-09-27 17:14:23Z INFO HostContext] Well known directory 'Root': 'D:\cicd\actions-runner'
[2026-09-27 17:14:23Z INFO HostContext] Well known directory 'Work': 'D:\cicd\actions-runner\_work'
[2026-09-27 17:14:23Z INFO HostContext] Well known directory 'Actions': 'D:\cicd\actions-runner\_work\_actions'
[2026-09-27 17:14:23Z INFO ActionManager] Load action that reference repository from 'D:\cicd\actions-runner\_work\_actions\actions\checkout\v4'
[2026-09-27 17:14:23Z INFO HostContext] Well known directory 'Bin': 'D:\cicd\actions-runner\bin'
[2026-09-27 17:14:23Z INFO HostContext] Well known directory 'Root': 'D:\cicd\actions-runner'
[2026-09-27 17:14:23Z INFO HostContext] Well known directory 'Work': 'D:\cicd\actions-runner\_work'
[2026-09-27 17:14:23Z INFO HostContext] Well known directory 'Actions': 'D:\cicd\actions-runner\_work\_actions'
[2026-09-27 17:14:23Z INFO ActionManifestManagerLegacy] Loaded action.yml file: {
  "name": "Checkout",
  "description": "Checkout a Git repository at a particular version",
  "inputs": {
    "type": 2,
    "map": [
      {
        "key": {
          "type": 0,
          "file": 2,
          "line": 4,
          "col": 3,
          "lit": "repository"
        },
        "value": {
          "type": 3,
          "file": 2,
          "line": 6,
          "col": 14,
          "expr": "github.repository"
        }
      },
      {
        "key": {
          "type": 0,
          "file": 2,
          "line": 7,
          "col": 3,
          "lit": "ref"
        },
        "value": ""
      },
      {
        "key": {
          "type": 0,
          "file": 2,
          "line": 12,
          "col": 3,
          "lit": "token"
        },
        "value": {
          "type": 3,
          "file": 2,
          "line": 24,
          "col": 14,
          "expr": "github.token"
        }
      },
      {
        "key": {
          "type": 0,
          "file": 2,
          "line": 25,
          "col": 3,
          "lit": "ssh-key"
        },
        "value": ""
      },
      {
        "key": {
          "type": 0,
          "file": 2,
          "line": 37,
          "col": 3,
          "lit": "ssh-known-hosts"
        },
        "value": ""
      },
      {
        "key": {
          "type": 0,
          "file": 2,
          "line": 42,
          "col": 3,
          "lit": "ssh-strict"
        },
        "value": {
          "type": 0,
          "file": 2,
          "line": 47,
          "col": 14,
          "lit": "true"
        }
      },
      {
        "key": {
          "type": 0,
          "file": 2,
          "line": 48,
          "col": 3,
          "lit": "ssh-user"
        },
        "value": {
          "type": 0,
          "file": 2,
          "line": 51,
          "col": 14,
          "lit": "git"
        }
      },
      {
        "key": {
          "type": 0,
          "file": 2,
          "line": 52,
          "col": 3,
          "lit": "persist-credentials"
        },
        "value": {
          "type": 0,
          "file": 2,
          "line": 54,
          "col": 14,
          "lit": "true"
        }
      },
      {
        "key": {
          "type": 0,
          "file": 2,
          "line": 55,
          "col": 3,
          "lit": "path"
        },
        "value": ""
      },
      {
        "key": {
          "type": 0,
          "file": 2,
          "line": 57,
          "col": 3,
          "lit": "clean"
        },
        "value": {
          "type": 0,
          "file": 2,
          "line": 59,
          "col": 14,
          "lit": "true"
        }
      },
      {
        "key": {
          "type": 0,
          "file": 2,
          "line": 60,
          "col": 3,
          "lit": "filter"
        },
        "value": {
          "type": 0,
          "file": 2,
          "line": 64,
          "col": 14,
          "lit": ""
        }
      },
      {
        "key": {
          "type": 0,
          "file": 2,
          "line": 65,
          "col": 3,
          "lit": "sparse-checkout"
        },
        "value": {
          "type": 0,
          "file": 2,
          "line": 69,
          "col": 14,
          "lit": ""
        }
      },
      {
        "key": {
          "type": 0,
          "file": 2,
          "line": 70,
          "col": 3,
          "lit": "sparse-checkout-cone-mode"
        },
        "value": {
          "type": 0,
          "file": 2,
          "line": 73,
          "col": 14,
          "lit": "true"
        }
      },
      {
        "key": {
          "type": 0,
          "file": 2,
          "line": 74,
          "col": 3,
          "lit": "fetch-depth"
        },
        "value": {
          "type": 0,
          "file": 2,
          "line": 76,
          "col": 14,
          "lit": "1"
        }
      },
      {
        "key": {
          "type": 0,
          "file": 2,
          "line": 77,
          "col": 3,
          "lit": "fetch-tags"
        },
        "value": {
          "type": 0,
          "file": 2,
          "line": 79,
          "col": 14,
          "lit": "false"
        }
      },
      {
        "key": {
          "type": 0,
          "file": 2,
          "line": 80,
          "col": 3,
          "lit": "show-progress"
        },
        "value": {
          "type": 0,
          "file": 2,
          "line": 82,
          "col": 14,
          "lit": "true"
        }
      },
      {
        "key": {
          "type": 0,
          "file": 2,
          "line": 83,
          "col": 3,
          "lit": "lfs"
        },
        "value": {
          "type": 0,
          "file": 2,
          "line": 85,
          "col": 14,
          "lit": "false"
        }
      },
      {
        "key": {
          "type": 0,
          "file": 2,
          "line": 86,
          "col": 3,
          "lit": "submodules"
        },
        "value": {
          "type": 0,
          "file": 2,
          "line": 94,
          "col": 14,
          "lit": "false"
        }
      },
      {
        "key": {
          "type": 0,
          "file": 2,
          "line": 95,
          "col": 3,
          "lit": "set-safe-directory"
        },
        "value": {
          "type": 0,
          "file": 2,
          "line": 97,
          "col": 14,
          "lit": "true"
        }
      },
      {
        "key": {
          "type": 0,
          "file": 2,
          "line": 98,
          "col": 3,
          "lit": "github-server-url"
        },
        "value": ""
      },
      {
        "key": {
          "type": 0,
          "file": 2,
          "line": 101,
          "col": 3,
          "lit": "allow-unsafe-pr-checkout"
        },
        "value": {
          "type": 0,
          "file": 2,
          "line": 109,
          "col": 14,
          "lit": "false"
        }
      }
    ]
  },
  "execution": {
    "executionType": "nodeJS",
    "hasPre": false,
    "hasPost": true,
    "script": "dist/index.js",
    "pre": null,
    "post": "dist/index.js",
    "nodeVersion": "node20",
    "cleanupCondition": "always()",
    "initCondition": "always()"
  },
  "deprecated": null
}
[2026-09-27 17:14:23Z INFO ActionManager] Action pre node.js file: N/A.
[2026-09-27 17:14:23Z INFO ActionManager] Action node.js file: dist/index.js.
[2026-09-27 17:14:23Z INFO ActionManager] Action post node.js file: dist/index.js.
[2026-09-27 17:14:23Z INFO JobExtension] Adding .
[2026-09-27 17:14:23Z INFO JobExtension] Adding .
[2026-09-27 17:14:23Z INFO JobExtension] Adding .
[2026-09-27 17:14:23Z INFO JobExtension] Adding .
[2026-09-27 17:14:23Z INFO HostContext] Well known directory 'Bin': 'D:\cicd\actions-runner\bin'
[2026-09-27 17:14:23Z INFO HostContext] Well known directory 'Root': 'D:\cicd\actions-runner'
[2026-09-27 17:14:23Z INFO HostContext] Well known directory 'Diag': 'D:\cicd\actions-runner\_diag'
[2026-09-27 17:14:23Z INFO HostContext] Well known directory 'Bin': 'D:\cicd\actions-runner\bin'
[2026-09-27 17:14:23Z INFO HostContext] Well known directory 'Root': 'D:\cicd\actions-runner'
[2026-09-27 17:14:23Z INFO HostContext] Well known directory 'Diag': 'D:\cicd\actions-runner\_diag'
[2026-09-27 17:14:23Z INFO HostContext] Well known directory 'Bin': 'D:\cicd\actions-runner\bin'
[2026-09-27 17:14:23Z INFO HostContext] Well known directory 'Root': 'D:\cicd\actions-runner'
[2026-09-27 17:14:23Z INFO HostContext] Well known directory 'Diag': 'D:\cicd\actions-runner\_diag'
[2026-09-27 17:14:23Z INFO HostContext] Well known directory 'Bin': 'D:\cicd\actions-runner\bin'
[2026-09-27 17:14:23Z INFO HostContext] Well known directory 'Root': 'D:\cicd\actions-runner'
[2026-09-27 17:14:23Z INFO HostContext] Well known directory 'Diag': 'D:\cicd\actions-runner\_diag'
[2026-09-27 17:14:23Z INFO HostContext] Well known directory 'Bin': 'D:\cicd\actions-runner\bin'
[2026-09-27 17:14:23Z INFO HostContext] Well known directory 'Root': 'D:\cicd\actions-runner'
[2026-09-27 17:14:23Z INFO HostContext] Well known directory 'Diag': 'D:\cicd\actions-runner\_diag'
[2026-09-27 17:14:23Z INFO HostContext] Well known directory 'Bin': 'D:\cicd\actions-runner\bin'
[2026-09-27 17:14:23Z INFO HostContext] Well known directory 'Root': 'D:\cicd\actions-runner'
[2026-09-27 17:14:23Z INFO HostContext] Well known directory 'Diag': 'D:\cicd\actions-runner\_diag'
[2026-09-27 17:14:23Z INFO HostContext] Well known directory 'Bin': 'D:\cicd\actions-runner\bin'
[2026-09-27 17:14:23Z INFO HostContext] Well known directory 'Root': 'D:\cicd\actions-runner'
[2026-09-27 17:14:23Z INFO HostContext] Well known directory 'Diag': 'D:\cicd\actions-runner\_diag'
[2026-09-27 17:14:23Z INFO HostContext] Well known directory 'Bin': 'D:\cicd\actions-runner\bin'
[2026-09-27 17:14:23Z INFO HostContext] Well known directory 'Root': 'D:\cicd\actions-runner'
[2026-09-27 17:14:23Z INFO HostContext] Well known directory 'Diag': 'D:\cicd\actions-runner\_diag'
[2026-09-27 17:14:23Z INFO JobExtension] Total accessible running process: 358.
[2026-09-27 17:14:23Z INFO JobServerQueue] Try to append 1 batches web console lines for record 'f4857559-2e63-4bbc-89f9-dfec57b5c001', success rate: 1/1.
[2026-09-27 17:14:23Z INFO HostContext] Well known directory 'Bin': 'D:\cicd\actions-runner\bin'
[2026-09-27 17:14:23Z INFO HostContext] Well known directory 'Root': 'D:\cicd\actions-runner'
[2026-09-27 17:14:23Z INFO HostContext] Well known directory 'Work': 'D:\cicd\actions-runner\_work'
[2026-09-27 17:14:23Z INFO JobExtension] Start checking server connectivity.
[2026-09-27 17:14:23Z INFO JobExtension] Check server connectivity for https://broker.actions.githubusercontent.com/health.
[2026-09-27 17:14:23Z INFO JobExtension] Check server connectivity for https://token.actions.githubusercontent.com/ready.
[2026-09-27 17:14:23Z INFO JobExtension] Check server connectivity for https://run.actions.githubusercontent.com/health.
[2026-09-27 17:14:23Z INFO JobExtension] Start checking service connectivity in background.
[2026-09-27 17:14:23Z INFO ExecutionContext] Publish step telemetry for current step {
  "action": "setup_job",
  "type": "runner",
  "stage": "Pre",
  "stepId": "f4857559-2e63-4bbc-89f9-dfec57b5c001",
  "result": "succeeded",
  "errorMessages": [],
  "executionTimeInSeconds": 3,
  "startTime": "2026-09-27T17:14:20.5272413Z",
  "finishTime": "2026-09-27T17:14:23.3536181Z"
}.
[2026-09-27 17:14:23Z INFO JobRunner] Total job steps: 4.
[2026-09-27 17:14:23Z INFO JobRunner] Run all job steps.
[2026-09-27 17:14:23Z INFO DapDebugger] DapDebugger initialized
[2026-09-27 17:14:23Z INFO StepsRunner] Processing step: DisplayName='Checkout Code'
[2026-09-27 17:14:23Z INFO StepsRunner] Evaluating: success()
[2026-09-27 17:14:23Z INFO StepsRunner] Result: true
[2026-09-27 17:14:23Z INFO StepsRunner] Starting the step.
[2026-09-27 17:14:23Z INFO HostContext] Well known directory 'Bin': 'D:\cicd\actions-runner\bin'
[2026-09-27 17:14:23Z INFO HostContext] Well known directory 'Root': 'D:\cicd\actions-runner'
[2026-09-27 17:14:23Z INFO HostContext] Well known directory 'Work': 'D:\cicd\actions-runner\_work'
[2026-09-27 17:14:23Z INFO StepsRunner] Which2: 'chcp'
[2026-09-27 17:14:23Z INFO StepsRunner] Location: 'C:\WINDOWS\system32\chcp.COM'
[2026-09-27 17:14:23Z INFO ProcessInvokerWrapper] Starting process:
[2026-09-27 17:14:23Z INFO ProcessInvokerWrapper]   File name: 'C:\WINDOWS\system32\chcp.COM'
[2026-09-27 17:14:23Z INFO ProcessInvokerWrapper]   Arguments: '65001'
[2026-09-27 17:14:23Z INFO ProcessInvokerWrapper]   Working directory: 'D:\cicd\actions-runner\_work'
[2026-09-27 17:14:23Z INFO ProcessInvokerWrapper]   Require exit code zero: 'False'
[2026-09-27 17:14:23Z INFO ProcessInvokerWrapper]   Encoding web name:  ; code page: ''
[2026-09-27 17:14:23Z INFO ProcessInvokerWrapper]   Force kill process on cancellation: 'False'
[2026-09-27 17:14:23Z INFO ProcessInvokerWrapper]   Redirected STDIN: 'False'
[2026-09-27 17:14:23Z INFO ProcessInvokerWrapper]   Persist current code page: 'True'
[2026-09-27 17:14:23Z INFO ProcessInvokerWrapper]   Keep redirected STDIN open: 'False'
[2026-09-27 17:14:23Z INFO ProcessInvokerWrapper]   High priority process: 'False'
[2026-09-27 17:14:23Z INFO ProcessInvokerWrapper] Process started with process id 5192, waiting for process exit.
[2026-09-27 17:14:23Z INFO ProcessInvokerWrapper] STDOUT/STDERR stream read finished.
[2026-09-27 17:14:23Z INFO ProcessInvokerWrapper] STDOUT/STDERR stream read finished.
[2026-09-27 17:14:23Z INFO ProcessInvokerWrapper] Finished process 5192 with exit code 0, and elapsed time 00:00:00.0358418.
[2026-09-27 17:14:23Z INFO JobServerQueue] Got a step log file to send to results service.
[2026-09-27 17:14:23Z INFO StepsRunner] Successfully returned to code page 65001 (UTF8)
[2026-09-27 17:14:23Z INFO JobServerQueue] Starting upload of step log file to results service ResultsLog, D:\cicd\actions-runner\_diag\blocks\6278e716-adbe-4bc3-8490-4ca6be58b13e_f4857559-2e63-4bbc-89f9-dfec57b5c001.1
[2026-09-27 17:14:23Z INFO JobServerQueue] Try to upload 1 log files or attachments, success rate: 1/1.
[2026-09-27 17:14:23Z INFO HostContext] Well known directory 'Bin': 'D:\cicd\actions-runner\bin'
[2026-09-27 17:14:23Z INFO HostContext] Well known directory 'Root': 'D:\cicd\actions-runner'
[2026-09-27 17:14:23Z INFO HostContext] Well known directory 'Work': 'D:\cicd\actions-runner\_work'
[2026-09-27 17:14:23Z INFO HostContext] Well known directory 'Actions': 'D:\cicd\actions-runner\_work\_actions'
[2026-09-27 17:14:23Z INFO ActionManager] Load action that reference repository from 'D:\cicd\actions-runner\_work\_actions\actions\checkout\v4'
[2026-09-27 17:14:23Z INFO HostContext] Well known directory 'Bin': 'D:\cicd\actions-runner\bin'
[2026-09-27 17:14:23Z INFO HostContext] Well known directory 'Root': 'D:\cicd\actions-runner'
[2026-09-27 17:14:23Z INFO HostContext] Well known directory 'Work': 'D:\cicd\actions-runner\_work'
[2026-09-27 17:14:23Z INFO HostContext] Well known directory 'Actions': 'D:\cicd\actions-runner\_work\_actions'
[2026-09-27 17:14:23Z INFO ActionManifestManagerLegacy] Loaded action.yml file: {
  "name": "Checkout",
  "description": "Checkout a Git repository at a particular version",
  "inputs": {
    "type": 2,
    "map": [
      {
        "key": {
          "type": 0,
          "file": 2,
          "line": 4,
          "col": 3,
          "lit": "repository"
        },
        "value": {
          "type": 3,
          "file": 2,
          "line": 6,
          "col": 14,
          "expr": "github.repository"
        }
      },
      {
        "key": {
          "type": 0,
          "file": 2,
          "line": 7,
          "col": 3,
          "lit": "ref"
        },
        "value": ""
      },
      {
        "key": {
          "type": 0,
          "file": 2,
          "line": 12,
          "col": 3,
          "lit": "token"
        },
        "value": {
          "type": 3,
          "file": 2,
          "line": 24,
          "col": 14,
          "expr": "github.token"
        }
      },
      {
        "key": {
          "type": 0,
          "file": 2,
          "line": 25,
          "col": 3,
          "lit": "ssh-key"
        },
        "value": ""
      },
      {
        "key": {
          "type": 0,
          "file": 2,
          "line": 37,
          "col": 3,
          "lit": "ssh-known-hosts"
        },
        "value": ""
      },
      {
        "key": {
          "type": 0,
          "file": 2,
          "line": 42,
          "col": 3,
          "lit": "ssh-strict"
        },
        "value": {
          "type": 0,
          "file": 2,
          "line": 47,
          "col": 14,
          "lit": "true"
        }
      },
      {
        "key": {
          "type": 0,
          "file": 2,
          "line": 48,
          "col": 3,
          "lit": "ssh-user"
        },
        "value": {
          "type": 0,
          "file": 2,
          "line": 51,
          "col": 14,
          "lit": "git"
        }
      },
      {
        "key": {
          "type": 0,
          "file": 2,
          "line": 52,
          "col": 3,
          "lit": "persist-credentials"
        },
        "value": {
          "type": 0,
          "file": 2,
          "line": 54,
          "col": 14,
          "lit": "true"
        }
      },
      {
        "key": {
          "type": 0,
          "file": 2,
          "line": 55,
          "col": 3,
          "lit": "path"
        },
        "value": ""
      },
      {
        "key": {
          "type": 0,
          "file": 2,
          "line": 57,
          "col": 3,
          "lit": "clean"
        },
        "value": {
          "type": 0,
          "file": 2,
          "line": 59,
          "col": 14,
          "lit": "true"
        }
      },
      {
        "key": {
          "type": 0,
          "file": 2,
          "line": 60,
          "col": 3,
          "lit": "filter"
        },
        "value": {
          "type": 0,
          "file": 2,
          "line": 64,
          "col": 14,
          "lit": ""
        }
      },
      {
        "key": {
          "type": 0,
          "file": 2,
          "line": 65,
          "col": 3,
          "lit": "sparse-checkout"
        },
        "value": {
          "type": 0,
          "file": 2,
          "line": 69,
          "col": 14,
          "lit": ""
        }
      },
      {
        "key": {
          "type": 0,
          "file": 2,
          "line": 70,
          "col": 3,
          "lit": "sparse-checkout-cone-mode"
        },
        "value": {
          "type": 0,
          "file": 2,
          "line": 73,
          "col": 14,
          "lit": "true"
        }
      },
      {
        "key": {
          "type": 0,
          "file": 2,
          "line": 74,
          "col": 3,
          "lit": "fetch-depth"
        },
        "value": {
          "type": 0,
          "file": 2,
          "line": 76,
          "col": 14,
          "lit": "1"
        }
      },
      {
        "key": {
          "type": 0,
          "file": 2,
          "line": 77,
          "col": 3,
          "lit": "fetch-tags"
        },
        "value": {
          "type": 0,
          "file": 2,
          "line": 79,
          "col": 14,
          "lit": "false"
        }
      },
      {
        "key": {
          "type": 0,
          "file": 2,
          "line": 80,
          "col": 3,
          "lit": "show-progress"
        },
        "value": {
          "type": 0,
          "file": 2,
          "line": 82,
          "col": 14,
          "lit": "true"
        }
      },
      {
        "key": {
          "type": 0,
          "file": 2,
          "line": 83,
          "col": 3,
          "lit": "lfs"
        },
        "value": {
          "type": 0,
          "file": 2,
          "line": 85,
          "col": 14,
          "lit": "false"
        }
      },
      {
        "key": {
          "type": 0,
          "file": 2,
          "line": 86,
          "col": 3,
          "lit": "submodules"
        },
        "value": {
          "type": 0,
          "file": 2,
          "line": 94,
          "col": 14,
          "lit": "false"
        }
      },
      {
        "key": {
          "type": 0,
          "file": 2,
          "line": 95,
          "col": 3,
          "lit": "set-safe-directory"
        },
        "value": {
          "type": 0,
          "file": 2,
          "line": 97,
          "col": 14,
          "lit": "true"
        }
      },
      {
        "key": {
          "type": 0,
          "file": 2,
          "line": 98,
          "col": 3,
          "lit": "github-server-url"
        },
        "value": ""
      },
      {
        "key": {
          "type": 0,
          "file": 2,
          "line": 101,
          "col": 3,
          "lit": "allow-unsafe-pr-checkout"
        },
        "value": {
          "type": 0,
          "file": 2,
          "line": 109,
          "col": 14,
          "lit": "false"
        }
      }
    ]
  },
  "execution": {
    "executionType": "nodeJS",
    "hasPre": false,
    "hasPost": true,
    "script": "dist/index.js",
    "pre": null,
    "post": "dist/index.js",
    "nodeVersion": "node20",
    "cleanupCondition": "always()",
    "initCondition": "always()"
  },
  "deprecated": null
}
[2026-09-27 17:14:23Z INFO ActionManager] Action pre node.js file: N/A.
[2026-09-27 17:14:23Z INFO ActionManager] Action node.js file: dist/index.js.
[2026-09-27 17:14:23Z INFO ActionManager] Action post node.js file: dist/index.js.
[2026-09-27 17:14:23Z INFO ExecutionContext] Reserve record order 6 to 10 for post job actions.
[2026-09-27 17:14:23Z INFO HostContext] Well known directory 'Bin': 'D:\cicd\actions-runner\bin'
[2026-09-27 17:14:23Z INFO HostContext] Well known directory 'Root': 'D:\cicd\actions-runner'
[2026-09-27 17:14:23Z INFO HostContext] Well known directory 'Diag': 'D:\cicd\actions-runner\_diag'
[2026-09-27 17:14:23Z INFO HostContext] Well known directory 'Bin': 'D:\cicd\actions-runner\bin'
[2026-09-27 17:14:23Z INFO HostContext] Well known directory 'Root': 'D:\cicd\actions-runner'
[2026-09-27 17:14:23Z INFO HostContext] Well known directory 'Diag': 'D:\cicd\actions-runner\_diag'
[2026-09-27 17:14:23Z INFO HostContext] Well known directory 'Bin': 'D:\cicd\actions-runner\bin'
[2026-09-27 17:14:23Z INFO HostContext] Well known directory 'Root': 'D:\cicd\actions-runner'
[2026-09-27 17:14:23Z INFO HostContext] Well known directory 'Work': 'D:\cicd\actions-runner\_work'
[2026-09-27 17:14:23Z INFO HostContext] Well known directory 'Temp': 'D:\cicd\actions-runner\_work\_temp'
[2026-09-27 17:14:23Z INFO ExecutionContext] Write event payload to D:\cicd\actions-runner\_work\_temp\_github_workflow\event.json
[2026-09-27 17:14:23Z INFO HostContext] Well known directory 'Bin': 'D:\cicd\actions-runner\bin'
[2026-09-27 17:14:23Z INFO HostContext] Well known directory 'Root': 'D:\cicd\actions-runner'
[2026-09-27 17:14:23Z INFO HostContext] Well known directory 'Work': 'D:\cicd\actions-runner\_work'
[2026-09-27 17:14:23Z INFO HostContext] Well known directory 'Temp': 'D:\cicd\actions-runner\_work\_temp'
[2026-09-27 17:14:23Z INFO ExtensionManager] Getting extensions for interface: 'GitHub.Runner.Worker.IFileCommandExtension'
[2026-09-27 17:14:23Z INFO ExtensionManager] Creating instance: GitHub.Runner.Worker.AddPathFileCommand, Runner.Worker
[2026-09-27 17:14:23Z INFO ExtensionManager] Creating instance: GitHub.Runner.Worker.SetEnvFileCommand, Runner.Worker
[2026-09-27 17:14:23Z INFO ExtensionManager] Creating instance: GitHub.Runner.Worker.CreateStepSummaryCommand, Runner.Worker
[2026-09-27 17:14:23Z INFO ExtensionManager] Creating instance: GitHub.Runner.Worker.SaveStateFileCommand, Runner.Worker
[2026-09-27 17:14:23Z INFO ExtensionManager] Creating instance: GitHub.Runner.Worker.SetOutputFileCommand, Runner.Worker
[2026-09-27 17:14:23Z INFO ExtensionManager] Creating instance: GitHub.Runner.Worker.CreateArtifactsFileCommand, Runner.Worker
[2026-09-27 17:14:23Z INFO ExtensionManager] Creating instance: GitHub.Runner.Worker.ArtifactsListFileCommand, Runner.Worker
[2026-09-27 17:14:23Z INFO ActionManifestManagerLegacy] Input 'repository': default value evaluate result: {
  "type": 0,
  "file": 2,
  "line": 6,
  "col": 14,
  "lit": "vikranttiwari988-ops/my-repo"
}
[2026-09-27 17:14:23Z INFO ActionManifestManagerLegacy] Input 'ref': default value evaluate result: ""
[2026-09-27 17:14:23Z INFO ActionManifestManagerLegacy] Input 'token': default value evaluate result: {
  "type": 0,
  "file": 2,
  "line": 24,
  "col": 14,
  "lit": "***"
}
[2026-09-27 17:14:23Z INFO ActionManifestManagerLegacy] Input 'ssh-key': default value evaluate result: ""
[2026-09-27 17:14:23Z INFO ActionManifestManagerLegacy] Input 'ssh-known-hosts': default value evaluate result: ""
[2026-09-27 17:14:23Z INFO ActionManifestManagerLegacy] Input 'ssh-strict': default value evaluate result: {
  "type": 0,
  "file": 2,
  "line": 47,
  "col": 14,
  "lit": "true"
}
[2026-09-27 17:14:23Z INFO ActionManifestManagerLegacy] Input 'ssh-user': default value evaluate result: {
  "type": 0,
  "file": 2,
  "line": 51,
  "col": 14,
  "lit": "git"
}
[2026-09-27 17:14:23Z INFO ActionManifestManagerLegacy] Input 'persist-credentials': default value evaluate result: {
  "type": 0,
  "file": 2,
  "line": 54,
  "col": 14,
  "lit": "true"
}
[2026-09-27 17:14:23Z INFO ActionManifestManagerLegacy] Input 'path': default value evaluate result: ""
[2026-09-27 17:14:23Z INFO ActionManifestManagerLegacy] Input 'clean': default value evaluate result: {
  "type": 0,
  "file": 2,
  "line": 59,
  "col": 14,
  "lit": "true"
}
[2026-09-27 17:14:23Z INFO ActionManifestManagerLegacy] Input 'filter': default value evaluate result: {
  "type": 0,
  "file": 2,
  "line": 64,
  "col": 14,
  "lit": ""
}
[2026-09-27 17:14:23Z INFO ActionManifestManagerLegacy] Input 'sparse-checkout': default value evaluate result: {
  "type": 0,
  "file": 2,
  "line": 69,
  "col": 14,
  "lit": ""
}
[2026-09-27 17:14:23Z INFO ActionManifestManagerLegacy] Input 'sparse-checkout-cone-mode': default value evaluate result: {
  "type": 0,
  "file": 2,
  "line": 73,
  "col": 14,
  "lit": "true"
}
[2026-09-27 17:14:23Z INFO ActionManifestManagerLegacy] Input 'fetch-depth': default value evaluate result: {
  "type": 0,
  "file": 2,
  "line": 76,
  "col": 14,
  "lit": "1"
}
[2026-09-27 17:14:23Z INFO ActionManifestManagerLegacy] Input 'fetch-tags': default value evaluate result: {
  "type": 0,
  "file": 2,
  "line": 79,
  "col": 14,
  "lit": "false"
}
[2026-09-27 17:14:23Z INFO ActionManifestManagerLegacy] Input 'show-progress': default value evaluate result: {
  "type": 0,
  "file": 2,
  "line": 82,
  "col": 14,
  "lit": "true"
}
[2026-09-27 17:14:23Z INFO ActionManifestManagerLegacy] Input 'lfs': default value evaluate result: {
  "type": 0,
  "file": 2,
  "line": 85,
  "col": 14,
  "lit": "false"
}
[2026-09-27 17:14:23Z INFO ActionManifestManagerLegacy] Input 'submodules': default value evaluate result: {
  "type": 0,
  "file": 2,
  "line": 94,
  "col": 14,
  "lit": "false"
}
[2026-09-27 17:14:23Z INFO ActionManifestManagerLegacy] Input 'set-safe-directory': default value evaluate result: {
  "type": 0,
  "file": 2,
  "line": 97,
  "col": 14,
  "lit": "true"
}
[2026-09-27 17:14:23Z INFO ActionManifestManagerLegacy] Input 'github-server-url': default value evaluate result: ""
[2026-09-27 17:14:23Z INFO ActionManifestManagerLegacy] Input 'allow-unsafe-pr-checkout': default value evaluate result: {
  "type": 0,
  "file": 2,
  "line": 109,
  "col": 14,
  "lit": "false"
}
[2026-09-27 17:14:23Z INFO ExtensionManager] Getting extensions for interface: 'GitHub.Runner.Worker.IActionCommandExtension'
[2026-09-27 17:14:23Z INFO ExtensionManager] Creating instance: GitHub.Runner.Worker.InternalPluginSetRepoPathCommandExtension, Runner.Worker
[2026-09-27 17:14:23Z INFO ExtensionManager] Creating instance: GitHub.Runner.Worker.SetEnvCommandExtension, Runner.Worker
[2026-09-27 17:14:23Z INFO ExtensionManager] Creating instance: GitHub.Runner.Worker.SetOutputCommandExtension, Runner.Worker
[2026-09-27 17:14:23Z INFO ExtensionManager] Creating instance: GitHub.Runner.Worker.SaveStateCommandExtension, Runner.Worker
[2026-09-27 17:14:23Z INFO ExtensionManager] Creating instance: GitHub.Runner.Worker.AddPathCommandExtension, Runner.Worker
[2026-09-27 17:14:23Z INFO ExtensionManager] Creating instance: GitHub.Runner.Worker.AddMaskCommandExtension, Runner.Worker
[2026-09-27 17:14:23Z INFO ExtensionManager] Creating instance: GitHub.Runner.Worker.AddMatcherCommandExtension, Runner.Worker
[2026-09-27 17:14:23Z INFO ExtensionManager] Creating instance: GitHub.Runner.Worker.RemoveMatcherCommandExtension, Runner.Worker
[2026-09-27 17:14:23Z INFO ExtensionManager] Creating instance: GitHub.Runner.Worker.WarningCommandExtension, Runner.Worker
[2026-09-27 17:14:23Z INFO ExtensionManager] Creating instance: GitHub.Runner.Worker.ErrorCommandExtension, Runner.Worker
[2026-09-27 17:14:23Z INFO ExtensionManager] Creating instance: GitHub.Runner.Worker.NoticeCommandExtension, Runner.Worker
[2026-09-27 17:14:23Z INFO ExtensionManager] Creating instance: GitHub.Runner.Worker.DebugCommandExtension, Runner.Worker
[2026-09-27 17:14:23Z INFO ExtensionManager] Creating instance: GitHub.Runner.Worker.GroupCommandExtension, Runner.Worker
[2026-09-27 17:14:23Z INFO ExtensionManager] Creating instance: GitHub.Runner.Worker.EndGroupCommandExtension, Runner.Worker
[2026-09-27 17:14:23Z INFO ExtensionManager] Creating instance: GitHub.Runner.Worker.EchoCommandExtension, Runner.Worker
[2026-09-27 17:14:23Z INFO ActionCommandManager] Register action command extension for command internal-set-repo-path
[2026-09-27 17:14:23Z INFO ActionCommandManager] Register action command extension for command set-env
[2026-09-27 17:14:23Z INFO ActionCommandManager] Register action command extension for command set-output
[2026-09-27 17:14:23Z INFO ActionCommandManager] Register action command extension for command save-state
[2026-09-27 17:14:23Z INFO ActionCommandManager] Register action command extension for command add-path
[2026-09-27 17:14:23Z INFO ActionCommandManager] Register action command extension for command add-mask
[2026-09-27 17:14:23Z INFO ActionCommandManager] Register action command extension for command add-matcher
[2026-09-27 17:14:23Z INFO ActionCommandManager] Register action command extension for command remove-matcher
[2026-09-27 17:14:23Z INFO ActionCommandManager] Register action command extension for command warning
[2026-09-27 17:14:23Z INFO ActionCommandManager] Register action command extension for command error
[2026-09-27 17:14:23Z INFO ActionCommandManager] Register action command extension for command notice
[2026-09-27 17:14:23Z INFO ActionCommandManager] Register action command extension for command debug
[2026-09-27 17:14:23Z INFO ActionCommandManager] Register action command extension for command group
[2026-09-27 17:14:23Z INFO ActionCommandManager] Register action command extension for command endgroup
[2026-09-27 17:14:23Z INFO ActionCommandManager] Register action command extension for command echo
[2026-09-27 17:14:23Z INFO HostContext] Well known directory 'Bin': 'D:\cicd\actions-runner\bin'
[2026-09-27 17:14:23Z INFO HostContext] Well known directory 'Root': 'D:\cicd\actions-runner'
[2026-09-27 17:14:23Z INFO HostContext] Well known directory 'Externals': 'D:\cicd\actions-runner\externals'
[2026-09-27 17:14:23Z INFO ProcessInvokerWrapper] Starting process:
[2026-09-27 17:14:23Z INFO ProcessInvokerWrapper]   File name: 'D:\cicd\actions-runner\externals\node24\bin\node.exe'
[2026-09-27 17:14:23Z INFO ProcessInvokerWrapper]   Arguments: '"D:\cicd\actions-runner\_work\_actions\actions\checkout\v4\dist/index.js"'
[2026-09-27 17:14:23Z INFO ProcessInvokerWrapper]   Working directory: 'D:\cicd\actions-runner\_work\my-repo\my-repo'
[2026-09-27 17:14:23Z INFO ProcessInvokerWrapper]   Require exit code zero: 'False'
[2026-09-27 17:14:23Z INFO ProcessInvokerWrapper]   Encoding web name: utf-8 ; code page: '65001'
[2026-09-27 17:14:23Z INFO ProcessInvokerWrapper]   Force kill process on cancellation: 'False'
[2026-09-27 17:14:23Z INFO ProcessInvokerWrapper]   Redirected STDIN: 'False'
[2026-09-27 17:14:23Z INFO ProcessInvokerWrapper]   Persist current code page: 'True'
[2026-09-27 17:14:23Z INFO ProcessInvokerWrapper]   Keep redirected STDIN open: 'False'
[2026-09-27 17:14:23Z INFO ProcessInvokerWrapper]   High priority process: 'False'
[2026-09-27 17:14:23Z INFO JobServerQueue] Try to append 1 batches web console lines for record 'f4857559-2e63-4bbc-89f9-dfec57b5c001', success rate: 1/1.
[2026-09-27 17:14:23Z INFO JobServerQueue] Try to append 1 batches web console lines for record '31763626-f215-4689-8b85-e8693a7bbbef', success rate: 1/1.
[2026-09-27 17:14:23Z INFO ProcessInvokerWrapper] Process started with process id 17332, waiting for process exit.
[2026-09-27 17:14:24Z INFO JobServerQueue] Try to append 1 batches web console lines for record '31763626-f215-4689-8b85-e8693a7bbbef', success rate: 1/1.
[2026-09-27 17:14:24Z INFO AddMaskCommandExtension] Add new secret mask with length of 524
[2026-09-27 17:14:24Z INFO JobServerQueue] Try to append 1 batches web console lines for record '31763626-f215-4689-8b85-e8693a7bbbef', success rate: 1/1.
[2026-09-27 17:14:25Z INFO JobServerQueue] Try to append 1 batches web console lines for record '31763626-f215-4689-8b85-e8693a7bbbef', success rate: 1/1.
[2026-09-27 17:14:25Z INFO JobServerQueue] Try to append 1 batches web console lines for record '31763626-f215-4689-8b85-e8693a7bbbef', success rate: 1/1.
[2026-09-27 17:14:25Z INFO JobServerQueue] Try to append 1 batches web console lines for record '31763626-f215-4689-8b85-e8693a7bbbef', success rate: 1/1.
[2026-09-27 17:14:25Z INFO JobServerQueue] Tried to upload 1 file(s) to results, success rate: 1/1.
[2026-09-27 17:14:25Z INFO JobServerQueue] Try to append 1 batches web console lines for record '31763626-f215-4689-8b85-e8693a7bbbef', success rate: 1/1.
[2026-09-27 17:14:26Z INFO JobServerQueue] Try to append 1 batches web console lines for record '31763626-f215-4689-8b85-e8693a7bbbef', success rate: 1/1.
[2026-09-27 17:14:27Z INFO JobServerQueue] Try to append 1 batches web console lines for record '31763626-f215-4689-8b85-e8693a7bbbef', success rate: 1/1.
[2026-09-27 17:14:28Z INFO JobServerQueue] Try to append 1 batches web console lines for record '31763626-f215-4689-8b85-e8693a7bbbef', success rate: 1/1.
[2026-09-27 17:14:28Z INFO JobServerQueue] Try to append 1 batches web console lines for record '31763626-f215-4689-8b85-e8693a7bbbef', success rate: 1/1.
[2026-09-27 17:14:30Z INFO JobServerQueue] Try to append 1 batches web console lines for record '31763626-f215-4689-8b85-e8693a7bbbef', success rate: 1/1.
[2026-09-27 17:14:30Z INFO JobServerQueue] Try to append 1 batches web console lines for record '31763626-f215-4689-8b85-e8693a7bbbef', success rate: 1/1.
[2026-09-27 17:14:31Z INFO JobServerQueue] Try to append 1 batches web console lines for record '31763626-f215-4689-8b85-e8693a7bbbef', success rate: 1/1.
[2026-09-27 17:14:33Z INFO HostContext] Well known directory 'Bin': 'D:\cicd\actions-runner\bin'
[2026-09-27 17:14:33Z INFO HostContext] Well known directory 'Root': 'D:\cicd\actions-runner'
[2026-09-27 17:14:33Z INFO HostContext] Well known directory 'Work': 'D:\cicd\actions-runner\_work'
[2026-09-27 17:14:33Z INFO JobServerQueue] Try to append 1 batches web console lines for record '31763626-f215-4689-8b85-e8693a7bbbef', success rate: 1/1.
[2026-09-27 17:14:34Z INFO JobServerQueue] Try to append 1 batches web console lines for record '31763626-f215-4689-8b85-e8693a7bbbef', success rate: 1/1.
[2026-09-27 17:14:34Z INFO JobServerQueue] Try to append 1 batches web console lines for record '31763626-f215-4689-8b85-e8693a7bbbef', success rate: 1/1.
[2026-09-27 17:14:35Z INFO JobServerQueue] Try to append 1 batches web console lines for record '31763626-f215-4689-8b85-e8693a7bbbef', success rate: 1/1.
[2026-09-27 17:14:35Z INFO ProcessInvokerWrapper] STDOUT/STDERR stream read finished.
[2026-09-27 17:14:35Z INFO ProcessInvokerWrapper] STDOUT/STDERR stream read finished.
[2026-09-27 17:14:35Z INFO ProcessInvokerWrapper] Finished process 17332 with exit code 0, and elapsed time 00:00:11.4731405.
[2026-09-27 17:14:35Z INFO CreateStepSummaryCommand] Step Summary file (D:\cicd\actions-runner\_work\_temp\_runner_file_commands\step_summary_c3784090-4a16-4528-9f6c-bbb97e5bf68f) is empty; skipping attachment upload
[2026-09-27 17:14:35Z INFO StepsRunner] Step result: 
[2026-09-27 17:14:35Z INFO ExecutionContext] Publish step telemetry for current step {
  "action": "actions/checkout",
  "ref": "v4",
  "type": "node24",
  "stage": "Main",
  "stepId": "31763626-f215-4689-8b85-e8693a7bbbef",
  "stepContextName": "__actions_checkout",
  "hasPreStep": false,
  "hasPostStep": true,
  "result": "succeeded",
  "errorMessages": [],
  "executionTimeInSeconds": 12,
  "startTime": "2026-09-27T17:14:23.3952225Z",
  "finishTime": "2026-09-27T17:14:35.0853555Z"
}.
[2026-09-27 17:14:35Z INFO StepsRunner] No need for updating job result with current step result 'Succeeded'.
[2026-09-27 17:14:35Z INFO StepsRunner] Current state: job state = ''
[2026-09-27 17:14:35Z INFO StepsRunner] Processing step: DisplayName='Build'
[2026-09-27 17:14:35Z INFO StepsRunner] Evaluating: success()
[2026-09-27 17:14:35Z INFO StepsRunner] Result: true
[2026-09-27 17:14:35Z INFO StepsRunner] Starting the step.
[2026-09-27 17:14:35Z INFO HostContext] Well known directory 'Bin': 'D:\cicd\actions-runner\bin'
[2026-09-27 17:14:35Z INFO HostContext] Well known directory 'Root': 'D:\cicd\actions-runner'
[2026-09-27 17:14:35Z INFO HostContext] Well known directory 'Work': 'D:\cicd\actions-runner\_work'
[2026-09-27 17:14:35Z INFO StepsRunner] Which2: 'chcp'
[2026-09-27 17:14:35Z INFO StepsRunner] Location: 'C:\WINDOWS\system32\chcp.COM'
[2026-09-27 17:14:35Z INFO ProcessInvokerWrapper] Starting process:
[2026-09-27 17:14:35Z INFO ProcessInvokerWrapper]   File name: 'C:\WINDOWS\system32\chcp.COM'
[2026-09-27 17:14:35Z INFO ProcessInvokerWrapper]   Arguments: '65001'
[2026-09-27 17:14:35Z INFO ProcessInvokerWrapper]   Working directory: 'D:\cicd\actions-runner\_work'
[2026-09-27 17:14:35Z INFO ProcessInvokerWrapper]   Require exit code zero: 'False'
[2026-09-27 17:14:35Z INFO ProcessInvokerWrapper]   Encoding web name:  ; code page: ''
[2026-09-27 17:14:35Z INFO ProcessInvokerWrapper]   Force kill process on cancellation: 'False'
[2026-09-27 17:14:35Z INFO ProcessInvokerWrapper]   Redirected STDIN: 'False'
[2026-09-27 17:14:35Z INFO ProcessInvokerWrapper]   Persist current code page: 'True'
[2026-09-27 17:14:35Z INFO ProcessInvokerWrapper]   Keep redirected STDIN open: 'False'
[2026-09-27 17:14:35Z INFO ProcessInvokerWrapper]   High priority process: 'False'
[2026-09-27 17:14:35Z INFO ProcessInvokerWrapper] Process started with process id 19268, waiting for process exit.
[2026-09-27 17:14:35Z INFO ProcessInvokerWrapper] STDOUT/STDERR stream read finished.
[2026-09-27 17:14:35Z INFO ProcessInvokerWrapper] STDOUT/STDERR stream read finished.
[2026-09-27 17:14:35Z INFO ProcessInvokerWrapper] Finished process 19268 with exit code 0, and elapsed time 00:00:00.0233780.
[2026-09-27 17:14:35Z INFO StepsRunner] Successfully returned to code page 65001 (UTF8)
[2026-09-27 17:14:35Z INFO HostContext] Well known directory 'Bin': 'D:\cicd\actions-runner\bin'
[2026-09-27 17:14:35Z INFO HostContext] Well known directory 'Root': 'D:\cicd\actions-runner'
[2026-09-27 17:14:35Z INFO HostContext] Well known directory 'Work': 'D:\cicd\actions-runner\_work'
[2026-09-27 17:14:35Z INFO HostContext] Well known directory 'Temp': 'D:\cicd\actions-runner\_work\_temp'
[2026-09-27 17:14:35Z INFO ExecutionContext] Write event payload to D:\cicd\actions-runner\_work\_temp\_github_workflow\event.json
[2026-09-27 17:14:35Z INFO HostContext] Well known directory 'Bin': 'D:\cicd\actions-runner\bin'
[2026-09-27 17:14:35Z INFO HostContext] Well known directory 'Root': 'D:\cicd\actions-runner'
[2026-09-27 17:14:35Z INFO HostContext] Well known directory 'Work': 'D:\cicd\actions-runner\_work'
[2026-09-27 17:14:35Z INFO HostContext] Well known directory 'Temp': 'D:\cicd\actions-runner\_work\_temp'
[2026-09-27 17:14:35Z INFO ExtensionManager] Getting extensions for interface: 'GitHub.Runner.Worker.IFileCommandExtension'
[2026-09-27 17:14:35Z INFO ExtensionManager] Getting extensions for interface: 'GitHub.Runner.Worker.IActionCommandExtension'
[2026-09-27 17:14:35Z INFO ActionCommandManager] Register action command extension for command internal-set-repo-path
[2026-09-27 17:14:35Z INFO ActionCommandManager] Register action command extension for command set-env
[2026-09-27 17:14:35Z INFO ActionCommandManager] Register action command extension for command set-output
[2026-09-27 17:14:35Z INFO ActionCommandManager] Register action command extension for command save-state
[2026-09-27 17:14:35Z INFO ActionCommandManager] Register action command extension for command add-path
[2026-09-27 17:14:35Z INFO ActionCommandManager] Register action command extension for command add-mask
[2026-09-27 17:14:35Z INFO ActionCommandManager] Register action command extension for command add-matcher
[2026-09-27 17:14:35Z INFO ActionCommandManager] Register action command extension for command remove-matcher
[2026-09-27 17:14:35Z INFO ActionCommandManager] Register action command extension for command warning
[2026-09-27 17:14:35Z INFO ActionCommandManager] Register action command extension for command error
[2026-09-27 17:14:35Z INFO ActionCommandManager] Register action command extension for command notice
[2026-09-27 17:14:35Z INFO ActionCommandManager] Register action command extension for command debug
[2026-09-27 17:14:35Z INFO ActionCommandManager] Register action command extension for command group
[2026-09-27 17:14:35Z INFO ActionCommandManager] Register action command extension for command endgroup
[2026-09-27 17:14:35Z INFO ActionCommandManager] Register action command extension for command echo
[2026-09-27 17:14:35Z INFO ScriptHandler] Which2: 'pwsh'
[2026-09-27 17:14:35Z INFO ScriptHandler] Location: 'C:\Program Files\PowerShell\7\pwsh.EXE'
[2026-09-27 17:14:35Z INFO HostContext] Well known directory 'Bin': 'D:\cicd\actions-runner\bin'
[2026-09-27 17:14:35Z INFO HostContext] Well known directory 'Root': 'D:\cicd\actions-runner'
[2026-09-27 17:14:35Z INFO HostContext] Well known directory 'Work': 'D:\cicd\actions-runner\_work'
[2026-09-27 17:14:35Z INFO HostContext] Well known directory 'Temp': 'D:\cicd\actions-runner\_work\_temp'
[2026-09-27 17:14:35Z INFO ScriptHandler] Which2: 'pwsh'
[2026-09-27 17:14:35Z INFO ScriptHandler] Location: 'C:\Program Files\PowerShell\7\pwsh.EXE'
[2026-09-27 17:14:35Z INFO ProcessInvokerWrapper] Starting process:
[2026-09-27 17:14:35Z INFO ProcessInvokerWrapper]   File name: 'C:\Program Files\PowerShell\7\pwsh.EXE'
[2026-09-27 17:14:35Z INFO ProcessInvokerWrapper]   Arguments: '-command ". 'D:\cicd\actions-runner\_work\_temp\4fa0b9f0-56b9-46ed-a469-80512bb5a03c.ps1'"'
[2026-09-27 17:14:35Z INFO ProcessInvokerWrapper]   Working directory: 'D:\cicd\actions-runner\_work\my-repo\my-repo'
[2026-09-27 17:14:35Z INFO ProcessInvokerWrapper]   Require exit code zero: 'False'
[2026-09-27 17:14:35Z INFO ProcessInvokerWrapper]   Encoding web name:  ; code page: ''
[2026-09-27 17:14:35Z INFO ProcessInvokerWrapper]   Force kill process on cancellation: 'False'
[2026-09-27 17:14:35Z INFO ProcessInvokerWrapper]   Redirected STDIN: 'False'
[2026-09-27 17:14:35Z INFO ProcessInvokerWrapper]   Persist current code page: 'True'
[2026-09-27 17:14:35Z INFO ProcessInvokerWrapper]   Keep redirected STDIN open: 'False'
[2026-09-27 17:14:35Z INFO ProcessInvokerWrapper]   High priority process: 'False'
[2026-09-27 17:14:35Z INFO ProcessInvokerWrapper] Process started with process id 24516, waiting for process exit.
[2026-09-27 17:14:35Z INFO JobServerQueue] Try to append 1 batches web console lines for record '31763626-f215-4689-8b85-e8693a7bbbef', success rate: 1/1.
[2026-09-27 17:14:35Z INFO JobServerQueue] Try to append 1 batches web console lines for record '5153c08a-1086-437d-84e4-c8a92e9547e6', success rate: 1/1.
[2026-09-27 17:14:35Z INFO JobServerQueue] Try to upload 1 log files or attachments, success rate: 1/1.
[2026-09-27 17:14:35Z INFO JobServerQueue] Got a step log file to send to results service.
[2026-09-27 17:14:35Z INFO JobServerQueue] Starting upload of step log file to results service ResultsLog, D:\cicd\actions-runner\_diag\blocks\6278e716-adbe-4bc3-8490-4ca6be58b13e_31763626-f215-4689-8b85-e8693a7bbbef.1
[2026-09-27 17:14:36Z INFO ProcessInvokerWrapper] STDOUT/STDERR stream read finished.
[2026-09-27 17:14:36Z INFO ProcessInvokerWrapper] STDOUT/STDERR stream read finished.
[2026-09-27 17:14:36Z INFO ProcessInvokerWrapper] Finished process 24516 with exit code 0, and elapsed time 00:00:01.1340414.
[2026-09-27 17:14:36Z INFO CreateStepSummaryCommand] Step Summary file (D:\cicd\actions-runner\_work\_temp\_runner_file_commands\step_summary_82b50822-1c85-44f8-8d63-4e05197373c0) is empty; skipping attachment upload
[2026-09-27 17:14:36Z INFO StepsRunner] Step result: 
[2026-09-27 17:14:36Z INFO ExecutionContext] Publish step telemetry for current step {
  "action": "pwsh",
  "type": "run",
  "stage": "Main",
  "stepId": "5153c08a-1086-437d-84e4-c8a92e9547e6",
  "stepContextName": "__run",
  "result": "succeeded",
  "errorMessages": [],
  "executionTimeInSeconds": 2,
  "startTime": "2026-09-27T17:14:35.087472Z",
  "finishTime": "2026-09-27T17:14:36.2876488Z"
}.
[2026-09-27 17:14:36Z INFO StepsRunner] No need for updating job result with current step result 'Succeeded'.
[2026-09-27 17:14:36Z INFO StepsRunner] Current state: job state = ''
[2026-09-27 17:14:36Z INFO StepsRunner] Processing step: DisplayName='Test'
[2026-09-27 17:14:36Z INFO StepsRunner] Evaluating: success()
[2026-09-27 17:14:36Z INFO StepsRunner] Result: true
[2026-09-27 17:14:36Z INFO StepsRunner] Starting the step.
[2026-09-27 17:14:36Z INFO HostContext] Well known directory 'Bin': 'D:\cicd\actions-runner\bin'
[2026-09-27 17:14:36Z INFO HostContext] Well known directory 'Root': 'D:\cicd\actions-runner'
[2026-09-27 17:14:36Z INFO HostContext] Well known directory 'Work': 'D:\cicd\actions-runner\_work'
[2026-09-27 17:14:36Z INFO StepsRunner] Which2: 'chcp'
[2026-09-27 17:14:36Z INFO StepsRunner] Location: 'C:\WINDOWS\system32\chcp.COM'
[2026-09-27 17:14:36Z INFO ProcessInvokerWrapper] Starting process:
[2026-09-27 17:14:36Z INFO ProcessInvokerWrapper]   File name: 'C:\WINDOWS\system32\chcp.COM'
[2026-09-27 17:14:36Z INFO ProcessInvokerWrapper]   Arguments: '65001'
[2026-09-27 17:14:36Z INFO ProcessInvokerWrapper]   Working directory: 'D:\cicd\actions-runner\_work'
[2026-09-27 17:14:36Z INFO ProcessInvokerWrapper]   Require exit code zero: 'False'
[2026-09-27 17:14:36Z INFO ProcessInvokerWrapper]   Encoding web name:  ; code page: ''
[2026-09-27 17:14:36Z INFO ProcessInvokerWrapper]   Force kill process on cancellation: 'False'
[2026-09-27 17:14:36Z INFO ProcessInvokerWrapper]   Redirected STDIN: 'False'
[2026-09-27 17:14:36Z INFO ProcessInvokerWrapper]   Persist current code page: 'True'
[2026-09-27 17:14:36Z INFO ProcessInvokerWrapper]   Keep redirected STDIN open: 'False'
[2026-09-27 17:14:36Z INFO ProcessInvokerWrapper]   High priority process: 'False'
[2026-09-27 17:14:36Z INFO ProcessInvokerWrapper] Process started with process id 27004, waiting for process exit.
[2026-09-27 17:14:36Z INFO ProcessInvokerWrapper] STDOUT/STDERR stream read finished.
[2026-09-27 17:14:36Z INFO ProcessInvokerWrapper] STDOUT/STDERR stream read finished.
[2026-09-27 17:14:36Z INFO ProcessInvokerWrapper] Finished process 27004 with exit code 0, and elapsed time 00:00:00.0480674.
[2026-09-27 17:14:36Z INFO StepsRunner] Successfully returned to code page 65001 (UTF8)
[2026-09-27 17:14:36Z INFO HostContext] Well known directory 'Bin': 'D:\cicd\actions-runner\bin'
[2026-09-27 17:14:36Z INFO HostContext] Well known directory 'Root': 'D:\cicd\actions-runner'
[2026-09-27 17:14:36Z INFO HostContext] Well known directory 'Work': 'D:\cicd\actions-runner\_work'
[2026-09-27 17:14:36Z INFO HostContext] Well known directory 'Temp': 'D:\cicd\actions-runner\_work\_temp'
[2026-09-27 17:14:36Z INFO ExecutionContext] Write event payload to D:\cicd\actions-runner\_work\_temp\_github_workflow\event.json
[2026-09-27 17:14:36Z INFO HostContext] Well known directory 'Bin': 'D:\cicd\actions-runner\bin'
[2026-09-27 17:14:36Z INFO HostContext] Well known directory 'Root': 'D:\cicd\actions-runner'
[2026-09-27 17:14:36Z INFO HostContext] Well known directory 'Work': 'D:\cicd\actions-runner\_work'
[2026-09-27 17:14:36Z INFO HostContext] Well known directory 'Temp': 'D:\cicd\actions-runner\_work\_temp'
[2026-09-27 17:14:36Z INFO ExtensionManager] Getting extensions for interface: 'GitHub.Runner.Worker.IFileCommandExtension'
[2026-09-27 17:14:36Z INFO ExtensionManager] Getting extensions for interface: 'GitHub.Runner.Worker.IActionCommandExtension'
[2026-09-27 17:14:36Z INFO ActionCommandManager] Register action command extension for command internal-set-repo-path
[2026-09-27 17:14:36Z INFO ActionCommandManager] Register action command extension for command set-env
[2026-09-27 17:14:36Z INFO ActionCommandManager] Register action command extension for command set-output
[2026-09-27 17:14:36Z INFO ActionCommandManager] Register action command extension for command save-state
[2026-09-27 17:14:36Z INFO ActionCommandManager] Register action command extension for command add-path
[2026-09-27 17:14:36Z INFO ActionCommandManager] Register action command extension for command add-mask
[2026-09-27 17:14:36Z INFO ActionCommandManager] Register action command extension for command add-matcher
[2026-09-27 17:14:36Z INFO ActionCommandManager] Register action command extension for command remove-matcher
[2026-09-27 17:14:36Z INFO ActionCommandManager] Register action command extension for command warning
[2026-09-27 17:14:36Z INFO ActionCommandManager] Register action command extension for command error
[2026-09-27 17:14:36Z INFO ActionCommandManager] Register action command extension for command notice
[2026-09-27 17:14:36Z INFO ActionCommandManager] Register action command extension for command debug
[2026-09-27 17:14:36Z INFO ActionCommandManager] Register action command extension for command group
[2026-09-27 17:14:36Z INFO ActionCommandManager] Register action command extension for command endgroup
[2026-09-27 17:14:36Z INFO ActionCommandManager] Register action command extension for command echo
[2026-09-27 17:14:36Z INFO ScriptHandler] Which2: 'pwsh'
[2026-09-27 17:14:36Z INFO ScriptHandler] Location: 'C:\Program Files\PowerShell\7\pwsh.EXE'
[2026-09-27 17:14:36Z INFO HostContext] Well known directory 'Bin': 'D:\cicd\actions-runner\bin'
[2026-09-27 17:14:36Z INFO HostContext] Well known directory 'Root': 'D:\cicd\actions-runner'
[2026-09-27 17:14:36Z INFO HostContext] Well known directory 'Work': 'D:\cicd\actions-runner\_work'
[2026-09-27 17:14:36Z INFO HostContext] Well known directory 'Temp': 'D:\cicd\actions-runner\_work\_temp'
[2026-09-27 17:14:36Z INFO ScriptHandler] Which2: 'pwsh'
[2026-09-27 17:14:36Z INFO ScriptHandler] Location: 'C:\Program Files\PowerShell\7\pwsh.EXE'
[2026-09-27 17:14:36Z INFO JobServerQueue] Try to append 1 batches web console lines for record '5153c08a-1086-437d-84e4-c8a92e9547e6', success rate: 1/1.
[2026-09-27 17:14:36Z INFO JobServerQueue] Try to append 1 batches web console lines for record 'd251d2b3-1ecb-4b99-a4e7-6bf863c9c787', success rate: 1/1.
[2026-09-27 17:14:36Z INFO ProcessInvokerWrapper] Starting process:
[2026-09-27 17:14:36Z INFO ProcessInvokerWrapper]   File name: 'C:\Program Files\PowerShell\7\pwsh.EXE'
[2026-09-27 17:14:36Z INFO ProcessInvokerWrapper]   Arguments: '-command ". 'D:\cicd\actions-runner\_work\_temp\da2c509e-2fd8-4627-9dd7-ca11f3c9ce12.ps1'"'
[2026-09-27 17:14:36Z INFO ProcessInvokerWrapper]   Working directory: 'D:\cicd\actions-runner\_work\my-repo\my-repo'
[2026-09-27 17:14:36Z INFO ProcessInvokerWrapper]   Require exit code zero: 'False'
[2026-09-27 17:14:36Z INFO ProcessInvokerWrapper]   Encoding web name:  ; code page: ''
[2026-09-27 17:14:36Z INFO ProcessInvokerWrapper]   Force kill process on cancellation: 'False'
[2026-09-27 17:14:36Z INFO ProcessInvokerWrapper]   Redirected STDIN: 'False'
[2026-09-27 17:14:36Z INFO ProcessInvokerWrapper]   Persist current code page: 'True'
[2026-09-27 17:14:36Z INFO ProcessInvokerWrapper]   Keep redirected STDIN open: 'False'
[2026-09-27 17:14:36Z INFO ProcessInvokerWrapper]   High priority process: 'False'
[2026-09-27 17:14:36Z INFO ProcessInvokerWrapper] Process started with process id 24220, waiting for process exit.
[2026-09-27 17:14:36Z INFO JobServerQueue] Try to upload 1 log files or attachments, success rate: 1/1.
[2026-09-27 17:14:36Z INFO JobServerQueue] Try to append 1 batches web console lines for record 'd251d2b3-1ecb-4b99-a4e7-6bf863c9c787', success rate: 1/1.
[2026-09-27 17:14:36Z INFO JobServerQueue] Tried to upload 1 file(s) to results, success rate: 1/1.
[2026-09-27 17:14:37Z INFO JobServerQueue] Try to append 1 batches web console lines for record 'd251d2b3-1ecb-4b99-a4e7-6bf863c9c787', success rate: 1/1.
[2026-09-27 17:14:37Z INFO ProcessInvokerWrapper] STDOUT/STDERR stream read finished.
[2026-09-27 17:14:37Z INFO ProcessInvokerWrapper] STDOUT/STDERR stream read finished.
[2026-09-27 17:14:37Z INFO ProcessInvokerWrapper] Finished process 24220 with exit code 0, and elapsed time 00:00:01.2113615.
[2026-09-27 17:14:37Z INFO CreateStepSummaryCommand] Step Summary file (D:\cicd\actions-runner\_work\_temp\_runner_file_commands\step_summary_6ca588cf-6cc4-469e-a104-4a92d80cf5a6) is empty; skipping attachment upload
[2026-09-27 17:14:37Z INFO StepsRunner] Step result: 
[2026-09-27 17:14:37Z INFO ExecutionContext] Publish step telemetry for current step {
  "action": "pwsh",
  "type": "run",
  "stage": "Main",
  "stepId": "d251d2b3-1ecb-4b99-a4e7-6bf863c9c787",
  "stepContextName": "__run_2",
  "result": "succeeded",
  "errorMessages": [],
  "executionTimeInSeconds": 2,
  "startTime": "2026-09-27T17:14:36.2887861Z",
  "finishTime": "2026-09-27T17:14:37.6040625Z"
}.
[2026-09-27 17:14:37Z INFO StepsRunner] No need for updating job result with current step result 'Succeeded'.
[2026-09-27 17:14:37Z INFO StepsRunner] Current state: job state = ''
[2026-09-27 17:14:37Z INFO StepsRunner] Processing step: DisplayName='Deploy (CD)'
[2026-09-27 17:14:37Z INFO StepsRunner] Evaluating: success()
[2026-09-27 17:14:37Z INFO StepsRunner] Result: true
[2026-09-27 17:14:37Z INFO StepsRunner] Starting the step.
[2026-09-27 17:14:37Z INFO HostContext] Well known directory 'Bin': 'D:\cicd\actions-runner\bin'
[2026-09-27 17:14:37Z INFO HostContext] Well known directory 'Root': 'D:\cicd\actions-runner'
[2026-09-27 17:14:37Z INFO HostContext] Well known directory 'Work': 'D:\cicd\actions-runner\_work'
[2026-09-27 17:14:37Z INFO StepsRunner] Which2: 'chcp'
[2026-09-27 17:14:37Z INFO StepsRunner] Location: 'C:\WINDOWS\system32\chcp.COM'
[2026-09-27 17:14:37Z INFO ProcessInvokerWrapper] Starting process:
[2026-09-27 17:14:37Z INFO ProcessInvokerWrapper]   File name: 'C:\WINDOWS\system32\chcp.COM'
[2026-09-27 17:14:37Z INFO ProcessInvokerWrapper]   Arguments: '65001'
[2026-09-27 17:14:37Z INFO ProcessInvokerWrapper]   Working directory: 'D:\cicd\actions-runner\_work'
[2026-09-27 17:14:37Z INFO ProcessInvokerWrapper]   Require exit code zero: 'False'
[2026-09-27 17:14:37Z INFO ProcessInvokerWrapper]   Encoding web name:  ; code page: ''
[2026-09-27 17:14:37Z INFO ProcessInvokerWrapper]   Force kill process on cancellation: 'False'
[2026-09-27 17:14:37Z INFO ProcessInvokerWrapper]   Redirected STDIN: 'False'
[2026-09-27 17:14:37Z INFO ProcessInvokerWrapper]   Persist current code page: 'True'
[2026-09-27 17:14:37Z INFO ProcessInvokerWrapper]   Keep redirected STDIN open: 'False'
[2026-09-27 17:14:37Z INFO ProcessInvokerWrapper]   High priority process: 'False'
[2026-09-27 17:14:37Z INFO ProcessInvokerWrapper] Process started with process id 20224, waiting for process exit.
[2026-09-27 17:14:37Z INFO ProcessInvokerWrapper] STDOUT/STDERR stream read finished.
[2026-09-27 17:14:37Z INFO ProcessInvokerWrapper] STDOUT/STDERR stream read finished.
[2026-09-27 17:14:37Z INFO ProcessInvokerWrapper] Finished process 20224 with exit code 0, and elapsed time 00:00:00.0227472.
[2026-09-27 17:14:37Z INFO StepsRunner] Successfully returned to code page 65001 (UTF8)
[2026-09-27 17:14:37Z INFO HostContext] Well known directory 'Bin': 'D:\cicd\actions-runner\bin'
[2026-09-27 17:14:37Z INFO HostContext] Well known directory 'Root': 'D:\cicd\actions-runner'
[2026-09-27 17:14:37Z INFO HostContext] Well known directory 'Work': 'D:\cicd\actions-runner\_work'
[2026-09-27 17:14:37Z INFO HostContext] Well known directory 'Temp': 'D:\cicd\actions-runner\_work\_temp'
[2026-09-27 17:14:37Z INFO ExecutionContext] Write event payload to D:\cicd\actions-runner\_work\_temp\_github_workflow\event.json
[2026-09-27 17:14:37Z INFO HostContext] Well known directory 'Bin': 'D:\cicd\actions-runner\bin'
[2026-09-27 17:14:37Z INFO HostContext] Well known directory 'Root': 'D:\cicd\actions-runner'
[2026-09-27 17:14:37Z INFO HostContext] Well known directory 'Work': 'D:\cicd\actions-runner\_work'
[2026-09-27 17:14:37Z INFO HostContext] Well known directory 'Temp': 'D:\cicd\actions-runner\_work\_temp'
[2026-09-27 17:14:37Z INFO ExtensionManager] Getting extensions for interface: 'GitHub.Runner.Worker.IFileCommandExtension'
[2026-09-27 17:14:37Z INFO ExtensionManager] Getting extensions for interface: 'GitHub.Runner.Worker.IActionCommandExtension'
[2026-09-27 17:14:37Z INFO ActionCommandManager] Register action command extension for command internal-set-repo-path
[2026-09-27 17:14:37Z INFO ActionCommandManager] Register action command extension for command set-env
[2026-09-27 17:14:37Z INFO ActionCommandManager] Register action command extension for command set-output
[2026-09-27 17:14:37Z INFO ActionCommandManager] Register action command extension for command save-state
[2026-09-27 17:14:37Z INFO ActionCommandManager] Register action command extension for command add-path
[2026-09-27 17:14:37Z INFO ActionCommandManager] Register action command extension for command add-mask
[2026-09-27 17:14:37Z INFO ActionCommandManager] Register action command extension for command add-matcher
[2026-09-27 17:14:37Z INFO ActionCommandManager] Register action command extension for command remove-matcher
[2026-09-27 17:14:37Z INFO ActionCommandManager] Register action command extension for command warning
[2026-09-27 17:14:37Z INFO ActionCommandManager] Register action command extension for command error
[2026-09-27 17:14:37Z INFO ActionCommandManager] Register action command extension for command notice
[2026-09-27 17:14:37Z INFO ActionCommandManager] Register action command extension for command debug
[2026-09-27 17:14:37Z INFO ActionCommandManager] Register action command extension for command group
[2026-09-27 17:14:37Z INFO ActionCommandManager] Register action command extension for command endgroup
[2026-09-27 17:14:37Z INFO ActionCommandManager] Register action command extension for command echo
[2026-09-27 17:14:37Z INFO ScriptHandler] Which2: 'powershell'
[2026-09-27 17:14:37Z INFO JobServerQueue] Try to upload 1 log files or attachments, success rate: 1/1.
[2026-09-27 17:14:37Z INFO ScriptHandler] Location: 'C:\WINDOWS\System32\WindowsPowerShell\v1.0\powershell.EXE'
[2026-09-27 17:14:37Z INFO HostContext] Well known directory 'Bin': 'D:\cicd\actions-runner\bin'
[2026-09-27 17:14:37Z INFO HostContext] Well known directory 'Root': 'D:\cicd\actions-runner'
[2026-09-27 17:14:37Z INFO HostContext] Well known directory 'Work': 'D:\cicd\actions-runner\_work'
[2026-09-27 17:14:37Z INFO HostContext] Well known directory 'Temp': 'D:\cicd\actions-runner\_work\_temp'
[2026-09-27 17:14:37Z INFO ScriptHandler] Which2: 'powershell'
[2026-09-27 17:14:37Z INFO ScriptHandler] Location: 'C:\WINDOWS\System32\WindowsPowerShell\v1.0\powershell.EXE'
[2026-09-27 17:14:37Z INFO ProcessInvokerWrapper] Starting process:
[2026-09-27 17:14:37Z INFO ProcessInvokerWrapper]   File name: 'C:\WINDOWS\System32\WindowsPowerShell\v1.0\powershell.EXE'
[2026-09-27 17:14:37Z INFO ProcessInvokerWrapper]   Arguments: '-command ". 'D:\cicd\actions-runner\_work\_temp\074660f9-f86a-4797-af18-3aebeb537869.ps1'"'
[2026-09-27 17:14:37Z INFO ProcessInvokerWrapper]   Working directory: 'D:\cicd\actions-runner\_work\my-repo\my-repo'
[2026-09-27 17:14:37Z INFO ProcessInvokerWrapper]   Require exit code zero: 'False'
[2026-09-27 17:14:37Z INFO ProcessInvokerWrapper]   Encoding web name:  ; code page: ''
[2026-09-27 17:14:37Z INFO ProcessInvokerWrapper]   Force kill process on cancellation: 'False'
[2026-09-27 17:14:37Z INFO ProcessInvokerWrapper]   Redirected STDIN: 'False'
[2026-09-27 17:14:37Z INFO ProcessInvokerWrapper]   Persist current code page: 'True'
[2026-09-27 17:14:37Z INFO ProcessInvokerWrapper]   Keep redirected STDIN open: 'False'
[2026-09-27 17:14:37Z INFO ProcessInvokerWrapper]   High priority process: 'False'
[2026-09-27 17:14:37Z INFO ProcessInvokerWrapper] Process started with process id 15984, waiting for process exit.
[2026-09-27 17:14:37Z INFO JobServerQueue] Got a step log file to send to results service.
[2026-09-27 17:14:37Z INFO JobServerQueue] Starting upload of step log file to results service ResultsLog, D:\cicd\actions-runner\_diag\blocks\6278e716-adbe-4bc3-8490-4ca6be58b13e_5153c08a-1086-437d-84e4-c8a92e9547e6.1
[2026-09-27 17:14:37Z INFO JobServerQueue] Try to append 1 batches web console lines for record 'd251d2b3-1ecb-4b99-a4e7-6bf863c9c787', success rate: 1/1.
[2026-09-27 17:14:37Z INFO JobServerQueue] Try to append 1 batches web console lines for record '455ae051-fae4-4dbc-835b-05267719586c', success rate: 1/1.
[2026-09-27 17:14:38Z INFO ProcessInvokerWrapper] STDOUT/STDERR stream read finished.
[2026-09-27 17:14:38Z INFO ProcessInvokerWrapper] STDOUT/STDERR stream read finished.
[2026-09-27 17:14:38Z INFO ProcessInvokerWrapper] Finished process 15984 with exit code 1, and elapsed time 00:00:00.7896529.
[2026-09-27 17:14:38Z INFO CreateStepSummaryCommand] Step Summary file (D:\cicd\actions-runner\_work\_temp\_runner_file_commands\step_summary_89ec9309-dc98-47bb-89fb-1e939cc5e4ab) is empty; skipping attachment upload
[2026-09-27 17:14:38Z INFO StepsRunner] Step result: Failed
[2026-09-27 17:14:38Z INFO ExecutionContext] Publish step telemetry for current step {
  "action": "powershell",
  "type": "run",
  "stage": "Main",
  "stepId": "455ae051-fae4-4dbc-835b-05267719586c",
  "stepContextName": "__run_3",
  "result": "failed",
  "errorMessages": [
    "Process completed with exit code 1."
  ],
  "executionTimeInSeconds": 1,
  "startTime": "2026-09-27T17:14:37.6051236Z",
  "finishTime": "2026-09-27T17:14:38.455606Z"
}.
[2026-09-27 17:14:38Z INFO StepsRunner] Update job result with current step result 'Failed'.
[2026-09-27 17:14:38Z INFO StepsRunner] Current state: job state = 'Failed'
[2026-09-27 17:14:38Z INFO StepsRunner] Processing step: DisplayName='Post Checkout Code'
[2026-09-27 17:14:38Z INFO StepsRunner] Evaluating: always()
[2026-09-27 17:14:38Z INFO StepsRunner] Result: true
[2026-09-27 17:14:38Z INFO StepsRunner] Starting the step.
[2026-09-27 17:14:38Z INFO HostContext] Well known directory 'Bin': 'D:\cicd\actions-runner\bin'
[2026-09-27 17:14:38Z INFO HostContext] Well known directory 'Root': 'D:\cicd\actions-runner'
[2026-09-27 17:14:38Z INFO HostContext] Well known directory 'Work': 'D:\cicd\actions-runner\_work'
[2026-09-27 17:14:38Z INFO StepsRunner] Which2: 'chcp'
[2026-09-27 17:14:38Z INFO StepsRunner] Location: 'C:\WINDOWS\system32\chcp.COM'
[2026-09-27 17:14:38Z INFO ProcessInvokerWrapper] Starting process:
[2026-09-27 17:14:38Z INFO ProcessInvokerWrapper]   File name: 'C:\WINDOWS\system32\chcp.COM'
[2026-09-27 17:14:38Z INFO ProcessInvokerWrapper]   Arguments: '65001'
[2026-09-27 17:14:38Z INFO ProcessInvokerWrapper]   Working directory: 'D:\cicd\actions-runner\_work'
[2026-09-27 17:14:38Z INFO ProcessInvokerWrapper]   Require exit code zero: 'False'
[2026-09-27 17:14:38Z INFO ProcessInvokerWrapper]   Encoding web name:  ; code page: ''
[2026-09-27 17:14:38Z INFO ProcessInvokerWrapper]   Force kill process on cancellation: 'False'
[2026-09-27 17:14:38Z INFO ProcessInvokerWrapper]   Redirected STDIN: 'False'
[2026-09-27 17:14:38Z INFO ProcessInvokerWrapper]   Persist current code page: 'True'
[2026-09-27 17:14:38Z INFO ProcessInvokerWrapper]   Keep redirected STDIN open: 'False'
[2026-09-27 17:14:38Z INFO ProcessInvokerWrapper]   High priority process: 'False'
[2026-09-27 17:14:38Z INFO ProcessInvokerWrapper] Process started with process id 9616, waiting for process exit.
[2026-09-27 17:14:38Z INFO ProcessInvokerWrapper] STDOUT/STDERR stream read finished.
[2026-09-27 17:14:38Z INFO ProcessInvokerWrapper] STDOUT/STDERR stream read finished.
[2026-09-27 17:14:38Z INFO ProcessInvokerWrapper] Finished process 9616 with exit code 0, and elapsed time 00:00:00.0294635.
[2026-09-27 17:14:38Z INFO StepsRunner] Successfully returned to code page 65001 (UTF8)
[2026-09-27 17:14:38Z INFO HostContext] Well known directory 'Bin': 'D:\cicd\actions-runner\bin'
[2026-09-27 17:14:38Z INFO HostContext] Well known directory 'Root': 'D:\cicd\actions-runner'
[2026-09-27 17:14:38Z INFO HostContext] Well known directory 'Work': 'D:\cicd\actions-runner\_work'
[2026-09-27 17:14:38Z INFO HostContext] Well known directory 'Actions': 'D:\cicd\actions-runner\_work\_actions'
[2026-09-27 17:14:38Z INFO ActionManager] Load action that reference repository from 'D:\cicd\actions-runner\_work\_actions\actions\checkout\v4'
[2026-09-27 17:14:38Z INFO HostContext] Well known directory 'Bin': 'D:\cicd\actions-runner\bin'
[2026-09-27 17:14:38Z INFO HostContext] Well known directory 'Root': 'D:\cicd\actions-runner'
[2026-09-27 17:14:38Z INFO HostContext] Well known directory 'Work': 'D:\cicd\actions-runner\_work'
[2026-09-27 17:14:38Z INFO HostContext] Well known directory 'Actions': 'D:\cicd\actions-runner\_work\_actions'
[2026-09-27 17:14:38Z INFO ActionManifestManagerLegacy] Loaded action.yml file: {
  "name": "Checkout",
  "description": "Checkout a Git repository at a particular version",
  "inputs": {
    "type": 2,
    "map": [
      {
        "key": {
          "type": 0,
          "file": 2,
          "line": 4,
          "col": 3,
          "lit": "repository"
        },
        "value": {
          "type": 3,
          "file": 2,
          "line": 6,
          "col": 14,
          "expr": "github.repository"
        }
      },
      {
        "key": {
          "type": 0,
          "file": 2,
          "line": 7,
          "col": 3,
          "lit": "ref"
        },
        "value": ""
      },
      {
        "key": {
          "type": 0,
          "file": 2,
          "line": 12,
          "col": 3,
          "lit": "token"
        },
        "value": {
          "type": 3,
          "file": 2,
          "line": 24,
          "col": 14,
          "expr": "github.token"
        }
      },
      {
        "key": {
          "type": 0,
          "file": 2,
          "line": 25,
          "col": 3,
          "lit": "ssh-key"
        },
        "value": ""
      },
      {
        "key": {
          "type": 0,
          "file": 2,
          "line": 37,
          "col": 3,
          "lit": "ssh-known-hosts"
        },
        "value": ""
      },
      {
        "key": {
          "type": 0,
          "file": 2,
          "line": 42,
          "col": 3,
          "lit": "ssh-strict"
        },
        "value": {
          "type": 0,
          "file": 2,
          "line": 47,
          "col": 14,
          "lit": "true"
        }
      },
      {
        "key": {
          "type": 0,
          "file": 2,
          "line": 48,
          "col": 3,
          "lit": "ssh-user"
        },
        "value": {
          "type": 0,
          "file": 2,
          "line": 51,
          "col": 14,
          "lit": "git"
        }
      },
      {
        "key": {
          "type": 0,
          "file": 2,
          "line": 52,
          "col": 3,
          "lit": "persist-credentials"
        },
        "value": {
          "type": 0,
          "file": 2,
          "line": 54,
          "col": 14,
          "lit": "true"
        }
      },
      {
        "key": {
          "type": 0,
          "file": 2,
          "line": 55,
          "col": 3,
          "lit": "path"
        },
        "value": ""
      },
      {
        "key": {
          "type": 0,
          "file": 2,
          "line": 57,
          "col": 3,
          "lit": "clean"
        },
        "value": {
          "type": 0,
          "file": 2,
          "line": 59,
          "col": 14,
          "lit": "true"
        }
      },
      {
        "key": {
          "type": 0,
          "file": 2,
          "line": 60,
          "col": 3,
          "lit": "filter"
        },
        "value": {
          "type": 0,
          "file": 2,
          "line": 64,
          "col": 14,
          "lit": ""
        }
      },
      {
        "key": {
          "type": 0,
          "file": 2,
          "line": 65,
          "col": 3,
          "lit": "sparse-checkout"
        },
        "value": {
          "type": 0,
          "file": 2,
          "line": 69,
          "col": 14,
          "lit": ""
        }
      },
      {
        "key": {
          "type": 0,
          "file": 2,
          "line": 70,
          "col": 3,
          "lit": "sparse-checkout-cone-mode"
        },
        "value": {
          "type": 0,
          "file": 2,
          "line": 73,
          "col": 14,
          "lit": "true"
        }
      },
      {
        "key": {
          "type": 0,
          "file": 2,
          "line": 74,
          "col": 3,
          "lit": "fetch-depth"
        },
        "value": {
          "type": 0,
          "file": 2,
          "line": 76,
          "col": 14,
          "lit": "1"
        }
      },
      {
        "key": {
          "type": 0,
          "file": 2,
          "line": 77,
          "col": 3,
          "lit": "fetch-tags"
        },
        "value": {
          "type": 0,
          "file": 2,
          "line": 79,
          "col": 14,
          "lit": "false"
        }
      },
      {
        "key": {
          "type": 0,
          "file": 2,
          "line": 80,
          "col": 3,
          "lit": "show-progress"
        },
        "value": {
          "type": 0,
          "file": 2,
          "line": 82,
          "col": 14,
          "lit": "true"
        }
      },
      {
        "key": {
          "type": 0,
          "file": 2,
          "line": 83,
          "col": 3,
          "lit": "lfs"
        },
        "value": {
          "type": 0,
          "file": 2,
          "line": 85,
          "col": 14,
          "lit": "false"
        }
      },
      {
        "key": {
          "type": 0,
          "file": 2,
          "line": 86,
          "col": 3,
          "lit": "submodules"
        },
        "value": {
          "type": 0,
          "file": 2,
          "line": 94,
          "col": 14,
          "lit": "false"
        }
      },
      {
        "key": {
          "type": 0,
          "file": 2,
          "line": 95,
          "col": 3,
          "lit": "set-safe-directory"
        },
        "value": {
          "type": 0,
          "file": 2,
          "line": 97,
          "col": 14,
          "lit": "true"
        }
      },
      {
        "key": {
          "type": 0,
          "file": 2,
          "line": 98,
          "col": 3,
          "lit": "github-server-url"
        },
        "value": ""
      },
      {
        "key": {
          "type": 0,
          "file": 2,
          "line": 101,
          "col": 3,
          "lit": "allow-unsafe-pr-checkout"
        },
        "value": {
          "type": 0,
          "file": 2,
          "line": 109,
          "col": 14,
          "lit": "false"
        }
      }
    ]
  },
  "execution": {
    "executionType": "nodeJS",
    "hasPre": false,
    "hasPost": true,
    "script": "dist/index.js",
    "pre": null,
    "post": "dist/index.js",
    "nodeVersion": "node20",
    "cleanupCondition": "always()",
    "initCondition": "always()"
  },
  "deprecated": null
}
[2026-09-27 17:14:38Z INFO ActionManager] Action pre node.js file: N/A.
[2026-09-27 17:14:38Z INFO ActionManager] Action node.js file: dist/index.js.
[2026-09-27 17:14:38Z INFO ActionManager] Action post node.js file: dist/index.js.
[2026-09-27 17:14:38Z INFO HostContext] Well known directory 'Bin': 'D:\cicd\actions-runner\bin'
[2026-09-27 17:14:38Z INFO HostContext] Well known directory 'Root': 'D:\cicd\actions-runner'
[2026-09-27 17:14:38Z INFO HostContext] Well known directory 'Work': 'D:\cicd\actions-runner\_work'
[2026-09-27 17:14:38Z INFO HostContext] Well known directory 'Temp': 'D:\cicd\actions-runner\_work\_temp'
[2026-09-27 17:14:38Z INFO ExecutionContext] Write event payload to D:\cicd\actions-runner\_work\_temp\_github_workflow\event.json
[2026-09-27 17:14:38Z INFO HostContext] Well known directory 'Bin': 'D:\cicd\actions-runner\bin'
[2026-09-27 17:14:38Z INFO HostContext] Well known directory 'Root': 'D:\cicd\actions-runner'
[2026-09-27 17:14:38Z INFO HostContext] Well known directory 'Work': 'D:\cicd\actions-runner\_work'
[2026-09-27 17:14:38Z INFO HostContext] Well known directory 'Temp': 'D:\cicd\actions-runner\_work\_temp'
[2026-09-27 17:14:38Z INFO ExtensionManager] Getting extensions for interface: 'GitHub.Runner.Worker.IFileCommandExtension'
[2026-09-27 17:14:38Z INFO ActionManifestManagerLegacy] Input 'repository': default value evaluate result: {
  "type": 0,
  "file": 2,
  "line": 6,
  "col": 14,
  "lit": "vikranttiwari988-ops/my-repo"
}
[2026-09-27 17:14:38Z INFO ActionManifestManagerLegacy] Input 'ref': default value evaluate result: ""
[2026-09-27 17:14:38Z INFO ActionManifestManagerLegacy] Input 'token': default value evaluate result: {
  "type": 0,
  "file": 2,
  "line": 24,
  "col": 14,
  "lit": "***"
}
[2026-09-27 17:14:38Z INFO ActionManifestManagerLegacy] Input 'ssh-key': default value evaluate result: ""
[2026-09-27 17:14:38Z INFO ActionManifestManagerLegacy] Input 'ssh-known-hosts': default value evaluate result: ""
[2026-09-27 17:14:38Z INFO ActionManifestManagerLegacy] Input 'ssh-strict': default value evaluate result: {
  "type": 0,
  "file": 2,
  "line": 47,
  "col": 14,
  "lit": "true"
}
[2026-09-27 17:14:38Z INFO ActionManifestManagerLegacy] Input 'ssh-user': default value evaluate result: {
  "type": 0,
  "file": 2,
  "line": 51,
  "col": 14,
  "lit": "git"
}
[2026-09-27 17:14:38Z INFO ActionManifestManagerLegacy] Input 'persist-credentials': default value evaluate result: {
  "type": 0,
  "file": 2,
  "line": 54,
  "col": 14,
  "lit": "true"
}
[2026-09-27 17:14:38Z INFO ActionManifestManagerLegacy] Input 'path': default value evaluate result: ""
[2026-09-27 17:14:38Z INFO ActionManifestManagerLegacy] Input 'clean': default value evaluate result: {
  "type": 0,
  "file": 2,
  "line": 59,
  "col": 14,
  "lit": "true"
}
[2026-09-27 17:14:38Z INFO ActionManifestManagerLegacy] Input 'filter': default value evaluate result: {
  "type": 0,
  "file": 2,
  "line": 64,
  "col": 14,
  "lit": ""
}
[2026-09-27 17:14:38Z INFO ActionManifestManagerLegacy] Input 'sparse-checkout': default value evaluate result: {
  "type": 0,
  "file": 2,
  "line": 69,
  "col": 14,
  "lit": ""
}
[2026-09-27 17:14:38Z INFO ActionManifestManagerLegacy] Input 'sparse-checkout-cone-mode': default value evaluate result: {
  "type": 0,
  "file": 2,
  "line": 73,
  "col": 14,
  "lit": "true"
}
[2026-09-27 17:14:38Z INFO ActionManifestManagerLegacy] Input 'fetch-depth': default value evaluate result: {
  "type": 0,
  "file": 2,
  "line": 76,
  "col": 14,
  "lit": "1"
}
[2026-09-27 17:14:38Z INFO ActionManifestManagerLegacy] Input 'fetch-tags': default value evaluate result: {
  "type": 0,
  "file": 2,
  "line": 79,
  "col": 14,
  "lit": "false"
}
[2026-09-27 17:14:38Z INFO ActionManifestManagerLegacy] Input 'show-progress': default value evaluate result: {
  "type": 0,
  "file": 2,
  "line": 82,
  "col": 14,
  "lit": "true"
}
[2026-09-27 17:14:38Z INFO ActionManifestManagerLegacy] Input 'lfs': default value evaluate result: {
  "type": 0,
  "file": 2,
  "line": 85,
  "col": 14,
  "lit": "false"
}
[2026-09-27 17:14:38Z INFO ActionManifestManagerLegacy] Input 'submodules': default value evaluate result: {
  "type": 0,
  "file": 2,
  "line": 94,
  "col": 14,
  "lit": "false"
}
[2026-09-27 17:14:38Z INFO ActionManifestManagerLegacy] Input 'set-safe-directory': default value evaluate result: {
  "type": 0,
  "file": 2,
  "line": 97,
  "col": 14,
  "lit": "true"
}
[2026-09-27 17:14:38Z INFO ActionManifestManagerLegacy] Input 'github-server-url': default value evaluate result: ""
[2026-09-27 17:14:38Z INFO ActionManifestManagerLegacy] Input 'allow-unsafe-pr-checkout': default value evaluate result: {
  "type": 0,
  "file": 2,
  "line": 109,
  "col": 14,
  "lit": "false"
}
[2026-09-27 17:14:38Z INFO ExtensionManager] Getting extensions for interface: 'GitHub.Runner.Worker.IActionCommandExtension'
[2026-09-27 17:14:38Z INFO ActionCommandManager] Register action command extension for command internal-set-repo-path
[2026-09-27 17:14:38Z INFO ActionCommandManager] Register action command extension for command set-env
[2026-09-27 17:14:38Z INFO ActionCommandManager] Register action command extension for command set-output
[2026-09-27 17:14:38Z INFO ActionCommandManager] Register action command extension for command save-state
[2026-09-27 17:14:38Z INFO ActionCommandManager] Register action command extension for command add-path
[2026-09-27 17:14:38Z INFO ActionCommandManager] Register action command extension for command add-mask
[2026-09-27 17:14:38Z INFO ActionCommandManager] Register action command extension for command add-matcher
[2026-09-27 17:14:38Z INFO ActionCommandManager] Register action command extension for command remove-matcher
[2026-09-27 17:14:38Z INFO ActionCommandManager] Register action command extension for command warning
[2026-09-27 17:14:38Z INFO ActionCommandManager] Register action command extension for command error
[2026-09-27 17:14:38Z INFO ActionCommandManager] Register action command extension for command notice
[2026-09-27 17:14:38Z INFO ActionCommandManager] Register action command extension for command debug
[2026-09-27 17:14:38Z INFO ActionCommandManager] Register action command extension for command group
[2026-09-27 17:14:38Z INFO ActionCommandManager] Register action command extension for command endgroup
[2026-09-27 17:14:38Z INFO ActionCommandManager] Register action command extension for command echo
[2026-09-27 17:14:38Z INFO HostContext] Well known directory 'Bin': 'D:\cicd\actions-runner\bin'
[2026-09-27 17:14:38Z INFO HostContext] Well known directory 'Root': 'D:\cicd\actions-runner'
[2026-09-27 17:14:38Z INFO HostContext] Well known directory 'Externals': 'D:\cicd\actions-runner\externals'
[2026-09-27 17:14:38Z INFO ProcessInvokerWrapper] Starting process:
[2026-09-27 17:14:38Z INFO ProcessInvokerWrapper]   File name: 'D:\cicd\actions-runner\externals\node24\bin\node.exe'
[2026-09-27 17:14:38Z INFO ProcessInvokerWrapper]   Arguments: '"D:\cicd\actions-runner\_work\_actions\actions\checkout\v4\dist/index.js"'
[2026-09-27 17:14:38Z INFO ProcessInvokerWrapper]   Working directory: 'D:\cicd\actions-runner\_work\my-repo\my-repo'
[2026-09-27 17:14:38Z INFO ProcessInvokerWrapper]   Require exit code zero: 'False'
[2026-09-27 17:14:38Z INFO ProcessInvokerWrapper]   Encoding web name: utf-8 ; code page: '65001'
[2026-09-27 17:14:38Z INFO ProcessInvokerWrapper]   Force kill process on cancellation: 'False'
[2026-09-27 17:14:38Z INFO ProcessInvokerWrapper]   Redirected STDIN: 'False'
[2026-09-27 17:14:38Z INFO ProcessInvokerWrapper]   Persist current code page: 'True'
[2026-09-27 17:14:38Z INFO ProcessInvokerWrapper]   Keep redirected STDIN open: 'False'
[2026-09-27 17:14:38Z INFO ProcessInvokerWrapper]   High priority process: 'False'
[2026-09-27 17:14:38Z INFO ProcessInvokerWrapper] Process started with process id 24960, waiting for process exit.
[2026-09-27 17:14:38Z INFO JobServerQueue] Try to append 1 batches web console lines for record '455ae051-fae4-4dbc-835b-05267719586c', success rate: 1/1.
[2026-09-27 17:14:38Z INFO JobServerQueue] Try to append 1 batches web console lines for record '5b1d0263-0088-4ab7-9d13-fc1429b9f1bb', success rate: 1/1.
[2026-09-27 17:14:38Z INFO JobServerQueue] Try to upload 1 log files or attachments, success rate: 1/1.
[2026-09-27 17:14:38Z INFO JobServerQueue] Got a step log file to send to results service.
[2026-09-27 17:14:38Z INFO JobServerQueue] Starting upload of step log file to results service ResultsLog, D:\cicd\actions-runner\_diag\blocks\6278e716-adbe-4bc3-8490-4ca6be58b13e_d251d2b3-1ecb-4b99-a4e7-6bf863c9c787.1
[2026-09-27 17:14:38Z INFO JobServerQueue] Try to append 1 batches web console lines for record '5b1d0263-0088-4ab7-9d13-fc1429b9f1bb', success rate: 1/1.
[2026-09-27 17:14:38Z INFO AddMaskCommandExtension] Add new secret mask with length of 32
[2026-09-27 17:14:39Z INFO JobServerQueue] Try to append 1 batches web console lines for record '5b1d0263-0088-4ab7-9d13-fc1429b9f1bb', success rate: 1/1.
[2026-09-27 17:14:39Z INFO JobServerQueue] Try to append 1 batches web console lines for record '5b1d0263-0088-4ab7-9d13-fc1429b9f1bb', success rate: 1/1.
[2026-09-27 17:14:39Z INFO JobServerQueue] Tried to upload 2 file(s) to results, success rate: 2/2.
[2026-09-27 17:14:40Z INFO JobServerQueue] Got a step log file to send to results service.
[2026-09-27 17:14:40Z INFO JobServerQueue] Starting upload of step log file to results service ResultsLog, D:\cicd\actions-runner\_diag\blocks\6278e716-adbe-4bc3-8490-4ca6be58b13e_455ae051-fae4-4dbc-835b-05267719586c.1
[2026-09-27 17:14:40Z INFO JobServerQueue] Try to append 1 batches web console lines for record '5b1d0263-0088-4ab7-9d13-fc1429b9f1bb', success rate: 1/1.
[2026-09-27 17:14:41Z INFO JobServerQueue] Try to append 1 batches web console lines for record '5b1d0263-0088-4ab7-9d13-fc1429b9f1bb', success rate: 1/1.
[2026-09-27 17:14:41Z INFO JobServerQueue] Tried to upload 1 file(s) to results, success rate: 1/1.
[2026-09-27 17:14:42Z INFO JobServerQueue] Try to append 1 batches web console lines for record '5b1d0263-0088-4ab7-9d13-fc1429b9f1bb', success rate: 1/1.
[2026-09-27 17:14:43Z INFO HostContext] Well known directory 'Bin': 'D:\cicd\actions-runner\bin'
[2026-09-27 17:14:43Z INFO HostContext] Well known directory 'Root': 'D:\cicd\actions-runner'
[2026-09-27 17:14:43Z INFO HostContext] Well known directory 'Work': 'D:\cicd\actions-runner\_work'
[2026-09-27 17:14:44Z INFO ProcessInvokerWrapper] STDOUT/STDERR stream read finished.
[2026-09-27 17:14:44Z INFO ProcessInvokerWrapper] STDOUT/STDERR stream read finished.
[2026-09-27 17:14:44Z INFO ProcessInvokerWrapper] Finished process 24960 with exit code 0, and elapsed time 00:00:05.6200667.
[2026-09-27 17:14:44Z INFO CreateStepSummaryCommand] Step Summary file (D:\cicd\actions-runner\_work\_temp\_runner_file_commands\step_summary_b53491a0-2b09-44b0-b675-41150ca71c86) is empty; skipping attachment upload
[2026-09-27 17:14:44Z INFO StepsRunner] Step result: 
[2026-09-27 17:14:44Z INFO ExecutionContext] Publish step telemetry for current step {
  "action": "actions/checkout",
  "ref": "v4",
  "type": "node24",
  "stage": "Post",
  "stepId": "5b1d0263-0088-4ab7-9d13-fc1429b9f1bb",
  "result": "succeeded",
  "errorMessages": [],
  "executionTimeInSeconds": 6,
  "startTime": "2026-09-27T17:14:38.4669953Z",
  "finishTime": "2026-09-27T17:14:44.160047Z"
}.
[2026-09-27 17:14:44Z INFO StepsRunner] No need for updating job result with current step result 'Succeeded'.
[2026-09-27 17:14:44Z INFO StepsRunner] Current state: job state = 'Failed'
[2026-09-27 17:14:44Z INFO JobRunner] Finalize job.
[2026-09-27 17:14:44Z INFO HostContext] Well known directory 'Bin': 'D:\cicd\actions-runner\bin'
[2026-09-27 17:14:44Z INFO HostContext] Well known directory 'Root': 'D:\cicd\actions-runner'
[2026-09-27 17:14:44Z INFO HostContext] Well known directory 'Diag': 'D:\cicd\actions-runner\_diag'
[2026-09-27 17:14:44Z INFO HostContext] Well known directory 'Bin': 'D:\cicd\actions-runner\bin'
[2026-09-27 17:14:44Z INFO HostContext] Well known directory 'Root': 'D:\cicd\actions-runner'
[2026-09-27 17:14:44Z INFO HostContext] Well known directory 'Diag': 'D:\cicd\actions-runner\_diag'
[2026-09-27 17:14:44Z INFO JobExtension] Initialize Env context
[2026-09-27 17:14:44Z INFO JobExtension] Initialize steps context
[2026-09-27 17:14:44Z INFO JobExtension] Support log upload starting.
[2026-09-27 17:14:44Z INFO HostContext] Well known directory 'Bin': 'D:\cicd\actions-runner\bin'
[2026-09-27 17:14:44Z INFO HostContext] Well known directory 'Root': 'D:\cicd\actions-runner'
[2026-09-27 17:14:44Z INFO HostContext] Well known directory 'Work': 'D:\cicd\actions-runner\_work'
[2026-09-27 17:14:44Z INFO HostContext] Well known directory 'Temp': 'D:\cicd\actions-runner\_work\_temp'
[2026-09-27 17:14:44Z INFO HostContext] Well known directory 'Bin': 'D:\cicd\actions-runner\bin'
[2026-09-27 17:14:44Z INFO HostContext] Well known directory 'Root': 'D:\cicd\actions-runner'
[2026-09-27 17:14:44Z INFO HostContext] Well known directory 'Diag': 'D:\cicd\actions-runner\_diag'
[2026-09-27 17:14:44Z INFO HostContext] Well known directory 'Bin': 'D:\cicd\actions-runner\bin'
[2026-09-27 17:14:44Z INFO HostContext] Well known directory 'Root': 'D:\cicd\actions-runner'
[2026-09-27 17:14:44Z INFO HostContext] Well known directory 'Diag': 'D:\cicd\actions-runner\_diag'
[2026-09-27 17:14:44Z INFO JobExtension] Support log upload complete.
[2026-09-27 17:14:44Z INFO JobServerQueue] Try to append 1 batches web console lines for record '5b1d0263-0088-4ab7-9d13-fc1429b9f1bb', success rate: 1/1.
[2026-09-27 17:14:44Z INFO JobServerQueue] Try to append 1 batches web console lines for record 'f1bd3562-4e5f-4922-86a9-e29a2108fd67', success rate: 1/1.
[2026-09-27 17:14:44Z INFO JobExtension] Total accessible running process: 353.
[2026-09-27 17:14:44Z INFO JobExtension] Wait for all connectivity checks to finish.
[2026-09-27 17:14:44Z INFO JobExtension] Connectivity check result: {
  "endpointUrl": "https://broker.actions.githubusercontent.com/health",
  "endpointIPs": null,
  "startTime": "2026-09-27T17:14:23.3433351Z",
  "statusCode": "http_OK",
  "requestId": "E98C:33DBB0:1EB5E43:20368EE:6AB94EF0",
  "httpRequestDurationInMs": 931,
  "dnsResolutionDurationInMs": 0,
  "dnsError": null
}
[2026-09-27 17:14:44Z INFO JobExtension] Connectivity check result: {
  "endpointUrl": "https://token.actions.githubusercontent.com/ready",
  "endpointIPs": null,
  "startTime": "2026-09-27T17:14:23.3449314Z",
  "statusCode": "http_NoContent",
  "requestId": "E98B:74C09:767C014:8E01E00:6AB94EF0",
  "httpRequestDurationInMs": 943,
  "dnsResolutionDurationInMs": 0,
  "dnsError": null
}
[2026-09-27 17:14:44Z INFO JobExtension] Connectivity check result: {
  "endpointUrl": "https://run.actions.githubusercontent.com/health",
  "endpointIPs": null,
  "startTime": "2026-09-27T17:14:23.3454074Z",
  "statusCode": "http_OK",
  "requestId": "E98D:1B58DA:1E41961:1FC2359:6AB94EF0",
  "httpRequestDurationInMs": 928,
  "dnsResolutionDurationInMs": 0,
  "dnsError": null
}
[2026-09-27 17:14:44Z INFO ExecutionContext] Publish step telemetry for current step {
  "action": "complete_job",
  "type": "runner",
  "stage": "Post",
  "stepId": "f1bd3562-4e5f-4922-86a9-e29a2108fd67",
  "result": "succeeded",
  "errorMessages": [
    "Node.js 20 is deprecated. The following actions target Node.js 20 but are being forced to run on Node.js 24: actions/checkout@v4. For more information see: https://github.blog/changelog/2025-09-19-deprecation-of-node-20-on-github-actions-runners/"
  ],
  "executionTimeInSeconds": 1,
  "startTime": "2026-09-27T17:14:44.1860322Z",
  "finishTime": "2026-09-27T17:14:44.3260479Z"
}.
[2026-09-27 17:14:44Z INFO JobRunner] Job result after all job steps finish: Failed
[2026-09-27 17:14:44Z INFO JobRunner] Completing the job execution context.
[2026-09-27 17:14:44Z INFO JobRunner] Shutting down the job server queue.
[2026-09-27 17:14:44Z INFO JobServerQueue] Fire signal to shutdown all queues.
[2026-09-27 17:14:45Z INFO JobServerQueue] All queue process task stopped.
[2026-09-27 17:14:45Z INFO JobServerQueue] Try to append 1 batches web console lines for record 'f1bd3562-4e5f-4922-86a9-e29a2108fd67', success rate: 1/1.
[2026-09-27 17:14:45Z INFO JobServerQueue] Try to append 1 batches web console lines for record 'd93a9662-306a-5e8e-a501-cac4a4d374b8', success rate: 1/1.
[2026-09-27 17:14:45Z INFO JobServerQueue] Web console line queue drained.
[2026-09-27 17:14:45Z INFO JobServerQueue] Uploading 5 files in one shot.
[2026-09-27 17:14:45Z INFO JobServerQueue] Try to upload 5 log files or attachments, success rate: 5/5.
[2026-09-27 17:14:45Z INFO JobServerQueue] File upload queue drained.
[2026-09-27 17:14:45Z INFO JobServerQueue] Starting results-based upload queue...
[2026-09-27 17:14:45Z INFO JobServerQueue] Uploading 4 file(s) in one shot through results service.
[2026-09-27 17:14:45Z INFO JobServerQueue] Got a step log file to send to results service.
[2026-09-27 17:14:45Z INFO JobServerQueue] Starting upload of step log file to results service ResultsLog, D:\cicd\actions-runner\_diag\blocks\6278e716-adbe-4bc3-8490-4ca6be58b13e_5b1d0263-0088-4ab7-9d13-fc1429b9f1bb.1
[2026-09-27 17:14:45Z INFO JobServerQueue] Starting to upload diagnostic logs file to results service Build UnknownBuildNumber-ci-cd.zip, D:\cicd\actions-runner\_work\_temp\__default-support\Build UnknownBuildNumber-ci-cd.zip
[2026-09-27 17:14:46Z INFO JobServerQueue] Got a step log file to send to results service.
[2026-09-27 17:14:46Z INFO JobServerQueue] Starting upload of step log file to results service ResultsLog, D:\cicd\actions-runner\_diag\blocks\6278e716-adbe-4bc3-8490-4ca6be58b13e_f1bd3562-4e5f-4922-86a9-e29a2108fd67.1
[2026-09-27 17:14:47Z INFO JobServerQueue] Got a job log file to send to results service.
[2026-09-27 17:14:47Z INFO JobServerQueue] Starting upload of job log file to results service ResultsLog, D:\cicd\actions-runner\_diag\blocks\6278e716-adbe-4bc3-8490-4ca6be58b13e_d93a9662-306a-5e8e-a501-cac4a4d374b8.1
[2026-09-27 17:14:48Z INFO JobServerQueue] Tried to upload 4 file(s) to results, success rate: 4/4.
[2026-09-27 17:14:48Z INFO JobServerQueue] Results upload queue drained.
[2026-09-27 17:14:48Z INFO JobServerQueue] Timeline update queue drained.
[2026-09-27 17:14:48Z INFO JobServerQueue] Disposing job server ...
[2026-09-27 17:14:48Z INFO JobServerQueue] Disposing results server ...
[2026-09-27 17:14:48Z INFO JobServerQueue] All queue process tasks have been stopped, and all queues are drained.
[2026-09-27 17:14:48Z INFO TempDirectoryManager] Cleaning runner temp folder: D:\cicd\actions-runner\_work\_temp
[2026-09-27 17:14:48Z INFO HostContext] Well known directory 'Bin': 'D:\cicd\actions-runner\bin'
[2026-09-27 17:14:48Z INFO HostContext] Well known directory 'Root': 'D:\cicd\actions-runner'
[2026-09-27 17:14:48Z INFO HostContext] Well known directory 'Diag': 'D:\cicd\actions-runner\_diag'
[2026-09-27 17:14:48Z INFO HostContext] Well known config file 'Telemetry': 'D:\cicd\actions-runner\_diag\.telemetry'
[2026-09-27 17:14:48Z INFO JobRunner] Raising job completed against run service
[2026-09-27 17:14:49Z INFO Worker] Job completed.
