[2026-09-30 19:16:33Z INFO HostContext] No proxy settings were found based on environmental variables (http_proxy/https_proxy/HTTP_PROXY/HTTPS_PROXY)
[2026-09-30 19:16:33Z INFO HostContext] Well known directory 'Bin': 'D:\cicd\actions-runner\bin'
[2026-09-30 19:16:33Z INFO HostContext] Well known directory 'Root': 'D:\cicd\actions-runner'
[2026-09-30 19:16:33Z INFO HostContext] Well known config file 'Credentials': 'D:\cicd\actions-runner\.credentials'
[2026-09-30 19:16:33Z INFO HostContext] Well known directory 'Bin': 'D:\cicd\actions-runner\bin'
[2026-09-30 19:16:33Z INFO HostContext] Well known directory 'Root': 'D:\cicd\actions-runner'
[2026-09-30 19:16:33Z INFO HostContext] Well known config file 'Runner': 'D:\cicd\actions-runner\.runner'
[2026-09-30 19:16:33Z INFO Worker] Version: 2.337.0
[2026-09-30 19:16:33Z INFO Worker] Commit: 397b032cbf865e9c3ddfab89d533ec19325e1273
[2026-09-30 19:16:33Z INFO Worker] Culture: en-IN
[2026-09-30 19:16:33Z INFO Worker] UI Culture: en-US
[2026-09-30 19:16:33Z INFO Worker] Waiting to receive the job message from the channel.
[2026-09-30 19:16:33Z INFO ProcessChannel] Receiving message of length 26039, with hash '1721636e46456c510d459aae113fe0eeea4aed34fd0a74ff4b37e4b86f889fb7'
[2026-09-30 19:16:33Z INFO Worker] Message received.
[2026-09-30 19:16:34Z INFO Worker] Job message:
 {
  "fileTable": [
    ".github/workflows/k8s_by_terraform.yaml"
  ],
  "mask": [
    {
      "type": "regex",
      "value": "***"
    },
    {
      "type": "regex",
      "value": "***"
    },
    {
      "type": "regex",
      "value": "***"
    },
    {
      "type": "regex",
      "value": "***"
    },
    {
      "type": "regex",
      "value": "***"
    },
    {
      "type": "regex",
      "value": "***"
    },
    {
      "type": "regex",
      "value": "***"
    },
    {
      "type": "regex",
      "value": "***"
    },
    {
      "type": "regex",
      "value": "***"
    },
    {
      "type": "regex",
      "value": "***"
    },
    {
      "type": "regex",
      "value": "***"
    },
    {
      "type": "regex",
      "value": "***"
    },
    {
      "type": "regex",
      "value": "***"
    },
    {
      "type": "regex",
      "value": "***"
    },
    {
      "type": "regex",
      "value": "***"
    },
    {
      "type": "regex",
      "value": "***"
    },
    {
      "type": "regex",
      "value": "***"
    },
    {
      "type": "regex",
      "value": "***"
    },
    {
      "type": "regex",
      "value": "***"
    },
    {
      "type": "regex",
      "value": "***"
    },
    {
      "type": "regex",
      "value": "***"
    },
    {
      "type": "regex",
      "value": "***"
    },
    {
      "type": "regex",
      "value": "***"
    },
    {
      "type": "regex",
      "value": "***"
    }
  ],
  "steps": [
    {
      "type": "action",
      "reference": {
        "type": "repository",
        "name": "actions/checkout",
        "ref": "v4",
        "repositoryType": "GitHub"
      },
      "displayNameToken": {
        "type": 0,
        "file": 1,
        "line": 12,
        "col": 15,
        "lit": "Checkout Code"
      },
      "contextName": "__actions_checkout",
      "condition": "success()",
      "id": "ed94a384-ecfe-4cb7-9dc2-6e250d170732",
      "name": "__actions_checkout"
    },
    {
      "type": "action",
      "reference": {
        "type": "script"
      },
      "displayNameToken": {
        "type": 0,
        "file": 1,
        "line": 15,
        "col": 15,
        "lit": "Docker Login"
      },
      "contextName": "__run",
      "inputs": {
        "type": 2,
        "map": [
          {
            "key": "script",
            "value": {
              "type": 3,
              "file": 1,
              "line": 16,
              "col": 14,
              "expr": "format('echo \"{0}\" | docker login -u \"{1}\" --password-stdin', secrets.DOCKERHUB_TOKEN, secrets.DOCKERHUB_USERNAME)"
            }
          }
        ]
      },
      "condition": "success()",
      "id": "4a6e3593-2207-48b4-af97-daddb4923899",
      "name": "__run"
    },
    {
      "type": "action",
      "reference": {
        "type": "script"
      },
      "displayNameToken": {
        "type": 0,
        "file": 1,
        "line": 18,
        "col": 15,
        "lit": "Build Docker Image"
      },
      "contextName": "__run_2",
      "inputs": {
        "type": 2,
        "map": [
          {
            "key": "script",
            "value": {
              "type": 3,
              "file": 1,
              "line": 19,
              "col": 14,
              "expr": "format('docker build -t ***/devops:{0} .\ndocker push ***/devops:{1}\n', github.run_number, github.run_number)"
            }
          }
        ]
      },
      "condition": "success()",
      "id": "2a4b9d6e-7db2-4a34-b051-260282729745",
      "name": "__run_2"
    },
    {
      "type": "action",
      "reference": {
        "type": "script"
      },
      "displayNameToken": {
        "type": 0,
        "file": 1,
        "line": 23,
        "col": 15,
        "lit": "Terraform Init"
      },
      "contextName": "__run_3",
      "inputs": {
        "type": 2,
        "map": [
          {
            "key": "script",
            "value": {
              "type": 0,
              "file": 1,
              "line": 25,
              "col": 14,
              "lit": "terraform init"
            }
          },
          {
            "key": "workingDirectory",
            "value": {
              "type": 0,
              "file": 1,
              "line": 24,
              "col": 28,
              "lit": "terraform_pipeline/infra"
            }
          }
        ]
      },
      "condition": "success()",
      "id": "5e260b1b-141e-4fdd-b4dc-e38ba9c79464",
      "name": "__run_3"
    },
    {
      "type": "action",
      "reference": {
        "type": "script"
      },
      "displayNameToken": {
        "type": 0,
        "file": 1,
        "line": 27,
        "col": 15,
        "lit": "Terraform Validate"
      },
      "contextName": "__run_4",
      "inputs": {
        "type": 2,
        "map": [
          {
            "key": "script",
            "value": {
              "type": 0,
              "file": 1,
              "line": 29,
              "col": 14,
              "lit": "terraform validate"
            }
          },
          {
            "key": "workingDirectory",
            "value": {
              "type": 0,
              "file": 1,
              "line": 28,
              "col": 28,
              "lit": "terraform_pipeline/infra"
            }
          }
        ]
      },
      "condition": "success()",
      "id": "52b18c1e-9aff-41fe-8c53-0af2aa0afb33",
      "name": "__run_4"
    },
    {
      "type": "action",
      "reference": {
        "type": "script"
      },
      "displayNameToken": {
        "type": 0,
        "file": 1,
        "line": 31,
        "col": 15,
        "lit": "Terraform Plan"
      },
      "contextName": "__run_5",
      "inputs": {
        "type": 2,
        "map": [
          {
            "key": "script",
            "value": {
              "type": 3,
              "file": 1,
              "line": 33,
              "col": 14,
              "expr": "format('terraform plan -var=\"image_tag={0}\"', github.run_number)"
            }
          },
          {
            "key": "workingDirectory",
            "value": {
              "type": 0,
              "file": 1,
              "line": 32,
              "col": 28,
              "lit": "terraform_pipeline/infra"
            }
          }
        ]
      },
      "condition": "success()",
      "id": "7e25322c-1a2d-4390-bd19-a55cb6164976",
      "name": "__run_5"
    },
    {
      "type": "action",
      "reference": {
        "type": "script"
      },
      "displayNameToken": {
        "type": 0,
        "file": 1,
        "line": 35,
        "col": 15,
        "lit": "Terraform Apply"
      },
      "contextName": "__run_6",
      "inputs": {
        "type": 2,
        "map": [
          {
            "key": "script",
            "value": {
              "type": 0,
              "file": 1,
              "line": 37,
              "col": 14,
              "lit": "terraform apply -auto-approve"
            }
          },
          {
            "key": "workingDirectory",
            "value": {
              "type": 0,
              "file": 1,
              "line": 36,
              "col": 28,
              "lit": "terraform_pipeline/infra"
            }
          }
        ]
      },
      "condition": "success()",
      "id": "0b478611-ae6d-49de-ad69-89a6a231cb1a",
      "name": "__run_6"
    },
    {
      "type": "action",
      "reference": {
        "type": "script"
      },
      "displayNameToken": {
        "type": 0,
        "file": 1,
        "line": 39,
        "col": 15,
        "lit": "Wait for Deployment"
      },
      "contextName": "__run_7",
      "inputs": {
        "type": 2,
        "map": [
          {
            "key": "script",
            "value": {
              "type": 0,
              "file": 1,
              "line": 40,
              "col": 14,
              "lit": "kubectl rollout status deployment/devops-app"
            }
          }
        ]
      },
      "condition": "success()",
      "id": "9c7c8428-3b52-4898-9fb9-bb7ae079d277",
      "name": "__run_7"
    },
    {
      "type": "action",
      "reference": {
        "type": "script"
      },
      "displayNameToken": {
        "type": 0,
        "file": 1,
        "line": 42,
        "col": 15,
        "lit": "Verify Pods"
      },
      "contextName": "__run_8",
      "inputs": {
        "type": 2,
        "map": [
          {
            "key": "script",
            "value": {
              "type": 0,
              "file": 1,
              "line": 43,
              "col": 14,
              "lit": "kubectl get pods -o wide"
            }
          }
        ]
      },
      "condition": "success()",
      "id": "154563ca-d8e3-45eb-926c-220a62e1dea8",
      "name": "__run_8"
    }
  ],
  "variables": {
    "Actions.EnableHttpRedirects": {
      "value": "true"
    },
    "DOCKERHUB_TOKEN": {
      "value": "***",
      "isSecret": true
    },
    "DOCKERHUB_USERNAME": {
      "value": "***",
      "isSecret": true
    },
    "DistributedTask.AddWarningToNode12Action": {
      "value": "true"
    },
    "DistributedTask.AddWarningToNode16Action": {
      "value": "true"
    },
    "DistributedTask.AllowRunnerContainerHooks": {
      "value": "true"
    },
    "DistributedTask.DeprecateStepOutputCommands": {
      "value": "true"
    },
    "DistributedTask.DetailUntarFailure": {
      "value": "true"
    },
    "DistributedTask.EnableCompositeActions": {
      "value": "true"
    },
    "DistributedTask.EnableJobServerQueueTelemetry": {
      "value": "true"
    },
    "DistributedTask.EnhancedAnnotations": {
      "value": "true"
    },
    "DistributedTask.ForceGithubJavascriptActionsToNode16": {
      "value": "true"
    },
    "DistributedTask.ForceGithubJavascriptActionsToNode20": {
      "value": "true"
    },
    "DistributedTask.LogTemplateErrorsAsDebugMessages": {
      "value": "true"
    },
    "DistributedTask.MarkJobAsFailedOnWorkerCrash": {
      "value": "true"
    },
    "DistributedTask.NewActionMetadata": {
      "value": "true"
    },
    "DistributedTask.UploadStepSummary": {
      "value": "true"
    },
    "DistributedTask.UseActionArchiveCache": {
      "value": "true"
    },
    "DistributedTask.UseWhich2": {
      "value": "true"
    },
    "RunService.FixEmbeddedIssues": {
      "value": "true"
    },
    "actions.runner.requirenode24": {
      "value": "true"
    },
    "actions.runner.usenode24bydefault": {
      "value": "true"
    },
    "actions.runner.warnonnode20": {
      "value": "true"
    },
    "actions_add_check_run_id_to_job_context": {
      "value": "true"
    },
    "actions_batch_action_resolution": {
      "value": "false"
    },
    "actions_cache_mode": {
      "value": "write"
    },
    "actions_container_action_runner_temp": {
      "value": "true"
    },
    "actions_display_helpful_actions_download_errors": {
      "value": "true"
    },
    "actions_runner_allow_artifacts_file": {
      "value": "false"
    },
    "actions_runner_compare_workflow_parser": {
      "value": "false"
    },
    "actions_runner_deprecate_linux_arm32": {
      "value": "true"
    },
    "actions_runner_emit_composite_markers": {
      "value": "true"
    },
    "actions_runner_kill_linux_arm32": {
      "value": "false"
    },
    "actions_runner_node20_removal_date": {
      "value": "September 23rd, 2026"
    },
    "actions_runner_node24_default_date": {
      "value": "June 16th, 2026"
    },
    "actions_self_repository": {
      "value": "true"
    },
    "actions_service_container_command": {
      "value": "true"
    },
    "actions_set_orchestration_id_env_for_actions": {
      "value": "true"
    },
    "actions_skip_retry_complete_job_upon_known_errors": {
      "value": "true"
    },
    "actions_snapshot_preflight_hosted_runner_check": {
      "value": "false"
    },
    "actions_snapshot_preflight_image_gen_pool_check": {
      "value": "false"
    },
    "actions_use_bearer_token_for_codeload": {
      "value": "false"
    },
    "actions_uses_cache_service_v2": {
      "value": "true"
    },
    "github_token": {
      "value": "***",
      "isSecret": true
    },
    "system.from_run_service": {
      "value": "true"
    },
    "system.github.job": {
      "value": "deploy"
    },
    "system.github.launch_endpoint": {
      "value": "https://launch.actions.githubusercontent.com"
    },
    "system.github.results_endpoint": {
      "value": "https://results-receiver.actions.githubusercontent.com/"
    },
    "system.github.results_upload_with_sdk": {
      "value": "true"
    },
    "system.github.token": {
      "value": "***",
      "isSecret": true
    },
    "system.github.token.permissions": {
      "value": "{\"Contents\":\"read\",\"Metadata\":\"read\",\"Packages\":\"read\"}"
    },
    "system.orchestrationId": {
      "value": "c9618cc0-b484-858e-a970-dbd442ce7d47.deploy.__default"
    },
    "system.phaseDisplayName": {
      "value": "deploy"
    },
    "system.runner.lowdiskspacethreshold": {
      "value": "100"
    },
    "system.runnerEnvironment": {
      "value": "self-hosted"
    },
    "system.runnerGroupName": {
      "value": "Default"
    }
  },
  "messageType": "RunnerJobRequest",
  "plan": {
    "scopeIdentifier": "00000000-0000-0000-0000-000000000000",
    "planType": "actions",
    "version": 0,
    "planId": "c9618cc0-b484-858e-a970-dbd442ce7d47",
    "planGroup": null,
    "artifactUri": null,
    "artifactLocation": null,
    "definition": null,
    "owner": null
  },
  "timeline": {
    "id": "c9618cc0-b484-858e-a970-dbd442ce7d47",
    "changeId": 0,
    "location": null
  },
  "jobId": "d402e786-a326-58fe-8d18-5013ed5ee0dc",
  "jobDisplayName": "deploy",
  "jobName": "__default",
  "requestId": 0,
  "lockedUntil": "0001-01-01T00:00:00",
  "resources": {
    "endpoints": [
      {
        "data": {
          "ServerId": "",
          "ServerName": "",
          "CacheServerUrl": "https://artifactcache.actions.githubusercontent.com/vNJajpvbF6IjDhJJK2oJL6aFAilgYF0ASuY1lz9oWwnetORATd/",
          "FeedStreamUrl": "wss://results-receiver.actions.githubusercontent.com/_ws/ingest.sock",
          "ResultsServiceUrl": "https://results-receiver.actions.githubusercontent.com/",
          "PipelinesServiceUrl": "https://pipelinesghubeus4.actions.githubusercontent.com/vNJajpvbF6IjDhJJK2oJL6aFAilgYF0ASuY1lz9oWwnetORATd/",
          "GenerateIdTokenUrl": "",
          "ConnectivityChecks": "[\"https://broker.actions.githubusercontent.com/health\",\"https://token.actions.githubusercontent.com/ready\",\"https://run.actions.githubusercontent.com/health\"]",
          "ConnectivityAndDNSChecks": ""
        },
        "name": "SystemVssConnection",
        "url": "https://run-actions-3-azure-eastus.actions.githubusercontent.com/134/",
        "authorization": {
          "parameters": {
            "AccessToken": "***"
          },
          "scheme": "OAuth"
        },
        "isShared": false,
        "isReady": true
      }
    ]
  },
  "contextData": {
    "github": {
      "t": 2,
      "d": [
        {
          "k": "ref",
          "v": "refs/heads/main"
        },
        {
          "k": "sha",
          "v": "49e9b4ca87d4c8ced417dd7e9776113c100ed6ac"
        },
        {
          "k": "repository",
          "v": "***-ops/my-repo"
        },
        {
          "k": "repository_owner",
          "v": "***-ops"
        },
        {
          "k": "repository_owner_id",
          "v": "328057542"
        },
        {
          "k": "repositoryUrl",
          "v": "git://github.com/***-ops/my-repo.git"
        },
        {
          "k": "run_id",
          "v": "36764515049"
        },
        {
          "k": "run_number",
          "v": "7"
        },
        {
          "k": "retention_days",
          "v": "90"
        },
        {
          "k": "run_attempt",
          "v": "1"
        },
        {
          "k": "artifact_cache_size_limit",
          "v": "10"
        },
        {
          "k": "repository_visibility",
          "v": "public"
        },
        {
          "k": "actor_id",
          "v": "328057542"
        },
        {
          "k": "actor",
          "v": "***-ops"
        },
        {
          "k": "workflow",
          "v": "Local CI-CD Pipelines"
        },
        {
          "k": "head_ref",
          "v": ""
        },
        {
          "k": "base_ref",
          "v": ""
        },
        {
          "k": "event_name",
          "v": "push"
        },
        {
          "k": "server_url",
          "v": "https://github.com"
        },
        {
          "k": "api_url",
          "v": "https://api.github.com"
        },
        {
          "k": "graphql_url",
          "v": "https://api.github.com/graphql"
        },
        {
          "k": "ref_name",
          "v": "main"
        },
        {
          "k": "ref_protected",
          "v": false
        },
        {
          "k": "ref_type",
          "v": "branch"
        },
        {
          "k": "secret_source",
          "v": "Actions"
        },
        {
          "k": "event",
          "v": {
            "t": 2,
            "d": [
              {
                "k": "after",
                "v": "49e9b4ca87d4c8ced417dd7e9776113c100ed6ac"
              },
              {
                "k": "base_ref",
                "v": null
              },
              {
                "k": "before",
                "v": "f9cd4f9fa3927c37a18b3361cdfe06ad6ea56bc9"
              },
              {
                "k": "commits",
                "v": {
                  "t": 1,
                  "a": [
                    {
                      "t": 2,
                      "d": [
                        {
                          "k": "author",
                          "v": {
                            "t": 2,
                            "d": [
                              {
                                "k": "email",
                                "v": "***@gmail.com"
                              },
                              {
                                "k": "name",
                                "v": "***"
                              },
                              {
                                "k": "username",
                                "v": "***-ops"
                              }
                            ]
                          }
                        },
                        {
                          "k": "committer",
                          "v": {
                            "t": 2,
                            "d": [
                              {
                                "k": "email",
                                "v": "***@gmail.com"
                              },
                              {
                                "k": "name",
                                "v": "***"
                              },
                              {
                                "k": "username",
                                "v": "***-ops"
                              }
                            ]
                          }
                        },
                        {
                          "k": "distinct",
                          "v": true
                        },
                        {
                          "k": "id",
                          "v": "49e9b4ca87d4c8ced417dd7e9776113c100ed6ac"
                        },
                        {
                          "k": "message",
                          "v": "dockerfilechanged_variabletf_added"
                        },
                        {
                          "k": "timestamp",
                          "v": "2026-10-01T00:46:15+05:30"
                        },
                        {
                          "k": "tree_id",
                          "v": "a9230545bac55822b27ae2fee8fa777944b3568d"
                        },
                        {
                          "k": "url",
                          "v": "https://github.com/***-ops/my-repo/commit/49e9b4ca87d4c8ced417dd7e9776113c100ed6ac"
                        }
                      ]
                    }
                  ]
                }
              },
              {
                "k": "compare",
                "v": "https://github.com/***-ops/my-repo/compare/f9cd4f9fa392...49e9b4ca87d4"
              },
              {
                "k": "created",
                "v": false
              },
              {
                "k": "deleted",
                "v": false
              },
              {
                "k": "forced",
                "v": false
              },
              {
                "k": "head_commit",
                "v": {
                  "t": 2,
                  "d": [
                    {
                      "k": "author",
                      "v": {
                        "t": 2,
                        "d": [
                          {
                            "k": "email",
                            "v": "***@gmail.com"
                          },
                          {
                            "k": "name",
                            "v": "***"
                          },
                          {
                            "k": "username",
                            "v": "***-ops"
                          }
                        ]
                      }
                    },
                    {
                      "k": "committer",
                      "v": {
                        "t": 2,
                        "d": [
                          {
                            "k": "email",
                            "v": "***@gmail.com"
                          },
                          {
                            "k": "name",
                            "v": "***"
                          },
                          {
                            "k": "username",
                            "v": "***-ops"
                          }
                        ]
                      }
                    },
                    {
                      "k": "distinct",
                      "v": true
                    },
                    {
                      "k": "id",
                      "v": "49e9b4ca87d4c8ced417dd7e9776113c100ed6ac"
                    },
                    {
                      "k": "message",
                      "v": "dockerfilechanged_variabletf_added"
                    },
                    {
                      "k": "timestamp",
                      "v": "2026-10-01T00:46:15+05:30"
                    },
                    {
                      "k": "tree_id",
                      "v": "a9230545bac55822b27ae2fee8fa777944b3568d"
                    },
                    {
                      "k": "url",
                      "v": "https://github.com/***-ops/my-repo/commit/49e9b4ca87d4c8ced417dd7e9776113c100ed6ac"
                    }
                  ]
                }
              },
              {
                "k": "pusher",
                "v": {
                  "t": 2,
                  "d": [
                    {
                      "k": "email",
                      "v": "***@gmail.com"
                    },
                    {
                      "k": "name",
                      "v": "***-ops"
                    }
                  ]
                }
              },
              {
                "k": "ref",
                "v": "refs/heads/main"
              },
              {
                "k": "repository",
                "v": {
                  "t": 2,
                  "d": [
                    {
                      "k": "allow_forking",
                      "v": true
                    },
                    {
                      "k": "archive_url",
                      "v": "https://api.github.com/repos/***-ops/my-repo/{archive_format}{/ref}"
                    },
                    {
                      "k": "archived",
                      "v": false
                    },
                    {
                      "k": "assignees_url",
                      "v": "https://api.github.com/repos/***-ops/my-repo/assignees{/user}"
                    },
                    {
                      "k": "blobs_url",
                      "v": "https://api.github.com/repos/***-ops/my-repo/git/blobs{/sha}"
                    },
                    {
                      "k": "branches_url",
                      "v": "https://api.github.com/repos/***-ops/my-repo/branches{/branch}"
                    },
                    {
                      "k": "clone_url",
                      "v": "https://github.com/***-ops/my-repo.git"
                    },
                    {
                      "k": "collaborators_url",
                      "v": "https://api.github.com/repos/***-ops/my-repo/collaborators{/collaborator}"
                    },
                    {
                      "k": "comments_url",
                      "v": "https://api.github.com/repos/***-ops/my-repo/comments{/number}"
                    },
                    {
                      "k": "commits_url",
                      "v": "https://api.github.com/repos/***-ops/my-repo/commits{/sha}"
                    },
                    {
                      "k": "compare_url",
                      "v": "https://api.github.com/repos/***-ops/my-repo/compare/{base}...{head}"
                    },
                    {
                      "k": "contents_url",
                      "v": "https://api.github.com/repos/***-ops/my-repo/contents/{+path}"
                    },
                    {
                      "k": "contributors_url",
                      "v": "https://api.github.com/repos/***-ops/my-repo/contributors"
                    },
                    {
                      "k": "created_at",
                      "v": 1789143027.0
                    },
                    {
                      "k": "default_branch",
                      "v": "main"
                    },
                    {
                      "k": "deployments_url",
                      "v": "https://api.github.com/repos/***-ops/my-repo/deployments"
                    },
                    {
                      "k": "description",
                      "v": "my repository "
                    },
                    {
                      "k": "disabled",
                      "v": false
                    },
                    {
                      "k": "downloads_url",
                      "v": "https://api.github.com/repos/***-ops/my-repo/downloads"
                    },
                    {
                      "k": "events_url",
                      "v": "https://api.github.com/repos/***-ops/my-repo/events"
                    },
                    {
                      "k": "fork",
                      "v": false
                    },
                    {
                      "k": "forks",
                      "v": 0.0
                    },
                    {
                      "k": "forks_count",
                      "v": 0.0
                    },
                    {
                      "k": "forks_url",
                      "v": "https://api.github.com/repos/***-ops/my-repo/forks"
                    },
                    {
                      "k": "full_name",
                      "v": "***-ops/my-repo"
                    },
                    {
                      "k": "git_commits_url",
                      "v": "https://api.github.com/repos/***-ops/my-repo/git/commits{/sha}"
                    },
                    {
                      "k": "git_refs_url",
                      "v": "https://api.github.com/repos/***-ops/my-repo/git/refs{/sha}"
                    },
                    {
                      "k": "git_tags_url",
                      "v": "https://api.github.com/repos/***-ops/my-repo/git/tags{/sha}"
                    },
                    {
                      "k": "git_url",
                      "v": "git://github.com/***-ops/my-repo.git"
                    },
                    {
                      "k": "has_discussions",
                      "v": false
                    },
                    {
                      "k": "has_downloads",
                      "v": true
                    },
                    {
                      "k": "has_issues",
                      "v": true
                    },
                    {
                      "k": "has_pages",
                      "v": false
                    },
                    {
                      "k": "has_projects",
                      "v": true
                    },
                    {
                      "k": "has_pull_requests",
                      "v": true
                    },
                    {
                      "k": "has_wiki",
                      "v": true
                    },
                    {
                      "k": "homepage",
                      "v": null
                    },
                    {
                      "k": "hooks_url",
                      "v": "https://api.github.com/repos/***-ops/my-repo/hooks"
                    },
                    {
                      "k": "html_url",
                      "v": "https://github.com/***-ops/my-repo"
                    },
                    {
                      "k": "id",
                      "v": 1366412515.0
                    },
                    {
                      "k": "is_template",
                      "v": false
                    },
                    {
                      "k": "issue_comment_url",
                      "v": "https://api.github.com/repos/***-ops/my-repo/issues/comments{/number}"
                    },
                    {
                      "k": "issue_events_url",
                      "v": "https://api.github.com/repos/***-ops/my-repo/issues/events{/number}"
                    },
                    {
                      "k": "issues_url",
                      "v": "https://api.github.com/repos/***-ops/my-repo/issues{/number}"
                    },
                    {
                      "k": "keys_url",
                      "v": "https://api.github.com/repos/***-ops/my-repo/keys{/key_id}"
                    },
                    {
                      "k": "labels_url",
                      "v": "https://api.github.com/repos/***-ops/my-repo/labels{/name}"
                    },
                    {
                      "k": "language",
                      "v": "HCL"
                    },
                    {
                      "k": "languages_url",
                      "v": "https://api.github.com/repos/***-ops/my-repo/languages"
                    },
                    {
                      "k": "license",
                      "v": null
                    },
                    {
                      "k": "master_branch",
                      "v": "main"
                    },
                    {
                      "k": "merges_url",
                      "v": "https://api.github.com/repos/***-ops/my-repo/merges"
                    },
                    {
                      "k": "milestones_url",
                      "v": "https://api.github.com/repos/***-ops/my-repo/milestones{/number}"
                    },
                    {
                      "k": "mirror_url",
                      "v": null
                    },
                    {
                      "k": "name",
                      "v": "my-repo"
                    },
                    {
                      "k": "node_id",
                      "v": "R_kgDOUXHM4w"
                    },
                    {
                      "k": "notifications_url",
                      "v": "https://api.github.com/repos/***-ops/my-repo/notifications{?since,all,participating}"
                    },
                    {
                      "k": "open_issues",
                      "v": 0.0
                    },
                    {
                      "k": "open_issues_count",
                      "v": 0.0
                    },
                    {
                      "k": "owner",
                      "v": {
                        "t": 2,
                        "d": [
                          {
                            "k": "avatar_url",
                            "v": "https://avatars.githubusercontent.com/u/328057542?v=4"
                          },
                          {
                            "k": "email",
                            "v": "***@gmail.com"
                          },
                          {
                            "k": "events_url",
                            "v": "https://api.github.com/users/***-ops/events{/privacy}"
                          },
                          {
                            "k": "followers_url",
                            "v": "https://api.github.com/users/***-ops/followers"
                          },
                          {
                            "k": "following_url",
                            "v": "https://api.github.com/users/***-ops/following{/other_user}"
                          },
                          {
                            "k": "gists_url",
                            "v": "https://api.github.com/users/***-ops/gists{/gist_id}"
                          },
                          {
                            "k": "gravatar_id",
                            "v": ""
                          },
                          {
                            "k": "html_url",
                            "v": "https://github.com/***-ops"
                          },
                          {
                            "k": "id",
                            "v": 328057542.0
                          },
                          {
                            "k": "login",
                            "v": "***-ops"
                          },
                          {
                            "k": "name",
                            "v": "***-ops"
                          },
                          {
                            "k": "node_id",
                            "v": "U_kgDOE43Cxg"
                          },
                          {
                            "k": "organizations_url",
                            "v": "https://api.github.com/users/***-ops/orgs"
                          },
                          {
                            "k": "received_events_url",
                            "v": "https://api.github.com/users/***-ops/received_events"
                          },
                          {
                            "k": "repos_url",
                            "v": "https://api.github.com/users/***-ops/repos"
                          },
                          {
                            "k": "site_admin",
                            "v": false
                          },
                          {
                            "k": "starred_url",
                            "v": "https://api.github.com/users/***-ops/starred{/owner}{/repo}"
                          },
                          {
                            "k": "subscriptions_url",
                            "v": "https://api.github.com/users/***-ops/subscriptions"
                          },
                          {
                            "k": "type",
                            "v": "User"
                          },
                          {
                            "k": "url",
                            "v": "https://api.github.com/users/***-ops"
                          },
                          {
                            "k": "user_view_type",
                            "v": "public"
                          }
                        ]
                      }
                    },
                    {
                      "k": "private",
                      "v": false
                    },
                    {
                      "k": "pull_request_creation_policy",
                      "v": "all"
                    },
                    {
                      "k": "pulls_url",
                      "v": "https://api.github.com/repos/***-ops/my-repo/pulls{/number}"
                    },
                    {
                      "k": "pushed_at",
                      "v": 1790795786.0
                    },
                    {
                      "k": "releases_url",
                      "v": "https://api.github.com/repos/***-ops/my-repo/releases{/id}"
                    },
                    {
                      "k": "size",
                      "v": 13732.0
                    },
                    {
                      "k": "ssh_url",
                      "v": "git@github.com:***-ops/my-repo.git"
                    },
                    {
                      "k": "stargazers",
                      "v": 0.0
                    },
                    {
                      "k": "stargazers_count",
                      "v": 0.0
                    },
                    {
                      "k": "stargazers_url",
                      "v": "https://api.github.com/repos/***-ops/my-repo/stargazers"
                    },
                    {
                      "k": "statuses_url",
                      "v": "https://api.github.com/repos/***-ops/my-repo/statuses/{sha}"
                    },
                    {
                      "k": "subscribers_url",
                      "v": "https://api.github.com/repos/***-ops/my-repo/subscribers"
                    },
                    {
                      "k": "subscription_url",
                      "v": "https://api.github.com/repos/***-ops/my-repo/subscription"
                    },
                    {
                      "k": "svn_url",
                      "v": "https://github.com/***-ops/my-repo"
                    },
                    {
                      "k": "tags_url",
                      "v": "https://api.github.com/repos/***-ops/my-repo/tags"
                    },
                    {
                      "k": "teams_url",
                      "v": "https://api.github.com/repos/***-ops/my-repo/teams"
                    },
                    {
                      "k": "topics",
                      "v": {
                        "t": 1
                      }
                    },
                    {
                      "k": "trees_url",
                      "v": "https://api.github.com/repos/***-ops/my-repo/git/trees{/sha}"
                    },
                    {
                      "k": "updated_at",
                      "v": "2026-09-30T19:09:45Z"
                    },
                    {
                      "k": "url",
                      "v": "https://api.github.com/repos/***-ops/my-repo"
                    },
                    {
                      "k": "visibility",
                      "v": "public"
                    },
                    {
                      "k": "watchers",
                      "v": 0.0
                    },
                    {
                      "k": "watchers_count",
                      "v": 0.0
                    },
                    {
                      "k": "web_commit_signoff_required",
                      "v": false
                    }
                  ]
                }
              },
              {
                "k": "sender",
                "v": {
                  "t": 2,
                  "d": [
                    {
                      "k": "avatar_url",
                      "v": "https://avatars.githubusercontent.com/u/328057542?v=4"
                    },
                    {
                      "k": "events_url",
                      "v": "https://api.github.com/users/***-ops/events{/privacy}"
                    },
                    {
                      "k": "followers_url",
                      "v": "https://api.github.com/users/***-ops/followers"
                    },
                    {
                      "k": "following_url",
                      "v": "https://api.github.com/users/***-ops/following{/other_user}"
                    },
                    {
                      "k": "gists_url",
                      "v": "https://api.github.com/users/***-ops/gists{/gist_id}"
                    },
                    {
                      "k": "gravatar_id",
                      "v": ""
                    },
                    {
                      "k": "html_url",
                      "v": "https://github.com/***-ops"
                    },
                    {
                      "k": "id",
                      "v": 328057542.0
                    },
                    {
                      "k": "login",
                      "v": "***-ops"
                    },
                    {
                      "k": "node_id",
                      "v": "U_kgDOE43Cxg"
                    },
                    {
                      "k": "organizations_url",
                      "v": "https://api.github.com/users/***-ops/orgs"
                    },
                    {
                      "k": "received_events_url",
                      "v": "https://api.github.com/users/***-ops/received_events"
                    },
                    {
                      "k": "repos_url",
                      "v": "https://api.github.com/users/***-ops/repos"
                    },
                    {
                      "k": "site_admin",
                      "v": false
                    },
                    {
                      "k": "starred_url",
                      "v": "https://api.github.com/users/***-ops/starred{/owner}{/repo}"
                    },
                    {
                      "k": "subscriptions_url",
                      "v": "https://api.github.com/users/***-ops/subscriptions"
                    },
                    {
                      "k": "type",
                      "v": "User"
                    },
                    {
                      "k": "url",
                      "v": "https://api.github.com/users/***-ops"
                    },
                    {
                      "k": "user_view_type",
                      "v": "public"
                    }
                  ]
                }
              }
            ]
          }
        },
        {
          "k": "workflow_ref",
          "v": "***-ops/my-repo/.github/workflows/k8s_by_terraform.yaml@refs/heads/main"
        },
        {
          "k": "workflow_sha",
          "v": "49e9b4ca87d4c8ced417dd7e9776113c100ed6ac"
        },
        {
          "k": "repository_id",
          "v": "1366412515"
        },
        {
          "k": "triggering_actor",
          "v": "***-ops"
        }
      ]
    },
    "inputs": {
      "t": 2
    },
    "job": {
      "t": 2,
      "d": [
        {
          "k": "check_run_id",
          "v": 110055178365.0
        },
        {
          "k": "workflow_ref",
          "v": "***-ops/my-repo/.github/workflows/k8s_by_terraform.yaml@refs/heads/main"
        },
        {
          "k": "workflow_sha",
          "v": "49e9b4ca87d4c8ced417dd7e9776113c100ed6ac"
        },
        {
          "k": "workflow_repository",
          "v": "***-ops/my-repo"
        },
        {
          "k": "workflow_file_path",
          "v": ".github/workflows/k8s_by_terraform.yaml"
        }
      ]
    },
    "matrix": null,
    "needs": {
      "t": 2
    },
    "strategy": {
      "t": 2,
      "d": [
        {
          "k": "fail-fast",
          "v": true
        },
        {
          "k": "job-index",
          "v": 0.0
        },
        {
          "k": "job-total",
          "v": 1.0
        },
        {
          "k": "max-parallel",
          "v": 1.0
        }
      ]
    },
    "vars": {
      "t": 2
    }
  },
  "billingOwnerId": "U_kgDOE43Cxg"
}
[2026-09-30 19:16:34Z INFO JobRunner] Job ID d402e786-a326-58fe-8d18-5013ed5ee0dc
[2026-09-30 19:16:34Z INFO ConfigurationStore] currentAssemblyLocation: D:\cicd\actions-runner\bin\Runner.Worker.dll
[2026-09-30 19:16:34Z INFO HostContext] Well known directory 'Bin': 'D:\cicd\actions-runner\bin'
[2026-09-30 19:16:34Z INFO ConfigurationStore] binPath: D:\cicd\actions-runner\bin
[2026-09-30 19:16:34Z INFO HostContext] Well known directory 'Bin': 'D:\cicd\actions-runner\bin'
[2026-09-30 19:16:34Z INFO HostContext] Well known directory 'Root': 'D:\cicd\actions-runner'
[2026-09-30 19:16:34Z INFO ConfigurationStore] RootFolder: D:\cicd\actions-runner
[2026-09-30 19:16:34Z INFO HostContext] Well known directory 'Bin': 'D:\cicd\actions-runner\bin'
[2026-09-30 19:16:34Z INFO HostContext] Well known directory 'Root': 'D:\cicd\actions-runner'
[2026-09-30 19:16:34Z INFO HostContext] Well known config file 'Runner': 'D:\cicd\actions-runner\.runner'
[2026-09-30 19:16:34Z INFO ConfigurationStore] ConfigFilePath: D:\cicd\actions-runner\.runner
[2026-09-30 19:16:34Z INFO HostContext] Well known directory 'Bin': 'D:\cicd\actions-runner\bin'
[2026-09-30 19:16:34Z INFO HostContext] Well known directory 'Root': 'D:\cicd\actions-runner'
[2026-09-30 19:16:34Z INFO HostContext] Well known config file 'MigratedRunner': 'D:\cicd\actions-runner\.runner_migrated'
[2026-09-30 19:16:34Z INFO ConfigurationStore] MigratedConfigFilePath: D:\cicd\actions-runner\.runner_migrated
[2026-09-30 19:16:34Z INFO HostContext] Well known directory 'Bin': 'D:\cicd\actions-runner\bin'
[2026-09-30 19:16:34Z INFO HostContext] Well known directory 'Root': 'D:\cicd\actions-runner'
[2026-09-30 19:16:34Z INFO HostContext] Well known config file 'Credentials': 'D:\cicd\actions-runner\.credentials'
[2026-09-30 19:16:34Z INFO ConfigurationStore] CredFilePath: D:\cicd\actions-runner\.credentials
[2026-09-30 19:16:34Z INFO HostContext] Well known directory 'Bin': 'D:\cicd\actions-runner\bin'
[2026-09-30 19:16:34Z INFO HostContext] Well known directory 'Root': 'D:\cicd\actions-runner'
[2026-09-30 19:16:34Z INFO HostContext] Well known config file 'MigratedCredentials': 'D:\cicd\actions-runner\.credentials_migrated'
[2026-09-30 19:16:34Z INFO ConfigurationStore] MigratedCredFilePath: D:\cicd\actions-runner\.credentials_migrated
[2026-09-30 19:16:34Z INFO HostContext] Well known directory 'Bin': 'D:\cicd\actions-runner\bin'
[2026-09-30 19:16:34Z INFO HostContext] Well known directory 'Root': 'D:\cicd\actions-runner'
[2026-09-30 19:16:34Z INFO HostContext] Well known config file 'Service': 'D:\cicd\actions-runner\.service'
[2026-09-30 19:16:34Z INFO ConfigurationStore] ServiceConfigFilePath: D:\cicd\actions-runner\.service
[2026-09-30 19:16:34Z INFO ConfigurationStore] Read setting file: 398 chars
[2026-09-30 19:16:34Z INFO JobRunner] Initializing launch client
[2026-09-30 19:16:34Z INFO JobServerQueue] Initializing results client
[2026-09-30 19:16:34Z INFO ResultServer] Creating websocket client ...wss://results-receiver.actions.githubusercontent.com/_ws/ingest.sock
[2026-09-30 19:16:34Z INFO ResultServer] Attempting to start websocket client with delay 00:00:00.
[2026-09-30 19:16:34Z INFO JobServerQueue] Start process web console line queue.
[2026-09-30 19:16:34Z INFO JobServerQueue] Start process file upload queue.
[2026-09-30 19:16:34Z INFO JobServerQueue] Start results file upload queue.
[2026-09-30 19:16:34Z INFO JobServerQueue] Starting results-based upload queue...
[2026-09-30 19:16:34Z INFO JobServerQueue] Start process timeline update queue.
[2026-09-30 19:16:34Z INFO ExecutionContext] Initializing Job context
[2026-09-30 19:16:34Z INFO ExecutionContext] Initialize GitHub context
[2026-09-30 19:16:34Z INFO ExecutionContext] Initialize Env context
[2026-09-30 19:16:34Z INFO HostContext] Well known directory 'Bin': 'D:\cicd\actions-runner\bin'
[2026-09-30 19:16:34Z INFO HostContext] Well known directory 'Root': 'D:\cicd\actions-runner'
[2026-09-30 19:16:34Z INFO HostContext] Well known directory 'Diag': 'D:\cicd\actions-runner\_diag'
[2026-09-30 19:16:34Z INFO HostContext] Well known directory 'Bin': 'D:\cicd\actions-runner\bin'
[2026-09-30 19:16:34Z INFO HostContext] Well known directory 'Root': 'D:\cicd\actions-runner'
[2026-09-30 19:16:34Z INFO HostContext] Well known directory 'Diag': 'D:\cicd\actions-runner\_diag'
[2026-09-30 19:16:34Z INFO JobRunner] Starting the job execution context.
[2026-09-30 19:16:34Z INFO HostContext] Well known directory 'Bin': 'D:\cicd\actions-runner\bin'
[2026-09-30 19:16:34Z INFO HostContext] Well known directory 'Root': 'D:\cicd\actions-runner'
[2026-09-30 19:16:34Z INFO HostContext] Well known directory 'Work': 'D:\cicd\actions-runner\_work'
[2026-09-30 19:16:34Z INFO JobRunner] Validating directory permissions for: 'D:\cicd\actions-runner\_work'
[2026-09-30 19:16:34Z INFO HostContext] Well known directory 'Bin': 'D:\cicd\actions-runner\bin'
[2026-09-30 19:16:34Z INFO HostContext] Well known directory 'Root': 'D:\cicd\actions-runner'
[2026-09-30 19:16:34Z INFO HostContext] Well known directory 'Work': 'D:\cicd\actions-runner\_work'
[2026-09-30 19:16:34Z INFO HostContext] Well known directory 'Tools': 'D:\cicd\actions-runner\_work\_tool'
[2026-09-30 19:16:34Z INFO HostContext] Well known directory 'Bin': 'D:\cicd\actions-runner\bin'
[2026-09-30 19:16:34Z INFO HostContext] Well known directory 'Root': 'D:\cicd\actions-runner'
[2026-09-30 19:16:34Z INFO HostContext] Well known directory 'Work': 'D:\cicd\actions-runner\_work'
[2026-09-30 19:16:34Z INFO HostContext] Well known directory 'Temp': 'D:\cicd\actions-runner\_work\_temp'
[2026-09-30 19:16:34Z INFO JobRunner] Getting job extension.
[2026-09-30 19:16:34Z INFO JobRunner] Initialize job. Getting all job steps.
[2026-09-30 19:16:34Z INFO HostContext] Well known directory 'Bin': 'D:\cicd\actions-runner\bin'
[2026-09-30 19:16:34Z INFO HostContext] Well known directory 'Root': 'D:\cicd\actions-runner'
[2026-09-30 19:16:34Z INFO HostContext] Well known directory 'Diag': 'D:\cicd\actions-runner\_diag'
[2026-09-30 19:16:34Z INFO HostContext] Well known directory 'Bin': 'D:\cicd\actions-runner\bin'
[2026-09-30 19:16:34Z INFO HostContext] Well known directory 'Root': 'D:\cicd\actions-runner'
[2026-09-30 19:16:34Z INFO HostContext] Well known directory 'Diag': 'D:\cicd\actions-runner\_diag'
[2026-09-30 19:16:34Z INFO HostContext] Well known directory 'Bin': 'D:\cicd\actions-runner\bin'
[2026-09-30 19:16:34Z INFO HostContext] Well known directory 'Root': 'D:\cicd\actions-runner'
[2026-09-30 19:16:34Z INFO HostContext] Well known config file 'Credentials': 'D:\cicd\actions-runner\.credentials'
[2026-09-30 19:16:34Z INFO HostContext] Well known directory 'Bin': 'D:\cicd\actions-runner\bin'
[2026-09-30 19:16:34Z INFO HostContext] Well known directory 'Root': 'D:\cicd\actions-runner'
[2026-09-30 19:16:34Z INFO HostContext] Well known config file 'SetupInfo': 'D:\cicd\actions-runner\.setup_info'
[2026-09-30 19:16:34Z INFO HostContext] Well known directory 'Bin': 'D:\cicd\actions-runner\bin'
[2026-09-30 19:16:34Z INFO HostContext] Well known directory 'Root': 'D:\cicd\actions-runner'
[2026-09-30 19:16:34Z INFO HostContext] Well known directory 'Work': 'D:\cicd\actions-runner\_work'
[2026-09-30 19:16:34Z INFO PipelineDirectoryManager] Loading tracking config if exists: D:\cicd\actions-runner\_work\_PipelineMapping\***-ops/my-repo\PipelineFolder.json
[2026-09-30 19:16:34Z INFO PipelineDirectoryManager] Updating job run properties.
[2026-09-30 19:16:34Z INFO HostContext] Well known directory 'Bin': 'D:\cicd\actions-runner\bin'
[2026-09-30 19:16:34Z INFO HostContext] Well known directory 'Root': 'D:\cicd\actions-runner'
[2026-09-30 19:16:34Z INFO HostContext] Well known directory 'Work': 'D:\cicd\actions-runner\_work'
[2026-09-30 19:16:34Z INFO HostContext] Well known directory 'Bin': 'D:\cicd\actions-runner\bin'
[2026-09-30 19:16:34Z INFO HostContext] Well known directory 'Root': 'D:\cicd\actions-runner'
[2026-09-30 19:16:34Z INFO HostContext] Well known directory 'Work': 'D:\cicd\actions-runner\_work'
[2026-09-30 19:16:34Z INFO HostContext] Well known directory 'Bin': 'D:\cicd\actions-runner\bin'
[2026-09-30 19:16:34Z INFO HostContext] Well known directory 'Root': 'D:\cicd\actions-runner'
[2026-09-30 19:16:34Z INFO HostContext] Well known directory 'Work': 'D:\cicd\actions-runner\_work'
[2026-09-30 19:16:34Z INFO JobExtension] Downloading actions
[2026-09-30 19:16:34Z INFO HostContext] Well known directory 'Bin': 'D:\cicd\actions-runner\bin'
[2026-09-30 19:16:34Z INFO HostContext] Well known directory 'Root': 'D:\cicd\actions-runner'
[2026-09-30 19:16:34Z INFO HostContext] Well known directory 'Work': 'D:\cicd\actions-runner\_work'
[2026-09-30 19:16:34Z INFO HostContext] Well known directory 'Actions': 'D:\cicd\actions-runner\_work\_actions'
[2026-09-30 19:16:34Z INFO Worker] Listening for cancel message from the channel.
[2026-09-30 19:16:34Z INFO Worker] Waiting for the job to complete or for a cancel message from the channel.
[2026-09-30 19:16:35Z INFO ResultServer] Successfully started websocket client.
[2026-09-30 19:16:35Z INFO JobServerQueue] Try to append 1 batches web console lines for record 'eb2cb842-478b-46ef-9110-b7d23dc59e51', success rate: 1/1.
[2026-09-30 19:16:36Z INFO HostContext] Well known directory 'Bin': 'D:\cicd\actions-runner\bin'
[2026-09-30 19:16:36Z INFO HostContext] Well known directory 'Root': 'D:\cicd\actions-runner'
[2026-09-30 19:16:36Z INFO HostContext] Well known directory 'Work': 'D:\cicd\actions-runner\_work'
[2026-09-30 19:16:36Z INFO HostContext] Well known directory 'Actions': 'D:\cicd\actions-runner\_work\_actions'
[2026-09-30 19:16:36Z INFO HostContext] Well known directory 'Bin': 'D:\cicd\actions-runner\bin'
[2026-09-30 19:16:36Z INFO HostContext] Well known directory 'Root': 'D:\cicd\actions-runner'
[2026-09-30 19:16:36Z INFO HostContext] Well known directory 'Work': 'D:\cicd\actions-runner\_work'
[2026-09-30 19:16:36Z INFO HostContext] Well known directory 'Actions': 'D:\cicd\actions-runner\_work\_actions'
[2026-09-30 19:16:36Z INFO ActionManager] Save archive 'https://codeload.github.com/actions/checkout/zip/11d5960a326750d5838078e36cf38b85af677262' into D:\cicd\actions-runner\_work\_actions\_temp_282aecca-4357-462f-9d7a-ec730e2dd918\7188343c-fabe-4c94-8038-6193c53610c3.zip.
[2026-09-30 19:16:36Z INFO ActionManager] Using Basic token for action archive download.
[2026-09-30 19:16:36Z INFO JobServerQueue] Try to append 1 batches web console lines for record 'eb2cb842-478b-46ef-9110-b7d23dc59e51', success rate: 1/1.
[2026-09-30 19:16:36Z INFO JobServerQueue] Job timeline record has been updated for the first time.
[2026-09-30 19:16:36Z INFO ActionManager] Request URL: https://codeload.github.com/actions/checkout/zip/11d5960a326750d5838078e36cf38b85af677262 X-GitHub-Request-Id: ED7C:262B2D:0B98:7FEE:6ABD6015 Http Status: OK
[2026-09-30 19:16:37Z INFO ActionManager] Finished getting action repository.
[2026-09-30 19:16:37Z INFO HostContext] Well known directory 'Bin': 'D:\cicd\actions-runner\bin'
[2026-09-30 19:16:37Z INFO HostContext] Well known directory 'Root': 'D:\cicd\actions-runner'
[2026-09-30 19:16:37Z INFO HostContext] Well known directory 'Work': 'D:\cicd\actions-runner\_work'
[2026-09-30 19:16:37Z INFO HostContext] Well known directory 'Actions': 'D:\cicd\actions-runner\_work\_actions'
[2026-09-30 19:16:37Z INFO ActionManifestManagerLegacy] Load schema file with definitions: [
  "null",
  "boolean",
  "number",
  "string",
  "sequence",
  "mapping",
  "any",
  "action-root",
  "inputs",
  "input",
  "outputs",
  "output-definition",
  "runs",
  "container-runs",
  "container-runs-args",
  "container-runs-env",
  "node-runs",
  "plugin-runs",
  "composite-runs",
  "composite-steps",
  "composite-step",
  "run-step",
  "uses-step",
  "container-runs-context",
  "output-value",
  "input-default-context",
  "non-empty-string",
  "string-steps-context",
  "boolean-steps-context",
  "step-env",
  "step-if",
  "step-with"
]
[2026-09-30 19:16:37Z INFO ActionManifestManager] Load schema file with definitions: [
  "null",
  "boolean",
  "number",
  "string",
  "sequence",
  "mapping",
  "any",
  "action-root",
  "inputs",
  "input",
  "outputs",
  "output-definition",
  "runs",
  "container-runs",
  "container-runs-args",
  "container-runs-env",
  "node-runs",
  "plugin-runs",
  "composite-runs",
  "composite-steps",
  "composite-step",
  "run-step",
  "uses-step",
  "container-runs-context",
  "output-value",
  "input-default-context",
  "non-empty-string",
  "string-steps-context",
  "boolean-steps-context",
  "step-env",
  "step-if",
  "step-with"
]
[2026-09-30 19:16:37Z INFO HostContext] Well known directory 'Bin': 'D:\cicd\actions-runner\bin'
[2026-09-30 19:16:37Z INFO HostContext] Well known directory 'Root': 'D:\cicd\actions-runner'
[2026-09-30 19:16:37Z INFO HostContext] Well known directory 'Work': 'D:\cicd\actions-runner\_work'
[2026-09-30 19:16:37Z INFO HostContext] Well known directory 'Actions': 'D:\cicd\actions-runner\_work\_actions'
[2026-09-30 19:16:37Z INFO ActionManifestManagerLegacy] Loaded action.yml file: {
  "name": "Checkout",
  "description": "Checkout a Git repository at a particular version",
  "inputs": {
    "type": 2,
    "map": [
      {
        "key": {
          "type": 0,
          "file": 2,
          "line": 4,
          "col": 3,
          "lit": "repository"
        },
        "value": {
          "type": 3,
          "file": 2,
          "line": 6,
          "col": 14,
          "expr": "github.repository"
        }
      },
      {
        "key": {
          "type": 0,
          "file": 2,
          "line": 7,
          "col": 3,
          "lit": "ref"
        },
        "value": ""
      },
      {
        "key": {
          "type": 0,
          "file": 2,
          "line": 12,
          "col": 3,
          "lit": "token"
        },
        "value": {
          "type": 3,
          "file": 2,
          "line": 24,
          "col": 14,
          "expr": "github.token"
        }
      },
      {
        "key": {
          "type": 0,
          "file": 2,
          "line": 25,
          "col": 3,
          "lit": "ssh-key"
        },
        "value": ""
      },
      {
        "key": {
          "type": 0,
          "file": 2,
          "line": 37,
          "col": 3,
          "lit": "ssh-known-hosts"
        },
        "value": ""
      },
      {
        "key": {
          "type": 0,
          "file": 2,
          "line": 42,
          "col": 3,
          "lit": "ssh-strict"
        },
        "value": {
          "type": 0,
          "file": 2,
          "line": 47,
          "col": 14,
          "lit": "true"
        }
      },
      {
        "key": {
          "type": 0,
          "file": 2,
          "line": 48,
          "col": 3,
          "lit": "ssh-user"
        },
        "value": {
          "type": 0,
          "file": 2,
          "line": 51,
          "col": 14,
          "lit": "git"
        }
      },
      {
        "key": {
          "type": 0,
          "file": 2,
          "line": 52,
          "col": 3,
          "lit": "persist-credentials"
        },
        "value": {
          "type": 0,
          "file": 2,
          "line": 54,
          "col": 14,
          "lit": "true"
        }
      },
      {
        "key": {
          "type": 0,
          "file": 2,
          "line": 55,
          "col": 3,
          "lit": "path"
        },
        "value": ""
      },
      {
        "key": {
          "type": 0,
          "file": 2,
          "line": 57,
          "col": 3,
          "lit": "clean"
        },
        "value": {
          "type": 0,
          "file": 2,
          "line": 59,
          "col": 14,
          "lit": "true"
        }
      },
      {
        "key": {
          "type": 0,
          "file": 2,
          "line": 60,
          "col": 3,
          "lit": "filter"
        },
        "value": {
          "type": 0,
          "file": 2,
          "line": 64,
          "col": 14,
          "lit": ""
        }
      },
      {
        "key": {
          "type": 0,
          "file": 2,
          "line": 65,
          "col": 3,
          "lit": "sparse-checkout"
        },
        "value": {
          "type": 0,
          "file": 2,
          "line": 69,
          "col": 14,
          "lit": ""
        }
      },
      {
        "key": {
          "type": 0,
          "file": 2,
          "line": 70,
          "col": 3,
          "lit": "sparse-checkout-cone-mode"
        },
        "value": {
          "type": 0,
          "file": 2,
          "line": 73,
          "col": 14,
          "lit": "true"
        }
      },
      {
        "key": {
          "type": 0,
          "file": 2,
          "line": 74,
          "col": 3,
          "lit": "fetch-depth"
        },
        "value": {
          "type": 0,
          "file": 2,
          "line": 76,
          "col": 14,
          "lit": "1"
        }
      },
      {
        "key": {
          "type": 0,
          "file": 2,
          "line": 77,
          "col": 3,
          "lit": "fetch-tags"
        },
        "value": {
          "type": 0,
          "file": 2,
          "line": 79,
          "col": 14,
          "lit": "false"
        }
      },
      {
        "key": {
          "type": 0,
          "file": 2,
          "line": 80,
          "col": 3,
          "lit": "show-progress"
        },
        "value": {
          "type": 0,
          "file": 2,
          "line": 82,
          "col": 14,
          "lit": "true"
        }
      },
      {
        "key": {
          "type": 0,
          "file": 2,
          "line": 83,
          "col": 3,
          "lit": "lfs"
        },
        "value": {
          "type": 0,
          "file": 2,
          "line": 85,
          "col": 14,
          "lit": "false"
        }
      },
      {
        "key": {
          "type": 0,
          "file": 2,
          "line": 86,
          "col": 3,
          "lit": "submodules"
        },
        "value": {
          "type": 0,
          "file": 2,
          "line": 94,
          "col": 14,
          "lit": "false"
        }
      },
      {
        "key": {
          "type": 0,
          "file": 2,
          "line": 95,
          "col": 3,
          "lit": "set-safe-directory"
        },
        "value": {
          "type": 0,
          "file": 2,
          "line": 97,
          "col": 14,
          "lit": "true"
        }
      },
      {
        "key": {
          "type": 0,
          "file": 2,
          "line": 98,
          "col": 3,
          "lit": "github-server-url"
        },
        "value": ""
      },
      {
        "key": {
          "type": 0,
          "file": 2,
          "line": 101,
          "col": 3,
          "lit": "allow-unsafe-pr-checkout"
        },
        "value": {
          "type": 0,
          "file": 2,
          "line": 109,
          "col": 14,
          "lit": "false"
        }
      }
    ]
  },
  "execution": {
    "executionType": "nodeJS",
    "hasPre": false,
    "hasPost": true,
    "script": "dist/index.js",
    "pre": null,
    "post": "dist/index.js",
    "nodeVersion": "node20",
    "cleanupCondition": "always()",
    "initCondition": "always()"
  },
  "deprecated": null
}
[2026-09-30 19:16:37Z INFO ActionManager] Action node.js file: dist/index.js, no more preparation.
[2026-09-30 19:16:37Z INFO HostContext] Well known directory 'Bin': 'D:\cicd\actions-runner\bin'
[2026-09-30 19:16:37Z INFO HostContext] Well known directory 'Root': 'D:\cicd\actions-runner'
[2026-09-30 19:16:37Z INFO HostContext] Well known directory 'Work': 'D:\cicd\actions-runner\_work'
[2026-09-30 19:16:37Z INFO HostContext] Well known directory 'Actions': 'D:\cicd\actions-runner\_work\_actions'
[2026-09-30 19:16:37Z INFO ActionManager] Load action that reference repository from 'D:\cicd\actions-runner\_work\_actions\actions\checkout\v4'
[2026-09-30 19:16:37Z INFO HostContext] Well known directory 'Bin': 'D:\cicd\actions-runner\bin'
[2026-09-30 19:16:37Z INFO HostContext] Well known directory 'Root': 'D:\cicd\actions-runner'
[2026-09-30 19:16:37Z INFO HostContext] Well known directory 'Work': 'D:\cicd\actions-runner\_work'
[2026-09-30 19:16:37Z INFO HostContext] Well known directory 'Actions': 'D:\cicd\actions-runner\_work\_actions'
[2026-09-30 19:16:37Z INFO ActionManifestManagerLegacy] Loaded action.yml file: {
  "name": "Checkout",
  "description": "Checkout a Git repository at a particular version",
  "inputs": {
    "type": 2,
    "map": [
      {
        "key": {
          "type": 0,
          "file": 2,
          "line": 4,
          "col": 3,
          "lit": "repository"
        },
        "value": {
          "type": 3,
          "file": 2,
          "line": 6,
          "col": 14,
          "expr": "github.repository"
        }
      },
      {
        "key": {
          "type": 0,
          "file": 2,
          "line": 7,
          "col": 3,
          "lit": "ref"
        },
        "value": ""
      },
      {
        "key": {
          "type": 0,
          "file": 2,
          "line": 12,
          "col": 3,
          "lit": "token"
        },
        "value": {
          "type": 3,
          "file": 2,
          "line": 24,
          "col": 14,
          "expr": "github.token"
        }
      },
      {
        "key": {
          "type": 0,
          "file": 2,
          "line": 25,
          "col": 3,
          "lit": "ssh-key"
        },
        "value": ""
      },
      {
        "key": {
          "type": 0,
          "file": 2,
          "line": 37,
          "col": 3,
          "lit": "ssh-known-hosts"
        },
        "value": ""
      },
      {
        "key": {
          "type": 0,
          "file": 2,
          "line": 42,
          "col": 3,
          "lit": "ssh-strict"
        },
        "value": {
          "type": 0,
          "file": 2,
          "line": 47,
          "col": 14,
          "lit": "true"
        }
      },
      {
        "key": {
          "type": 0,
          "file": 2,
          "line": 48,
          "col": 3,
          "lit": "ssh-user"
        },
        "value": {
          "type": 0,
          "file": 2,
          "line": 51,
          "col": 14,
          "lit": "git"
        }
      },
      {
        "key": {
          "type": 0,
          "file": 2,
          "line": 52,
          "col": 3,
          "lit": "persist-credentials"
        },
        "value": {
          "type": 0,
          "file": 2,
          "line": 54,
          "col": 14,
          "lit": "true"
        }
      },
      {
        "key": {
          "type": 0,
          "file": 2,
          "line": 55,
          "col": 3,
          "lit": "path"
        },
        "value": ""
      },
      {
        "key": {
          "type": 0,
          "file": 2,
          "line": 57,
          "col": 3,
          "lit": "clean"
        },
        "value": {
          "type": 0,
          "file": 2,
          "line": 59,
          "col": 14,
          "lit": "true"
        }
      },
      {
        "key": {
          "type": 0,
          "file": 2,
          "line": 60,
          "col": 3,
          "lit": "filter"
        },
        "value": {
          "type": 0,
          "file": 2,
          "line": 64,
          "col": 14,
          "lit": ""
        }
      },
      {
        "key": {
          "type": 0,
          "file": 2,
          "line": 65,
          "col": 3,
          "lit": "sparse-checkout"
        },
        "value": {
          "type": 0,
          "file": 2,
          "line": 69,
          "col": 14,
          "lit": ""
        }
      },
      {
        "key": {
          "type": 0,
          "file": 2,
          "line": 70,
          "col": 3,
          "lit": "sparse-checkout-cone-mode"
        },
        "value": {
          "type": 0,
          "file": 2,
          "line": 73,
          "col": 14,
          "lit": "true"
        }
      },
      {
        "key": {
          "type": 0,
          "file": 2,
          "line": 74,
          "col": 3,
          "lit": "fetch-depth"
        },
        "value": {
          "type": 0,
          "file": 2,
          "line": 76,
          "col": 14,
          "lit": "1"
        }
      },
      {
        "key": {
          "type": 0,
          "file": 2,
          "line": 77,
          "col": 3,
          "lit": "fetch-tags"
        },
        "value": {
          "type": 0,
          "file": 2,
          "line": 79,
          "col": 14,
          "lit": "false"
        }
      },
      {
        "key": {
          "type": 0,
          "file": 2,
          "line": 80,
          "col": 3,
          "lit": "show-progress"
        },
        "value": {
          "type": 0,
          "file": 2,
          "line": 82,
          "col": 14,
          "lit": "true"
        }
      },
      {
        "key": {
          "type": 0,
          "file": 2,
          "line": 83,
          "col": 3,
          "lit": "lfs"
        },
        "value": {
          "type": 0,
          "file": 2,
          "line": 85,
          "col": 14,
          "lit": "false"
        }
      },
      {
        "key": {
          "type": 0,
          "file": 2,
          "line": 86,
          "col": 3,
          "lit": "submodules"
        },
        "value": {
          "type": 0,
          "file": 2,
          "line": 94,
          "col": 14,
          "lit": "false"
        }
      },
      {
        "key": {
          "type": 0,
          "file": 2,
          "line": 95,
          "col": 3,
          "lit": "set-safe-directory"
        },
        "value": {
          "type": 0,
          "file": 2,
          "line": 97,
          "col": 14,
          "lit": "true"
        }
      },
      {
        "key": {
          "type": 0,
          "file": 2,
          "line": 98,
          "col": 3,
          "lit": "github-server-url"
        },
        "value": ""
      },
      {
        "key": {
          "type": 0,
          "file": 2,
          "line": 101,
          "col": 3,
          "lit": "allow-unsafe-pr-checkout"
        },
        "value": {
          "type": 0,
          "file": 2,
          "line": 109,
          "col": 14,
          "lit": "false"
        }
      }
    ]
  },
  "execution": {
    "executionType": "nodeJS",
    "hasPre": false,
    "hasPost": true,
    "script": "dist/index.js",
    "pre": null,
    "post": "dist/index.js",
    "nodeVersion": "node20",
    "cleanupCondition": "always()",
    "initCondition": "always()"
  },
  "deprecated": null
}
[2026-09-30 19:16:37Z INFO ActionManager] Action pre node.js file: N/A.
[2026-09-30 19:16:37Z INFO ActionManager] Action node.js file: dist/index.js.
[2026-09-30 19:16:37Z INFO ActionManager] Action post node.js file: dist/index.js.
[2026-09-30 19:16:37Z INFO JobExtension] Adding .
[2026-09-30 19:16:37Z INFO JobExtension] Adding .
[2026-09-30 19:16:37Z INFO JobExtension] Adding .
[2026-09-30 19:16:37Z INFO JobExtension] Adding .
[2026-09-30 19:16:37Z INFO JobExtension] Adding .
[2026-09-30 19:16:37Z INFO JobExtension] Adding .
[2026-09-30 19:16:37Z INFO JobExtension] Adding .
[2026-09-30 19:16:37Z INFO JobExtension] Adding .
[2026-09-30 19:16:37Z INFO JobExtension] Adding .
[2026-09-30 19:16:37Z INFO HostContext] Well known directory 'Bin': 'D:\cicd\actions-runner\bin'
[2026-09-30 19:16:37Z INFO HostContext] Well known directory 'Root': 'D:\cicd\actions-runner'
[2026-09-30 19:16:37Z INFO HostContext] Well known directory 'Diag': 'D:\cicd\actions-runner\_diag'
[2026-09-30 19:16:37Z INFO HostContext] Well known directory 'Bin': 'D:\cicd\actions-runner\bin'
[2026-09-30 19:16:37Z INFO HostContext] Well known directory 'Root': 'D:\cicd\actions-runner'
[2026-09-30 19:16:37Z INFO HostContext] Well known directory 'Diag': 'D:\cicd\actions-runner\_diag'
[2026-09-30 19:16:37Z INFO HostContext] Well known directory 'Bin': 'D:\cicd\actions-runner\bin'
[2026-09-30 19:16:37Z INFO HostContext] Well known directory 'Root': 'D:\cicd\actions-runner'
[2026-09-30 19:16:37Z INFO HostContext] Well known directory 'Diag': 'D:\cicd\actions-runner\_diag'
[2026-09-30 19:16:37Z INFO HostContext] Well known directory 'Bin': 'D:\cicd\actions-runner\bin'
[2026-09-30 19:16:37Z INFO HostContext] Well known directory 'Root': 'D:\cicd\actions-runner'
[2026-09-30 19:16:37Z INFO HostContext] Well known directory 'Diag': 'D:\cicd\actions-runner\_diag'
[2026-09-30 19:16:37Z INFO HostContext] Well known directory 'Bin': 'D:\cicd\actions-runner\bin'
[2026-09-30 19:16:37Z INFO HostContext] Well known directory 'Root': 'D:\cicd\actions-runner'
[2026-09-30 19:16:37Z INFO HostContext] Well known directory 'Diag': 'D:\cicd\actions-runner\_diag'
[2026-09-30 19:16:37Z INFO HostContext] Well known directory 'Bin': 'D:\cicd\actions-runner\bin'
[2026-09-30 19:16:37Z INFO HostContext] Well known directory 'Root': 'D:\cicd\actions-runner'
[2026-09-30 19:16:37Z INFO HostContext] Well known directory 'Diag': 'D:\cicd\actions-runner\_diag'
[2026-09-30 19:16:37Z INFO HostContext] Well known directory 'Bin': 'D:\cicd\actions-runner\bin'
[2026-09-30 19:16:37Z INFO HostContext] Well known directory 'Root': 'D:\cicd\actions-runner'
[2026-09-30 19:16:37Z INFO HostContext] Well known directory 'Diag': 'D:\cicd\actions-runner\_diag'
[2026-09-30 19:16:37Z INFO HostContext] Well known directory 'Bin': 'D:\cicd\actions-runner\bin'
[2026-09-30 19:16:37Z INFO HostContext] Well known directory 'Root': 'D:\cicd\actions-runner'
[2026-09-30 19:16:37Z INFO HostContext] Well known directory 'Diag': 'D:\cicd\actions-runner\_diag'
[2026-09-30 19:16:37Z INFO HostContext] Well known directory 'Bin': 'D:\cicd\actions-runner\bin'
[2026-09-30 19:16:37Z INFO HostContext] Well known directory 'Root': 'D:\cicd\actions-runner'
[2026-09-30 19:16:37Z INFO HostContext] Well known directory 'Diag': 'D:\cicd\actions-runner\_diag'
[2026-09-30 19:16:37Z INFO HostContext] Well known directory 'Bin': 'D:\cicd\actions-runner\bin'
[2026-09-30 19:16:37Z INFO HostContext] Well known directory 'Root': 'D:\cicd\actions-runner'
[2026-09-30 19:16:37Z INFO HostContext] Well known directory 'Diag': 'D:\cicd\actions-runner\_diag'
[2026-09-30 19:16:37Z INFO HostContext] Well known directory 'Bin': 'D:\cicd\actions-runner\bin'
[2026-09-30 19:16:37Z INFO HostContext] Well known directory 'Root': 'D:\cicd\actions-runner'
[2026-09-30 19:16:37Z INFO HostContext] Well known directory 'Diag': 'D:\cicd\actions-runner\_diag'
[2026-09-30 19:16:37Z INFO HostContext] Well known directory 'Bin': 'D:\cicd\actions-runner\bin'
[2026-09-30 19:16:37Z INFO HostContext] Well known directory 'Root': 'D:\cicd\actions-runner'
[2026-09-30 19:16:37Z INFO HostContext] Well known directory 'Diag': 'D:\cicd\actions-runner\_diag'
[2026-09-30 19:16:37Z INFO HostContext] Well known directory 'Bin': 'D:\cicd\actions-runner\bin'
[2026-09-30 19:16:37Z INFO HostContext] Well known directory 'Root': 'D:\cicd\actions-runner'
[2026-09-30 19:16:37Z INFO HostContext] Well known directory 'Diag': 'D:\cicd\actions-runner\_diag'
[2026-09-30 19:16:37Z INFO HostContext] Well known directory 'Bin': 'D:\cicd\actions-runner\bin'
[2026-09-30 19:16:37Z INFO HostContext] Well known directory 'Root': 'D:\cicd\actions-runner'
[2026-09-30 19:16:37Z INFO HostContext] Well known directory 'Diag': 'D:\cicd\actions-runner\_diag'
[2026-09-30 19:16:37Z INFO HostContext] Well known directory 'Bin': 'D:\cicd\actions-runner\bin'
[2026-09-30 19:16:37Z INFO HostContext] Well known directory 'Root': 'D:\cicd\actions-runner'
[2026-09-30 19:16:37Z INFO HostContext] Well known directory 'Diag': 'D:\cicd\actions-runner\_diag'
[2026-09-30 19:16:37Z INFO HostContext] Well known directory 'Bin': 'D:\cicd\actions-runner\bin'
[2026-09-30 19:16:37Z INFO HostContext] Well known directory 'Root': 'D:\cicd\actions-runner'
[2026-09-30 19:16:37Z INFO HostContext] Well known directory 'Diag': 'D:\cicd\actions-runner\_diag'
[2026-09-30 19:16:37Z INFO HostContext] Well known directory 'Bin': 'D:\cicd\actions-runner\bin'
[2026-09-30 19:16:37Z INFO HostContext] Well known directory 'Root': 'D:\cicd\actions-runner'
[2026-09-30 19:16:37Z INFO HostContext] Well known directory 'Diag': 'D:\cicd\actions-runner\_diag'
[2026-09-30 19:16:37Z INFO HostContext] Well known directory 'Bin': 'D:\cicd\actions-runner\bin'
[2026-09-30 19:16:37Z INFO HostContext] Well known directory 'Root': 'D:\cicd\actions-runner'
[2026-09-30 19:16:37Z INFO HostContext] Well known directory 'Diag': 'D:\cicd\actions-runner\_diag'
[2026-09-30 19:16:37Z INFO JobExtension] Total accessible running process: 351.
[2026-09-30 19:16:37Z INFO HostContext] Well known directory 'Bin': 'D:\cicd\actions-runner\bin'
[2026-09-30 19:16:37Z INFO HostContext] Well known directory 'Root': 'D:\cicd\actions-runner'
[2026-09-30 19:16:37Z INFO HostContext] Well known directory 'Work': 'D:\cicd\actions-runner\_work'
[2026-09-30 19:16:37Z INFO JobExtension] Start checking server connectivity.
[2026-09-30 19:16:37Z INFO JobExtension] Check server connectivity for https://broker.actions.githubusercontent.com/health.
[2026-09-30 19:16:37Z INFO JobExtension] Check server connectivity for https://token.actions.githubusercontent.com/ready.
[2026-09-30 19:16:37Z INFO JobExtension] Check server connectivity for https://run.actions.githubusercontent.com/health.
[2026-09-30 19:16:37Z INFO JobExtension] Start checking service connectivity in background.
[2026-09-30 19:16:37Z INFO ExecutionContext] Publish step telemetry for current step {
  "action": "setup_job",
  "type": "runner",
  "stage": "Pre",
  "stepId": "eb2cb842-478b-46ef-9110-b7d23dc59e51",
  "result": "succeeded",
  "errorMessages": [],
  "executionTimeInSeconds": 4,
  "startTime": "2026-09-30T19:16:34.7596877Z",
  "finishTime": "2026-09-30T19:16:37.923155Z"
}.
[2026-09-30 19:16:37Z INFO JobRunner] Total job steps: 9.
[2026-09-30 19:16:37Z INFO JobRunner] Run all job steps.
[2026-09-30 19:16:37Z INFO DapDebugger] DapDebugger initialized
[2026-09-30 19:16:37Z INFO StepsRunner] Processing step: DisplayName='Checkout Code'
[2026-09-30 19:16:37Z INFO StepsRunner] Evaluating: success()
[2026-09-30 19:16:37Z INFO StepsRunner] Result: true
[2026-09-30 19:16:37Z INFO StepsRunner] Starting the step.
[2026-09-30 19:16:37Z INFO HostContext] Well known directory 'Bin': 'D:\cicd\actions-runner\bin'
[2026-09-30 19:16:37Z INFO HostContext] Well known directory 'Root': 'D:\cicd\actions-runner'
[2026-09-30 19:16:37Z INFO HostContext] Well known directory 'Work': 'D:\cicd\actions-runner\_work'
[2026-09-30 19:16:38Z INFO StepsRunner] Which2: 'chcp'
[2026-09-30 19:16:38Z INFO StepsRunner] Location: 'C:\WINDOWS\system32\chcp.COM'
[2026-09-30 19:16:38Z INFO ProcessInvokerWrapper] Starting process:
[2026-09-30 19:16:38Z INFO ProcessInvokerWrapper]   File name: 'C:\WINDOWS\system32\chcp.COM'
[2026-09-30 19:16:38Z INFO ProcessInvokerWrapper]   Arguments: '65001'
[2026-09-30 19:16:38Z INFO ProcessInvokerWrapper]   Working directory: 'D:\cicd\actions-runner\_work'
[2026-09-30 19:16:38Z INFO ProcessInvokerWrapper]   Require exit code zero: 'False'
[2026-09-30 19:16:38Z INFO ProcessInvokerWrapper]   Encoding web name:  ; code page: ''
[2026-09-30 19:16:38Z INFO ProcessInvokerWrapper]   Force kill process on cancellation: 'False'
[2026-09-30 19:16:38Z INFO ProcessInvokerWrapper]   Redirected STDIN: 'False'
[2026-09-30 19:16:38Z INFO ProcessInvokerWrapper]   Persist current code page: 'True'
[2026-09-30 19:16:38Z INFO ProcessInvokerWrapper]   Keep redirected STDIN open: 'False'
[2026-09-30 19:16:38Z INFO ProcessInvokerWrapper]   High priority process: 'False'
[2026-09-30 19:16:38Z INFO JobServerQueue] Try to append 1 batches web console lines for record 'eb2cb842-478b-46ef-9110-b7d23dc59e51', success rate: 1/1.
[2026-09-30 19:16:38Z INFO ProcessInvokerWrapper] Process started with process id 15392, waiting for process exit.
[2026-09-30 19:16:38Z INFO ProcessInvokerWrapper] STDOUT/STDERR stream read finished.
[2026-09-30 19:16:38Z INFO ProcessInvokerWrapper] STDOUT/STDERR stream read finished.
[2026-09-30 19:16:38Z INFO ProcessInvokerWrapper] Finished process 15392 with exit code 0, and elapsed time 00:00:00.1181095.
[2026-09-30 19:16:38Z INFO StepsRunner] Successfully returned to code page 65001 (UTF8)
[2026-09-30 19:16:38Z INFO HostContext] Well known directory 'Bin': 'D:\cicd\actions-runner\bin'
[2026-09-30 19:16:38Z INFO HostContext] Well known directory 'Root': 'D:\cicd\actions-runner'
[2026-09-30 19:16:38Z INFO HostContext] Well known directory 'Work': 'D:\cicd\actions-runner\_work'
[2026-09-30 19:16:38Z INFO HostContext] Well known directory 'Actions': 'D:\cicd\actions-runner\_work\_actions'
[2026-09-30 19:16:38Z INFO ActionManager] Load action that reference repository from 'D:\cicd\actions-runner\_work\_actions\actions\checkout\v4'
[2026-09-30 19:16:38Z INFO HostContext] Well known directory 'Bin': 'D:\cicd\actions-runner\bin'
[2026-09-30 19:16:38Z INFO HostContext] Well known directory 'Root': 'D:\cicd\actions-runner'
[2026-09-30 19:16:38Z INFO HostContext] Well known directory 'Work': 'D:\cicd\actions-runner\_work'
[2026-09-30 19:16:38Z INFO HostContext] Well known directory 'Actions': 'D:\cicd\actions-runner\_work\_actions'
[2026-09-30 19:16:38Z INFO ActionManifestManagerLegacy] Loaded action.yml file: {
  "name": "Checkout",
  "description": "Checkout a Git repository at a particular version",
  "inputs": {
    "type": 2,
    "map": [
      {
        "key": {
          "type": 0,
          "file": 2,
          "line": 4,
          "col": 3,
          "lit": "repository"
        },
        "value": {
          "type": 3,
          "file": 2,
          "line": 6,
          "col": 14,
          "expr": "github.repository"
        }
      },
      {
        "key": {
          "type": 0,
          "file": 2,
          "line": 7,
          "col": 3,
          "lit": "ref"
        },
        "value": ""
      },
      {
        "key": {
          "type": 0,
          "file": 2,
          "line": 12,
          "col": 3,
          "lit": "token"
        },
        "value": {
          "type": 3,
          "file": 2,
          "line": 24,
          "col": 14,
          "expr": "github.token"
        }
      },
      {
        "key": {
          "type": 0,
          "file": 2,
          "line": 25,
          "col": 3,
          "lit": "ssh-key"
        },
        "value": ""
      },
      {
        "key": {
          "type": 0,
          "file": 2,
          "line": 37,
          "col": 3,
          "lit": "ssh-known-hosts"
        },
        "value": ""
      },
      {
        "key": {
          "type": 0,
          "file": 2,
          "line": 42,
          "col": 3,
          "lit": "ssh-strict"
        },
        "value": {
          "type": 0,
          "file": 2,
          "line": 47,
          "col": 14,
          "lit": "true"
        }
      },
      {
        "key": {
          "type": 0,
          "file": 2,
          "line": 48,
          "col": 3,
          "lit": "ssh-user"
        },
        "value": {
          "type": 0,
          "file": 2,
          "line": 51,
          "col": 14,
          "lit": "git"
        }
      },
      {
        "key": {
          "type": 0,
          "file": 2,
          "line": 52,
          "col": 3,
          "lit": "persist-credentials"
        },
        "value": {
          "type": 0,
          "file": 2,
          "line": 54,
          "col": 14,
          "lit": "true"
        }
      },
      {
        "key": {
          "type": 0,
          "file": 2,
          "line": 55,
          "col": 3,
          "lit": "path"
        },
        "value": ""
      },
      {
        "key": {
          "type": 0,
          "file": 2,
          "line": 57,
          "col": 3,
          "lit": "clean"
        },
        "value": {
          "type": 0,
          "file": 2,
          "line": 59,
          "col": 14,
          "lit": "true"
        }
      },
      {
        "key": {
          "type": 0,
          "file": 2,
          "line": 60,
          "col": 3,
          "lit": "filter"
        },
        "value": {
          "type": 0,
          "file": 2,
          "line": 64,
          "col": 14,
          "lit": ""
        }
      },
      {
        "key": {
          "type": 0,
          "file": 2,
          "line": 65,
          "col": 3,
          "lit": "sparse-checkout"
        },
        "value": {
          "type": 0,
          "file": 2,
          "line": 69,
          "col": 14,
          "lit": ""
        }
      },
      {
        "key": {
          "type": 0,
          "file": 2,
          "line": 70,
          "col": 3,
          "lit": "sparse-checkout-cone-mode"
        },
        "value": {
          "type": 0,
          "file": 2,
          "line": 73,
          "col": 14,
          "lit": "true"
        }
      },
      {
        "key": {
          "type": 0,
          "file": 2,
          "line": 74,
          "col": 3,
          "lit": "fetch-depth"
        },
        "value": {
          "type": 0,
          "file": 2,
          "line": 76,
          "col": 14,
          "lit": "1"
        }
      },
      {
        "key": {
          "type": 0,
          "file": 2,
          "line": 77,
          "col": 3,
          "lit": "fetch-tags"
        },
        "value": {
          "type": 0,
          "file": 2,
          "line": 79,
          "col": 14,
          "lit": "false"
        }
      },
      {
        "key": {
          "type": 0,
          "file": 2,
          "line": 80,
          "col": 3,
          "lit": "show-progress"
        },
        "value": {
          "type": 0,
          "file": 2,
          "line": 82,
          "col": 14,
          "lit": "true"
        }
      },
      {
        "key": {
          "type": 0,
          "file": 2,
          "line": 83,
          "col": 3,
          "lit": "lfs"
        },
        "value": {
          "type": 0,
          "file": 2,
          "line": 85,
          "col": 14,
          "lit": "false"
        }
      },
      {
        "key": {
          "type": 0,
          "file": 2,
          "line": 86,
          "col": 3,
          "lit": "submodules"
        },
        "value": {
          "type": 0,
          "file": 2,
          "line": 94,
          "col": 14,
          "lit": "false"
        }
      },
      {
        "key": {
          "type": 0,
          "file": 2,
          "line": 95,
          "col": 3,
          "lit": "set-safe-directory"
        },
        "value": {
          "type": 0,
          "file": 2,
          "line": 97,
          "col": 14,
          "lit": "true"
        }
      },
      {
        "key": {
          "type": 0,
          "file": 2,
          "line": 98,
          "col": 3,
          "lit": "github-server-url"
        },
        "value": ""
      },
      {
        "key": {
          "type": 0,
          "file": 2,
          "line": 101,
          "col": 3,
          "lit": "allow-unsafe-pr-checkout"
        },
        "value": {
          "type": 0,
          "file": 2,
          "line": 109,
          "col": 14,
          "lit": "false"
        }
      }
    ]
  },
  "execution": {
    "executionType": "nodeJS",
    "hasPre": false,
    "hasPost": true,
    "script": "dist/index.js",
    "pre": null,
    "post": "dist/index.js",
    "nodeVersion": "node20",
    "cleanupCondition": "always()",
    "initCondition": "always()"
  },
  "deprecated": null
}
[2026-09-30 19:16:38Z INFO ActionManager] Action pre node.js file: N/A.
[2026-09-30 19:16:38Z INFO ActionManager] Action node.js file: dist/index.js.
[2026-09-30 19:16:38Z INFO ActionManager] Action post node.js file: dist/index.js.
[2026-09-30 19:16:38Z INFO ExecutionContext] Reserve record order 11 to 20 for post job actions.
[2026-09-30 19:16:38Z INFO HostContext] Well known directory 'Bin': 'D:\cicd\actions-runner\bin'
[2026-09-30 19:16:38Z INFO HostContext] Well known directory 'Root': 'D:\cicd\actions-runner'
[2026-09-30 19:16:38Z INFO HostContext] Well known directory 'Diag': 'D:\cicd\actions-runner\_diag'
[2026-09-30 19:16:38Z INFO HostContext] Well known directory 'Bin': 'D:\cicd\actions-runner\bin'
[2026-09-30 19:16:38Z INFO HostContext] Well known directory 'Root': 'D:\cicd\actions-runner'
[2026-09-30 19:16:38Z INFO HostContext] Well known directory 'Diag': 'D:\cicd\actions-runner\_diag'
[2026-09-30 19:16:38Z INFO HostContext] Well known directory 'Bin': 'D:\cicd\actions-runner\bin'
[2026-09-30 19:16:38Z INFO HostContext] Well known directory 'Root': 'D:\cicd\actions-runner'
[2026-09-30 19:16:38Z INFO HostContext] Well known directory 'Work': 'D:\cicd\actions-runner\_work'
[2026-09-30 19:16:38Z INFO HostContext] Well known directory 'Temp': 'D:\cicd\actions-runner\_work\_temp'
[2026-09-30 19:16:38Z INFO ExecutionContext] Write event payload to D:\cicd\actions-runner\_work\_temp\_github_workflow\event.json
[2026-09-30 19:16:38Z INFO HostContext] Well known directory 'Bin': 'D:\cicd\actions-runner\bin'
[2026-09-30 19:16:38Z INFO HostContext] Well known directory 'Root': 'D:\cicd\actions-runner'
[2026-09-30 19:16:38Z INFO HostContext] Well known directory 'Work': 'D:\cicd\actions-runner\_work'
[2026-09-30 19:16:38Z INFO HostContext] Well known directory 'Temp': 'D:\cicd\actions-runner\_work\_temp'
[2026-09-30 19:16:38Z INFO ExtensionManager] Getting extensions for interface: 'GitHub.Runner.Worker.IFileCommandExtension'
[2026-09-30 19:16:38Z INFO ExtensionManager] Creating instance: GitHub.Runner.Worker.AddPathFileCommand, Runner.Worker
[2026-09-30 19:16:38Z INFO ExtensionManager] Creating instance: GitHub.Runner.Worker.SetEnvFileCommand, Runner.Worker
[2026-09-30 19:16:38Z INFO ExtensionManager] Creating instance: GitHub.Runner.Worker.CreateStepSummaryCommand, Runner.Worker
[2026-09-30 19:16:38Z INFO ExtensionManager] Creating instance: GitHub.Runner.Worker.SaveStateFileCommand, Runner.Worker
[2026-09-30 19:16:38Z INFO ExtensionManager] Creating instance: GitHub.Runner.Worker.SetOutputFileCommand, Runner.Worker
[2026-09-30 19:16:38Z INFO ExtensionManager] Creating instance: GitHub.Runner.Worker.CreateArtifactsFileCommand, Runner.Worker
[2026-09-30 19:16:38Z INFO ExtensionManager] Creating instance: GitHub.Runner.Worker.ArtifactsListFileCommand, Runner.Worker
[2026-09-30 19:16:38Z INFO ActionManifestManagerLegacy] Input 'repository': default value evaluate result: {
  "type": 0,
  "file": 2,
  "line": 6,
  "col": 14,
  "lit": "***-ops/my-repo"
}
[2026-09-30 19:16:38Z INFO ActionManifestManagerLegacy] Input 'ref': default value evaluate result: ""
[2026-09-30 19:16:38Z INFO ActionManifestManagerLegacy] Input 'token': default value evaluate result: {
  "type": 0,
  "file": 2,
  "line": 24,
  "col": 14,
  "lit": "***"
}
[2026-09-30 19:16:38Z INFO ActionManifestManagerLegacy] Input 'ssh-key': default value evaluate result: ""
[2026-09-30 19:16:38Z INFO ActionManifestManagerLegacy] Input 'ssh-known-hosts': default value evaluate result: ""
[2026-09-30 19:16:38Z INFO ActionManifestManagerLegacy] Input 'ssh-strict': default value evaluate result: {
  "type": 0,
  "file": 2,
  "line": 47,
  "col": 14,
  "lit": "true"
}
[2026-09-30 19:16:38Z INFO ActionManifestManagerLegacy] Input 'ssh-user': default value evaluate result: {
  "type": 0,
  "file": 2,
  "line": 51,
  "col": 14,
  "lit": "git"
}
[2026-09-30 19:16:38Z INFO ActionManifestManagerLegacy] Input 'persist-credentials': default value evaluate result: {
  "type": 0,
  "file": 2,
  "line": 54,
  "col": 14,
  "lit": "true"
}
[2026-09-30 19:16:38Z INFO ActionManifestManagerLegacy] Input 'path': default value evaluate result: ""
[2026-09-30 19:16:38Z INFO ActionManifestManagerLegacy] Input 'clean': default value evaluate result: {
  "type": 0,
  "file": 2,
  "line": 59,
  "col": 14,
  "lit": "true"
}
[2026-09-30 19:16:38Z INFO ActionManifestManagerLegacy] Input 'filter': default value evaluate result: {
  "type": 0,
  "file": 2,
  "line": 64,
  "col": 14,
  "lit": ""
}
[2026-09-30 19:16:38Z INFO ActionManifestManagerLegacy] Input 'sparse-checkout': default value evaluate result: {
  "type": 0,
  "file": 2,
  "line": 69,
  "col": 14,
  "lit": ""
}
[2026-09-30 19:16:38Z INFO ActionManifestManagerLegacy] Input 'sparse-checkout-cone-mode': default value evaluate result: {
  "type": 0,
  "file": 2,
  "line": 73,
  "col": 14,
  "lit": "true"
}
[2026-09-30 19:16:38Z INFO ActionManifestManagerLegacy] Input 'fetch-depth': default value evaluate result: {
  "type": 0,
  "file": 2,
  "line": 76,
  "col": 14,
  "lit": "1"
}
[2026-09-30 19:16:38Z INFO ActionManifestManagerLegacy] Input 'fetch-tags': default value evaluate result: {
  "type": 0,
  "file": 2,
  "line": 79,
  "col": 14,
  "lit": "false"
}
[2026-09-30 19:16:38Z INFO ActionManifestManagerLegacy] Input 'show-progress': default value evaluate result: {
  "type": 0,
  "file": 2,
  "line": 82,
  "col": 14,
  "lit": "true"
}
[2026-09-30 19:16:38Z INFO ActionManifestManagerLegacy] Input 'lfs': default value evaluate result: {
  "type": 0,
  "file": 2,
  "line": 85,
  "col": 14,
  "lit": "false"
}
[2026-09-30 19:16:38Z INFO ActionManifestManagerLegacy] Input 'submodules': default value evaluate result: {
  "type": 0,
  "file": 2,
  "line": 94,
  "col": 14,
  "lit": "false"
}
[2026-09-30 19:16:38Z INFO ActionManifestManagerLegacy] Input 'set-safe-directory': default value evaluate result: {
  "type": 0,
  "file": 2,
  "line": 97,
  "col": 14,
  "lit": "true"
}
[2026-09-30 19:16:38Z INFO ActionManifestManagerLegacy] Input 'github-server-url': default value evaluate result: ""
[2026-09-30 19:16:38Z INFO ActionManifestManagerLegacy] Input 'allow-unsafe-pr-checkout': default value evaluate result: {
  "type": 0,
  "file": 2,
  "line": 109,
  "col": 14,
  "lit": "false"
}
[2026-09-30 19:16:38Z INFO ExtensionManager] Getting extensions for interface: 'GitHub.Runner.Worker.IActionCommandExtension'
[2026-09-30 19:16:38Z INFO ExtensionManager] Creating instance: GitHub.Runner.Worker.InternalPluginSetRepoPathCommandExtension, Runner.Worker
[2026-09-30 19:16:38Z INFO ExtensionManager] Creating instance: GitHub.Runner.Worker.SetEnvCommandExtension, Runner.Worker
[2026-09-30 19:16:38Z INFO ExtensionManager] Creating instance: GitHub.Runner.Worker.SetOutputCommandExtension, Runner.Worker
[2026-09-30 19:16:38Z INFO ExtensionManager] Creating instance: GitHub.Runner.Worker.SaveStateCommandExtension, Runner.Worker
[2026-09-30 19:16:38Z INFO ExtensionManager] Creating instance: GitHub.Runner.Worker.AddPathCommandExtension, Runner.Worker
[2026-09-30 19:16:38Z INFO ExtensionManager] Creating instance: GitHub.Runner.Worker.AddMaskCommandExtension, Runner.Worker
[2026-09-30 19:16:38Z INFO ExtensionManager] Creating instance: GitHub.Runner.Worker.AddMatcherCommandExtension, Runner.Worker
[2026-09-30 19:16:38Z INFO ExtensionManager] Creating instance: GitHub.Runner.Worker.RemoveMatcherCommandExtension, Runner.Worker
[2026-09-30 19:16:38Z INFO ExtensionManager] Creating instance: GitHub.Runner.Worker.WarningCommandExtension, Runner.Worker
[2026-09-30 19:16:38Z INFO ExtensionManager] Creating instance: GitHub.Runner.Worker.ErrorCommandExtension, Runner.Worker
[2026-09-30 19:16:38Z INFO ExtensionManager] Creating instance: GitHub.Runner.Worker.NoticeCommandExtension, Runner.Worker
[2026-09-30 19:16:38Z INFO ExtensionManager] Creating instance: GitHub.Runner.Worker.DebugCommandExtension, Runner.Worker
[2026-09-30 19:16:38Z INFO ExtensionManager] Creating instance: GitHub.Runner.Worker.GroupCommandExtension, Runner.Worker
[2026-09-30 19:16:38Z INFO ExtensionManager] Creating instance: GitHub.Runner.Worker.EndGroupCommandExtension, Runner.Worker
[2026-09-30 19:16:38Z INFO ExtensionManager] Creating instance: GitHub.Runner.Worker.EchoCommandExtension, Runner.Worker
[2026-09-30 19:16:38Z INFO ActionCommandManager] Register action command extension for command internal-set-repo-path
[2026-09-30 19:16:38Z INFO ActionCommandManager] Register action command extension for command set-env
[2026-09-30 19:16:38Z INFO ActionCommandManager] Register action command extension for command set-output
[2026-09-30 19:16:38Z INFO ActionCommandManager] Register action command extension for command save-state
[2026-09-30 19:16:38Z INFO ActionCommandManager] Register action command extension for command add-path
[2026-09-30 19:16:38Z INFO ActionCommandManager] Register action command extension for command add-mask
[2026-09-30 19:16:38Z INFO ActionCommandManager] Register action command extension for command add-matcher
[2026-09-30 19:16:38Z INFO ActionCommandManager] Register action command extension for command remove-matcher
[2026-09-30 19:16:38Z INFO ActionCommandManager] Register action command extension for command warning
[2026-09-30 19:16:38Z INFO ActionCommandManager] Register action command extension for command error
[2026-09-30 19:16:38Z INFO ActionCommandManager] Register action command extension for command notice
[2026-09-30 19:16:38Z INFO ActionCommandManager] Register action command extension for command debug
[2026-09-30 19:16:38Z INFO ActionCommandManager] Register action command extension for command group
[2026-09-30 19:16:38Z INFO ActionCommandManager] Register action command extension for command endgroup
[2026-09-30 19:16:38Z INFO ActionCommandManager] Register action command extension for command echo
[2026-09-30 19:16:38Z INFO HostContext] Well known directory 'Bin': 'D:\cicd\actions-runner\bin'
[2026-09-30 19:16:38Z INFO HostContext] Well known directory 'Root': 'D:\cicd\actions-runner'
[2026-09-30 19:16:38Z INFO HostContext] Well known directory 'Externals': 'D:\cicd\actions-runner\externals'
[2026-09-30 19:16:38Z INFO ProcessInvokerWrapper] Starting process:
[2026-09-30 19:16:38Z INFO ProcessInvokerWrapper]   File name: 'D:\cicd\actions-runner\externals\node24\bin\node.exe'
[2026-09-30 19:16:38Z INFO ProcessInvokerWrapper]   Arguments: '"D:\cicd\actions-runner\_work\_actions\actions\checkout\v4\dist/index.js"'
[2026-09-30 19:16:38Z INFO ProcessInvokerWrapper]   Working directory: 'D:\cicd\actions-runner\_work\my-repo\my-repo'
[2026-09-30 19:16:38Z INFO ProcessInvokerWrapper]   Require exit code zero: 'False'
[2026-09-30 19:16:38Z INFO ProcessInvokerWrapper]   Encoding web name: utf-8 ; code page: '65001'
[2026-09-30 19:16:38Z INFO ProcessInvokerWrapper]   Force kill process on cancellation: 'False'
[2026-09-30 19:16:38Z INFO ProcessInvokerWrapper]   Redirected STDIN: 'False'
[2026-09-30 19:16:38Z INFO ProcessInvokerWrapper]   Persist current code page: 'True'
[2026-09-30 19:16:38Z INFO ProcessInvokerWrapper]   Keep redirected STDIN open: 'False'
[2026-09-30 19:16:38Z INFO ProcessInvokerWrapper]   High priority process: 'False'
[2026-09-30 19:16:38Z INFO ProcessInvokerWrapper] Process started with process id 27912, waiting for process exit.
[2026-09-30 19:16:38Z INFO JobServerQueue] Try to append 1 batches web console lines for record 'ed94a384-ecfe-4cb7-9dc2-6e250d170732', success rate: 1/1.
[2026-09-30 19:16:38Z INFO JobServerQueue] Try to upload 1 log files or attachments, success rate: 1/1.
[2026-09-30 19:16:38Z INFO JobServerQueue] Got a step log file to send to results service.
[2026-09-30 19:16:38Z INFO JobServerQueue] Starting upload of step log file to results service ResultsLog, D:\cicd\actions-runner\_diag\blocks\c9618cc0-b484-858e-a970-dbd442ce7d47_eb2cb842-478b-46ef-9110-b7d23dc59e51.1
[2026-09-30 19:16:40Z INFO JobServerQueue] Try to append 1 batches web console lines for record 'ed94a384-ecfe-4cb7-9dc2-6e250d170732', success rate: 1/1.
[2026-09-30 19:16:41Z INFO JobServerQueue] Try to append 1 batches web console lines for record 'ed94a384-ecfe-4cb7-9dc2-6e250d170732', success rate: 1/1.
[2026-09-30 19:16:41Z INFO AddMaskCommandExtension] Add new secret mask with length of 524
[2026-09-30 19:16:42Z INFO JobServerQueue] Try to append 1 batches web console lines for record 'ed94a384-ecfe-4cb7-9dc2-6e250d170732', success rate: 1/1.
[2026-09-30 19:16:42Z INFO JobServerQueue] Tried to upload 1 file(s) to results, success rate: 1/1.
[2026-09-30 19:16:42Z INFO JobServerQueue] Try to append 1 batches web console lines for record 'ed94a384-ecfe-4cb7-9dc2-6e250d170732', success rate: 1/1.
[2026-09-30 19:16:42Z INFO JobServerQueue] Try to append 1 batches web console lines for record 'ed94a384-ecfe-4cb7-9dc2-6e250d170732', success rate: 1/1.
[2026-09-30 19:16:43Z INFO JobServerQueue] Try to append 1 batches web console lines for record 'ed94a384-ecfe-4cb7-9dc2-6e250d170732', success rate: 1/1.
[2026-09-30 19:16:43Z INFO JobServerQueue] Try to append 1 batches web console lines for record 'ed94a384-ecfe-4cb7-9dc2-6e250d170732', success rate: 1/1.
[2026-09-30 19:16:43Z INFO JobServerQueue] Try to append 1 batches web console lines for record 'ed94a384-ecfe-4cb7-9dc2-6e250d170732', success rate: 1/1.
[2026-09-30 19:16:45Z INFO JobServerQueue] Try to append 1 batches web console lines for record 'ed94a384-ecfe-4cb7-9dc2-6e250d170732', success rate: 1/1.
[2026-09-30 19:16:46Z INFO JobServerQueue] Try to append 1 batches web console lines for record 'ed94a384-ecfe-4cb7-9dc2-6e250d170732', success rate: 1/1.
[2026-09-30 19:16:47Z INFO HostContext] Well known directory 'Bin': 'D:\cicd\actions-runner\bin'
[2026-09-30 19:16:47Z INFO HostContext] Well known directory 'Root': 'D:\cicd\actions-runner'
[2026-09-30 19:16:47Z INFO HostContext] Well known directory 'Work': 'D:\cicd\actions-runner\_work'
[2026-09-30 19:16:47Z INFO JobServerQueue] Try to append 1 batches web console lines for record 'ed94a384-ecfe-4cb7-9dc2-6e250d170732', success rate: 1/1.
[2026-09-30 19:16:48Z INFO JobServerQueue] Try to append 1 batches web console lines for record 'ed94a384-ecfe-4cb7-9dc2-6e250d170732', success rate: 1/1.
[2026-09-30 19:16:50Z INFO JobServerQueue] Try to append 1 batches web console lines for record 'ed94a384-ecfe-4cb7-9dc2-6e250d170732', success rate: 1/1.
[2026-09-30 19:16:50Z INFO JobServerQueue] Try to append 1 batches web console lines for record 'ed94a384-ecfe-4cb7-9dc2-6e250d170732', success rate: 1/1.
[2026-09-30 19:16:51Z INFO JobServerQueue] Try to append 1 batches web console lines for record 'ed94a384-ecfe-4cb7-9dc2-6e250d170732', success rate: 1/1.
[2026-09-30 19:16:52Z INFO JobServerQueue] Try to append 1 batches web console lines for record 'ed94a384-ecfe-4cb7-9dc2-6e250d170732', success rate: 1/1.
[2026-09-30 19:16:53Z INFO JobServerQueue] Try to append 1 batches web console lines for record 'ed94a384-ecfe-4cb7-9dc2-6e250d170732', success rate: 1/1.
[2026-09-30 19:16:53Z INFO JobServerQueue] Try to append 1 batches web console lines for record 'ed94a384-ecfe-4cb7-9dc2-6e250d170732', success rate: 1/1.
[2026-09-30 19:16:53Z INFO ProcessInvokerWrapper] STDOUT/STDERR stream read finished.
[2026-09-30 19:16:53Z INFO ProcessInvokerWrapper] STDOUT/STDERR stream read finished.
[2026-09-30 19:16:53Z INFO ProcessInvokerWrapper] Finished process 27912 with exit code 0, and elapsed time 00:00:15.5007401.
[2026-09-30 19:16:53Z INFO CreateStepSummaryCommand] Step Summary file (D:\cicd\actions-runner\_work\_temp\_runner_file_commands\step_summary_576d779c-d0e4-4697-9f27-d2eb5c718529) is empty; skipping attachment upload
[2026-09-30 19:16:53Z INFO StepsRunner] Step result: 
[2026-09-30 19:16:53Z INFO ExecutionContext] Publish step telemetry for current step {
  "action": "actions/checkout",
  "ref": "v4",
  "type": "node24",
  "stage": "Main",
  "stepId": "ed94a384-ecfe-4cb7-9dc2-6e250d170732",
  "stepContextName": "__actions_checkout",
  "hasPreStep": false,
  "hasPostStep": true,
  "result": "succeeded",
  "errorMessages": [],
  "executionTimeInSeconds": 16,
  "startTime": "2026-09-30T19:16:37.9660715Z",
  "finishTime": "2026-09-30T19:16:53.795734Z"
}.
[2026-09-30 19:16:53Z INFO StepsRunner] No need for updating job result with current step result 'Succeeded'.
[2026-09-30 19:16:53Z INFO StepsRunner] Current state: job state = ''
[2026-09-30 19:16:53Z INFO StepsRunner] Processing step: DisplayName='Docker Login'
[2026-09-30 19:16:53Z INFO StepsRunner] Evaluating: success()
[2026-09-30 19:16:53Z INFO StepsRunner] Result: true
[2026-09-30 19:16:53Z INFO StepsRunner] Starting the step.
[2026-09-30 19:16:53Z INFO HostContext] Well known directory 'Bin': 'D:\cicd\actions-runner\bin'
[2026-09-30 19:16:53Z INFO HostContext] Well known directory 'Root': 'D:\cicd\actions-runner'
[2026-09-30 19:16:53Z INFO HostContext] Well known directory 'Work': 'D:\cicd\actions-runner\_work'
[2026-09-30 19:16:53Z INFO StepsRunner] Which2: 'chcp'
[2026-09-30 19:16:53Z INFO StepsRunner] Location: 'C:\WINDOWS\system32\chcp.COM'
[2026-09-30 19:16:53Z INFO ProcessInvokerWrapper] Starting process:
[2026-09-30 19:16:53Z INFO ProcessInvokerWrapper]   File name: 'C:\WINDOWS\system32\chcp.COM'
[2026-09-30 19:16:53Z INFO ProcessInvokerWrapper]   Arguments: '65001'
[2026-09-30 19:16:53Z INFO ProcessInvokerWrapper]   Working directory: 'D:\cicd\actions-runner\_work'
[2026-09-30 19:16:53Z INFO ProcessInvokerWrapper]   Require exit code zero: 'False'
[2026-09-30 19:16:53Z INFO ProcessInvokerWrapper]   Encoding web name:  ; code page: ''
[2026-09-30 19:16:53Z INFO ProcessInvokerWrapper]   Force kill process on cancellation: 'False'
[2026-09-30 19:16:53Z INFO ProcessInvokerWrapper]   Redirected STDIN: 'False'
[2026-09-30 19:16:53Z INFO ProcessInvokerWrapper]   Persist current code page: 'True'
[2026-09-30 19:16:53Z INFO ProcessInvokerWrapper]   Keep redirected STDIN open: 'False'
[2026-09-30 19:16:53Z INFO ProcessInvokerWrapper]   High priority process: 'False'
[2026-09-30 19:16:53Z INFO ProcessInvokerWrapper] Process started with process id 22028, waiting for process exit.
[2026-09-30 19:16:53Z INFO ProcessInvokerWrapper] STDOUT/STDERR stream read finished.
[2026-09-30 19:16:53Z INFO ProcessInvokerWrapper] STDOUT/STDERR stream read finished.
[2026-09-30 19:16:53Z INFO ProcessInvokerWrapper] Finished process 22028 with exit code 0, and elapsed time 00:00:00.0397618.
[2026-09-30 19:16:53Z INFO StepsRunner] Successfully returned to code page 65001 (UTF8)
[2026-09-30 19:16:53Z INFO HostContext] Well known directory 'Bin': 'D:\cicd\actions-runner\bin'
[2026-09-30 19:16:53Z INFO HostContext] Well known directory 'Root': 'D:\cicd\actions-runner'
[2026-09-30 19:16:53Z INFO HostContext] Well known directory 'Work': 'D:\cicd\actions-runner\_work'
[2026-09-30 19:16:53Z INFO HostContext] Well known directory 'Temp': 'D:\cicd\actions-runner\_work\_temp'
[2026-09-30 19:16:53Z INFO ExecutionContext] Write event payload to D:\cicd\actions-runner\_work\_temp\_github_workflow\event.json
[2026-09-30 19:16:53Z INFO HostContext] Well known directory 'Bin': 'D:\cicd\actions-runner\bin'
[2026-09-30 19:16:53Z INFO HostContext] Well known directory 'Root': 'D:\cicd\actions-runner'
[2026-09-30 19:16:53Z INFO HostContext] Well known directory 'Work': 'D:\cicd\actions-runner\_work'
[2026-09-30 19:16:53Z INFO HostContext] Well known directory 'Temp': 'D:\cicd\actions-runner\_work\_temp'
[2026-09-30 19:16:53Z INFO ExtensionManager] Getting extensions for interface: 'GitHub.Runner.Worker.IFileCommandExtension'
[2026-09-30 19:16:53Z INFO ExtensionManager] Getting extensions for interface: 'GitHub.Runner.Worker.IActionCommandExtension'
[2026-09-30 19:16:53Z INFO ActionCommandManager] Register action command extension for command internal-set-repo-path
[2026-09-30 19:16:53Z INFO ActionCommandManager] Register action command extension for command set-env
[2026-09-30 19:16:53Z INFO ActionCommandManager] Register action command extension for command set-output
[2026-09-30 19:16:53Z INFO ActionCommandManager] Register action command extension for command save-state
[2026-09-30 19:16:53Z INFO ActionCommandManager] Register action command extension for command add-path
[2026-09-30 19:16:53Z INFO ActionCommandManager] Register action command extension for command add-mask
[2026-09-30 19:16:53Z INFO ActionCommandManager] Register action command extension for command add-matcher
[2026-09-30 19:16:53Z INFO ActionCommandManager] Register action command extension for command remove-matcher
[2026-09-30 19:16:53Z INFO ActionCommandManager] Register action command extension for command warning
[2026-09-30 19:16:53Z INFO ActionCommandManager] Register action command extension for command error
[2026-09-30 19:16:53Z INFO ActionCommandManager] Register action command extension for command notice
[2026-09-30 19:16:53Z INFO ActionCommandManager] Register action command extension for command debug
[2026-09-30 19:16:53Z INFO ActionCommandManager] Register action command extension for command group
[2026-09-30 19:16:53Z INFO ActionCommandManager] Register action command extension for command endgroup
[2026-09-30 19:16:53Z INFO ActionCommandManager] Register action command extension for command echo
[2026-09-30 19:16:53Z INFO ScriptHandler] Which2: 'pwsh'
[2026-09-30 19:16:53Z INFO ScriptHandler] Location: 'C:\Program Files\PowerShell\7\pwsh.EXE'
[2026-09-30 19:16:53Z INFO HostContext] Well known directory 'Bin': 'D:\cicd\actions-runner\bin'
[2026-09-30 19:16:53Z INFO HostContext] Well known directory 'Root': 'D:\cicd\actions-runner'
[2026-09-30 19:16:53Z INFO HostContext] Well known directory 'Work': 'D:\cicd\actions-runner\_work'
[2026-09-30 19:16:53Z INFO HostContext] Well known directory 'Temp': 'D:\cicd\actions-runner\_work\_temp'
[2026-09-30 19:16:53Z INFO ScriptHandler] Which2: 'pwsh'
[2026-09-30 19:16:53Z INFO ScriptHandler] Location: 'C:\Program Files\PowerShell\7\pwsh.EXE'
[2026-09-30 19:16:53Z INFO ProcessInvokerWrapper] Starting process:
[2026-09-30 19:16:53Z INFO ProcessInvokerWrapper]   File name: 'C:\Program Files\PowerShell\7\pwsh.EXE'
[2026-09-30 19:16:53Z INFO ProcessInvokerWrapper]   Arguments: '-command ". 'D:\cicd\actions-runner\_work\_temp\edcc9406-7e46-4256-9dcd-6c40e742a77f.ps1'"'
[2026-09-30 19:16:53Z INFO ProcessInvokerWrapper]   Working directory: 'D:\cicd\actions-runner\_work\my-repo\my-repo'
[2026-09-30 19:16:53Z INFO ProcessInvokerWrapper]   Require exit code zero: 'False'
[2026-09-30 19:16:53Z INFO ProcessInvokerWrapper]   Encoding web name:  ; code page: ''
[2026-09-30 19:16:53Z INFO ProcessInvokerWrapper]   Force kill process on cancellation: 'False'
[2026-09-30 19:16:53Z INFO ProcessInvokerWrapper]   Redirected STDIN: 'False'
[2026-09-30 19:16:53Z INFO ProcessInvokerWrapper]   Persist current code page: 'True'
[2026-09-30 19:16:53Z INFO ProcessInvokerWrapper]   Keep redirected STDIN open: 'False'
[2026-09-30 19:16:53Z INFO ProcessInvokerWrapper]   High priority process: 'False'
[2026-09-30 19:16:53Z INFO ProcessInvokerWrapper] Process started with process id 11368, waiting for process exit.
[2026-09-30 19:16:53Z INFO JobServerQueue] Try to append 1 batches web console lines for record 'ed94a384-ecfe-4cb7-9dc2-6e250d170732', success rate: 1/1.
[2026-09-30 19:16:53Z INFO JobServerQueue] Try to append 1 batches web console lines for record '4a6e3593-2207-48b4-af97-daddb4923899', success rate: 1/1.
[2026-09-30 19:16:54Z INFO JobServerQueue] Try to upload 1 log files or attachments, success rate: 1/1.
[2026-09-30 19:16:54Z INFO JobServerQueue] Got a step log file to send to results service.
[2026-09-30 19:16:54Z INFO JobServerQueue] Starting upload of step log file to results service ResultsLog, D:\cicd\actions-runner\_diag\blocks\c9618cc0-b484-858e-a970-dbd442ce7d47_ed94a384-ecfe-4cb7-9dc2-6e250d170732.1
[2026-09-30 19:16:55Z INFO JobServerQueue] Tried to upload 1 file(s) to results, success rate: 1/1.
[2026-09-30 19:16:57Z INFO ProcessInvokerWrapper] STDOUT/STDERR stream read finished.
[2026-09-30 19:16:57Z INFO ProcessInvokerWrapper] STDOUT/STDERR stream read finished.
[2026-09-30 19:16:57Z INFO ProcessInvokerWrapper] Finished process 11368 with exit code 0, and elapsed time 00:00:03.6365210.
[2026-09-30 19:16:57Z INFO CreateStepSummaryCommand] Step Summary file (D:\cicd\actions-runner\_work\_temp\_runner_file_commands\step_summary_48632872-7d95-44ab-89f5-0c86f2f36128) is empty; skipping attachment upload
[2026-09-30 19:16:57Z INFO StepsRunner] Step result: 
[2026-09-30 19:16:57Z INFO ExecutionContext] Publish step telemetry for current step {
  "action": "pwsh",
  "type": "run",
  "stage": "Main",
  "stepId": "4a6e3593-2207-48b4-af97-daddb4923899",
  "stepContextName": "__run",
  "result": "succeeded",
  "errorMessages": [],
  "executionTimeInSeconds": 4,
  "startTime": "2026-09-30T19:16:53.7979703Z",
  "finishTime": "2026-09-30T19:16:57.5089334Z"
}.
[2026-09-30 19:16:57Z INFO StepsRunner] No need for updating job result with current step result 'Succeeded'.
[2026-09-30 19:16:57Z INFO StepsRunner] Current state: job state = ''
[2026-09-30 19:16:57Z INFO StepsRunner] Processing step: DisplayName='Build Docker Image'
[2026-09-30 19:16:57Z INFO StepsRunner] Evaluating: success()
[2026-09-30 19:16:57Z INFO StepsRunner] Result: true
[2026-09-30 19:16:57Z INFO StepsRunner] Starting the step.
[2026-09-30 19:16:57Z INFO HostContext] Well known directory 'Bin': 'D:\cicd\actions-runner\bin'
[2026-09-30 19:16:57Z INFO HostContext] Well known directory 'Root': 'D:\cicd\actions-runner'
[2026-09-30 19:16:57Z INFO HostContext] Well known directory 'Work': 'D:\cicd\actions-runner\_work'
[2026-09-30 19:16:57Z INFO StepsRunner] Which2: 'chcp'
[2026-09-30 19:16:57Z INFO StepsRunner] Location: 'C:\WINDOWS\system32\chcp.COM'
[2026-09-30 19:16:57Z INFO ProcessInvokerWrapper] Starting process:
[2026-09-30 19:16:57Z INFO ProcessInvokerWrapper]   File name: 'C:\WINDOWS\system32\chcp.COM'
[2026-09-30 19:16:57Z INFO ProcessInvokerWrapper]   Arguments: '65001'
[2026-09-30 19:16:57Z INFO ProcessInvokerWrapper]   Working directory: 'D:\cicd\actions-runner\_work'
[2026-09-30 19:16:57Z INFO ProcessInvokerWrapper]   Require exit code zero: 'False'
[2026-09-30 19:16:57Z INFO ProcessInvokerWrapper]   Encoding web name:  ; code page: ''
[2026-09-30 19:16:57Z INFO ProcessInvokerWrapper]   Force kill process on cancellation: 'False'
[2026-09-30 19:16:57Z INFO ProcessInvokerWrapper]   Redirected STDIN: 'False'
[2026-09-30 19:16:57Z INFO ProcessInvokerWrapper]   Persist current code page: 'True'
[2026-09-30 19:16:57Z INFO ProcessInvokerWrapper]   Keep redirected STDIN open: 'False'
[2026-09-30 19:16:57Z INFO ProcessInvokerWrapper]   High priority process: 'False'
[2026-09-30 19:16:57Z INFO ProcessInvokerWrapper] Process started with process id 25708, waiting for process exit.
[2026-09-30 19:16:57Z INFO ProcessInvokerWrapper] STDOUT/STDERR stream read finished.
[2026-09-30 19:16:57Z INFO ProcessInvokerWrapper] STDOUT/STDERR stream read finished.
[2026-09-30 19:16:57Z INFO ProcessInvokerWrapper] Finished process 25708 with exit code 0, and elapsed time 00:00:00.0263267.
[2026-09-30 19:16:57Z INFO StepsRunner] Successfully returned to code page 65001 (UTF8)
[2026-09-30 19:16:57Z INFO HostContext] Well known directory 'Bin': 'D:\cicd\actions-runner\bin'
[2026-09-30 19:16:57Z INFO HostContext] Well known directory 'Root': 'D:\cicd\actions-runner'
[2026-09-30 19:16:57Z INFO HostContext] Well known directory 'Work': 'D:\cicd\actions-runner\_work'
[2026-09-30 19:16:57Z INFO HostContext] Well known directory 'Temp': 'D:\cicd\actions-runner\_work\_temp'
[2026-09-30 19:16:57Z INFO ExecutionContext] Write event payload to D:\cicd\actions-runner\_work\_temp\_github_workflow\event.json
[2026-09-30 19:16:57Z INFO HostContext] Well known directory 'Bin': 'D:\cicd\actions-runner\bin'
[2026-09-30 19:16:57Z INFO HostContext] Well known directory 'Root': 'D:\cicd\actions-runner'
[2026-09-30 19:16:57Z INFO HostContext] Well known directory 'Work': 'D:\cicd\actions-runner\_work'
[2026-09-30 19:16:57Z INFO HostContext] Well known directory 'Temp': 'D:\cicd\actions-runner\_work\_temp'
[2026-09-30 19:16:57Z INFO ExtensionManager] Getting extensions for interface: 'GitHub.Runner.Worker.IFileCommandExtension'
[2026-09-30 19:16:57Z INFO ExtensionManager] Getting extensions for interface: 'GitHub.Runner.Worker.IActionCommandExtension'
[2026-09-30 19:16:57Z INFO ActionCommandManager] Register action command extension for command internal-set-repo-path
[2026-09-30 19:16:57Z INFO ActionCommandManager] Register action command extension for command set-env
[2026-09-30 19:16:57Z INFO ActionCommandManager] Register action command extension for command set-output
[2026-09-30 19:16:57Z INFO ActionCommandManager] Register action command extension for command save-state
[2026-09-30 19:16:57Z INFO ActionCommandManager] Register action command extension for command add-path
[2026-09-30 19:16:57Z INFO ActionCommandManager] Register action command extension for command add-mask
[2026-09-30 19:16:57Z INFO ActionCommandManager] Register action command extension for command add-matcher
[2026-09-30 19:16:57Z INFO ActionCommandManager] Register action command extension for command remove-matcher
[2026-09-30 19:16:57Z INFO ActionCommandManager] Register action command extension for command warning
[2026-09-30 19:16:57Z INFO ActionCommandManager] Register action command extension for command error
[2026-09-30 19:16:57Z INFO ActionCommandManager] Register action command extension for command notice
[2026-09-30 19:16:57Z INFO ActionCommandManager] Register action command extension for command debug
[2026-09-30 19:16:57Z INFO ActionCommandManager] Register action command extension for command group
[2026-09-30 19:16:57Z INFO ActionCommandManager] Register action command extension for command endgroup
[2026-09-30 19:16:57Z INFO ActionCommandManager] Register action command extension for command echo
[2026-09-30 19:16:57Z INFO ScriptHandler] Which2: 'pwsh'
[2026-09-30 19:16:57Z INFO ScriptHandler] Location: 'C:\Program Files\PowerShell\7\pwsh.EXE'
[2026-09-30 19:16:57Z INFO HostContext] Well known directory 'Bin': 'D:\cicd\actions-runner\bin'
[2026-09-30 19:16:57Z INFO HostContext] Well known directory 'Root': 'D:\cicd\actions-runner'
[2026-09-30 19:16:57Z INFO HostContext] Well known directory 'Work': 'D:\cicd\actions-runner\_work'
[2026-09-30 19:16:57Z INFO HostContext] Well known directory 'Temp': 'D:\cicd\actions-runner\_work\_temp'
[2026-09-30 19:16:57Z INFO ScriptHandler] Which2: 'pwsh'
[2026-09-30 19:16:57Z INFO ScriptHandler] Location: 'C:\Program Files\PowerShell\7\pwsh.EXE'
[2026-09-30 19:16:57Z INFO ProcessInvokerWrapper] Starting process:
[2026-09-30 19:16:57Z INFO ProcessInvokerWrapper]   File name: 'C:\Program Files\PowerShell\7\pwsh.EXE'
[2026-09-30 19:16:57Z INFO ProcessInvokerWrapper]   Arguments: '-command ". 'D:\cicd\actions-runner\_work\_temp\39c6469b-d333-4ae6-bcc2-829ce06e65ec.ps1'"'
[2026-09-30 19:16:57Z INFO ProcessInvokerWrapper]   Working directory: 'D:\cicd\actions-runner\_work\my-repo\my-repo'
[2026-09-30 19:16:57Z INFO ProcessInvokerWrapper]   Require exit code zero: 'False'
[2026-09-30 19:16:57Z INFO ProcessInvokerWrapper]   Encoding web name:  ; code page: ''
[2026-09-30 19:16:57Z INFO ProcessInvokerWrapper]   Force kill process on cancellation: 'False'
[2026-09-30 19:16:57Z INFO ProcessInvokerWrapper]   Redirected STDIN: 'False'
[2026-09-30 19:16:57Z INFO ProcessInvokerWrapper]   Persist current code page: 'True'
[2026-09-30 19:16:57Z INFO ProcessInvokerWrapper]   Keep redirected STDIN open: 'False'
[2026-09-30 19:16:57Z INFO ProcessInvokerWrapper]   High priority process: 'False'
[2026-09-30 19:16:57Z INFO JobServerQueue] Try to append 1 batches web console lines for record '4a6e3593-2207-48b4-af97-daddb4923899', success rate: 1/1.
[2026-09-30 19:16:57Z INFO JobServerQueue] Try to append 1 batches web console lines for record '2a4b9d6e-7db2-4a34-b051-260282729745', success rate: 1/1.
[2026-09-30 19:16:57Z INFO ProcessInvokerWrapper] Process started with process id 10076, waiting for process exit.
[2026-09-30 19:16:57Z INFO HostContext] Well known directory 'Bin': 'D:\cicd\actions-runner\bin'
[2026-09-30 19:16:57Z INFO HostContext] Well known directory 'Root': 'D:\cicd\actions-runner'
[2026-09-30 19:16:57Z INFO HostContext] Well known directory 'Work': 'D:\cicd\actions-runner\_work'
[2026-09-30 19:16:58Z INFO JobServerQueue] Got a step log file to send to results service.
[2026-09-30 19:16:58Z INFO JobServerQueue] Starting upload of step log file to results service ResultsLog, D:\cicd\actions-runner\_diag\blocks\c9618cc0-b484-858e-a970-dbd442ce7d47_4a6e3593-2207-48b4-af97-daddb4923899.1
[2026-09-30 19:16:58Z INFO JobServerQueue] Try to upload 1 log files or attachments, success rate: 1/1.
[2026-09-30 19:16:59Z INFO JobServerQueue] Tried to upload 1 file(s) to results, success rate: 1/1.
[2026-09-30 19:17:00Z INFO JobServerQueue] Try to append 1 batches web console lines for record '2a4b9d6e-7db2-4a34-b051-260282729745', success rate: 1/1.
[2026-09-30 19:17:00Z INFO JobServerQueue] Try to append 1 batches web console lines for record '2a4b9d6e-7db2-4a34-b051-260282729745', success rate: 1/1.
[2026-09-30 19:17:01Z INFO JobServerQueue] Try to append 1 batches web console lines for record '2a4b9d6e-7db2-4a34-b051-260282729745', success rate: 1/1.
[2026-09-30 19:17:01Z INFO JobServerQueue] Try to append 1 batches web console lines for record '2a4b9d6e-7db2-4a34-b051-260282729745', success rate: 1/1.
[2026-09-30 19:17:02Z INFO JobServerQueue] Try to append 1 batches web console lines for record '2a4b9d6e-7db2-4a34-b051-260282729745', success rate: 1/1.
[2026-09-30 19:17:02Z INFO JobServerQueue] Try to append 1 batches web console lines for record '2a4b9d6e-7db2-4a34-b051-260282729745', success rate: 1/1.
[2026-09-30 19:17:02Z INFO JobServerQueue] Try to append 1 batches web console lines for record '2a4b9d6e-7db2-4a34-b051-260282729745', success rate: 1/1.
[2026-09-30 19:17:03Z INFO JobServerQueue] Try to append 1 batches web console lines for record '2a4b9d6e-7db2-4a34-b051-260282729745', success rate: 1/1.
[2026-09-30 19:17:03Z INFO JobServerQueue] Try to append 1 batches web console lines for record '2a4b9d6e-7db2-4a34-b051-260282729745', success rate: 1/1.
[2026-09-30 19:17:03Z INFO JobServerQueue] Try to append 1 batches web console lines for record '2a4b9d6e-7db2-4a34-b051-260282729745', success rate: 1/1.
[2026-09-30 19:17:04Z INFO JobServerQueue] Try to append 1 batches web console lines for record '2a4b9d6e-7db2-4a34-b051-260282729745', success rate: 1/1.
[2026-09-30 19:17:04Z INFO JobServerQueue] Try to append 1 batches web console lines for record '2a4b9d6e-7db2-4a34-b051-260282729745', success rate: 1/1.
[2026-09-30 19:17:04Z INFO JobServerQueue] Try to append 1 batches web console lines for record '2a4b9d6e-7db2-4a34-b051-260282729745', success rate: 1/1.
[2026-09-30 19:17:04Z INFO JobServerQueue] Try to append 1 batches web console lines for record '2a4b9d6e-7db2-4a34-b051-260282729745', success rate: 1/1.
[2026-09-30 19:17:05Z INFO JobServerQueue] Try to append 1 batches web console lines for record '2a4b9d6e-7db2-4a34-b051-260282729745', success rate: 1/1.
[2026-09-30 19:17:05Z INFO JobServerQueue] Try to append 1 batches web console lines for record '2a4b9d6e-7db2-4a34-b051-260282729745', success rate: 1/1.
[2026-09-30 19:17:06Z INFO JobServerQueue] Try to append 1 batches web console lines for record '2a4b9d6e-7db2-4a34-b051-260282729745', success rate: 1/1.
[2026-09-30 19:17:06Z INFO JobServerQueue] Try to append 1 batches web console lines for record '2a4b9d6e-7db2-4a34-b051-260282729745', success rate: 1/1.
[2026-09-30 19:17:07Z INFO HostContext] Well known directory 'Bin': 'D:\cicd\actions-runner\bin'
[2026-09-30 19:17:07Z INFO HostContext] Well known directory 'Root': 'D:\cicd\actions-runner'
[2026-09-30 19:17:07Z INFO HostContext] Well known directory 'Work': 'D:\cicd\actions-runner\_work'
[2026-09-30 19:17:09Z INFO JobServerQueue] Try to append 1 batches web console lines for record '2a4b9d6e-7db2-4a34-b051-260282729745', success rate: 1/1.
[2026-09-30 19:17:09Z INFO ProcessInvokerWrapper] STDOUT/STDERR stream read finished.
[2026-09-30 19:17:09Z INFO ProcessInvokerWrapper] STDOUT/STDERR stream read finished.
[2026-09-30 19:17:09Z INFO ProcessInvokerWrapper] Finished process 10076 with exit code 0, and elapsed time 00:00:11.9657675.
[2026-09-30 19:17:09Z INFO CreateStepSummaryCommand] Step Summary file (D:\cicd\actions-runner\_work\_temp\_runner_file_commands\step_summary_da7d8b28-010c-4d58-87b7-ef76f962e688) is empty; skipping attachment upload
[2026-09-30 19:17:09Z INFO StepsRunner] Step result: 
[2026-09-30 19:17:09Z INFO ExecutionContext] Publish step telemetry for current step {
  "action": "pwsh",
  "type": "run",
  "stage": "Main",
  "stepId": "2a4b9d6e-7db2-4a34-b051-260282729745",
  "stepContextName": "__run_2",
  "result": "succeeded",
  "errorMessages": [],
  "executionTimeInSeconds": 13,
  "startTime": "2026-09-30T19:16:57.5110215Z",
  "finishTime": "2026-09-30T19:17:09.5204938Z"
}.
[2026-09-30 19:17:09Z INFO StepsRunner] No need for updating job result with current step result 'Succeeded'.
[2026-09-30 19:17:09Z INFO StepsRunner] Current state: job state = ''
[2026-09-30 19:17:09Z INFO StepsRunner] Processing step: DisplayName='Terraform Init'
[2026-09-30 19:17:09Z INFO StepsRunner] Evaluating: success()
[2026-09-30 19:17:09Z INFO StepsRunner] Result: true
[2026-09-30 19:17:09Z INFO StepsRunner] Starting the step.
[2026-09-30 19:17:09Z INFO HostContext] Well known directory 'Bin': 'D:\cicd\actions-runner\bin'
[2026-09-30 19:17:09Z INFO HostContext] Well known directory 'Root': 'D:\cicd\actions-runner'
[2026-09-30 19:17:09Z INFO HostContext] Well known directory 'Work': 'D:\cicd\actions-runner\_work'
[2026-09-30 19:17:09Z INFO StepsRunner] Which2: 'chcp'
[2026-09-30 19:17:09Z INFO StepsRunner] Location: 'C:\WINDOWS\system32\chcp.COM'
[2026-09-30 19:17:09Z INFO ProcessInvokerWrapper] Starting process:
[2026-09-30 19:17:09Z INFO ProcessInvokerWrapper]   File name: 'C:\WINDOWS\system32\chcp.COM'
[2026-09-30 19:17:09Z INFO ProcessInvokerWrapper]   Arguments: '65001'
[2026-09-30 19:17:09Z INFO ProcessInvokerWrapper]   Working directory: 'D:\cicd\actions-runner\_work'
[2026-09-30 19:17:09Z INFO ProcessInvokerWrapper]   Require exit code zero: 'False'
[2026-09-30 19:17:09Z INFO ProcessInvokerWrapper]   Encoding web name:  ; code page: ''
[2026-09-30 19:17:09Z INFO ProcessInvokerWrapper]   Force kill process on cancellation: 'False'
[2026-09-30 19:17:09Z INFO ProcessInvokerWrapper]   Redirected STDIN: 'False'
[2026-09-30 19:17:09Z INFO ProcessInvokerWrapper]   Persist current code page: 'True'
[2026-09-30 19:17:09Z INFO ProcessInvokerWrapper]   Keep redirected STDIN open: 'False'
[2026-09-30 19:17:09Z INFO ProcessInvokerWrapper]   High priority process: 'False'
[2026-09-30 19:17:09Z INFO ProcessInvokerWrapper] Process started with process id 2836, waiting for process exit.
[2026-09-30 19:17:09Z INFO ProcessInvokerWrapper] STDOUT/STDERR stream read finished.
[2026-09-30 19:17:09Z INFO ProcessInvokerWrapper] STDOUT/STDERR stream read finished.
[2026-09-30 19:17:09Z INFO ProcessInvokerWrapper] Finished process 2836 with exit code 0, and elapsed time 00:00:00.0296271.
[2026-09-30 19:17:09Z INFO StepsRunner] Successfully returned to code page 65001 (UTF8)
[2026-09-30 19:17:09Z INFO HostContext] Well known directory 'Bin': 'D:\cicd\actions-runner\bin'
[2026-09-30 19:17:09Z INFO HostContext] Well known directory 'Root': 'D:\cicd\actions-runner'
[2026-09-30 19:17:09Z INFO HostContext] Well known directory 'Work': 'D:\cicd\actions-runner\_work'
[2026-09-30 19:17:09Z INFO HostContext] Well known directory 'Temp': 'D:\cicd\actions-runner\_work\_temp'
[2026-09-30 19:17:09Z INFO ExecutionContext] Write event payload to D:\cicd\actions-runner\_work\_temp\_github_workflow\event.json
[2026-09-30 19:17:09Z INFO HostContext] Well known directory 'Bin': 'D:\cicd\actions-runner\bin'
[2026-09-30 19:17:09Z INFO HostContext] Well known directory 'Root': 'D:\cicd\actions-runner'
[2026-09-30 19:17:09Z INFO HostContext] Well known directory 'Work': 'D:\cicd\actions-runner\_work'
[2026-09-30 19:17:09Z INFO HostContext] Well known directory 'Temp': 'D:\cicd\actions-runner\_work\_temp'
[2026-09-30 19:17:09Z INFO ExtensionManager] Getting extensions for interface: 'GitHub.Runner.Worker.IFileCommandExtension'
[2026-09-30 19:17:09Z INFO ExtensionManager] Getting extensions for interface: 'GitHub.Runner.Worker.IActionCommandExtension'
[2026-09-30 19:17:09Z INFO ActionCommandManager] Register action command extension for command internal-set-repo-path
[2026-09-30 19:17:09Z INFO ActionCommandManager] Register action command extension for command set-env
[2026-09-30 19:17:09Z INFO ActionCommandManager] Register action command extension for command set-output
[2026-09-30 19:17:09Z INFO ActionCommandManager] Register action command extension for command save-state
[2026-09-30 19:17:09Z INFO ActionCommandManager] Register action command extension for command add-path
[2026-09-30 19:17:09Z INFO ActionCommandManager] Register action command extension for command add-mask
[2026-09-30 19:17:09Z INFO ActionCommandManager] Register action command extension for command add-matcher
[2026-09-30 19:17:09Z INFO ActionCommandManager] Register action command extension for command remove-matcher
[2026-09-30 19:17:09Z INFO ActionCommandManager] Register action command extension for command warning
[2026-09-30 19:17:09Z INFO ActionCommandManager] Register action command extension for command error
[2026-09-30 19:17:09Z INFO ActionCommandManager] Register action command extension for command notice
[2026-09-30 19:17:09Z INFO ActionCommandManager] Register action command extension for command debug
[2026-09-30 19:17:09Z INFO ActionCommandManager] Register action command extension for command group
[2026-09-30 19:17:09Z INFO ActionCommandManager] Register action command extension for command endgroup
[2026-09-30 19:17:09Z INFO ActionCommandManager] Register action command extension for command echo
[2026-09-30 19:17:09Z INFO ScriptHandler] Which2: 'pwsh'
[2026-09-30 19:17:09Z INFO ScriptHandler] Location: 'C:\Program Files\PowerShell\7\pwsh.EXE'
[2026-09-30 19:17:09Z INFO HostContext] Well known directory 'Bin': 'D:\cicd\actions-runner\bin'
[2026-09-30 19:17:09Z INFO HostContext] Well known directory 'Root': 'D:\cicd\actions-runner'
[2026-09-30 19:17:09Z INFO HostContext] Well known directory 'Work': 'D:\cicd\actions-runner\_work'
[2026-09-30 19:17:09Z INFO HostContext] Well known directory 'Temp': 'D:\cicd\actions-runner\_work\_temp'
[2026-09-30 19:17:09Z INFO ScriptHandler] Which2: 'pwsh'
[2026-09-30 19:17:09Z INFO ScriptHandler] Location: 'C:\Program Files\PowerShell\7\pwsh.EXE'
[2026-09-30 19:17:09Z INFO ProcessInvokerWrapper] Starting process:
[2026-09-30 19:17:09Z INFO ProcessInvokerWrapper]   File name: 'C:\Program Files\PowerShell\7\pwsh.EXE'
[2026-09-30 19:17:09Z INFO ProcessInvokerWrapper]   Arguments: '-command ". 'D:\cicd\actions-runner\_work\_temp\6d988089-28dc-4bb3-953d-0af4f5c868b6.ps1'"'
[2026-09-30 19:17:09Z INFO ProcessInvokerWrapper]   Working directory: 'D:\cicd\actions-runner\_work\my-repo\my-repo\terraform_pipeline/infra'
[2026-09-30 19:17:09Z INFO ProcessInvokerWrapper]   Require exit code zero: 'False'
[2026-09-30 19:17:09Z INFO ProcessInvokerWrapper]   Encoding web name:  ; code page: ''
[2026-09-30 19:17:09Z INFO ProcessInvokerWrapper]   Force kill process on cancellation: 'False'
[2026-09-30 19:17:09Z INFO ProcessInvokerWrapper]   Redirected STDIN: 'False'
[2026-09-30 19:17:09Z INFO ProcessInvokerWrapper]   Persist current code page: 'True'
[2026-09-30 19:17:09Z INFO ProcessInvokerWrapper]   Keep redirected STDIN open: 'False'
[2026-09-30 19:17:09Z INFO ProcessInvokerWrapper]   High priority process: 'False'
[2026-09-30 19:17:09Z INFO ProcessInvokerWrapper] Process started with process id 20344, waiting for process exit.
[2026-09-30 19:17:09Z INFO JobServerQueue] Try to append 1 batches web console lines for record '5e260b1b-141e-4fdd-b4dc-e38ba9c79464', success rate: 1/1.
[2026-09-30 19:17:10Z INFO JobServerQueue] Got a step log file to send to results service.
[2026-09-30 19:17:10Z INFO JobServerQueue] Starting upload of step log file to results service ResultsLog, D:\cicd\actions-runner\_diag\blocks\c9618cc0-b484-858e-a970-dbd442ce7d47_2a4b9d6e-7db2-4a34-b051-260282729745.1
[2026-09-30 19:17:10Z INFO JobServerQueue] Try to upload 1 log files or attachments, success rate: 1/1.
[2026-09-30 19:17:10Z INFO JobServerQueue] Try to append 1 batches web console lines for record '5e260b1b-141e-4fdd-b4dc-e38ba9c79464', success rate: 1/1.
[2026-09-30 19:17:11Z INFO JobServerQueue] Tried to upload 1 file(s) to results, success rate: 1/1.
[2026-09-30 19:17:11Z INFO JobServerQueue] Try to append 1 batches web console lines for record '5e260b1b-141e-4fdd-b4dc-e38ba9c79464', success rate: 1/1.
[2026-09-30 19:17:13Z INFO JobServerQueue] Try to append 1 batches web console lines for record '5e260b1b-141e-4fdd-b4dc-e38ba9c79464', success rate: 1/1.
[2026-09-30 19:17:13Z INFO ProcessInvokerWrapper] STDOUT/STDERR stream read finished.
[2026-09-30 19:17:13Z INFO ProcessInvokerWrapper] STDOUT/STDERR stream read finished.
[2026-09-30 19:17:13Z INFO ProcessInvokerWrapper] Finished process 20344 with exit code 0, and elapsed time 00:00:04.0995781.
[2026-09-30 19:17:13Z INFO CreateStepSummaryCommand] Step Summary file (D:\cicd\actions-runner\_work\_temp\_runner_file_commands\step_summary_2d998da7-a58f-4141-b41e-f8621db1921a) is empty; skipping attachment upload
[2026-09-30 19:17:13Z INFO StepsRunner] Step result: 
[2026-09-30 19:17:13Z INFO ExecutionContext] Publish step telemetry for current step {
  "action": "pwsh",
  "type": "run",
  "stage": "Main",
  "stepId": "5e260b1b-141e-4fdd-b4dc-e38ba9c79464",
  "stepContextName": "__run_3",
  "result": "succeeded",
  "errorMessages": [],
  "executionTimeInSeconds": 5,
  "startTime": "2026-09-30T19:17:09.5216169Z",
  "finishTime": "2026-09-30T19:17:13.6663457Z"
}.
[2026-09-30 19:17:13Z INFO StepsRunner] No need for updating job result with current step result 'Succeeded'.
[2026-09-30 19:17:13Z INFO StepsRunner] Current state: job state = ''
[2026-09-30 19:17:13Z INFO StepsRunner] Processing step: DisplayName='Terraform Validate'
[2026-09-30 19:17:13Z INFO StepsRunner] Evaluating: success()
[2026-09-30 19:17:13Z INFO StepsRunner] Result: true
[2026-09-30 19:17:13Z INFO StepsRunner] Starting the step.
[2026-09-30 19:17:13Z INFO HostContext] Well known directory 'Bin': 'D:\cicd\actions-runner\bin'
[2026-09-30 19:17:13Z INFO HostContext] Well known directory 'Root': 'D:\cicd\actions-runner'
[2026-09-30 19:17:13Z INFO HostContext] Well known directory 'Work': 'D:\cicd\actions-runner\_work'
[2026-09-30 19:17:13Z INFO StepsRunner] Which2: 'chcp'
[2026-09-30 19:17:13Z INFO StepsRunner] Location: 'C:\WINDOWS\system32\chcp.COM'
[2026-09-30 19:17:13Z INFO ProcessInvokerWrapper] Starting process:
[2026-09-30 19:17:13Z INFO ProcessInvokerWrapper]   File name: 'C:\WINDOWS\system32\chcp.COM'
[2026-09-30 19:17:13Z INFO ProcessInvokerWrapper]   Arguments: '65001'
[2026-09-30 19:17:13Z INFO ProcessInvokerWrapper]   Working directory: 'D:\cicd\actions-runner\_work'
[2026-09-30 19:17:13Z INFO ProcessInvokerWrapper]   Require exit code zero: 'False'
[2026-09-30 19:17:13Z INFO ProcessInvokerWrapper]   Encoding web name:  ; code page: ''
[2026-09-30 19:17:13Z INFO ProcessInvokerWrapper]   Force kill process on cancellation: 'False'
[2026-09-30 19:17:13Z INFO ProcessInvokerWrapper]   Redirected STDIN: 'False'
[2026-09-30 19:17:13Z INFO ProcessInvokerWrapper]   Persist current code page: 'True'
[2026-09-30 19:17:13Z INFO ProcessInvokerWrapper]   Keep redirected STDIN open: 'False'
[2026-09-30 19:17:13Z INFO ProcessInvokerWrapper]   High priority process: 'False'
[2026-09-30 19:17:13Z INFO ProcessInvokerWrapper] Process started with process id 8864, waiting for process exit.
[2026-09-30 19:17:13Z INFO ProcessInvokerWrapper] STDOUT/STDERR stream read finished.
[2026-09-30 19:17:13Z INFO ProcessInvokerWrapper] STDOUT/STDERR stream read finished.
[2026-09-30 19:17:13Z INFO ProcessInvokerWrapper] Finished process 8864 with exit code 0, and elapsed time 00:00:00.0303079.
[2026-09-30 19:17:13Z INFO StepsRunner] Successfully returned to code page 65001 (UTF8)
[2026-09-30 19:17:13Z INFO HostContext] Well known directory 'Bin': 'D:\cicd\actions-runner\bin'
[2026-09-30 19:17:13Z INFO HostContext] Well known directory 'Root': 'D:\cicd\actions-runner'
[2026-09-30 19:17:13Z INFO HostContext] Well known directory 'Work': 'D:\cicd\actions-runner\_work'
[2026-09-30 19:17:13Z INFO HostContext] Well known directory 'Temp': 'D:\cicd\actions-runner\_work\_temp'
[2026-09-30 19:17:13Z INFO ExecutionContext] Write event payload to D:\cicd\actions-runner\_work\_temp\_github_workflow\event.json
[2026-09-30 19:17:13Z INFO HostContext] Well known directory 'Bin': 'D:\cicd\actions-runner\bin'
[2026-09-30 19:17:13Z INFO HostContext] Well known directory 'Root': 'D:\cicd\actions-runner'
[2026-09-30 19:17:13Z INFO HostContext] Well known directory 'Work': 'D:\cicd\actions-runner\_work'
[2026-09-30 19:17:13Z INFO HostContext] Well known directory 'Temp': 'D:\cicd\actions-runner\_work\_temp'
[2026-09-30 19:17:13Z INFO ExtensionManager] Getting extensions for interface: 'GitHub.Runner.Worker.IFileCommandExtension'
[2026-09-30 19:17:13Z INFO ExtensionManager] Getting extensions for interface: 'GitHub.Runner.Worker.IActionCommandExtension'
[2026-09-30 19:17:13Z INFO ActionCommandManager] Register action command extension for command internal-set-repo-path
[2026-09-30 19:17:13Z INFO ActionCommandManager] Register action command extension for command set-env
[2026-09-30 19:17:13Z INFO ActionCommandManager] Register action command extension for command set-output
[2026-09-30 19:17:13Z INFO ActionCommandManager] Register action command extension for command save-state
[2026-09-30 19:17:13Z INFO ActionCommandManager] Register action command extension for command add-path
[2026-09-30 19:17:13Z INFO ActionCommandManager] Register action command extension for command add-mask
[2026-09-30 19:17:13Z INFO ActionCommandManager] Register action command extension for command add-matcher
[2026-09-30 19:17:13Z INFO ActionCommandManager] Register action command extension for command remove-matcher
[2026-09-30 19:17:13Z INFO ActionCommandManager] Register action command extension for command warning
[2026-09-30 19:17:13Z INFO ActionCommandManager] Register action command extension for command error
[2026-09-30 19:17:13Z INFO ActionCommandManager] Register action command extension for command notice
[2026-09-30 19:17:13Z INFO ActionCommandManager] Register action command extension for command debug
[2026-09-30 19:17:13Z INFO ActionCommandManager] Register action command extension for command group
[2026-09-30 19:17:13Z INFO ActionCommandManager] Register action command extension for command endgroup
[2026-09-30 19:17:13Z INFO ActionCommandManager] Register action command extension for command echo
[2026-09-30 19:17:13Z INFO ScriptHandler] Which2: 'pwsh'
[2026-09-30 19:17:13Z INFO ScriptHandler] Location: 'C:\Program Files\PowerShell\7\pwsh.EXE'
[2026-09-30 19:17:13Z INFO HostContext] Well known directory 'Bin': 'D:\cicd\actions-runner\bin'
[2026-09-30 19:17:13Z INFO HostContext] Well known directory 'Root': 'D:\cicd\actions-runner'
[2026-09-30 19:17:13Z INFO HostContext] Well known directory 'Work': 'D:\cicd\actions-runner\_work'
[2026-09-30 19:17:13Z INFO HostContext] Well known directory 'Temp': 'D:\cicd\actions-runner\_work\_temp'
[2026-09-30 19:17:13Z INFO ScriptHandler] Which2: 'pwsh'
[2026-09-30 19:17:13Z INFO ScriptHandler] Location: 'C:\Program Files\PowerShell\7\pwsh.EXE'
[2026-09-30 19:17:13Z INFO ProcessInvokerWrapper] Starting process:
[2026-09-30 19:17:13Z INFO ProcessInvokerWrapper]   File name: 'C:\Program Files\PowerShell\7\pwsh.EXE'
[2026-09-30 19:17:13Z INFO ProcessInvokerWrapper]   Arguments: '-command ". 'D:\cicd\actions-runner\_work\_temp\830beaaa-16a2-465c-bc75-44f3bef7acdd.ps1'"'
[2026-09-30 19:17:13Z INFO ProcessInvokerWrapper]   Working directory: 'D:\cicd\actions-runner\_work\my-repo\my-repo\terraform_pipeline/infra'
[2026-09-30 19:17:13Z INFO ProcessInvokerWrapper]   Require exit code zero: 'False'
[2026-09-30 19:17:13Z INFO ProcessInvokerWrapper]   Encoding web name:  ; code page: ''
[2026-09-30 19:17:13Z INFO ProcessInvokerWrapper]   Force kill process on cancellation: 'False'
[2026-09-30 19:17:13Z INFO ProcessInvokerWrapper]   Redirected STDIN: 'False'
[2026-09-30 19:17:13Z INFO ProcessInvokerWrapper]   Persist current code page: 'True'
[2026-09-30 19:17:13Z INFO ProcessInvokerWrapper]   Keep redirected STDIN open: 'False'
[2026-09-30 19:17:13Z INFO ProcessInvokerWrapper]   High priority process: 'False'
[2026-09-30 19:17:13Z INFO ProcessInvokerWrapper] Process started with process id 15780, waiting for process exit.
[2026-09-30 19:17:13Z INFO JobServerQueue] Try to append 1 batches web console lines for record '52b18c1e-9aff-41fe-8c53-0af2aa0afb33', success rate: 1/1.
[2026-09-30 19:17:14Z INFO JobServerQueue] Got a step log file to send to results service.
[2026-09-30 19:17:14Z INFO JobServerQueue] Starting upload of step log file to results service ResultsLog, D:\cicd\actions-runner\_diag\blocks\c9618cc0-b484-858e-a970-dbd442ce7d47_5e260b1b-141e-4fdd-b4dc-e38ba9c79464.1
[2026-09-30 19:17:14Z INFO JobServerQueue] Try to upload 1 log files or attachments, success rate: 1/1.
[2026-09-30 19:17:15Z INFO JobServerQueue] Tried to upload 1 file(s) to results, success rate: 1/1.
[2026-09-30 19:17:16Z INFO ProcessInvokerWrapper] STDOUT/STDERR stream read finished.
[2026-09-30 19:17:16Z INFO ProcessInvokerWrapper] STDOUT/STDERR stream read finished.
[2026-09-30 19:17:16Z INFO ProcessInvokerWrapper] Finished process 15780 with exit code 0, and elapsed time 00:00:02.9129039.
[2026-09-30 19:17:16Z INFO CreateStepSummaryCommand] Step Summary file (D:\cicd\actions-runner\_work\_temp\_runner_file_commands\step_summary_a4202372-285d-4b66-8809-bbbc1e0d2b6c) is empty; skipping attachment upload
[2026-09-30 19:17:16Z INFO StepsRunner] Step result: 
[2026-09-30 19:17:16Z INFO ExecutionContext] Publish step telemetry for current step {
  "action": "pwsh",
  "type": "run",
  "stage": "Main",
  "stepId": "52b18c1e-9aff-41fe-8c53-0af2aa0afb33",
  "stepContextName": "__run_4",
  "result": "succeeded",
  "errorMessages": [],
  "executionTimeInSeconds": 3,
  "startTime": "2026-09-30T19:17:13.6675832Z",
  "finishTime": "2026-09-30T19:17:16.626887Z"
}.
[2026-09-30 19:17:16Z INFO StepsRunner] No need for updating job result with current step result 'Succeeded'.
[2026-09-30 19:17:16Z INFO StepsRunner] Current state: job state = ''
[2026-09-30 19:17:16Z INFO StepsRunner] Processing step: DisplayName='Terraform Plan'
[2026-09-30 19:17:16Z INFO StepsRunner] Evaluating: success()
[2026-09-30 19:17:16Z INFO StepsRunner] Result: true
[2026-09-30 19:17:16Z INFO StepsRunner] Starting the step.
[2026-09-30 19:17:16Z INFO HostContext] Well known directory 'Bin': 'D:\cicd\actions-runner\bin'
[2026-09-30 19:17:16Z INFO HostContext] Well known directory 'Root': 'D:\cicd\actions-runner'
[2026-09-30 19:17:16Z INFO HostContext] Well known directory 'Work': 'D:\cicd\actions-runner\_work'
[2026-09-30 19:17:16Z INFO StepsRunner] Which2: 'chcp'
[2026-09-30 19:17:16Z INFO StepsRunner] Location: 'C:\WINDOWS\system32\chcp.COM'
[2026-09-30 19:17:16Z INFO ProcessInvokerWrapper] Starting process:
[2026-09-30 19:17:16Z INFO ProcessInvokerWrapper]   File name: 'C:\WINDOWS\system32\chcp.COM'
[2026-09-30 19:17:16Z INFO ProcessInvokerWrapper]   Arguments: '65001'
[2026-09-30 19:17:16Z INFO ProcessInvokerWrapper]   Working directory: 'D:\cicd\actions-runner\_work'
[2026-09-30 19:17:16Z INFO ProcessInvokerWrapper]   Require exit code zero: 'False'
[2026-09-30 19:17:16Z INFO ProcessInvokerWrapper]   Encoding web name:  ; code page: ''
[2026-09-30 19:17:16Z INFO ProcessInvokerWrapper]   Force kill process on cancellation: 'False'
[2026-09-30 19:17:16Z INFO ProcessInvokerWrapper]   Redirected STDIN: 'False'
[2026-09-30 19:17:16Z INFO ProcessInvokerWrapper]   Persist current code page: 'True'
[2026-09-30 19:17:16Z INFO ProcessInvokerWrapper]   Keep redirected STDIN open: 'False'
[2026-09-30 19:17:16Z INFO ProcessInvokerWrapper]   High priority process: 'False'
[2026-09-30 19:17:16Z INFO ProcessInvokerWrapper] Process started with process id 22852, waiting for process exit.
[2026-09-30 19:17:16Z INFO ProcessInvokerWrapper] STDOUT/STDERR stream read finished.
[2026-09-30 19:17:16Z INFO ProcessInvokerWrapper] STDOUT/STDERR stream read finished.
[2026-09-30 19:17:16Z INFO ProcessInvokerWrapper] Finished process 22852 with exit code 0, and elapsed time 00:00:00.0446572.
[2026-09-30 19:17:16Z INFO StepsRunner] Successfully returned to code page 65001 (UTF8)
[2026-09-30 19:17:16Z INFO HostContext] Well known directory 'Bin': 'D:\cicd\actions-runner\bin'
[2026-09-30 19:17:16Z INFO HostContext] Well known directory 'Root': 'D:\cicd\actions-runner'
[2026-09-30 19:17:16Z INFO HostContext] Well known directory 'Work': 'D:\cicd\actions-runner\_work'
[2026-09-30 19:17:16Z INFO HostContext] Well known directory 'Temp': 'D:\cicd\actions-runner\_work\_temp'
[2026-09-30 19:17:16Z INFO ExecutionContext] Write event payload to D:\cicd\actions-runner\_work\_temp\_github_workflow\event.json
[2026-09-30 19:17:16Z INFO HostContext] Well known directory 'Bin': 'D:\cicd\actions-runner\bin'
[2026-09-30 19:17:16Z INFO HostContext] Well known directory 'Root': 'D:\cicd\actions-runner'
[2026-09-30 19:17:16Z INFO HostContext] Well known directory 'Work': 'D:\cicd\actions-runner\_work'
[2026-09-30 19:17:16Z INFO HostContext] Well known directory 'Temp': 'D:\cicd\actions-runner\_work\_temp'
[2026-09-30 19:17:16Z INFO ExtensionManager] Getting extensions for interface: 'GitHub.Runner.Worker.IFileCommandExtension'
[2026-09-30 19:17:16Z INFO ExtensionManager] Getting extensions for interface: 'GitHub.Runner.Worker.IActionCommandExtension'
[2026-09-30 19:17:16Z INFO ActionCommandManager] Register action command extension for command internal-set-repo-path
[2026-09-30 19:17:16Z INFO ActionCommandManager] Register action command extension for command set-env
[2026-09-30 19:17:16Z INFO ActionCommandManager] Register action command extension for command set-output
[2026-09-30 19:17:16Z INFO ActionCommandManager] Register action command extension for command save-state
[2026-09-30 19:17:16Z INFO ActionCommandManager] Register action command extension for command add-path
[2026-09-30 19:17:16Z INFO ActionCommandManager] Register action command extension for command add-mask
[2026-09-30 19:17:16Z INFO ActionCommandManager] Register action command extension for command add-matcher
[2026-09-30 19:17:16Z INFO ActionCommandManager] Register action command extension for command remove-matcher
[2026-09-30 19:17:16Z INFO ActionCommandManager] Register action command extension for command warning
[2026-09-30 19:17:16Z INFO ActionCommandManager] Register action command extension for command error
[2026-09-30 19:17:16Z INFO ActionCommandManager] Register action command extension for command notice
[2026-09-30 19:17:16Z INFO ActionCommandManager] Register action command extension for command debug
[2026-09-30 19:17:16Z INFO ActionCommandManager] Register action command extension for command group
[2026-09-30 19:17:16Z INFO ActionCommandManager] Register action command extension for command endgroup
[2026-09-30 19:17:16Z INFO ActionCommandManager] Register action command extension for command echo
[2026-09-30 19:17:16Z INFO JobServerQueue] Try to append 1 batches web console lines for record '52b18c1e-9aff-41fe-8c53-0af2aa0afb33', success rate: 1/1.
[2026-09-30 19:17:16Z INFO ScriptHandler] Which2: 'pwsh'
[2026-09-30 19:17:16Z INFO ScriptHandler] Location: 'C:\Program Files\PowerShell\7\pwsh.EXE'
[2026-09-30 19:17:16Z INFO HostContext] Well known directory 'Bin': 'D:\cicd\actions-runner\bin'
[2026-09-30 19:17:16Z INFO HostContext] Well known directory 'Root': 'D:\cicd\actions-runner'
[2026-09-30 19:17:16Z INFO HostContext] Well known directory 'Work': 'D:\cicd\actions-runner\_work'
[2026-09-30 19:17:16Z INFO HostContext] Well known directory 'Temp': 'D:\cicd\actions-runner\_work\_temp'
[2026-09-30 19:17:16Z INFO ScriptHandler] Which2: 'pwsh'
[2026-09-30 19:17:16Z INFO ScriptHandler] Location: 'C:\Program Files\PowerShell\7\pwsh.EXE'
[2026-09-30 19:17:16Z INFO ProcessInvokerWrapper] Starting process:
[2026-09-30 19:17:16Z INFO ProcessInvokerWrapper]   File name: 'C:\Program Files\PowerShell\7\pwsh.EXE'
[2026-09-30 19:17:16Z INFO ProcessInvokerWrapper]   Arguments: '-command ". 'D:\cicd\actions-runner\_work\_temp\801d40ba-ff43-4ded-9a43-790e7bf61514.ps1'"'
[2026-09-30 19:17:16Z INFO ProcessInvokerWrapper]   Working directory: 'D:\cicd\actions-runner\_work\my-repo\my-repo\terraform_pipeline/infra'
[2026-09-30 19:17:16Z INFO ProcessInvokerWrapper]   Require exit code zero: 'False'
[2026-09-30 19:17:16Z INFO ProcessInvokerWrapper]   Encoding web name:  ; code page: ''
[2026-09-30 19:17:16Z INFO ProcessInvokerWrapper]   Force kill process on cancellation: 'False'
[2026-09-30 19:17:16Z INFO ProcessInvokerWrapper]   Redirected STDIN: 'False'
[2026-09-30 19:17:16Z INFO ProcessInvokerWrapper]   Persist current code page: 'True'
[2026-09-30 19:17:16Z INFO ProcessInvokerWrapper]   Keep redirected STDIN open: 'False'
[2026-09-30 19:17:16Z INFO ProcessInvokerWrapper]   High priority process: 'False'
[2026-09-30 19:17:16Z INFO ProcessInvokerWrapper] Process started with process id 1404, waiting for process exit.
[2026-09-30 19:17:16Z INFO JobServerQueue] Try to append 1 batches web console lines for record '7e25322c-1a2d-4390-bd19-a55cb6164976', success rate: 1/1.
[2026-09-30 19:17:17Z INFO JobServerQueue] Got a step log file to send to results service.
[2026-09-30 19:17:17Z INFO JobServerQueue] Starting upload of step log file to results service ResultsLog, D:\cicd\actions-runner\_diag\blocks\c9618cc0-b484-858e-a970-dbd442ce7d47_52b18c1e-9aff-41fe-8c53-0af2aa0afb33.1
[2026-09-30 19:17:17Z INFO JobServerQueue] Try to upload 1 log files or attachments, success rate: 1/1.
[2026-09-30 19:17:17Z INFO JobServerQueue] Tried to upload 1 file(s) to results, success rate: 1/1.
[2026-09-30 19:17:17Z INFO HostContext] Well known directory 'Bin': 'D:\cicd\actions-runner\bin'
[2026-09-30 19:17:17Z INFO HostContext] Well known directory 'Root': 'D:\cicd\actions-runner'
[2026-09-30 19:17:17Z INFO HostContext] Well known directory 'Work': 'D:\cicd\actions-runner\_work'
[2026-09-30 19:17:18Z INFO JobServerQueue] Try to append 1 batches web console lines for record '7e25322c-1a2d-4390-bd19-a55cb6164976', success rate: 1/1.
[2026-09-30 19:17:18Z INFO ProcessInvokerWrapper] STDOUT/STDERR stream read finished.
[2026-09-30 19:17:18Z INFO ProcessInvokerWrapper] STDOUT/STDERR stream read finished.
[2026-09-30 19:17:18Z INFO ProcessInvokerWrapper] Finished process 1404 with exit code 1, and elapsed time 00:00:01.9917823.
[2026-09-30 19:17:18Z INFO CreateStepSummaryCommand] Step Summary file (D:\cicd\actions-runner\_work\_temp\_runner_file_commands\step_summary_17ef4cdf-04fd-4b3b-a624-4201233e879a) is empty; skipping attachment upload
[2026-09-30 19:17:18Z INFO StepsRunner] Step result: Failed
[2026-09-30 19:17:18Z INFO ExecutionContext] Publish step telemetry for current step {
  "action": "pwsh",
  "type": "run",
  "stage": "Main",
  "stepId": "7e25322c-1a2d-4390-bd19-a55cb6164976",
  "stepContextName": "__run_5",
  "result": "failed",
  "errorMessages": [
    "Process completed with exit code 1."
  ],
  "executionTimeInSeconds": 3,
  "startTime": "2026-09-30T19:17:16.6283809Z",
  "finishTime": "2026-09-30T19:17:18.687001Z"
}.
[2026-09-30 19:17:18Z INFO StepsRunner] Update job result with current step result 'Failed'.
[2026-09-30 19:17:18Z INFO StepsRunner] Current state: job state = 'Failed'
[2026-09-30 19:17:18Z INFO StepsRunner] Processing step: DisplayName='Terraform Apply'
[2026-09-30 19:17:18Z INFO StepsRunner] Evaluating: success()
[2026-09-30 19:17:18Z INFO StepsRunner] Result: false
[2026-09-30 19:17:18Z INFO StepsRunner] Skipping step due to condition evaluation.
[2026-09-30 19:17:18Z INFO StepsRunner] No need for updating job result with current step result 'Skipped'.
[2026-09-30 19:17:18Z INFO StepsRunner] Current state: job state = 'Failed'
[2026-09-30 19:17:18Z INFO StepsRunner] Processing step: DisplayName='Wait for Deployment'
[2026-09-30 19:17:18Z INFO StepsRunner] Evaluating: success()
[2026-09-30 19:17:18Z INFO StepsRunner] Result: false
[2026-09-30 19:17:18Z INFO StepsRunner] Skipping step due to condition evaluation.
[2026-09-30 19:17:18Z INFO StepsRunner] No need for updating job result with current step result 'Skipped'.
[2026-09-30 19:17:18Z INFO StepsRunner] Current state: job state = 'Failed'
[2026-09-30 19:17:18Z INFO StepsRunner] Processing step: DisplayName='Verify Pods'
[2026-09-30 19:17:18Z INFO StepsRunner] Evaluating: success()
[2026-09-30 19:17:18Z INFO StepsRunner] Result: false
[2026-09-30 19:17:18Z INFO StepsRunner] Skipping step due to condition evaluation.
[2026-09-30 19:17:18Z INFO StepsRunner] No need for updating job result with current step result 'Skipped'.
[2026-09-30 19:17:18Z INFO StepsRunner] Current state: job state = 'Failed'
[2026-09-30 19:17:18Z INFO StepsRunner] Processing step: DisplayName='Post Checkout Code'
[2026-09-30 19:17:18Z INFO StepsRunner] Evaluating: always()
[2026-09-30 19:17:18Z INFO StepsRunner] Result: true
[2026-09-30 19:17:18Z INFO StepsRunner] Starting the step.
[2026-09-30 19:17:18Z INFO HostContext] Well known directory 'Bin': 'D:\cicd\actions-runner\bin'
[2026-09-30 19:17:18Z INFO HostContext] Well known directory 'Root': 'D:\cicd\actions-runner'
[2026-09-30 19:17:18Z INFO HostContext] Well known directory 'Work': 'D:\cicd\actions-runner\_work'
[2026-09-30 19:17:18Z INFO StepsRunner] Which2: 'chcp'
[2026-09-30 19:17:18Z INFO StepsRunner] Location: 'C:\WINDOWS\system32\chcp.COM'
[2026-09-30 19:17:18Z INFO ProcessInvokerWrapper] Starting process:
[2026-09-30 19:17:18Z INFO ProcessInvokerWrapper]   File name: 'C:\WINDOWS\system32\chcp.COM'
[2026-09-30 19:17:18Z INFO ProcessInvokerWrapper]   Arguments: '65001'
[2026-09-30 19:17:18Z INFO ProcessInvokerWrapper]   Working directory: 'D:\cicd\actions-runner\_work'
[2026-09-30 19:17:18Z INFO ProcessInvokerWrapper]   Require exit code zero: 'False'
[2026-09-30 19:17:18Z INFO ProcessInvokerWrapper]   Encoding web name:  ; code page: ''
[2026-09-30 19:17:18Z INFO ProcessInvokerWrapper]   Force kill process on cancellation: 'False'
[2026-09-30 19:17:18Z INFO ProcessInvokerWrapper]   Redirected STDIN: 'False'
[2026-09-30 19:17:18Z INFO ProcessInvokerWrapper]   Persist current code page: 'True'
[2026-09-30 19:17:18Z INFO ProcessInvokerWrapper]   Keep redirected STDIN open: 'False'
[2026-09-30 19:17:18Z INFO ProcessInvokerWrapper]   High priority process: 'False'
[2026-09-30 19:17:18Z INFO ProcessInvokerWrapper] Process started with process id 21728, waiting for process exit.
[2026-09-30 19:17:18Z INFO ProcessInvokerWrapper] STDOUT/STDERR stream read finished.
[2026-09-30 19:17:18Z INFO ProcessInvokerWrapper] STDOUT/STDERR stream read finished.
[2026-09-30 19:17:18Z INFO ProcessInvokerWrapper] Finished process 21728 with exit code 0, and elapsed time 00:00:00.0263883.
[2026-09-30 19:17:18Z INFO StepsRunner] Successfully returned to code page 65001 (UTF8)
[2026-09-30 19:17:18Z INFO HostContext] Well known directory 'Bin': 'D:\cicd\actions-runner\bin'
[2026-09-30 19:17:18Z INFO HostContext] Well known directory 'Root': 'D:\cicd\actions-runner'
[2026-09-30 19:17:18Z INFO HostContext] Well known directory 'Work': 'D:\cicd\actions-runner\_work'
[2026-09-30 19:17:18Z INFO HostContext] Well known directory 'Actions': 'D:\cicd\actions-runner\_work\_actions'
[2026-09-30 19:17:18Z INFO ActionManager] Load action that reference repository from 'D:\cicd\actions-runner\_work\_actions\actions\checkout\v4'
[2026-09-30 19:17:18Z INFO HostContext] Well known directory 'Bin': 'D:\cicd\actions-runner\bin'
[2026-09-30 19:17:18Z INFO HostContext] Well known directory 'Root': 'D:\cicd\actions-runner'
[2026-09-30 19:17:18Z INFO HostContext] Well known directory 'Work': 'D:\cicd\actions-runner\_work'
[2026-09-30 19:17:18Z INFO HostContext] Well known directory 'Actions': 'D:\cicd\actions-runner\_work\_actions'
[2026-09-30 19:17:18Z INFO ActionManifestManagerLegacy] Loaded action.yml file: {
  "name": "Checkout",
  "description": "Checkout a Git repository at a particular version",
  "inputs": {
    "type": 2,
    "map": [
      {
        "key": {
          "type": 0,
          "file": 2,
          "line": 4,
          "col": 3,
          "lit": "repository"
        },
        "value": {
          "type": 3,
          "file": 2,
          "line": 6,
          "col": 14,
          "expr": "github.repository"
        }
      },
      {
        "key": {
          "type": 0,
          "file": 2,
          "line": 7,
          "col": 3,
          "lit": "ref"
        },
        "value": ""
      },
      {
        "key": {
          "type": 0,
          "file": 2,
          "line": 12,
          "col": 3,
          "lit": "token"
        },
        "value": {
          "type": 3,
          "file": 2,
          "line": 24,
          "col": 14,
          "expr": "github.token"
        }
      },
      {
        "key": {
          "type": 0,
          "file": 2,
          "line": 25,
          "col": 3,
          "lit": "ssh-key"
        },
        "value": ""
      },
      {
        "key": {
          "type": 0,
          "file": 2,
          "line": 37,
          "col": 3,
          "lit": "ssh-known-hosts"
        },
        "value": ""
      },
      {
        "key": {
          "type": 0,
          "file": 2,
          "line": 42,
          "col": 3,
          "lit": "ssh-strict"
        },
        "value": {
          "type": 0,
          "file": 2,
          "line": 47,
          "col": 14,
          "lit": "true"
        }
      },
      {
        "key": {
          "type": 0,
          "file": 2,
          "line": 48,
          "col": 3,
          "lit": "ssh-user"
        },
        "value": {
          "type": 0,
          "file": 2,
          "line": 51,
          "col": 14,
          "lit": "git"
        }
      },
      {
        "key": {
          "type": 0,
          "file": 2,
          "line": 52,
          "col": 3,
          "lit": "persist-credentials"
        },
        "value": {
          "type": 0,
          "file": 2,
          "line": 54,
          "col": 14,
          "lit": "true"
        }
      },
      {
        "key": {
          "type": 0,
          "file": 2,
          "line": 55,
          "col": 3,
          "lit": "path"
        },
        "value": ""
      },
      {
        "key": {
          "type": 0,
          "file": 2,
          "line": 57,
          "col": 3,
          "lit": "clean"
        },
        "value": {
          "type": 0,
          "file": 2,
          "line": 59,
          "col": 14,
          "lit": "true"
        }
      },
      {
        "key": {
          "type": 0,
          "file": 2,
          "line": 60,
          "col": 3,
          "lit": "filter"
        },
        "value": {
          "type": 0,
          "file": 2,
          "line": 64,
          "col": 14,
          "lit": ""
        }
      },
      {
        "key": {
          "type": 0,
          "file": 2,
          "line": 65,
          "col": 3,
          "lit": "sparse-checkout"
        },
        "value": {
          "type": 0,
          "file": 2,
          "line": 69,
          "col": 14,
          "lit": ""
        }
      },
      {
        "key": {
          "type": 0,
          "file": 2,
          "line": 70,
          "col": 3,
          "lit": "sparse-checkout-cone-mode"
        },
        "value": {
          "type": 0,
          "file": 2,
          "line": 73,
          "col": 14,
          "lit": "true"
        }
      },
      {
        "key": {
          "type": 0,
          "file": 2,
          "line": 74,
          "col": 3,
          "lit": "fetch-depth"
        },
        "value": {
          "type": 0,
          "file": 2,
          "line": 76,
          "col": 14,
          "lit": "1"
        }
      },
      {
        "key": {
          "type": 0,
          "file": 2,
          "line": 77,
          "col": 3,
          "lit": "fetch-tags"
        },
        "value": {
          "type": 0,
          "file": 2,
          "line": 79,
          "col": 14,
          "lit": "false"
        }
      },
      {
        "key": {
          "type": 0,
          "file": 2,
          "line": 80,
          "col": 3,
          "lit": "show-progress"
        },
        "value": {
          "type": 0,
          "file": 2,
          "line": 82,
          "col": 14,
          "lit": "true"
        }
      },
      {
        "key": {
          "type": 0,
          "file": 2,
          "line": 83,
          "col": 3,
          "lit": "lfs"
        },
        "value": {
          "type": 0,
          "file": 2,
          "line": 85,
          "col": 14,
          "lit": "false"
        }
      },
      {
        "key": {
          "type": 0,
          "file": 2,
          "line": 86,
          "col": 3,
          "lit": "submodules"
        },
        "value": {
          "type": 0,
          "file": 2,
          "line": 94,
          "col": 14,
          "lit": "false"
        }
      },
      {
        "key": {
          "type": 0,
          "file": 2,
          "line": 95,
          "col": 3,
          "lit": "set-safe-directory"
        },
        "value": {
          "type": 0,
          "file": 2,
          "line": 97,
          "col": 14,
          "lit": "true"
        }
      },
      {
        "key": {
          "type": 0,
          "file": 2,
          "line": 98,
          "col": 3,
          "lit": "github-server-url"
        },
        "value": ""
      },
      {
        "key": {
          "type": 0,
          "file": 2,
          "line": 101,
          "col": 3,
          "lit": "allow-unsafe-pr-checkout"
        },
        "value": {
          "type": 0,
          "file": 2,
          "line": 109,
          "col": 14,
          "lit": "false"
        }
      }
    ]
  },
  "execution": {
    "executionType": "nodeJS",
    "hasPre": false,
    "hasPost": true,
    "script": "dist/index.js",
    "pre": null,
    "post": "dist/index.js",
    "nodeVersion": "node20",
    "cleanupCondition": "always()",
    "initCondition": "always()"
  },
  "deprecated": null
}
[2026-09-30 19:17:18Z INFO ActionManager] Action pre node.js file: N/A.
[2026-09-30 19:17:18Z INFO ActionManager] Action node.js file: dist/index.js.
[2026-09-30 19:17:18Z INFO ActionManager] Action post node.js file: dist/index.js.
[2026-09-30 19:17:18Z INFO HostContext] Well known directory 'Bin': 'D:\cicd\actions-runner\bin'
[2026-09-30 19:17:18Z INFO HostContext] Well known directory 'Root': 'D:\cicd\actions-runner'
[2026-09-30 19:17:18Z INFO HostContext] Well known directory 'Work': 'D:\cicd\actions-runner\_work'
[2026-09-30 19:17:18Z INFO HostContext] Well known directory 'Temp': 'D:\cicd\actions-runner\_work\_temp'
[2026-09-30 19:17:18Z INFO ExecutionContext] Write event payload to D:\cicd\actions-runner\_work\_temp\_github_workflow\event.json
[2026-09-30 19:17:18Z INFO HostContext] Well known directory 'Bin': 'D:\cicd\actions-runner\bin'
[2026-09-30 19:17:18Z INFO HostContext] Well known directory 'Root': 'D:\cicd\actions-runner'
[2026-09-30 19:17:18Z INFO HostContext] Well known directory 'Work': 'D:\cicd\actions-runner\_work'
[2026-09-30 19:17:18Z INFO HostContext] Well known directory 'Temp': 'D:\cicd\actions-runner\_work\_temp'
[2026-09-30 19:17:18Z INFO ExtensionManager] Getting extensions for interface: 'GitHub.Runner.Worker.IFileCommandExtension'
[2026-09-30 19:17:18Z INFO ActionManifestManagerLegacy] Input 'repository': default value evaluate result: {
  "type": 0,
  "file": 2,
  "line": 6,
  "col": 14,
  "lit": "***-ops/my-repo"
}
[2026-09-30 19:17:18Z INFO ActionManifestManagerLegacy] Input 'ref': default value evaluate result: ""
[2026-09-30 19:17:18Z INFO ActionManifestManagerLegacy] Input 'token': default value evaluate result: {
  "type": 0,
  "file": 2,
  "line": 24,
  "col": 14,
  "lit": "***"
}
[2026-09-30 19:17:18Z INFO ActionManifestManagerLegacy] Input 'ssh-key': default value evaluate result: ""
[2026-09-30 19:17:18Z INFO ActionManifestManagerLegacy] Input 'ssh-known-hosts': default value evaluate result: ""
[2026-09-30 19:17:18Z INFO ActionManifestManagerLegacy] Input 'ssh-strict': default value evaluate result: {
  "type": 0,
  "file": 2,
  "line": 47,
  "col": 14,
  "lit": "true"
}
[2026-09-30 19:17:18Z INFO ActionManifestManagerLegacy] Input 'ssh-user': default value evaluate result: {
  "type": 0,
  "file": 2,
  "line": 51,
  "col": 14,
  "lit": "git"
}
[2026-09-30 19:17:18Z INFO ActionManifestManagerLegacy] Input 'persist-credentials': default value evaluate result: {
  "type": 0,
  "file": 2,
  "line": 54,
  "col": 14,
  "lit": "true"
}
[2026-09-30 19:17:18Z INFO ActionManifestManagerLegacy] Input 'path': default value evaluate result: ""
[2026-09-30 19:17:18Z INFO ActionManifestManagerLegacy] Input 'clean': default value evaluate result: {
  "type": 0,
  "file": 2,
  "line": 59,
  "col": 14,
  "lit": "true"
}
[2026-09-30 19:17:18Z INFO ActionManifestManagerLegacy] Input 'filter': default value evaluate result: {
  "type": 0,
  "file": 2,
  "line": 64,
  "col": 14,
  "lit": ""
}
[2026-09-30 19:17:18Z INFO ActionManifestManagerLegacy] Input 'sparse-checkout': default value evaluate result: {
  "type": 0,
  "file": 2,
  "line": 69,
  "col": 14,
  "lit": ""
}
[2026-09-30 19:17:18Z INFO ActionManifestManagerLegacy] Input 'sparse-checkout-cone-mode': default value evaluate result: {
  "type": 0,
  "file": 2,
  "line": 73,
  "col": 14,
  "lit": "true"
}
[2026-09-30 19:17:18Z INFO ActionManifestManagerLegacy] Input 'fetch-depth': default value evaluate result: {
  "type": 0,
  "file": 2,
  "line": 76,
  "col": 14,
  "lit": "1"
}
[2026-09-30 19:17:18Z INFO ActionManifestManagerLegacy] Input 'fetch-tags': default value evaluate result: {
  "type": 0,
  "file": 2,
  "line": 79,
  "col": 14,
  "lit": "false"
}
[2026-09-30 19:17:18Z INFO ActionManifestManagerLegacy] Input 'show-progress': default value evaluate result: {
  "type": 0,
  "file": 2,
  "line": 82,
  "col": 14,
  "lit": "true"
}
[2026-09-30 19:17:18Z INFO ActionManifestManagerLegacy] Input 'lfs': default value evaluate result: {
  "type": 0,
  "file": 2,
  "line": 85,
  "col": 14,
  "lit": "false"
}
[2026-09-30 19:17:18Z INFO ActionManifestManagerLegacy] Input 'submodules': default value evaluate result: {
  "type": 0,
  "file": 2,
  "line": 94,
  "col": 14,
  "lit": "false"
}
[2026-09-30 19:17:18Z INFO ActionManifestManagerLegacy] Input 'set-safe-directory': default value evaluate result: {
  "type": 0,
  "file": 2,
  "line": 97,
  "col": 14,
  "lit": "true"
}
[2026-09-30 19:17:18Z INFO ActionManifestManagerLegacy] Input 'github-server-url': default value evaluate result: ""
[2026-09-30 19:17:18Z INFO ActionManifestManagerLegacy] Input 'allow-unsafe-pr-checkout': default value evaluate result: {
  "type": 0,
  "file": 2,
  "line": 109,
  "col": 14,
  "lit": "false"
}
[2026-09-30 19:17:18Z INFO ExtensionManager] Getting extensions for interface: 'GitHub.Runner.Worker.IActionCommandExtension'
[2026-09-30 19:17:18Z INFO ActionCommandManager] Register action command extension for command internal-set-repo-path
[2026-09-30 19:17:18Z INFO ActionCommandManager] Register action command extension for command set-env
[2026-09-30 19:17:18Z INFO ActionCommandManager] Register action command extension for command set-output
[2026-09-30 19:17:18Z INFO ActionCommandManager] Register action command extension for command save-state
[2026-09-30 19:17:18Z INFO ActionCommandManager] Register action command extension for command add-path
[2026-09-30 19:17:18Z INFO ActionCommandManager] Register action command extension for command add-mask
[2026-09-30 19:17:18Z INFO ActionCommandManager] Register action command extension for command add-matcher
[2026-09-30 19:17:18Z INFO ActionCommandManager] Register action command extension for command remove-matcher
[2026-09-30 19:17:18Z INFO ActionCommandManager] Register action command extension for command warning
[2026-09-30 19:17:18Z INFO ActionCommandManager] Register action command extension for command error
[2026-09-30 19:17:18Z INFO ActionCommandManager] Register action command extension for command notice
[2026-09-30 19:17:18Z INFO ActionCommandManager] Register action command extension for command debug
[2026-09-30 19:17:18Z INFO ActionCommandManager] Register action command extension for command group
[2026-09-30 19:17:18Z INFO ActionCommandManager] Register action command extension for command endgroup
[2026-09-30 19:17:18Z INFO ActionCommandManager] Register action command extension for command echo
[2026-09-30 19:17:18Z INFO HostContext] Well known directory 'Bin': 'D:\cicd\actions-runner\bin'
[2026-09-30 19:17:18Z INFO HostContext] Well known directory 'Root': 'D:\cicd\actions-runner'
[2026-09-30 19:17:18Z INFO HostContext] Well known directory 'Externals': 'D:\cicd\actions-runner\externals'
[2026-09-30 19:17:18Z INFO ProcessInvokerWrapper] Starting process:
[2026-09-30 19:17:18Z INFO ProcessInvokerWrapper]   File name: 'D:\cicd\actions-runner\externals\node24\bin\node.exe'
[2026-09-30 19:17:18Z INFO ProcessInvokerWrapper]   Arguments: '"D:\cicd\actions-runner\_work\_actions\actions\checkout\v4\dist/index.js"'
[2026-09-30 19:17:18Z INFO ProcessInvokerWrapper]   Working directory: 'D:\cicd\actions-runner\_work\my-repo\my-repo'
[2026-09-30 19:17:18Z INFO ProcessInvokerWrapper]   Require exit code zero: 'False'
[2026-09-30 19:17:18Z INFO ProcessInvokerWrapper]   Encoding web name: utf-8 ; code page: '65001'
[2026-09-30 19:17:18Z INFO ProcessInvokerWrapper]   Force kill process on cancellation: 'False'
[2026-09-30 19:17:18Z INFO ProcessInvokerWrapper]   Redirected STDIN: 'False'
[2026-09-30 19:17:18Z INFO ProcessInvokerWrapper]   Persist current code page: 'True'
[2026-09-30 19:17:18Z INFO ProcessInvokerWrapper]   Keep redirected STDIN open: 'False'
[2026-09-30 19:17:18Z INFO ProcessInvokerWrapper]   High priority process: 'False'
[2026-09-30 19:17:18Z INFO ProcessInvokerWrapper] Process started with process id 6308, waiting for process exit.
[2026-09-30 19:17:18Z INFO JobServerQueue] Try to append 1 batches web console lines for record '7e25322c-1a2d-4390-bd19-a55cb6164976', success rate: 1/1.
[2026-09-30 19:17:18Z INFO JobServerQueue] Try to append 1 batches web console lines for record '7e38bde0-676a-4b24-a5c2-f3faf82473c5', success rate: 1/1.
[2026-09-30 19:17:18Z INFO JobServerQueue] Got a step log file to send to results service.
[2026-09-30 19:17:18Z INFO JobServerQueue] Starting upload of step log file to results service ResultsLog, D:\cicd\actions-runner\_diag\blocks\c9618cc0-b484-858e-a970-dbd442ce7d47_7e25322c-1a2d-4390-bd19-a55cb6164976.1
[2026-09-30 19:17:19Z INFO JobServerQueue] Try to append 1 batches web console lines for record '7e38bde0-676a-4b24-a5c2-f3faf82473c5', success rate: 1/1.
[2026-09-30 19:17:19Z INFO AddMaskCommandExtension] Add new secret mask with length of 32
[2026-09-30 19:17:19Z INFO JobServerQueue] Try to append 1 batches web console lines for record '7e38bde0-676a-4b24-a5c2-f3faf82473c5', success rate: 1/1.
[2026-09-30 19:17:19Z INFO JobServerQueue] Try to upload 1 log files or attachments, success rate: 1/1.
[2026-09-30 19:17:19Z INFO JobServerQueue] Try to append 1 batches web console lines for record '7e38bde0-676a-4b24-a5c2-f3faf82473c5', success rate: 1/1.
[2026-09-30 19:17:19Z INFO JobServerQueue] Tried to upload 1 file(s) to results, success rate: 1/1.
[2026-09-30 19:17:21Z INFO JobServerQueue] Try to append 1 batches web console lines for record '7e38bde0-676a-4b24-a5c2-f3faf82473c5', success rate: 1/1.
[2026-09-30 19:17:21Z INFO JobServerQueue] Try to append 1 batches web console lines for record '7e38bde0-676a-4b24-a5c2-f3faf82473c5', success rate: 1/1.
[2026-09-30 19:17:23Z INFO JobServerQueue] Try to append 1 batches web console lines for record '7e38bde0-676a-4b24-a5c2-f3faf82473c5', success rate: 1/1.
[2026-09-30 19:17:23Z INFO JobServerQueue] Try to append 1 batches web console lines for record '7e38bde0-676a-4b24-a5c2-f3faf82473c5', success rate: 1/1.
[2026-09-30 19:17:25Z INFO ProcessInvokerWrapper] STDOUT/STDERR stream read finished.
[2026-09-30 19:17:25Z INFO ProcessInvokerWrapper] STDOUT/STDERR stream read finished.
[2026-09-30 19:17:25Z INFO ProcessInvokerWrapper] Finished process 6308 with exit code 0, and elapsed time 00:00:06.4598170.
[2026-09-30 19:17:25Z INFO CreateStepSummaryCommand] Step Summary file (D:\cicd\actions-runner\_work\_temp\_runner_file_commands\step_summary_89527a63-0bcb-4d9a-8943-b76ae9c515b6) is empty; skipping attachment upload
[2026-09-30 19:17:25Z INFO StepsRunner] Step result: 
[2026-09-30 19:17:25Z INFO ExecutionContext] Publish step telemetry for current step {
  "action": "actions/checkout",
  "ref": "v4",
  "type": "node24",
  "stage": "Post",
  "stepId": "7e38bde0-676a-4b24-a5c2-f3faf82473c5",
  "result": "succeeded",
  "errorMessages": [],
  "executionTimeInSeconds": 7,
  "startTime": "2026-09-30T19:17:18.6977446Z",
  "finishTime": "2026-09-30T19:17:25.2238679Z"
}.
[2026-09-30 19:17:25Z INFO StepsRunner] No need for updating job result with current step result 'Succeeded'.
[2026-09-30 19:17:25Z INFO StepsRunner] Current state: job state = 'Failed'
[2026-09-30 19:17:25Z INFO JobRunner] Finalize job.
[2026-09-30 19:17:25Z INFO HostContext] Well known directory 'Bin': 'D:\cicd\actions-runner\bin'
[2026-09-30 19:17:25Z INFO HostContext] Well known directory 'Root': 'D:\cicd\actions-runner'
[2026-09-30 19:17:25Z INFO HostContext] Well known directory 'Diag': 'D:\cicd\actions-runner\_diag'
[2026-09-30 19:17:25Z INFO HostContext] Well known directory 'Bin': 'D:\cicd\actions-runner\bin'
[2026-09-30 19:17:25Z INFO HostContext] Well known directory 'Root': 'D:\cicd\actions-runner'
[2026-09-30 19:17:25Z INFO HostContext] Well known directory 'Diag': 'D:\cicd\actions-runner\_diag'
[2026-09-30 19:17:25Z INFO JobExtension] Initialize Env context
[2026-09-30 19:17:25Z INFO JobExtension] Initialize steps context
[2026-09-30 19:17:25Z INFO JobExtension] Total accessible running process: 350.
[2026-09-30 19:17:25Z INFO JobServerQueue] Try to append 1 batches web console lines for record 'f268392c-6f12-45a6-85c7-9de37d5d5464', success rate: 1/1.
[2026-09-30 19:17:25Z INFO JobExtension] Wait for all connectivity checks to finish.
[2026-09-30 19:17:25Z INFO JobExtension] Connectivity check result: {
  "endpointUrl": "https://broker.actions.githubusercontent.com/health",
  "endpointIPs": null,
  "startTime": "2026-09-30T19:16:37.9025793Z",
  "statusCode": "http_OK",
  "requestId": "FBE1:3AC481:2034F1:21C0F9:6ABD6017",
  "httpRequestDurationInMs": 1061,
  "dnsResolutionDurationInMs": 0,
  "dnsError": null
}
[2026-09-30 19:17:25Z INFO JobExtension] Connectivity check result: {
  "endpointUrl": "https://token.actions.githubusercontent.com/ready",
  "endpointIPs": null,
  "startTime": "2026-09-30T19:16:37.9054669Z",
  "statusCode": "http_NoContent",
  "requestId": "FBE2:27868B:1D6999:1FD360:6ABD6017",
  "httpRequestDurationInMs": 1359,
  "dnsResolutionDurationInMs": 0,
  "dnsError": null
}
[2026-09-30 19:17:25Z INFO JobExtension] Connectivity check result: {
  "endpointUrl": "https://run.actions.githubusercontent.com/health",
  "endpointIPs": null,
  "startTime": "2026-09-30T19:16:37.9059428Z",
  "statusCode": "http_OK",
  "requestId": "FBE3:1DD1E1:1FF18F:217D38:6ABD6017",
  "httpRequestDurationInMs": 1297,
  "dnsResolutionDurationInMs": 0,
  "dnsError": null
}
[2026-09-30 19:17:25Z INFO ExecutionContext] Publish step telemetry for current step {
  "action": "complete_job",
  "type": "runner",
  "stage": "Post",
  "stepId": "f268392c-6f12-45a6-85c7-9de37d5d5464",
  "result": "succeeded",
  "errorMessages": [
    "Node.js 20 is deprecated. The following actions target Node.js 20 but are being forced to run on Node.js 24: actions/checkout@v4. For more information see: https://github.blog/changelog/2025-09-19-deprecation-of-node-20-on-github-actions-runners/"
  ],
  "executionTimeInSeconds": 1,
  "startTime": "2026-09-30T19:17:25.2340884Z",
  "finishTime": "2026-09-30T19:17:25.2596899Z"
}.
[2026-09-30 19:17:25Z INFO JobRunner] Job result after all job steps finish: Failed
[2026-09-30 19:17:25Z INFO JobRunner] Completing the job execution context.
[2026-09-30 19:17:25Z INFO JobRunner] Shutting down the job server queue.
[2026-09-30 19:17:25Z INFO JobServerQueue] Fire signal to shutdown all queues.
[2026-09-30 19:17:25Z INFO JobServerQueue] All queue process task stopped.
[2026-09-30 19:17:25Z INFO JobServerQueue] Try to append 1 batches web console lines for record 'f268392c-6f12-45a6-85c7-9de37d5d5464', success rate: 1/1.
[2026-09-30 19:17:25Z INFO JobServerQueue] Web console line queue drained.
[2026-09-30 19:17:25Z INFO JobServerQueue] Uploading 3 files in one shot.
[2026-09-30 19:17:25Z INFO JobServerQueue] Try to upload 3 log files or attachments, success rate: 3/3.
[2026-09-30 19:17:25Z INFO JobServerQueue] File upload queue drained.
[2026-09-30 19:17:25Z INFO JobServerQueue] Starting results-based upload queue...
[2026-09-30 19:17:25Z INFO JobServerQueue] Uploading 3 file(s) in one shot through results service.
[2026-09-30 19:17:25Z INFO JobServerQueue] Got a step log file to send to results service.
[2026-09-30 19:17:25Z INFO JobServerQueue] Starting upload of step log file to results service ResultsLog, D:\cicd\actions-runner\_diag\blocks\c9618cc0-b484-858e-a970-dbd442ce7d47_7e38bde0-676a-4b24-a5c2-f3faf82473c5.1
[2026-09-30 19:17:26Z INFO JobServerQueue] Got a step log file to send to results service.
[2026-09-30 19:17:26Z INFO JobServerQueue] Starting upload of step log file to results service ResultsLog, D:\cicd\actions-runner\_diag\blocks\c9618cc0-b484-858e-a970-dbd442ce7d47_f268392c-6f12-45a6-85c7-9de37d5d5464.1
[2026-09-30 19:17:27Z INFO JobServerQueue] Got a job log file to send to results service.
[2026-09-30 19:17:27Z INFO JobServerQueue] Starting upload of job log file to results service ResultsLog, D:\cicd\actions-runner\_diag\blocks\c9618cc0-b484-858e-a970-dbd442ce7d47_d402e786-a326-58fe-8d18-5013ed5ee0dc.1
[2026-09-30 19:17:28Z INFO JobServerQueue] Tried to upload 3 file(s) to results, success rate: 3/3.
[2026-09-30 19:17:28Z INFO JobServerQueue] Results upload queue drained.
[2026-09-30 19:17:28Z INFO JobServerQueue] Timeline update queue drained.
[2026-09-30 19:17:28Z INFO JobServerQueue] Disposing job server ...
[2026-09-30 19:17:28Z INFO JobServerQueue] Disposing results server ...
[2026-09-30 19:17:28Z INFO JobServerQueue] All queue process tasks have been stopped, and all queues are drained.
[2026-09-30 19:17:28Z INFO TempDirectoryManager] Cleaning runner temp folder: D:\cicd\actions-runner\_work\_temp
[2026-09-30 19:17:28Z INFO HostContext] Well known directory 'Bin': 'D:\cicd\actions-runner\bin'
[2026-09-30 19:17:28Z INFO HostContext] Well known directory 'Root': 'D:\cicd\actions-runner'
[2026-09-30 19:17:28Z INFO HostContext] Well known directory 'Diag': 'D:\cicd\actions-runner\_diag'
[2026-09-30 19:17:28Z INFO HostContext] Well known config file 'Telemetry': 'D:\cicd\actions-runner\_diag\.telemetry'
[2026-09-30 19:17:28Z INFO JobRunner] Raising job completed against run service
[2026-09-30 19:17:29Z INFO Worker] Job completed.
